data,system,example_id,source,target,SignCLIP-P-P,SignCLIP-P-T,SignCLIP-Suisse-P-P,SignCLIP-Suisse-P-T
signsuisse_test,sockeye,0,fra,fsl,95.49272155761719,78.28813171386719,104.04022216796875,87.92626953125
signsuisse_test,sockeye,1,ita,ise,71.44061279296875,73.81341552734375,84.78512573242188,79.68334197998047
signsuisse_test,sockeye,2,fra,fsl,85.16935729980469,69.73544311523438,91.93376159667969,81.45795440673828
signsuisse_test,sockeye,3,fra,fsl,102.95687866210938,73.87660217285156,106.85299682617188,84.8952407836914
signsuisse_test,sockeye,4,ita,ise,85.57012939453125,75.40213012695312,93.90746307373047,78.05229187011719
signsuisse_test,sockeye,5,ita,ise,94.12416076660156,74.05740356445312,93.44173431396484,82.59410858154297
signsuisse_test,sockeye,6,deu,sgg,84.54083251953125,66.94193267822266,87.09230041503906,78.42557525634766
signsuisse_test,sockeye,7,deu,sgg,94.93426513671875,70.70845031738281,101.24335479736328,83.78462982177734
signsuisse_test,sockeye,8,ita,ise,92.24681854248047,73.63406372070312,86.80081939697266,80.2770004272461
signsuisse_test,sockeye,9,deu,sgg,98.958251953125,73.48632049560547,98.918701171875,82.07807922363281
signsuisse_test,sockeye,10,deu,sgg,101.93400573730469,71.64064025878906,100.68382263183594,79.47681427001953
signsuisse_test,sockeye,11,fra,fsl,89.68721008300781,72.25611877441406,89.89934539794922,83.61726379394531
signsuisse_test,sockeye,12,ita,ise,79.89456939697266,68.8526840209961,87.8570327758789,76.63038635253906
signsuisse_test,sockeye,13,deu,sgg,83.24974822998047,74.56239318847656,82.89708709716797,77.44963073730469
signsuisse_test,sockeye,14,deu,sgg,111.13461303710938,71.8130111694336,100.36988830566406,83.65914916992188
signsuisse_test,sockeye,15,deu,sgg,83.19746398925781,72.5983657836914,83.78761291503906,75.39398193359375
signsuisse_test,sockeye,16,deu,sgg,97.3072509765625,75.34241485595703,91.10891723632812,81.94869232177734
signsuisse_test,sockeye,17,deu,sgg,86.39231872558594,67.6436538696289,87.77838134765625,76.00647735595703
signsuisse_test,sockeye,18,fra,fsl,95.61629486083984,69.76119995117188,104.153076171875,87.9355697631836
signsuisse_test,sockeye,19,ita,ise,97.0184326171875,72.102783203125,94.02388000488281,82.46369934082031
signsuisse_test,sockeye,20,fra,fsl,83.87068176269531,72.18253326416016,93.66642761230469,85.71774291992188
signsuisse_test,sockeye,21,ita,ise,91.58688354492188,73.52701568603516,87.54067993164062,73.45435333251953
signsuisse_test,sockeye,22,deu,sgg,86.85670471191406,67.1501693725586,95.72583770751953,82.40692138671875
signsuisse_test,sockeye,23,deu,sgg,95.50614166259766,71.0368423461914,92.29061889648438,79.30431365966797
signsuisse_test,sockeye,24,deu,sgg,96.82459259033203,69.00162506103516,100.34196472167969,80.44418334960938
signsuisse_test,sockeye,25,deu,sgg,98.2573471069336,69.00704193115234,92.35053253173828,82.26406860351562
signsuisse_test,sockeye,26,deu,sgg,84.53265380859375,67.55467987060547,82.35948181152344,74.84989929199219
signsuisse_test,sockeye,27,deu,sgg,89.3506088256836,68.56793975830078,83.06664276123047,75.06257629394531
signsuisse_test,sockeye,28,ita,ise,76.83429718017578,70.47662353515625,89.10050201416016,77.5606460571289
signsuisse_test,sockeye,29,ita,ise,78.76704406738281,67.0376205444336,85.79551696777344,74.8455810546875
signsuisse_test,sockeye,30,deu,sgg,108.31550598144531,72.41570281982422,97.77017211914062,84.72713470458984
signsuisse_test,sockeye,31,fra,fsl,82.85519409179688,77.5213851928711,101.54425048828125,81.37237548828125
signsuisse_test,sockeye,32,fra,fsl,86.3836669921875,72.90899658203125,94.48219299316406,79.1221923828125
signsuisse_test,sockeye,33,deu,sgg,76.63188171386719,72.3260269165039,85.76702117919922,82.4173583984375
signsuisse_test,sockeye,34,deu,sgg,97.46331787109375,69.67623138427734,101.92063903808594,83.66012573242188
signsuisse_test,sockeye,35,deu,sgg,99.14410400390625,70.47647094726562,96.63300323486328,83.32909393310547
signsuisse_test,sockeye,36,deu,sgg,98.60160827636719,70.12299346923828,101.47765350341797,86.3658676147461
signsuisse_test,sockeye,37,fra,fsl,101.11327362060547,70.9661865234375,100.43097686767578,86.30657958984375
signsuisse_test,sockeye,38,deu,sgg,104.51708984375,70.34081268310547,101.89115905761719,89.26802062988281
signsuisse_test,sockeye,39,deu,sgg,87.47405242919922,73.49291229248047,95.16024780273438,87.20185089111328
signsuisse_test,sockeye,40,fra,fsl,99.20234680175781,76.132080078125,106.82857513427734,83.67767333984375
signsuisse_test,sockeye,41,ita,ise,82.69625091552734,72.1518325805664,82.11843872070312,76.96263885498047
signsuisse_test,sockeye,42,ita,ise,87.3851089477539,75.31202697753906,90.60255432128906,80.49708557128906
signsuisse_test,sockeye,43,deu,sgg,95.56717681884766,73.60752868652344,98.77359771728516,86.45806884765625
signsuisse_test,sockeye,44,ita,ise,85.98262023925781,76.94993591308594,86.18675231933594,76.88922882080078
signsuisse_test,sockeye,45,ita,ise,92.58181762695312,73.3725814819336,83.2505874633789,78.73915100097656
signsuisse_test,sockeye,46,fra,fsl,87.28874969482422,72.91236877441406,95.97821807861328,84.3420639038086
signsuisse_test,sockeye,47,deu,sgg,98.84456634521484,66.63804626464844,101.4738540649414,78.43287658691406
signsuisse_test,sockeye,48,deu,sgg,99.16348266601562,70.87024688720703,93.33660888671875,84.03596496582031
signsuisse_test,sockeye,49,deu,sgg,95.86978912353516,74.3039321899414,91.66615295410156,81.90911102294922
signsuisse_test,sockeye,50,ita,ise,85.46662139892578,69.66900634765625,89.08234405517578,79.6490478515625
signsuisse_test,sockeye,51,deu,sgg,112.61418151855469,71.84187316894531,101.02267456054688,83.24884796142578
signsuisse_test,sockeye,52,deu,sgg,102.89491271972656,71.86492156982422,96.98810577392578,84.08323669433594
signsuisse_test,sockeye,53,ita,ise,71.84147644042969,74.49198913574219,87.99911499023438,77.12394714355469
signsuisse_test,sockeye,54,ita,ise,77.37039947509766,72.90477752685547,83.73893737792969,77.88895416259766
signsuisse_test,sockeye,55,fra,fsl,90.01350402832031,75.34077453613281,100.50656127929688,84.62796020507812
signsuisse_test,sockeye,56,ita,ise,77.98796844482422,72.2422866821289,84.60546875,72.5058822631836
signsuisse_test,sockeye,57,deu,sgg,94.41018676757812,71.0318374633789,98.94882202148438,80.48644256591797
signsuisse_test,sockeye,58,fra,fsl,102.93722534179688,70.81266021728516,103.98114776611328,81.87745666503906
signsuisse_test,sockeye,59,ita,ise,75.45265197753906,71.06171417236328,85.34561157226562,76.9399642944336
signsuisse_test,sockeye,60,deu,sgg,108.6832046508789,72.16636657714844,94.5090560913086,83.29389190673828
signsuisse_test,sockeye,61,deu,sgg,114.24822998046875,75.46282196044922,109.63766479492188,87.34813690185547
signsuisse_test,sockeye,62,deu,sgg,102.6812744140625,73.9844741821289,95.13075256347656,84.83992004394531
signsuisse_test,sockeye,63,fra,fsl,73.91944122314453,76.07313537597656,89.53937530517578,83.55497741699219
signsuisse_test,sockeye,64,ita,ise,91.7105941772461,74.47196197509766,79.47795867919922,72.92015838623047
signsuisse_test,sockeye,65,fra,fsl,92.8220443725586,80.44570922851562,101.72151184082031,87.5714111328125
signsuisse_test,sockeye,66,fra,fsl,87.70672607421875,74.09473419189453,87.04850006103516,81.48944091796875
signsuisse_test,sockeye,67,deu,sgg,111.59711456298828,68.70954895019531,102.80245971679688,85.36380767822266
signsuisse_test,sockeye,68,deu,sgg,95.30386352539062,70.3703384399414,93.88137817382812,83.43026733398438
signsuisse_test,sockeye,69,fra,fsl,77.5870590209961,78.08677673339844,104.47348022460938,85.74308776855469
signsuisse_test,sockeye,70,ita,ise,82.64808654785156,77.75853729248047,90.15583801269531,81.91419219970703
signsuisse_test,sockeye,71,deu,sgg,98.92274475097656,76.02101135253906,90.06117248535156,79.35832977294922
signsuisse_test,sockeye,72,deu,sgg,98.52371215820312,66.79762268066406,89.06524658203125,82.58831787109375
signsuisse_test,sockeye,73,deu,sgg,94.54061126708984,74.29550170898438,87.12541198730469,79.2325668334961
signsuisse_test,sockeye,74,fra,fsl,95.85955810546875,74.34666442871094,104.00871276855469,82.3673324584961
signsuisse_test,sockeye,75,fra,fsl,88.35035705566406,77.37294006347656,102.17264556884766,80.9639892578125
signsuisse_test,sockeye,76,deu,sgg,94.35842895507812,67.0488510131836,91.24028778076172,78.73681640625
signsuisse_test,sockeye,77,fra,fsl,94.08743286132812,71.53950500488281,96.27951049804688,83.71991729736328
signsuisse_test,sockeye,78,ita,ise,87.79519653320312,73.72837829589844,85.27809143066406,74.11091613769531
signsuisse_test,sockeye,79,ita,ise,91.52558898925781,74.46586608886719,88.13236236572266,79.86693572998047
signsuisse_test,sockeye,80,deu,sgg,107.87357330322266,72.4805908203125,103.74453735351562,82.5634765625
signsuisse_test,sockeye,81,deu,sgg,112.86073303222656,70.02256774902344,100.1046142578125,79.19029998779297
signsuisse_test,sockeye,82,ita,ise,91.12403106689453,72.57138061523438,79.68915557861328,73.61487579345703
signsuisse_test,sockeye,83,ita,ise,95.4874267578125,70.18842315673828,89.8144302368164,80.36468505859375
signsuisse_test,sockeye,84,ita,ise,94.39567565917969,75.7538833618164,89.04432678222656,74.6980209350586
signsuisse_test,sockeye,85,deu,sgg,102.36383056640625,70.49026489257812,97.27992248535156,82.16264343261719
signsuisse_test,sockeye,86,deu,sgg,93.79437255859375,72.34471893310547,96.39771270751953,83.550048828125
signsuisse_test,sockeye,87,ita,ise,73.54349517822266,75.59403228759766,88.88980102539062,79.4946517944336
signsuisse_test,sockeye,88,fra,fsl,89.23045349121094,76.2269515991211,91.84866333007812,79.10150146484375
signsuisse_test,sockeye,89,deu,sgg,82.87841033935547,74.46184539794922,93.3016128540039,88.24308013916016
signsuisse_test,sockeye,90,deu,sgg,101.740966796875,70.00975036621094,90.62976837158203,73.88671112060547
signsuisse_test,sockeye,91,fra,fsl,92.37713623046875,71.55583190917969,92.36273956298828,81.62445831298828
signsuisse_test,sockeye,92,fra,fsl,96.0265884399414,68.1399917602539,97.08589172363281,81.32246398925781
signsuisse_test,sockeye,93,deu,sgg,89.48733520507812,75.60918426513672,94.23844909667969,79.9708023071289
signsuisse_test,sockeye,94,fra,fsl,112.8245849609375,76.41565704345703,98.693603515625,87.22769165039062
signsuisse_test,sockeye,95,deu,sgg,107.363037109375,72.86724090576172,93.91558837890625,81.46946716308594
signsuisse_test,sockeye,96,ita,ise,96.8270263671875,70.00655364990234,92.72686767578125,79.29049682617188
signsuisse_test,sockeye,97,deu,sgg,107.32561492919922,72.88436889648438,99.93878936767578,84.5127944946289
signsuisse_test,sockeye,98,deu,sgg,102.67636108398438,70.13898468017578,97.6944351196289,83.34198760986328
signsuisse_test,sockeye,99,deu,sgg,97.77670288085938,72.71052551269531,93.90674591064453,85.22544860839844
signsuisse_test,sockeye,100,fra,fsl,96.93014526367188,73.41975402832031,98.68402099609375,84.02362060546875
signsuisse_test,sockeye,101,deu,sgg,90.27590942382812,72.63052368164062,91.67535400390625,81.59896087646484
signsuisse_test,sockeye,102,deu,sgg,91.28823852539062,73.71408081054688,93.17609405517578,85.39183044433594
signsuisse_test,sockeye,103,deu,sgg,95.4666519165039,69.17436981201172,91.64283752441406,83.08452606201172
signsuisse_test,sockeye,104,fra,fsl,79.27142333984375,77.69769287109375,92.74429321289062,83.0916748046875
signsuisse_test,sockeye,105,fra,fsl,94.73912811279297,72.53277587890625,105.91043853759766,79.9002685546875
signsuisse_test,sockeye,106,deu,sgg,101.14361572265625,71.678955078125,99.24063110351562,79.20670318603516
signsuisse_test,sockeye,107,fra,fsl,106.06449890136719,79.20927429199219,108.84481048583984,88.77926635742188
signsuisse_test,sockeye,108,deu,sgg,95.11552429199219,73.38971710205078,90.99114990234375,83.86116790771484
signsuisse_test,sockeye,109,deu,sgg,87.69678497314453,74.0252685546875,92.25537872314453,85.80835723876953
signsuisse_test,sockeye,110,deu,sgg,96.69486999511719,70.33988189697266,93.53556823730469,72.29443359375
signsuisse_test,sockeye,111,ita,ise,87.58734130859375,71.20408630371094,84.81715393066406,77.68336486816406
signsuisse_test,sockeye,112,ita,ise,78.77303314208984,72.22119903564453,88.22572326660156,78.49403381347656
signsuisse_test,sockeye,113,deu,sgg,114.21244812011719,73.81255340576172,114.15884399414062,84.6902084350586
signsuisse_test,sockeye,114,deu,sgg,102.6156005859375,72.59938049316406,88.8724136352539,76.94817352294922
signsuisse_test,sockeye,115,deu,sgg,113.89481353759766,68.63590240478516,105.63903045654297,80.09233856201172
signsuisse_test,sockeye,116,deu,sgg,108.48129272460938,71.6198501586914,100.80914306640625,86.54032897949219
signsuisse_test,sockeye,117,deu,sgg,92.09730529785156,70.05377197265625,84.18193054199219,77.92030334472656
signsuisse_test,sockeye,118,deu,sgg,97.39034271240234,74.84652709960938,97.88996124267578,81.80316162109375
signsuisse_test,sockeye,119,ita,ise,78.81390380859375,73.52435302734375,88.61106872558594,76.52949523925781
signsuisse_test,sockeye,120,fra,fsl,103.7891845703125,73.38627624511719,102.21234130859375,82.83440399169922
signsuisse_test,sockeye,121,fra,fsl,75.34141540527344,70.68473815917969,89.46476745605469,77.98895263671875
signsuisse_test,sockeye,122,ita,ise,91.64415740966797,71.44142150878906,81.71833038330078,76.50066375732422
signsuisse_test,sockeye,123,fra,fsl,112.30574035644531,79.0041275024414,119.78758239746094,88.96121215820312
signsuisse_test,sockeye,124,deu,sgg,91.90447998046875,71.85616302490234,88.2646713256836,77.4178695678711
signsuisse_test,sockeye,125,deu,sgg,94.84036254882812,71.83470916748047,95.19344329833984,86.26846313476562
signsuisse_test,sockeye,126,ita,ise,96.3024673461914,73.9359359741211,90.66024780273438,81.85374450683594
signsuisse_test,sockeye,127,ita,ise,77.56078338623047,72.98682403564453,86.49348449707031,67.03291320800781
signsuisse_test,sockeye,128,fra,fsl,76.70822143554688,71.88726806640625,93.92951965332031,83.96415710449219
signsuisse_test,sockeye,129,ita,ise,86.49883270263672,73.28577423095703,82.46967315673828,77.71588134765625
signsuisse_test,sockeye,130,deu,sgg,88.3384780883789,70.92332458496094,81.44160461425781,72.37873840332031
signsuisse_test,sockeye,131,ita,ise,78.26263427734375,78.40553283691406,83.82234191894531,74.72140502929688
signsuisse_test,sockeye,132,fra,fsl,95.08955383300781,70.8238754272461,90.35787963867188,81.6637954711914
signsuisse_test,sockeye,133,ita,ise,90.22199249267578,74.44183349609375,89.42662048339844,79.28133392333984
signsuisse_test,sockeye,134,deu,sgg,98.15019226074219,74.21809387207031,97.0260238647461,79.28258514404297
signsuisse_test,sockeye,135,ita,ise,75.92514038085938,72.62572479248047,83.84721374511719,73.740234375
signsuisse_test,sockeye,136,deu,sgg,110.455322265625,73.50542449951172,100.54708862304688,84.48558807373047
signsuisse_test,sockeye,137,fra,fsl,104.74948120117188,74.77694702148438,106.16860961914062,89.46989440917969
signsuisse_test,sockeye,138,ita,ise,75.20967102050781,72.63985443115234,92.74259948730469,77.79915618896484
signsuisse_test,sockeye,139,deu,sgg,98.99085998535156,70.79916381835938,89.59123229980469,79.03211212158203
signsuisse_test,sockeye,140,fra,fsl,82.44965362548828,65.21810150146484,92.28006744384766,80.4676284790039
signsuisse_test,sockeye,141,deu,sgg,102.04851531982422,72.53425598144531,97.079833984375,86.9920654296875
signsuisse_test,sockeye,142,fra,fsl,102.88172149658203,81.34352111816406,99.96544647216797,87.07978057861328
signsuisse_test,sockeye,143,fra,fsl,96.31472778320312,76.30548858642578,89.76068878173828,77.34931182861328
signsuisse_test,sockeye,144,deu,sgg,101.34169006347656,68.56849670410156,96.92189025878906,83.92395782470703
signsuisse_test,sockeye,145,deu,sgg,111.1300048828125,72.02876281738281,91.6883773803711,85.13426971435547
signsuisse_test,sockeye,146,deu,sgg,102.32691955566406,67.94212341308594,97.95588684082031,82.24673461914062
signsuisse_test,sockeye,147,deu,sgg,95.80070495605469,71.09652709960938,97.87797546386719,85.40968322753906
signsuisse_test,sockeye,148,deu,sgg,100.99114227294922,69.33031463623047,98.05545043945312,83.94700622558594
signsuisse_test,sockeye,149,deu,sgg,107.08848571777344,71.11175537109375,102.8079833984375,85.92047882080078
signsuisse_test,sockeye,150,deu,sgg,92.86918640136719,74.85971069335938,99.53617858886719,81.5553970336914
signsuisse_test,sockeye,151,fra,fsl,103.24799346923828,75.33338928222656,100.93096160888672,84.30339813232422
signsuisse_test,sockeye,152,deu,sgg,112.5958023071289,74.55886840820312,104.04776000976562,87.30729675292969
signsuisse_test,sockeye,153,ita,ise,90.99148559570312,75.41261291503906,86.68719482421875,78.35968017578125
signsuisse_test,sockeye,154,ita,ise,90.05654907226562,80.998046875,89.14846801757812,83.63095092773438
signsuisse_test,sockeye,155,fra,fsl,97.73341369628906,78.792236328125,105.34297943115234,85.44108581542969
signsuisse_test,sockeye,156,fra,fsl,91.50436401367188,72.59634399414062,92.88174438476562,85.92717742919922
signsuisse_test,sockeye,157,fra,fsl,105.18833923339844,79.20677947998047,110.893798828125,85.20877075195312
signsuisse_test,sockeye,158,ita,ise,88.49887084960938,75.30860137939453,80.72881317138672,72.8906021118164
signsuisse_test,sockeye,159,ita,ise,83.07354736328125,70.94929504394531,86.16365051269531,77.43651580810547
signsuisse_test,sockeye,160,ita,ise,96.22466278076172,72.64938354492188,81.56242370605469,73.37567901611328
signsuisse_test,sockeye,161,deu,sgg,91.86811065673828,69.40248107910156,89.7777328491211,77.89987182617188
signsuisse_test,sockeye,162,ita,ise,88.52706146240234,77.31908416748047,83.58832550048828,74.52811431884766
signsuisse_test,sockeye,163,ita,ise,95.47163391113281,75.7780990600586,90.34095764160156,80.80464172363281
signsuisse_test,sockeye,164,deu,sgg,108.41421508789062,76.63677215576172,100.85489654541016,82.53878021240234
signsuisse_test,sockeye,165,deu,sgg,85.19096374511719,72.81561279296875,96.49151611328125,82.12882995605469
signsuisse_test,sockeye,166,ita,ise,81.72393798828125,71.01846313476562,87.43873596191406,76.93208312988281
signsuisse_test,sockeye,167,fra,fsl,106.58395385742188,76.74044799804688,98.43075561523438,85.03445434570312
signsuisse_test,sockeye,168,deu,sgg,88.3245620727539,74.75465393066406,93.17198181152344,80.12813568115234
signsuisse_test,sockeye,169,deu,sgg,98.48309326171875,66.74791717529297,94.06694793701172,80.93401336669922
signsuisse_test,sockeye,170,deu,sgg,106.63600158691406,74.4513168334961,98.51844787597656,83.2423095703125
signsuisse_test,sockeye,171,ita,ise,86.36940002441406,71.63404083251953,88.07979583740234,81.536865234375
signsuisse_test,sockeye,172,fra,fsl,96.15760040283203,72.11632537841797,103.12041473388672,81.54144287109375
signsuisse_test,sockeye,173,deu,sgg,109.10413360595703,68.35198211669922,98.94937133789062,83.57486724853516
signsuisse_test,sockeye,174,deu,sgg,87.60421752929688,65.50574493408203,91.38494873046875,79.92996215820312
signsuisse_test,sockeye,175,fra,fsl,90.8550796508789,73.56388092041016,105.25946044921875,84.06218719482422
signsuisse_test,sockeye,176,deu,sgg,100.24404907226562,72.76419830322266,97.62088012695312,85.66455841064453
signsuisse_test,sockeye,177,deu,sgg,88.66830444335938,68.23320007324219,89.53707885742188,81.74267578125
signsuisse_test,sockeye,178,fra,fsl,97.78645324707031,73.65929412841797,102.39839172363281,84.75955963134766
signsuisse_test,sockeye,179,deu,sgg,95.17083740234375,75.37140655517578,93.97309112548828,83.13673400878906
signsuisse_test,sockeye,180,fra,fsl,94.06660461425781,69.12710571289062,93.37553405761719,84.02706146240234
signsuisse_test,sockeye,181,fra,fsl,91.4797134399414,72.43538665771484,96.21623229980469,83.07872009277344
signsuisse_test,sockeye,182,deu,sgg,102.54325103759766,73.25856018066406,105.76217651367188,86.54573822021484
signsuisse_test,sockeye,183,deu,sgg,118.56443786621094,71.52657318115234,108.88496398925781,87.10247039794922
signsuisse_test,sockeye,184,deu,sgg,100.96778869628906,70.77352905273438,103.23005676269531,84.13423156738281
signsuisse_test,sockeye,185,ita,ise,97.35690307617188,74.82794952392578,93.82804107666016,77.38848114013672
signsuisse_test,sockeye,186,deu,sgg,98.02288818359375,64.12351989746094,91.34225463867188,79.96334838867188
signsuisse_test,sockeye,187,deu,sgg,94.49492645263672,62.75365447998047,101.90918731689453,83.102294921875
signsuisse_test,sockeye,188,deu,sgg,95.0473403930664,70.04010772705078,89.25346374511719,81.61016082763672
signsuisse_test,sockeye,189,ita,ise,80.29600524902344,73.25422668457031,86.39144897460938,79.10457611083984
signsuisse_test,sockeye,190,ita,ise,95.81934356689453,69.13853454589844,84.50186920166016,76.1336669921875
signsuisse_test,sockeye,191,fra,fsl,99.18235778808594,73.02616882324219,102.28974151611328,83.43409729003906
signsuisse_test,sockeye,192,ita,ise,91.09564971923828,69.46958923339844,96.20049285888672,77.6243896484375
signsuisse_test,sockeye,193,ita,ise,74.56513214111328,73.04505920410156,84.66050720214844,79.65388488769531
signsuisse_test,sockeye,194,deu,sgg,81.59983825683594,68.28308868408203,86.3358154296875,79.84750366210938
signsuisse_test,sockeye,195,ita,ise,77.42449188232422,70.69136810302734,88.02801513671875,75.2917709350586
signsuisse_test,sockeye,196,deu,sgg,99.42672729492188,70.54509735107422,96.91868591308594,80.55348205566406
signsuisse_test,sockeye,197,deu,sgg,99.90575408935547,68.33567810058594,93.11979675292969,81.91079711914062
signsuisse_test,sockeye,198,deu,sgg,94.90448760986328,72.62480926513672,93.39277648925781,82.99832153320312
signsuisse_test,sockeye,199,deu,sgg,108.14215087890625,65.16697692871094,98.05348205566406,82.6408920288086
signsuisse_test,sockeye,200,deu,sgg,94.02881622314453,70.92351531982422,97.19823455810547,83.15215301513672
signsuisse_test,sockeye,201,fra,fsl,92.8346939086914,70.7267074584961,98.37505340576172,81.88099670410156
signsuisse_test,sockeye,202,deu,sgg,85.8840103149414,65.93563079833984,86.23719787597656,71.91744232177734
signsuisse_test,sockeye,203,fra,fsl,95.51789855957031,79.96813201904297,99.30634307861328,85.72795867919922
signsuisse_test,sockeye,204,fra,fsl,104.70863342285156,75.55048370361328,94.76815032958984,81.44046020507812
signsuisse_test,sockeye,205,deu,sgg,101.27473449707031,77.23915100097656,101.98097229003906,85.96715545654297
signsuisse_test,sockeye,206,fra,fsl,100.02269744873047,76.87210083007812,102.35771942138672,85.9732666015625
signsuisse_test,sockeye,207,fra,fsl,103.83755493164062,79.76249694824219,105.74577331542969,86.26583862304688
signsuisse_test,sockeye,208,fra,fsl,95.6441650390625,74.96501159667969,101.85671997070312,85.01893615722656
signsuisse_test,sockeye,209,ita,ise,92.04208374023438,74.81792449951172,85.57584381103516,72.80353546142578
signsuisse_test,sockeye,210,deu,sgg,105.48858642578125,73.31670379638672,100.57421112060547,84.8643569946289
signsuisse_test,sockeye,211,ita,ise,84.63766479492188,71.91638946533203,86.63407135009766,79.91519927978516
signsuisse_test,sockeye,212,deu,sgg,95.3271255493164,66.54923248291016,86.18113708496094,78.1954345703125
signsuisse_test,sockeye,213,ita,ise,100.69994354248047,66.51930236816406,82.11739349365234,74.11190032958984
signsuisse_test,sockeye,214,ita,ise,81.64888000488281,66.82133483886719,89.4163589477539,76.822998046875
signsuisse_test,sockeye,215,fra,fsl,95.68928527832031,70.80360412597656,94.13784790039062,79.13069915771484
signsuisse_test,sockeye,216,deu,sgg,102.43644714355469,75.30052947998047,104.64096069335938,77.89535522460938
signsuisse_test,sockeye,217,fra,fsl,115.96660614013672,76.15535736083984,101.94711303710938,85.1054916381836
signsuisse_test,sockeye,218,fra,fsl,107.13014221191406,82.87410736083984,119.99343872070312,88.97029876708984
signsuisse_test,sockeye,219,ita,ise,90.85800170898438,68.32806396484375,84.36917877197266,74.1275634765625
signsuisse_test,sockeye,220,deu,sgg,82.53722381591797,69.01361846923828,90.28170013427734,80.32272338867188
signsuisse_test,sockeye,221,deu,sgg,107.61741638183594,72.2790756225586,98.02117156982422,87.7162094116211
signsuisse_test,sockeye,222,ita,ise,83.5085220336914,69.98765563964844,91.0390625,76.27693939208984
signsuisse_test,sockeye,223,deu,sgg,86.26200103759766,74.37356567382812,94.47560119628906,84.94928741455078
signsuisse_test,sockeye,224,deu,sgg,94.95858001708984,69.79728698730469,88.41549682617188,72.05563354492188
signsuisse_test,sockeye,225,fra,fsl,98.11465454101562,73.75701141357422,104.46329498291016,86.1258316040039
signsuisse_test,sockeye,226,fra,fsl,88.23148345947266,76.56218719482422,102.26856994628906,86.5509033203125
signsuisse_test,sockeye,227,fra,fsl,111.4514389038086,74.9625244140625,112.77888488769531,87.03650665283203
signsuisse_test,sockeye,228,deu,sgg,99.08877563476562,68.37498474121094,97.49160766601562,79.58670043945312
signsuisse_test,sockeye,229,ita,ise,93.97134399414062,79.51689147949219,91.67853546142578,81.72418212890625
signsuisse_test,sockeye,230,fra,fsl,89.96813201904297,80.04930114746094,98.35063934326172,86.50555419921875
signsuisse_test,sockeye,231,deu,sgg,87.35504913330078,67.41901397705078,80.54469299316406,70.87236785888672
signsuisse_test,sockeye,232,ita,ise,102.29032897949219,72.0902099609375,86.92870330810547,75.77490997314453
signsuisse_test,sockeye,233,deu,sgg,96.83175659179688,69.18051147460938,97.03762817382812,86.05123901367188
signsuisse_test,sockeye,234,ita,ise,93.89335632324219,70.96923828125,93.47521209716797,79.2548828125
signsuisse_test,sockeye,235,deu,sgg,103.04304504394531,77.51822662353516,97.8696060180664,83.01081085205078
signsuisse_test,sockeye,236,fra,fsl,82.13232421875,70.40045166015625,96.543701171875,85.23178100585938
signsuisse_test,sockeye,237,ita,ise,73.86967468261719,72.60015869140625,89.61266326904297,77.6333999633789
signsuisse_test,sockeye,238,ita,ise,93.36585998535156,75.27693176269531,83.19895935058594,78.80655670166016
signsuisse_test,sockeye,239,deu,sgg,96.21748352050781,73.27753448486328,89.25474548339844,86.08848571777344
signsuisse_test,sockeye,240,fra,fsl,72.654052734375,70.62627410888672,91.38285827636719,84.01891326904297
signsuisse_test,sockeye,241,deu,sgg,105.247314453125,66.3734359741211,92.8685073852539,79.26431274414062
signsuisse_test,sockeye,242,ita,ise,83.37428283691406,74.6721420288086,87.6086196899414,81.91801452636719
signsuisse_test,sockeye,243,deu,sgg,90.59291076660156,73.6614990234375,93.07267761230469,79.13809967041016
signsuisse_test,sockeye,244,deu,sgg,114.19902801513672,67.47305297851562,101.3886489868164,83.69570922851562
signsuisse_test,sockeye,245,deu,sgg,99.45721435546875,74.13211822509766,98.99372100830078,80.35609436035156
signsuisse_test,sockeye,246,ita,ise,75.84403228759766,71.57718658447266,78.98604583740234,77.80936431884766
signsuisse_test,sockeye,247,deu,sgg,95.09136199951172,72.45997619628906,98.42760467529297,86.72852325439453
signsuisse_test,sockeye,248,ita,ise,90.35530853271484,72.4549789428711,87.81576538085938,71.36188507080078
signsuisse_test,sockeye,249,fra,fsl,93.01886749267578,73.55931854248047,97.95895385742188,79.5977783203125
signsuisse_test,sockeye,250,deu,sgg,92.53824615478516,61.42716598510742,82.2303237915039,72.79936218261719
signsuisse_test,sockeye,251,deu,sgg,119.05563354492188,66.13736724853516,107.61811828613281,83.85343170166016
signsuisse_test,sockeye,252,deu,sgg,113.15377807617188,79.5705795288086,98.37044525146484,86.54641723632812
signsuisse_test,sockeye,253,deu,sgg,95.1787109375,68.52959442138672,90.23384857177734,84.26831817626953
signsuisse_test,sockeye,254,fra,fsl,103.9124755859375,73.14276123046875,98.13926696777344,83.91215515136719
signsuisse_test,sockeye,255,fra,fsl,88.70320129394531,75.5486831665039,95.07807922363281,85.83336639404297
signsuisse_test,sockeye,256,deu,sgg,98.40274810791016,69.22643280029297,100.34854888916016,78.04075622558594
signsuisse_test,sockeye,257,ita,ise,79.79637908935547,73.76583862304688,86.75260925292969,76.59442901611328
signsuisse_test,sockeye,258,deu,sgg,92.43921661376953,72.94385528564453,91.72596740722656,81.1488037109375
signsuisse_test,sockeye,259,deu,sgg,98.8963851928711,71.6199951171875,95.68475341796875,84.48934173583984
signsuisse_test,sockeye,260,fra,fsl,96.92811584472656,73.39262390136719,94.78608703613281,85.12467956542969
signsuisse_test,sockeye,261,deu,sgg,97.35807800292969,66.92366790771484,93.40303039550781,84.55889892578125
signsuisse_test,sockeye,262,fra,fsl,87.63341522216797,67.59046936035156,93.18927001953125,78.5871353149414
signsuisse_test,sockeye,263,deu,sgg,119.3164291381836,61.72383117675781,104.54887390136719,84.32360076904297
signsuisse_test,sockeye,264,deu,sgg,100.62454223632812,69.2091293334961,105.31855773925781,79.5333023071289
signsuisse_test,sockeye,265,deu,sgg,97.72488403320312,70.53230285644531,99.05455017089844,83.70249938964844
signsuisse_test,sockeye,266,deu,sgg,107.21003723144531,71.23678588867188,95.45677185058594,80.9508285522461
signsuisse_test,sockeye,267,ita,ise,104.49441528320312,75.4592056274414,101.6640853881836,82.24824523925781
signsuisse_test,sockeye,268,ita,ise,90.47975158691406,73.37789154052734,89.58734130859375,76.39440155029297
signsuisse_test,sockeye,269,deu,sgg,102.22296142578125,68.87047576904297,92.65570831298828,83.44417572021484
signsuisse_test,sockeye,270,fra,fsl,92.91876983642578,76.7154769897461,106.86624908447266,83.59217071533203
signsuisse_test,sockeye,271,fra,fsl,102.26309967041016,72.32557678222656,97.06167602539062,84.53230285644531
signsuisse_test,sockeye,272,ita,ise,104.92608642578125,71.97061157226562,92.23094177246094,79.75668334960938
signsuisse_test,sockeye,273,deu,sgg,113.65080261230469,72.24949645996094,101.70787048339844,81.56038665771484
signsuisse_test,sockeye,274,fra,fsl,96.30616760253906,78.6014404296875,106.55690002441406,83.5151138305664
signsuisse_test,sockeye,275,deu,sgg,102.52896118164062,73.76270294189453,99.51374816894531,86.11553955078125
signsuisse_test,sockeye,276,deu,sgg,104.60299682617188,75.53235626220703,100.82589721679688,88.14066314697266
signsuisse_test,sockeye,277,deu,sgg,95.04571533203125,71.74993896484375,98.1583251953125,87.57781982421875
signsuisse_test,sockeye,278,deu,sgg,110.7364501953125,68.97705078125,97.50013732910156,82.78400421142578
signsuisse_test,sockeye,279,deu,sgg,93.4535903930664,61.344791412353516,88.53175354003906,78.30573272705078
signsuisse_test,sockeye,280,fra,fsl,82.76785278320312,70.75051879882812,91.101806640625,83.18267822265625
signsuisse_test,sockeye,281,deu,sgg,93.47579956054688,70.5652084350586,88.85758972167969,74.85246276855469
signsuisse_test,sockeye,282,ita,ise,102.66641235351562,64.32951354980469,87.90020751953125,79.43505859375
signsuisse_test,sockeye,283,deu,sgg,91.80885314941406,67.92991638183594,90.38548278808594,83.78634643554688
signsuisse_test,sockeye,284,ita,ise,82.88542175292969,75.09294128417969,84.73941040039062,73.61072540283203
signsuisse_test,sockeye,285,deu,sgg,87.23272705078125,71.81387329101562,81.50738525390625,74.51504516601562
signsuisse_test,sockeye,286,ita,ise,94.2643051147461,69.65122985839844,87.04589080810547,79.265869140625
signsuisse_test,sockeye,287,deu,sgg,92.20085144042969,75.42440795898438,103.57952880859375,85.17367553710938
signsuisse_test,sockeye,288,deu,sgg,97.67887115478516,76.68509674072266,95.86151123046875,85.91925048828125
signsuisse_test,sockeye,289,ita,ise,85.48918151855469,72.12456512451172,88.23107147216797,74.91175079345703
signsuisse_test,sockeye,290,deu,sgg,94.71810150146484,70.36442565917969,98.01350402832031,83.96186065673828
signsuisse_test,sockeye,291,fra,fsl,95.97637176513672,72.63235473632812,101.39279174804688,84.0124740600586
signsuisse_test,sockeye,292,deu,sgg,105.29171752929688,73.61949157714844,103.36469268798828,88.09467315673828
signsuisse_test,sockeye,293,fra,fsl,107.32516479492188,79.46401977539062,105.11283874511719,82.71334075927734
signsuisse_test,sockeye,294,deu,sgg,81.15338897705078,73.00448608398438,95.62924194335938,81.68819427490234
signsuisse_test,sockeye,295,ita,ise,87.80464172363281,76.50191497802734,91.31651306152344,77.33594512939453
signsuisse_test,sockeye,296,deu,sgg,92.39251708984375,70.78852844238281,91.06466674804688,76.37301635742188
signsuisse_test,sockeye,297,deu,sgg,103.40811157226562,74.9269790649414,103.93061065673828,85.65125274658203
signsuisse_test,sockeye,298,deu,sgg,95.25529479980469,73.67082977294922,96.66253662109375,83.859619140625
signsuisse_test,sockeye,299,deu,sgg,91.31573486328125,66.47611999511719,98.8511962890625,78.843994140625
signsuisse_test,sockeye,300,fra,fsl,83.35188293457031,75.0674057006836,93.03825378417969,83.0147476196289
signsuisse_test,sockeye,301,deu,sgg,94.43513488769531,71.07398223876953,91.51480865478516,76.39855194091797
signsuisse_test,sockeye,302,fra,fsl,90.75397491455078,73.3671875,101.40269470214844,82.36021423339844
signsuisse_test,sockeye,303,fra,fsl,86.74691009521484,69.72459411621094,92.24288177490234,81.54814910888672
signsuisse_test,sockeye,304,deu,sgg,108.70819854736328,71.16175842285156,99.66580963134766,80.4994125366211
signsuisse_test,sockeye,305,fra,fsl,82.63102722167969,70.8426742553711,91.37348937988281,79.3120346069336
signsuisse_test,sockeye,306,ita,ise,93.8922119140625,72.87322998046875,90.41796112060547,77.00565338134766
signsuisse_test,sockeye,307,fra,fsl,88.2490005493164,73.60443115234375,93.52249145507812,85.17666625976562
signsuisse_test,sockeye,308,ita,ise,86.72291564941406,68.42813873291016,80.75564575195312,75.93093872070312
signsuisse_test,sockeye,309,ita,ise,101.48081970214844,71.57823181152344,87.14010620117188,76.05086517333984
signsuisse_test,sockeye,310,ita,ise,84.98681640625,66.67860412597656,83.3630599975586,81.5392837524414
signsuisse_test,sockeye,311,ita,ise,83.53236389160156,73.91214752197266,82.37214660644531,72.66732025146484
signsuisse_test,sockeye,312,fra,fsl,102.71563720703125,70.07980346679688,99.83938598632812,85.84184265136719
signsuisse_test,sockeye,313,ita,ise,85.55259704589844,69.98141479492188,84.40870666503906,71.35690307617188
signsuisse_test,sockeye,314,deu,sgg,90.97106170654297,71.95465850830078,98.23049926757812,82.00547790527344
signsuisse_test,sockeye,315,deu,sgg,90.89171600341797,69.89136505126953,90.79080963134766,79.97813415527344
signsuisse_test,sockeye,316,deu,sgg,111.79518127441406,70.24288940429688,94.95101165771484,85.08732604980469
signsuisse_test,sockeye,317,deu,sgg,106.98613739013672,77.8803939819336,102.21768188476562,85.54840850830078
signsuisse_test,sockeye,318,fra,fsl,87.5586166381836,63.818946838378906,96.30033874511719,78.7989730834961
signsuisse_test,sockeye,319,fra,fsl,85.41879272460938,73.96507263183594,90.81591033935547,85.90802001953125
signsuisse_test,sockeye,320,fra,fsl,84.41678619384766,73.57844543457031,97.15438842773438,80.64974212646484
signsuisse_test,sockeye,321,ita,ise,73.34303283691406,71.46440124511719,85.52485656738281,73.361328125
signsuisse_test,sockeye,322,deu,sgg,90.46633911132812,70.79830169677734,97.39553833007812,81.51883697509766
signsuisse_test,sockeye,323,fra,fsl,104.92906188964844,75.33211517333984,97.1185302734375,85.43031311035156
signsuisse_test,sockeye,324,deu,sgg,93.44493103027344,71.84477996826172,92.48900604248047,76.42825317382812
signsuisse_test,sockeye,325,deu,sgg,109.00180053710938,72.94477081298828,103.6294174194336,88.62858581542969
signsuisse_test,sockeye,326,ita,ise,99.19042205810547,69.8080062866211,93.48722839355469,80.05247497558594
signsuisse_test,sockeye,327,deu,sgg,94.77828216552734,71.72293853759766,98.06050109863281,86.49308776855469
signsuisse_test,sockeye,328,fra,fsl,93.20923614501953,80.26935577392578,102.23281860351562,82.83495330810547
signsuisse_test,sockeye,329,deu,sgg,95.39457702636719,68.73035430908203,92.798095703125,81.03828430175781
signsuisse_test,sockeye,330,deu,sgg,110.32328796386719,72.79443359375,94.46884155273438,83.19767761230469
signsuisse_test,sockeye,331,deu,sgg,103.00287628173828,71.7040023803711,99.02579498291016,84.6011962890625
signsuisse_test,sockeye,332,ita,ise,81.2215805053711,75.85956573486328,80.78838348388672,69.01849365234375
signsuisse_test,sockeye,333,ita,ise,98.8802261352539,76.53935241699219,92.02824401855469,77.30924987792969
signsuisse_test,sockeye,334,deu,sgg,91.6412353515625,70.6954116821289,85.1254653930664,82.46661376953125
signsuisse_test,sockeye,335,deu,sgg,108.53477478027344,72.99535369873047,104.61892700195312,89.41446685791016
signsuisse_test,sockeye,336,fra,fsl,96.25035095214844,73.56111907958984,95.97269439697266,83.6408462524414
signsuisse_test,sockeye,337,fra,fsl,82.96440124511719,76.20989227294922,91.62307739257812,84.19182586669922
signsuisse_test,sockeye,338,deu,sgg,137.07052612304688,71.86737060546875,114.937744140625,89.75936889648438
signsuisse_test,sockeye,339,fra,fsl,84.50575256347656,68.54075622558594,89.16273498535156,80.96245574951172
signsuisse_test,sockeye,340,deu,sgg,101.70195007324219,73.13651275634766,94.53938293457031,84.16976928710938
signsuisse_test,sockeye,341,ita,ise,85.49105834960938,74.09906768798828,85.72628784179688,74.60010528564453
signsuisse_test,sockeye,342,deu,sgg,93.86257934570312,70.31234741210938,103.87442016601562,84.7073974609375
signsuisse_test,sockeye,343,deu,sgg,92.54771423339844,69.74560546875,95.35852813720703,82.12476348876953
signsuisse_test,sockeye,344,fra,fsl,91.1596908569336,74.47510528564453,101.41419219970703,82.0791015625
signsuisse_test,sockeye,345,deu,sgg,99.68267822265625,67.25016021728516,95.35383605957031,84.19055938720703
signsuisse_test,sockeye,346,deu,sgg,97.53953552246094,72.76739501953125,92.66574096679688,83.17510986328125
signsuisse_test,sockeye,347,deu,sgg,93.82008361816406,72.79159545898438,96.15858459472656,82.23787689208984
signsuisse_test,sockeye,348,fra,fsl,99.54972839355469,70.74662780761719,101.27337646484375,86.50598907470703
signsuisse_test,sockeye,349,fra,fsl,84.5201644897461,74.23400115966797,96.5874252319336,77.3983154296875
signsuisse_test,sockeye,350,ita,ise,73.03915405273438,71.39373779296875,86.53011322021484,78.87409973144531
signsuisse_test,sockeye,351,ita,ise,85.13565826416016,68.13768005371094,92.72840118408203,76.15326690673828
signsuisse_test,sockeye,352,deu,sgg,105.5283203125,73.02877044677734,105.31845092773438,82.5322265625
signsuisse_test,sockeye,353,ita,ise,70.9588394165039,71.20270538330078,78.47562408447266,70.69439697265625
signsuisse_test,sockeye,354,deu,sgg,88.89649200439453,71.61396026611328,93.16091918945312,78.68389892578125
signsuisse_test,sockeye,355,ita,ise,85.73709106445312,71.73956298828125,89.85222625732422,75.035888671875
signsuisse_test,sockeye,356,ita,ise,81.38035583496094,72.39229583740234,91.62734985351562,79.43909454345703
signsuisse_test,sockeye,357,deu,sgg,107.42207336425781,72.42337036132812,105.35103607177734,85.31201934814453
signsuisse_test,sockeye,358,ita,ise,85.27039337158203,69.37641143798828,93.8931655883789,82.4348373413086
signsuisse_test,sockeye,359,deu,sgg,97.89179229736328,70.0926513671875,92.53144836425781,77.9318618774414
signsuisse_test,sockeye,360,ita,ise,80.77214050292969,72.2043685913086,85.106689453125,78.91888427734375
signsuisse_test,sockeye,361,ita,ise,74.09406280517578,73.51319122314453,85.61255645751953,75.17911529541016
signsuisse_test,sockeye,362,ita,ise,81.80162811279297,68.78890991210938,91.54518127441406,77.93867492675781
signsuisse_test,sockeye,363,fra,fsl,81.7918701171875,75.17860412597656,86.98649597167969,74.67936706542969
signsuisse_test,sockeye,364,fra,fsl,92.79744720458984,69.12926483154297,103.35868835449219,84.178955078125
signsuisse_test,sockeye,365,ita,ise,96.51986694335938,74.13616180419922,94.31491088867188,76.76742553710938
signsuisse_test,sockeye,366,deu,sgg,111.0785140991211,70.31395721435547,97.32488250732422,76.54291534423828
signsuisse_test,sockeye,367,deu,sgg,118.72233581542969,73.54193115234375,105.90869140625,85.05165100097656
signsuisse_test,sockeye,368,deu,sgg,127.37945556640625,67.6425552368164,108.45181274414062,80.28472900390625
signsuisse_test,sockeye,369,ita,ise,86.13105010986328,76.95382690429688,81.00857543945312,79.56456756591797
signsuisse_test,sockeye,370,fra,fsl,99.09429931640625,72.28304290771484,96.81596374511719,84.37301635742188
signsuisse_test,sockeye,371,deu,sgg,79.42649841308594,72.23820495605469,87.07777404785156,75.031494140625
signsuisse_test,sockeye,372,deu,sgg,88.60362243652344,71.21142578125,88.81568145751953,83.63653564453125
signsuisse_test,sockeye,373,deu,sgg,114.44465637207031,71.26311492919922,101.02609252929688,83.30916595458984
signsuisse_test,sockeye,374,deu,sgg,97.73710632324219,68.82361602783203,87.62085723876953,78.42425537109375
signsuisse_test,sockeye,375,deu,sgg,82.81548309326172,70.84869384765625,89.1669921875,82.80309295654297
signsuisse_test,sockeye,376,fra,fsl,93.67200469970703,67.306640625,100.63882446289062,85.95262145996094
signsuisse_test,sockeye,377,ita,ise,79.35183715820312,68.01818084716797,86.96066284179688,76.14594268798828
signsuisse_test,sockeye,378,deu,sgg,104.53117370605469,71.87288665771484,98.81709289550781,83.0356216430664
signsuisse_test,sockeye,379,fra,fsl,94.9872055053711,74.36038970947266,98.53522491455078,79.91383361816406
signsuisse_test,sockeye,380,ita,ise,89.00310516357422,76.4828109741211,87.73635864257812,73.92611694335938
signsuisse_test,sockeye,381,ita,ise,93.28653717041016,71.79878234863281,87.95134735107422,78.42139434814453
signsuisse_test,sockeye,382,deu,sgg,108.42442321777344,71.18168640136719,92.30799865722656,79.60594940185547
signsuisse_test,sockeye,383,fra,fsl,100.447265625,73.7428970336914,105.36212158203125,80.64788055419922
signsuisse_test,sockeye,384,ita,ise,90.66734313964844,71.34078979492188,81.44520568847656,74.87837219238281
signsuisse_test,sockeye,385,deu,sgg,97.22227478027344,63.28352355957031,93.88809204101562,75.64643859863281
signsuisse_test,sockeye,386,ita,ise,81.51786804199219,77.7254638671875,82.70326232910156,77.53668212890625
signsuisse_test,sockeye,387,ita,ise,71.78175354003906,75.2690658569336,86.76416015625,80.771728515625
signsuisse_test,sockeye,388,deu,sgg,96.23084259033203,71.3479232788086,88.078857421875,81.69215393066406
signsuisse_test,sockeye,389,ita,ise,84.08924865722656,75.85066986083984,88.34063720703125,79.00849151611328
signsuisse_test,sockeye,390,deu,sgg,93.3531494140625,69.92137908935547,92.14684295654297,78.64740753173828
signsuisse_test,sockeye,391,fra,fsl,84.55900573730469,70.31430053710938,92.09601593017578,81.18174743652344
signsuisse_test,sockeye,392,deu,sgg,112.50897216796875,73.88457489013672,102.68592071533203,83.61880493164062
signsuisse_test,sockeye,393,ita,ise,87.53176879882812,72.28941345214844,84.23219299316406,72.82908630371094
signsuisse_test,sockeye,394,deu,sgg,98.30631256103516,73.07322692871094,91.79498291015625,79.72847747802734
signsuisse_test,sockeye,395,fra,fsl,89.35234069824219,71.17464447021484,100.06817626953125,82.10371398925781
signsuisse_test,sockeye,396,deu,sgg,99.54279327392578,72.8676986694336,100.12420654296875,87.24730682373047
signsuisse_test,sockeye,397,deu,sgg,84.30562591552734,72.20108032226562,89.07978820800781,81.47408294677734
signsuisse_test,sockeye,398,ita,ise,97.77265930175781,71.1242904663086,82.33191680908203,77.0501937866211
signsuisse_test,sockeye,399,deu,sgg,100.80119323730469,72.25557708740234,108.03681182861328,88.16060638427734
signsuisse_test,sockeye,400,deu,sgg,88.50839233398438,70.16002655029297,86.76598358154297,81.16180419921875
signsuisse_test,sockeye,401,deu,sgg,99.21454620361328,70.39460754394531,97.54954528808594,86.05914306640625
signsuisse_test,sockeye,402,fra,fsl,102.9900131225586,76.67030334472656,104.90318298339844,87.0674057006836
signsuisse_test,sockeye,403,fra,fsl,85.85980224609375,70.7617416381836,89.15029907226562,78.34854125976562
signsuisse_test,sockeye,404,deu,sgg,95.86243438720703,70.3118896484375,90.62850189208984,80.08509063720703
signsuisse_test,sockeye,405,deu,sgg,98.05599212646484,70.34358978271484,99.54193878173828,83.54855346679688
signsuisse_test,sockeye,406,deu,sgg,96.47370147705078,67.04645538330078,97.21159362792969,80.52317810058594
signsuisse_test,sockeye,407,fra,fsl,89.75930786132812,72.67137908935547,96.00732421875,80.93080139160156
signsuisse_test,sockeye,408,ita,ise,90.53025817871094,79.96676635742188,90.22073364257812,76.8150634765625
signsuisse_test,sockeye,409,deu,sgg,106.28349304199219,77.6084213256836,100.33812713623047,81.5397720336914
signsuisse_test,sockeye,410,deu,sgg,98.99002838134766,66.98512268066406,98.23341369628906,82.63925170898438
signsuisse_test,sockeye,411,deu,sgg,89.2525405883789,71.66863250732422,102.98339080810547,83.47975158691406
signsuisse_test,sockeye,412,deu,sgg,94.04369354248047,68.53579711914062,90.56416320800781,81.67513275146484
signsuisse_test,sockeye,413,deu,sgg,96.13600158691406,68.56712341308594,88.55680847167969,78.13697052001953
signsuisse_test,sockeye,414,deu,sgg,103.75157165527344,74.71932220458984,96.18516540527344,81.99739074707031
signsuisse_test,sockeye,415,deu,sgg,94.61251831054688,69.3434829711914,94.25109100341797,78.61483001708984
signsuisse_test,sockeye,416,fra,fsl,86.51350402832031,77.86767578125,96.4393310546875,84.55950164794922
signsuisse_test,sockeye,417,fra,fsl,102.25486755371094,76.6887435913086,103.39341735839844,75.93888092041016
signsuisse_test,sockeye,418,deu,sgg,98.73687744140625,74.4234848022461,98.11842346191406,84.19181823730469
signsuisse_test,sockeye,419,deu,sgg,112.21757507324219,72.36559295654297,103.41059112548828,83.68254852294922
signsuisse_test,sockeye,420,deu,sgg,97.88873291015625,71.7088851928711,91.83091735839844,76.64801788330078
signsuisse_test,sockeye,421,fra,fsl,105.7933349609375,77.89076232910156,98.20298767089844,85.21282958984375
signsuisse_test,sockeye,422,fra,fsl,96.18599700927734,74.29039001464844,91.87692260742188,79.2684097290039
signsuisse_test,sockeye,423,deu,sgg,104.95628356933594,72.13442993164062,104.57113647460938,80.86567687988281
signsuisse_test,sockeye,424,fra,fsl,95.37603759765625,74.73046112060547,89.4444808959961,84.43240356445312
signsuisse_test,sockeye,425,fra,fsl,76.12523651123047,70.5425033569336,91.41602325439453,83.00819396972656
signsuisse_test,sockeye,426,deu,sgg,99.93637084960938,70.3749771118164,94.48116302490234,84.97216033935547
signsuisse_test,sockeye,427,ita,ise,88.7689437866211,71.93270111083984,89.37380981445312,79.3675308227539
signsuisse_test,sockeye,428,deu,sgg,103.13461303710938,73.3912353515625,101.48577880859375,81.70726013183594
signsuisse_test,sockeye,429,deu,sgg,111.11141967773438,75.45718383789062,102.9521713256836,85.60513305664062
signsuisse_test,sockeye,430,deu,sgg,93.3480453491211,68.49400329589844,88.54772186279297,77.8041000366211
signsuisse_test,sockeye,431,deu,sgg,109.00576782226562,70.94203186035156,102.50345611572266,87.37696075439453
signsuisse_test,sockeye,432,deu,sgg,109.02312469482422,66.37501525878906,108.10247802734375,89.38512420654297
signsuisse_test,sockeye,433,deu,sgg,97.59439849853516,75.36471557617188,98.82537841796875,87.23680877685547
signsuisse_test,sockeye,434,deu,sgg,120.11878204345703,70.7500991821289,103.14228057861328,83.98512268066406
signsuisse_test,sockeye,435,deu,sgg,84.07125854492188,67.56221771240234,91.88365936279297,79.56614685058594
signsuisse_test,sockeye,436,fra,fsl,85.24141693115234,76.26543426513672,94.50074768066406,81.47566223144531
signsuisse_test,sockeye,437,deu,sgg,96.51466369628906,66.09551239013672,98.12370300292969,80.16315460205078
signsuisse_test,sockeye,438,deu,sgg,107.38428497314453,75.41443634033203,96.87654876708984,86.74644470214844
signsuisse_test,sockeye,439,deu,sgg,110.76618957519531,71.13785552978516,101.1449966430664,82.50860595703125
signsuisse_test,sockeye,440,deu,sgg,89.83056640625,71.53536224365234,94.3614501953125,83.3505630493164
signsuisse_test,sockeye,441,ita,ise,92.59413146972656,74.32774353027344,93.95133209228516,81.2787094116211
signsuisse_test,sockeye,442,ita,ise,93.52050018310547,68.3777084350586,88.18486022949219,76.9913101196289
signsuisse_test,sockeye,443,fra,fsl,105.73729705810547,76.19352722167969,109.72557067871094,86.11929321289062
signsuisse_test,sockeye,444,deu,sgg,101.92573547363281,75.64210510253906,103.85993957519531,84.5556640625
signsuisse_test,sockeye,445,deu,sgg,100.65763092041016,73.25769805908203,98.875244140625,83.86666870117188
signsuisse_test,sockeye,446,deu,sgg,115.87181854248047,70.2140884399414,110.39144897460938,85.39115905761719
signsuisse_test,sockeye,447,fra,fsl,90.9866943359375,78.14983367919922,103.94448852539062,85.61991119384766
signsuisse_test,sockeye,448,deu,sgg,87.8503189086914,72.5630874633789,94.53343963623047,82.83518981933594
signsuisse_test,sockeye,449,deu,sgg,97.20449829101562,72.83084106445312,100.19871520996094,79.39649963378906
signsuisse_test,sockeye,450,ita,ise,92.62533569335938,74.7261734008789,96.95194244384766,81.1141128540039
signsuisse_test,sockeye,451,deu,sgg,97.10969543457031,68.52986145019531,93.59906768798828,80.89848327636719
signsuisse_test,sockeye,452,deu,sgg,110.63140869140625,72.78145599365234,104.77330017089844,85.22380065917969
signsuisse_test,sockeye,453,deu,sgg,93.25322723388672,70.91059112548828,93.13884735107422,81.5040512084961
signsuisse_test,sockeye,454,deu,sgg,102.56472778320312,75.59539031982422,86.82756805419922,80.53169250488281
signsuisse_test,sockeye,455,deu,sgg,94.02114868164062,71.79975128173828,95.71566772460938,76.63046264648438
signsuisse_test,sockeye,456,deu,sgg,99.9246826171875,73.09683227539062,93.9422836303711,79.70477294921875
signsuisse_test,sockeye,457,deu,sgg,103.52645874023438,73.07667541503906,99.19876861572266,83.76964569091797
signsuisse_test,sockeye,458,deu,sgg,90.7333984375,71.21019744873047,99.28653717041016,83.9281234741211
signsuisse_test,sockeye,459,deu,sgg,105.24171447753906,73.43599700927734,97.52831268310547,85.67577362060547
signsuisse_test,sockeye,460,fra,fsl,87.79279327392578,80.93362426757812,103.07843017578125,85.60419464111328
signsuisse_test,sockeye,461,deu,sgg,100.58903503417969,70.83527374267578,94.45149230957031,82.42704010009766
signsuisse_test,sockeye,462,fra,fsl,108.52607727050781,77.9329605102539,104.18980407714844,85.57931518554688
signsuisse_test,sockeye,463,fra,fsl,96.08509063720703,74.83984375,108.04589080810547,86.07072448730469
signsuisse_test,sockeye,464,deu,sgg,99.19203186035156,70.9062271118164,100.86067199707031,84.96717834472656
signsuisse_test,sockeye,465,deu,sgg,112.24342346191406,67.81535339355469,100.75914764404297,82.21678161621094
signsuisse_test,sockeye,466,deu,sgg,107.50907897949219,72.53279113769531,96.10163879394531,79.6486587524414
signsuisse_test,sockeye,467,deu,sgg,100.26008605957031,74.3163070678711,93.6008529663086,81.84683227539062
signsuisse_test,sockeye,468,deu,sgg,99.99119567871094,68.7894287109375,93.62732696533203,85.6716079711914
signsuisse_test,sockeye,469,fra,fsl,87.72635650634766,73.04193115234375,99.43927001953125,79.55553436279297
signsuisse_test,sockeye,470,ita,ise,86.69889068603516,70.13865661621094,85.9842758178711,80.75724792480469
signsuisse_test,sockeye,471,fra,fsl,87.00695037841797,73.23127746582031,94.30836486816406,83.23634338378906
signsuisse_test,sockeye,472,ita,ise,76.52224731445312,69.31180572509766,91.430908203125,75.82243347167969
signsuisse_test,sockeye,473,fra,fsl,114.60896301269531,78.82369232177734,107.74647521972656,84.39347839355469
signsuisse_test,sockeye,474,ita,ise,92.22945404052734,73.23677825927734,87.6485595703125,77.74776458740234
signsuisse_test,sockeye,475,fra,fsl,79.64390563964844,67.92339324951172,87.80421447753906,77.69669342041016
signsuisse_test,sockeye,476,ita,ise,86.5870132446289,73.70237731933594,76.02362060546875,74.95696258544922
signsuisse_test,sockeye,477,ita,ise,90.31062316894531,74.7915267944336,92.2222900390625,82.41178894042969
signsuisse_test,sockeye,478,fra,fsl,85.75253295898438,76.36475372314453,97.79768371582031,82.28235626220703
signsuisse_test,sockeye,479,ita,ise,81.43831634521484,72.66197967529297,86.13036346435547,78.53102111816406
signsuisse_test,sockeye,480,deu,sgg,90.45111083984375,70.61425018310547,93.8880615234375,87.92534637451172
signsuisse_test,sockeye,481,deu,sgg,99.99227142333984,69.74613952636719,101.08135986328125,87.99812316894531
signsuisse_test,sockeye,482,ita,ise,88.36521911621094,76.33139038085938,89.47911071777344,80.39486694335938
signsuisse_test,sockeye,483,deu,sgg,107.39463806152344,78.3881607055664,103.36346435546875,81.94131469726562
signsuisse_test,sockeye,484,ita,ise,90.21308898925781,79.47461700439453,86.68653869628906,80.26811218261719
signsuisse_test,sockeye,485,deu,sgg,102.47531127929688,69.60127258300781,95.82575988769531,84.52320098876953
signsuisse_test,sockeye,486,deu,sgg,87.6184310913086,71.34381866455078,92.63009643554688,81.04933166503906
signsuisse_test,sockeye,487,deu,sgg,99.30965423583984,74.2181396484375,99.19792175292969,76.70618438720703
signsuisse_test,sockeye,488,ita,ise,83.97797393798828,72.6144027709961,92.25224304199219,76.260986328125
signsuisse_test,sockeye,489,deu,sgg,106.96920013427734,71.84235382080078,99.1994857788086,79.50177001953125
signsuisse_test,sockeye,490,deu,sgg,94.88288879394531,67.01634216308594,96.71324157714844,82.49819946289062
signsuisse_test,sockeye,491,deu,sgg,97.4350814819336,69.94210815429688,97.74234008789062,81.73200988769531
signsuisse_test,sockeye,492,ita,ise,105.38927459716797,71.72198486328125,90.07260131835938,78.23565673828125
signsuisse_test,sockeye,493,deu,sgg,95.87754821777344,74.47142028808594,90.92235565185547,80.37742614746094
signsuisse_test,sockeye,494,fra,fsl,87.2842025756836,72.72808837890625,98.60591125488281,82.67677307128906
signsuisse_test,sockeye,495,ita,ise,102.41304779052734,75.01406860351562,101.55997467041016,82.56364440917969
signsuisse_test,sockeye,496,deu,sgg,91.663818359375,72.7256088256836,95.51399230957031,79.16130828857422
signsuisse_test,sockeye,497,ita,ise,81.81040954589844,71.94340515136719,73.72813415527344,78.99644470214844
signsuisse_test,sockeye,498,ita,ise,80.16144561767578,73.91670989990234,80.40489196777344,77.01097106933594
signsuisse_test,sockeye,499,ita,ise,81.91253662109375,68.92216491699219,88.58441162109375,80.16577911376953
signsuisse_test,sockeye,500,deu,sgg,103.54908752441406,74.15316009521484,103.08074188232422,81.10945129394531
signsuisse_test,sockeye,501,deu,sgg,108.57026672363281,62.68781661987305,96.94116973876953,78.56560516357422
signsuisse_test,sockeye,502,ita,ise,72.71033477783203,67.19507598876953,87.56488037109375,76.01460266113281
signsuisse_test,sockeye,503,fra,fsl,92.66663360595703,73.54411315917969,98.49187469482422,83.56082153320312
signsuisse_test,sockeye,504,fra,fsl,100.5126953125,79.02649688720703,104.98062133789062,80.49858093261719
signsuisse_test,sockeye,505,ita,ise,88.95140838623047,73.07079315185547,92.5696029663086,79.40760803222656
signsuisse_test,sockeye,506,deu,sgg,101.77677917480469,73.69309997558594,97.29723358154297,73.43769836425781
signsuisse_test,sockeye,507,fra,fsl,98.359375,77.29820251464844,99.59801483154297,84.97579956054688
signsuisse_test,sockeye,508,ita,ise,83.6429672241211,67.05061340332031,85.55990600585938,74.20531463623047
signsuisse_test,sockeye,509,fra,fsl,89.53742980957031,73.04826354980469,96.46598052978516,78.23007202148438
signsuisse_test,sockeye,510,fra,fsl,103.08695983886719,73.11900329589844,109.92239379882812,87.23167419433594
signsuisse_test,sockeye,511,ita,ise,67.28182220458984,70.70184326171875,87.72747802734375,79.05511474609375
signsuisse_test,sockeye,512,deu,sgg,100.05590057373047,70.31431579589844,95.36371612548828,79.37397003173828
signsuisse_test,sockeye,513,deu,sgg,93.59156799316406,68.65814208984375,81.38758087158203,76.20867919921875
signsuisse_test,sockeye,514,ita,ise,78.06197357177734,72.22418975830078,91.43138122558594,78.09252166748047
signsuisse_test,sockeye,515,ita,ise,89.28692626953125,72.37152862548828,94.48463439941406,79.31977844238281
signsuisse_test,sockeye,516,fra,fsl,85.97554779052734,74.88691711425781,99.06681823730469,84.71826171875
signsuisse_test,sockeye,517,deu,sgg,93.0130615234375,73.69490814208984,87.06116485595703,80.6166763305664
signsuisse_test,sockeye,518,fra,fsl,104.77059936523438,77.27992248535156,100.81453704833984,87.52729034423828
signsuisse_test,sockeye,519,ita,ise,102.08997344970703,67.2863540649414,79.96884155273438,78.80855560302734
signsuisse_test,sockeye,520,deu,sgg,107.62318420410156,71.3111801147461,100.66619873046875,82.01445770263672
signsuisse_test,sockeye,521,ita,ise,95.7114028930664,74.19218444824219,99.81141662597656,75.15339660644531
signsuisse_test,sockeye,522,deu,sgg,102.72100067138672,72.22868347167969,94.32576751708984,81.81167602539062
signsuisse_test,sockeye,523,fra,fsl,87.76446533203125,75.3189926147461,94.28345489501953,77.37715148925781
signsuisse_test,sockeye,524,ita,ise,83.35514831542969,71.27021026611328,82.44412231445312,79.62263488769531
signsuisse_test,sockeye,525,deu,sgg,102.06538391113281,70.885498046875,99.70263671875,85.80813598632812
signsuisse_test,sockeye,526,deu,sgg,115.83984375,76.37117004394531,104.15113067626953,77.837158203125
signsuisse_test,sockeye,527,deu,sgg,85.98651123046875,77.06161499023438,93.78729248046875,84.49598693847656
signsuisse_test,sockeye,528,deu,sgg,92.8979721069336,73.78997039794922,87.06852722167969,83.072509765625
signsuisse_test,sockeye,529,deu,sgg,105.19973754882812,73.21520233154297,97.60984802246094,80.0587158203125
signsuisse_test,sockeye,530,deu,sgg,101.52787780761719,72.21436309814453,95.24476623535156,83.92427062988281
signsuisse_test,sockeye,531,deu,sgg,107.80178833007812,74.74176788330078,105.79708099365234,86.65328979492188
signsuisse_test,sockeye,532,deu,sgg,97.1725845336914,67.39270782470703,97.74267578125,82.87125396728516
signsuisse_test,sockeye,533,deu,sgg,104.43185424804688,76.19991302490234,93.82225036621094,82.88230895996094
signsuisse_test,sockeye,534,deu,sgg,92.47891998291016,66.40670776367188,88.93377685546875,73.32202911376953
signsuisse_test,sockeye,535,deu,sgg,101.49471282958984,73.38214874267578,95.861572265625,80.619140625
signsuisse_test,sockeye,536,fra,fsl,91.83993530273438,75.60780334472656,96.9383544921875,78.8955307006836
signsuisse_test,sockeye,537,deu,sgg,109.24212646484375,69.337158203125,98.6767807006836,84.09222412109375
signsuisse_test,sockeye,538,ita,ise,89.93296813964844,70.7381362915039,90.8147964477539,80.2277603149414
signsuisse_test,sockeye,539,ita,ise,75.40751647949219,74.04448699951172,85.35670471191406,79.0626449584961
signsuisse_test,sockeye,540,deu,sgg,95.2825927734375,71.90921020507812,88.35713958740234,79.86689758300781
signsuisse_test,sockeye,541,deu,sgg,94.16121673583984,69.2021255493164,87.18437957763672,77.51175689697266
signsuisse_test,sockeye,542,deu,sgg,103.799560546875,76.1478500366211,94.24992370605469,86.32701873779297
signsuisse_test,sockeye,543,ita,ise,85.57676696777344,76.35969543457031,86.28657531738281,74.16111755371094
signsuisse_test,sockeye,544,deu,sgg,106.14324951171875,79.39485168457031,103.04257202148438,86.74547576904297
signsuisse_test,sockeye,545,deu,sgg,112.22235870361328,69.54969024658203,99.13733673095703,81.65885162353516
signsuisse_test,sockeye,546,fra,fsl,94.35491943359375,80.05096435546875,93.06079864501953,85.12283325195312
signsuisse_test,sockeye,547,deu,sgg,92.27776336669922,69.81472778320312,98.63832092285156,84.37212371826172
signsuisse_test,sockeye,548,ita,ise,79.1807632446289,68.40868377685547,81.53724670410156,76.51820373535156
signsuisse_test,sockeye,549,deu,sgg,89.36145782470703,75.22537994384766,90.42130279541016,80.5278091430664
signsuisse_test,sockeye,550,deu,sgg,93.2589111328125,72.13545227050781,95.06582641601562,85.04911041259766
signsuisse_test,sockeye,551,deu,sgg,94.6727294921875,67.49827575683594,94.16627502441406,78.82301330566406
signsuisse_test,sockeye,552,fra,fsl,95.4035873413086,68.1612548828125,97.24122619628906,82.4020004272461
signsuisse_test,sockeye,553,deu,sgg,93.49613189697266,69.41676330566406,88.76055908203125,79.60931396484375
signsuisse_test,sockeye,554,deu,sgg,99.83866119384766,68.93025207519531,95.20057678222656,84.54239654541016
signsuisse_test,sockeye,555,fra,fsl,93.99922180175781,70.64122009277344,92.2659683227539,78.01121520996094
signsuisse_test,sockeye,556,ita,ise,68.7121810913086,74.0988998413086,78.79821014404297,71.1764144897461
signsuisse_test,sockeye,557,ita,ise,106.4208984375,73.70222473144531,100.77227020263672,79.79359436035156
signsuisse_test,sockeye,558,deu,sgg,89.57337951660156,74.19645690917969,92.83033752441406,76.75334167480469
signsuisse_test,sockeye,559,ita,ise,93.18299865722656,67.39694213867188,84.81614685058594,80.59407806396484
signsuisse_test,sockeye,560,fra,fsl,113.627197265625,80.3882827758789,109.24457550048828,86.368896484375
signsuisse_test,sockeye,561,ita,ise,85.45408630371094,72.1137924194336,90.60865020751953,76.50291442871094
signsuisse_test,sockeye,562,ita,ise,72.2408447265625,68.0944595336914,87.36656188964844,79.03277587890625
signsuisse_test,sockeye,563,deu,sgg,115.74986267089844,73.58876037597656,106.24330139160156,87.11807250976562
signsuisse_test,sockeye,564,deu,sgg,89.17827606201172,70.43130493164062,98.91426849365234,85.37339782714844
signsuisse_test,sockeye,565,ita,ise,78.8538818359375,69.56421661376953,84.89152526855469,75.17550659179688
signsuisse_test,sockeye,566,ita,ise,79.9591064453125,70.27287292480469,87.04985046386719,77.26048278808594
signsuisse_test,sockeye,567,ita,ise,83.59671020507812,73.47794342041016,85.40795135498047,80.74273681640625
signsuisse_test,sockeye,568,ita,ise,80.4387435913086,68.95287322998047,94.70933532714844,80.17697143554688
signsuisse_test,sockeye,569,fra,fsl,95.27340698242188,74.12561798095703,104.9867935180664,86.57966613769531
signsuisse_test,sockeye,570,ita,ise,80.60213470458984,71.49356842041016,84.52935028076172,74.52649688720703
signsuisse_test,sockeye,571,fra,fsl,76.94548797607422,78.03321838378906,86.96613311767578,81.41801452636719
signsuisse_test,sockeye,572,ita,ise,98.80421447753906,78.54618835449219,97.66342163085938,84.69528198242188
signsuisse_test,sockeye,573,fra,fsl,90.37028503417969,76.81694793701172,98.24076080322266,81.88944244384766
signsuisse_test,sockeye,574,deu,sgg,101.49871063232422,70.84615325927734,103.85000610351562,80.1413803100586
signsuisse_test,sockeye,575,fra,fsl,89.1622543334961,74.2269287109375,96.20916748046875,82.20713806152344
signsuisse_test,sockeye,576,ita,ise,74.72628021240234,74.88978576660156,80.90924835205078,76.20541381835938
signsuisse_test,sockeye,577,deu,sgg,94.68209838867188,76.0227279663086,96.98422241210938,85.03263854980469
signsuisse_test,sockeye,578,deu,sgg,109.54334259033203,70.72906494140625,101.23406219482422,77.71515655517578
signsuisse_test,sockeye,579,fra,fsl,91.40301513671875,77.79313659667969,96.75059509277344,84.87985229492188
signsuisse_test,sockeye,580,deu,sgg,94.78936004638672,72.93441009521484,99.91845703125,79.71221923828125
signsuisse_test,sockeye,581,ita,ise,78.05204010009766,70.02801513671875,88.8514633178711,78.43118286132812
signsuisse_test,sockeye,582,fra,fsl,112.52838897705078,73.026123046875,108.24285125732422,87.82125091552734
signsuisse_test,sockeye,583,deu,sgg,80.30191802978516,70.01560974121094,90.5442123413086,79.49488067626953
signsuisse_test,sockeye,584,fra,fsl,96.78094482421875,71.54013061523438,99.89720153808594,78.20477294921875
signsuisse_test,sockeye,585,deu,sgg,85.82084655761719,68.1635971069336,87.41285705566406,77.29933166503906
signsuisse_test,sockeye,586,ita,ise,84.94570922851562,71.57897186279297,84.06751251220703,76.80164337158203
signsuisse_test,sockeye,587,deu,sgg,98.2400894165039,75.57864379882812,96.16049194335938,86.71598815917969
signsuisse_test,sockeye,588,deu,sgg,100.47974395751953,67.54781341552734,90.00323486328125,76.3858642578125
signsuisse_test,sockeye,589,deu,sgg,76.6849594116211,69.72586822509766,90.78976440429688,77.19123840332031
signsuisse_test,sockeye,590,deu,sgg,101.43051147460938,70.72415924072266,100.50076293945312,84.025390625
signsuisse_test,sockeye,591,fra,fsl,91.47248840332031,76.97834014892578,94.74891662597656,81.1158218383789
signsuisse_test,sockeye,592,deu,sgg,87.38931274414062,69.9648208618164,84.48628234863281,79.11682891845703
signsuisse_test,sockeye,593,deu,sgg,100.41743469238281,71.93716430664062,99.62907409667969,84.55497741699219
signsuisse_test,sockeye,594,deu,sgg,95.69490051269531,70.84455108642578,102.52212524414062,84.2565689086914
signsuisse_test,sockeye,595,deu,sgg,95.62278747558594,70.0804672241211,94.99632263183594,82.86973571777344
signsuisse_test,sockeye,596,ita,ise,72.47401428222656,74.00402069091797,84.29171752929688,72.73278045654297
signsuisse_test,sockeye,597,deu,sgg,91.68399810791016,65.71896362304688,84.4539566040039,76.88578033447266
signsuisse_test,sockeye,598,deu,sgg,96.65465545654297,70.42877960205078,91.58686065673828,75.77513122558594
signsuisse_test,sockeye,599,deu,sgg,111.75018310546875,69.99444580078125,101.1359634399414,87.08370971679688
signsuisse_test,sockeye,600,ita,ise,73.6456527709961,71.27143859863281,86.01835632324219,80.50190734863281
signsuisse_test,sockeye,601,fra,fsl,98.54515838623047,72.90239715576172,106.49172973632812,82.4478988647461
signsuisse_test,sockeye,602,deu,sgg,94.83296203613281,70.97567749023438,87.04535675048828,76.12699890136719
signsuisse_test,sockeye,603,ita,ise,81.50169372558594,70.1165771484375,88.74085998535156,71.33918762207031
signsuisse_test,sockeye,604,ita,ise,75.90416717529297,71.41517639160156,92.8472671508789,77.72757720947266
signsuisse_test,sockeye,605,fra,fsl,87.23429870605469,75.62740325927734,91.5838623046875,81.23536682128906
signsuisse_test,sockeye,606,deu,sgg,78.86376953125,73.30944061279297,78.60745239257812,75.90089416503906
signsuisse_test,sockeye,607,fra,fsl,76.26163482666016,74.17052459716797,95.21955108642578,85.37236022949219
signsuisse_test,sockeye,608,deu,sgg,101.07246398925781,66.5266342163086,99.28472900390625,84.53530883789062
signsuisse_test,sockeye,609,deu,sgg,89.89431762695312,69.0263442993164,93.01396179199219,77.98049926757812
signsuisse_test,sockeye,610,ita,ise,85.24724578857422,76.02068328857422,89.74275207519531,81.56019592285156
signsuisse_test,sockeye,611,deu,sgg,89.79843139648438,70.59219360351562,89.99114990234375,80.18830871582031
signsuisse_test,sockeye,612,deu,sgg,87.27659606933594,73.39170837402344,94.01750946044922,78.5873031616211
signsuisse_test,sockeye,613,ita,ise,90.1229248046875,76.06255340576172,97.35575103759766,80.3626708984375
signsuisse_test,sockeye,614,deu,sgg,96.86847686767578,68.3014907836914,95.91497802734375,78.98123931884766
signsuisse_test,sockeye,615,fra,fsl,115.02394104003906,76.41783905029297,103.95755004882812,79.97986602783203
signsuisse_test,sockeye,616,deu,sgg,83.45636749267578,69.23078155517578,98.22946166992188,81.98499298095703
signsuisse_test,sockeye,617,fra,fsl,71.6337890625,75.63804626464844,92.67546081542969,82.8328857421875
signsuisse_test,sockeye,618,fra,fsl,81.2577133178711,77.06655883789062,100.35978698730469,88.02464294433594
signsuisse_test,sockeye,619,deu,sgg,99.54728698730469,74.68193817138672,92.69744873046875,80.76729583740234
signsuisse_test,sockeye,620,deu,sgg,105.06546783447266,68.03457641601562,105.2444839477539,88.68789672851562
signsuisse_test,sockeye,621,ita,ise,68.97821807861328,69.924560546875,80.93431091308594,76.2332992553711
signsuisse_test,sockeye,622,ita,ise,85.6824951171875,74.02525329589844,87.68150329589844,79.04623413085938
signsuisse_test,sockeye,623,deu,sgg,106.33517456054688,73.03514862060547,100.27388763427734,78.352294921875
signsuisse_test,sockeye,624,fra,fsl,105.35386657714844,73.0645980834961,105.5048828125,84.36438751220703
signsuisse_test,sockeye,625,ita,ise,89.0290298461914,65.40662384033203,95.95220947265625,78.35602569580078
signsuisse_test,sockeye,626,ita,ise,87.34539794921875,68.29222869873047,82.64043426513672,74.67483520507812
signsuisse_test,sockeye,627,ita,ise,95.70763397216797,74.7981948852539,95.42555236816406,78.19146728515625
signsuisse_test,sockeye,628,ita,ise,78.08380126953125,74.12076568603516,82.07456970214844,75.25827026367188
signsuisse_test,sockeye,629,fra,fsl,115.07120513916016,73.13262176513672,121.16792297363281,89.01394653320312
signsuisse_test,sockeye,630,ita,ise,94.98844146728516,72.54956817626953,84.73646545410156,79.64144134521484
signsuisse_test,sockeye,631,ita,ise,100.05380249023438,73.24330139160156,85.83147430419922,75.21355438232422
signsuisse_test,sockeye,632,ita,ise,82.33540344238281,71.0219497680664,86.045654296875,77.8115463256836
signsuisse_test,sockeye,633,deu,sgg,89.1612548828125,70.67398071289062,93.25757598876953,85.92938232421875
signsuisse_test,sockeye,634,ita,ise,88.39285278320312,73.13348388671875,88.7249984741211,81.92118072509766
signsuisse_test,sockeye,635,deu,sgg,112.81033325195312,73.71041870117188,97.39820098876953,84.2063980102539
signsuisse_test,sockeye,636,fra,fsl,107.6009750366211,84.18595886230469,119.29268646240234,86.27127838134766
signsuisse_test,sockeye,637,fra,fsl,98.88532257080078,82.23015594482422,101.00411987304688,84.09683227539062
signsuisse_test,sockeye,638,deu,sgg,93.98225402832031,68.427734375,96.07770538330078,84.51336669921875
signsuisse_test,sockeye,639,ita,ise,80.40283966064453,75.75206756591797,89.95219421386719,80.03577423095703
signsuisse_test,sockeye,640,deu,sgg,111.70099639892578,75.0118408203125,100.8814468383789,83.59272766113281
signsuisse_test,sockeye,641,deu,sgg,96.24040985107422,74.08733367919922,90.09431457519531,84.31256103515625
signsuisse_test,sockeye,642,fra,fsl,79.42259216308594,74.77352905273438,91.0793228149414,81.25491333007812
signsuisse_test,sockeye,643,deu,sgg,97.99563598632812,75.78794860839844,95.02722930908203,87.75920867919922
signsuisse_test,sockeye,644,fra,fsl,84.28097534179688,76.53247833251953,85.26773834228516,77.04034423828125
signsuisse_test,sockeye,645,deu,sgg,92.25187683105469,70.28948211669922,86.19233703613281,70.95780181884766
signsuisse_test,sockeye,646,fra,fsl,99.98662567138672,81.99990844726562,101.67594146728516,84.74799346923828
signsuisse_test,sockeye,647,ita,ise,90.58171081542969,73.87773895263672,83.43931579589844,75.59049987792969
signsuisse_test,sockeye,648,fra,fsl,91.82051849365234,73.10552978515625,93.92819213867188,86.63260650634766
signsuisse_test,sockeye,649,ita,ise,89.98129272460938,73.74226379394531,93.05389404296875,77.07257080078125
signsuisse_test,sockeye,650,deu,sgg,105.62025451660156,67.97160339355469,97.237060546875,81.7999267578125
signsuisse_test,sockeye,651,ita,ise,89.29389953613281,73.82991790771484,86.42820739746094,73.2298355102539
signsuisse_test,sockeye,652,ita,ise,82.866455078125,78.39242553710938,94.78982543945312,81.8498764038086
signsuisse_test,sockeye,653,fra,fsl,96.92134857177734,73.43492126464844,97.79489135742188,83.94351196289062
signsuisse_test,sockeye,654,fra,fsl,103.856689453125,82.45066833496094,107.84407043457031,84.23347473144531
signsuisse_test,sockeye,655,deu,sgg,110.25118255615234,66.03258514404297,104.54090881347656,85.66876220703125
signsuisse_test,sockeye,656,fra,fsl,74.70601654052734,77.01571655273438,91.8759536743164,82.83466339111328
signsuisse_test,sockeye,657,deu,sgg,98.89881134033203,74.79000854492188,97.53857421875,86.26651763916016
signsuisse_test,sockeye,658,deu,sgg,94.62814331054688,71.77886962890625,96.71161651611328,83.95178985595703
signsuisse_test,sockeye,659,deu,sgg,95.14016723632812,69.57123565673828,93.53270721435547,80.42113494873047
signsuisse_test,sockeye,660,fra,fsl,104.24259948730469,73.99514770507812,103.49474334716797,81.28939819335938
signsuisse_test,sockeye,661,deu,sgg,111.1387939453125,69.974853515625,105.2793197631836,89.02127838134766
signsuisse_test,sockeye,662,deu,sgg,97.06730651855469,75.66460418701172,95.95997619628906,86.77728271484375
signsuisse_test,sockeye,663,fra,fsl,90.6014404296875,75.46851348876953,89.93130493164062,79.97444915771484
signsuisse_test,sockeye,664,deu,sgg,91.1142807006836,69.3829345703125,75.75861358642578,72.5932388305664
signsuisse_test,sockeye,665,fra,fsl,109.73780822753906,74.14279174804688,107.21041107177734,85.5001220703125
signsuisse_test,sockeye,666,deu,sgg,105.85142517089844,72.82056427001953,88.0142822265625,83.45741271972656
signsuisse_test,sockeye,667,deu,sgg,110.17646789550781,72.06537628173828,100.8466567993164,85.75399780273438
signsuisse_test,sockeye,668,deu,sgg,93.62870788574219,71.27484893798828,101.02581787109375,85.749755859375
signsuisse_test,sockeye,669,ita,ise,91.9444808959961,72.72063446044922,86.2586898803711,76.85867309570312
signsuisse_test,sockeye,670,deu,sgg,96.33045959472656,71.53484344482422,97.49911499023438,81.15361022949219
signsuisse_test,sockeye,671,deu,sgg,83.31964874267578,70.44685363769531,88.0378189086914,69.72117614746094
signsuisse_test,sockeye,672,deu,sgg,106.27545928955078,72.4637222290039,94.26923370361328,83.36669158935547
signsuisse_test,sockeye,673,deu,sgg,101.45608520507812,73.48754119873047,100.23439025878906,86.3846206665039
signsuisse_test,sockeye,674,fra,fsl,80.94515228271484,69.15351867675781,87.68441009521484,76.87202453613281
signsuisse_test,sockeye,675,fra,fsl,88.35082244873047,77.37802124023438,99.65220642089844,80.72144317626953
signsuisse_test,sockeye,676,ita,ise,86.34341430664062,69.71952819824219,77.57488250732422,72.15530395507812
signsuisse_test,sockeye,677,fra,fsl,90.80525207519531,75.42884063720703,97.74895477294922,81.43153381347656
signsuisse_test,sockeye,678,deu,sgg,97.78137969970703,69.3414306640625,92.71429443359375,84.01664733886719
signsuisse_test,sockeye,679,deu,sgg,108.15914154052734,69.17588806152344,100.99476623535156,77.8264389038086
signsuisse_test,sockeye,680,deu,sgg,110.18147277832031,73.33570861816406,103.48773193359375,89.6285400390625
signsuisse_test,sockeye,681,deu,sgg,88.60881042480469,67.44286346435547,82.14230346679688,77.84528350830078
signsuisse_test,sockeye,682,ita,ise,67.05164337158203,72.99429321289062,86.35087585449219,80.15089416503906
signsuisse_test,sockeye,683,deu,sgg,109.11492919921875,74.15789794921875,105.30535888671875,82.48500061035156
signsuisse_test,sockeye,684,fra,fsl,84.73637390136719,74.4889144897461,90.30725860595703,78.9784164428711
signsuisse_test,sockeye,685,fra,fsl,91.31463623046875,75.19615936279297,98.36154174804688,77.09247589111328
signsuisse_test,sockeye,686,fra,fsl,112.83049774169922,73.27703094482422,110.18867492675781,84.62322235107422
signsuisse_test,sockeye,687,deu,sgg,88.32193756103516,72.39447784423828,92.01386260986328,81.3662338256836
signsuisse_test,sockeye,688,deu,sgg,88.89083862304688,74.48312377929688,83.67015075683594,79.45745849609375
signsuisse_test,sockeye,689,deu,sgg,107.29729461669922,72.47879791259766,106.58783721923828,86.25359344482422
signsuisse_test,sockeye,690,deu,sgg,93.82592010498047,73.73889923095703,92.3868637084961,82.5775146484375
signsuisse_test,sockeye,691,deu,sgg,81.17090606689453,70.41165161132812,90.62403869628906,76.59537506103516
signsuisse_test,sockeye,692,deu,sgg,97.58003997802734,66.61432647705078,91.26763916015625,76.5411605834961
signsuisse_test,sockeye,693,fra,fsl,97.50611877441406,77.96198272705078,101.50941467285156,86.15099334716797
signsuisse_test,sockeye,694,deu,sgg,86.03466796875,69.24468994140625,95.12085723876953,84.46868896484375
signsuisse_test,sockeye,695,deu,sgg,91.32170867919922,71.87782287597656,93.49227142333984,82.00157165527344
signsuisse_test,sockeye,696,ita,ise,94.472412109375,69.69223022460938,84.04743957519531,73.27323150634766
signsuisse_test,sockeye,697,fra,fsl,84.270751953125,71.39796447753906,92.295654296875,86.5316390991211
signsuisse_test,sockeye,698,fra,fsl,89.03091430664062,75.56769561767578,97.94437408447266,81.46726989746094
signsuisse_test,sockeye,699,deu,sgg,110.03804016113281,72.24662780761719,101.7570571899414,84.00811767578125
signsuisse_test,sockeye,700,deu,sgg,90.71170043945312,66.70769500732422,89.59581756591797,82.24822235107422
signsuisse_test,sockeye,701,fra,fsl,86.45431518554688,75.77439880371094,99.38898468017578,83.77909851074219
signsuisse_test,sockeye,702,deu,sgg,106.19363403320312,71.7923355102539,102.62507629394531,85.06588745117188
signsuisse_test,sockeye,703,ita,ise,92.06895446777344,72.56584167480469,90.10669708251953,77.15853881835938
signsuisse_test,sockeye,704,deu,sgg,98.82597351074219,67.3571548461914,98.93480682373047,79.89996337890625
signsuisse_test,sockeye,705,deu,sgg,106.4912109375,74.42396545410156,98.88103485107422,82.03497314453125
signsuisse_test,sockeye,706,fra,fsl,87.80330657958984,68.85198211669922,91.49552154541016,84.33309936523438
signsuisse_test,sockeye,707,ita,ise,82.2847671508789,74.77299499511719,88.01233673095703,79.24514770507812
signsuisse_test,sockeye,708,ita,ise,88.69437408447266,76.80690002441406,89.85972595214844,77.1944808959961
signsuisse_test,sockeye,709,ita,ise,89.68724060058594,74.6556396484375,95.53157043457031,81.92552185058594
signsuisse_test,sockeye,710,deu,sgg,88.6904296875,67.84358215332031,88.42615509033203,78.17218780517578
signsuisse_test,sockeye,711,ita,ise,89.44820404052734,75.5364761352539,96.0615234375,83.05216217041016
signsuisse_test,sockeye,712,deu,sgg,98.49909973144531,76.334716796875,90.65413665771484,78.89200592041016
signsuisse_test,sockeye,713,fra,fsl,98.304443359375,76.21707916259766,106.41319274902344,81.33718872070312
signsuisse_test,sockeye,714,deu,sgg,102.3785171508789,65.4058837890625,97.50651550292969,84.14252471923828
signsuisse_test,sockeye,715,fra,fsl,95.78759765625,74.6547622680664,100.65776062011719,81.5370864868164
signsuisse_test,sockeye,716,fra,fsl,92.82080078125,69.50040435791016,96.6760025024414,82.11109161376953
signsuisse_test,sockeye,717,deu,sgg,92.16455078125,69.97608184814453,96.17483520507812,83.81111145019531
signsuisse_test,sockeye,718,fra,fsl,100.60885620117188,72.20240783691406,96.87741088867188,86.97999572753906
signsuisse_test,sockeye,719,deu,sgg,95.22624969482422,70.71125030517578,82.65885162353516,74.51844024658203
signsuisse_test,sockeye,720,deu,sgg,101.17567443847656,74.56562805175781,94.28753662109375,76.4305648803711
signsuisse_test,sockeye,721,ita,ise,95.01667022705078,68.91404724121094,86.0203628540039,77.75582885742188
signsuisse_test,sockeye,722,ita,ise,74.19961547851562,71.19215393066406,86.00650024414062,75.82430267333984
signsuisse_test,sockeye,723,fra,fsl,96.04536437988281,78.04159545898438,96.83670043945312,86.765869140625
signsuisse_test,sockeye,724,ita,ise,82.68083953857422,73.15068054199219,90.1205825805664,77.108154296875
signsuisse_test,sockeye,725,fra,fsl,78.71842956542969,70.69500732421875,87.38433837890625,78.3967056274414
signsuisse_test,sockeye,726,fra,fsl,88.26992797851562,81.00485229492188,100.47801208496094,84.56493377685547
signsuisse_test,sockeye,727,ita,ise,78.44131469726562,71.55586242675781,83.9075698852539,74.751953125
signsuisse_test,sockeye,728,deu,sgg,95.775390625,73.6877212524414,96.06427001953125,84.61178588867188
signsuisse_test,sockeye,729,ita,ise,87.50881958007812,73.74972534179688,84.35066223144531,74.52738189697266
signsuisse_test,sockeye,730,fra,fsl,76.55966186523438,73.51170349121094,88.55351257324219,81.79237365722656
signsuisse_test,sockeye,731,deu,sgg,91.7481460571289,72.7769546508789,97.27877807617188,85.94694519042969
signsuisse_test,sockeye,732,deu,sgg,93.03797912597656,71.72078704833984,101.46678924560547,87.16387176513672
signsuisse_test,sockeye,733,deu,sgg,107.75676727294922,77.04141998291016,102.66481018066406,86.36851501464844
signsuisse_test,sockeye,734,fra,fsl,104.10342407226562,72.97710418701172,98.45364379882812,78.72047424316406
signsuisse_test,sockeye,735,fra,fsl,90.11104583740234,71.88566589355469,93.73806762695312,86.02405548095703
signsuisse_test,sockeye,736,deu,sgg,106.38139343261719,67.22128295898438,101.84007263183594,81.3606185913086
signsuisse_test,sockeye,737,deu,sgg,97.52113342285156,71.14732360839844,100.0488510131836,80.8105239868164
signsuisse_test,sockeye,738,fra,fsl,99.92910766601562,76.13768005371094,109.63670349121094,82.82829284667969
signsuisse_test,sockeye,739,deu,sgg,110.4154052734375,72.26000213623047,103.8695297241211,87.39137268066406
signsuisse_test,sockeye,740,fra,fsl,99.51561737060547,73.71661376953125,93.56849670410156,69.95874786376953
signsuisse_test,sockeye,741,deu,sgg,87.47344970703125,66.78938293457031,91.99702453613281,80.08995056152344
signsuisse_test,sockeye,742,deu,sgg,88.9864730834961,75.92871856689453,91.31456756591797,79.41650390625
signsuisse_test,sockeye,743,ita,ise,82.26586151123047,73.19197845458984,91.60279846191406,78.38087463378906
signsuisse_test,sockeye,744,deu,sgg,114.95610046386719,72.91478729248047,105.0251235961914,82.04273223876953
signsuisse_test,sockeye,745,fra,fsl,97.47644805908203,78.53665924072266,102.02727508544922,83.8797378540039
signsuisse_test,sockeye,746,deu,sgg,113.55603790283203,71.772705078125,97.25948333740234,82.49369812011719
signsuisse_test,sockeye,747,deu,sgg,101.69158935546875,72.30455017089844,98.64844512939453,84.54449462890625
signsuisse_test,sockeye,748,deu,sgg,100.76585388183594,72.33171081542969,97.69843292236328,88.8712158203125
signsuisse_test,sockeye,749,deu,sgg,102.02239227294922,72.55033874511719,95.49134063720703,84.01013946533203
signsuisse_test,sockeye,750,deu,sgg,103.1728515625,66.34159851074219,94.78998565673828,82.05287170410156
signsuisse_test,sockeye,751,ita,ise,92.11050415039062,71.07291412353516,84.32058715820312,77.45254516601562
signsuisse_test,sockeye,752,deu,sgg,104.4600830078125,71.15059661865234,100.73213958740234,84.57754516601562
signsuisse_test,sockeye,753,ita,ise,91.5920639038086,70.71549987792969,92.2063217163086,79.97166442871094
signsuisse_test,sockeye,754,ita,ise,98.53028869628906,74.28170776367188,88.91863250732422,78.5536880493164
signsuisse_test,sockeye,755,fra,fsl,84.40216827392578,79.00201416015625,100.53152465820312,84.25790405273438
signsuisse_test,sockeye,756,ita,ise,75.00115966796875,68.90875244140625,87.10008239746094,73.68994903564453
signsuisse_test,sockeye,757,deu,sgg,95.50830841064453,70.75481414794922,93.81661987304688,69.48128509521484
signsuisse_test,sockeye,758,fra,fsl,90.7000732421875,76.00093078613281,98.78060913085938,83.99407958984375
signsuisse_test,sockeye,759,deu,sgg,98.85138702392578,69.2292709350586,99.919921875,86.30426025390625
signsuisse_test,sockeye,760,deu,sgg,103.31031036376953,75.96472930908203,96.52989959716797,85.39583587646484
signsuisse_test,sockeye,761,fra,fsl,93.1646499633789,75.35626220703125,92.70906829833984,83.1565170288086
signsuisse_test,sockeye,762,deu,sgg,98.12551879882812,68.17286682128906,91.16973114013672,79.00932312011719
signsuisse_test,sockeye,763,deu,sgg,108.96984100341797,72.13221740722656,100.85812377929688,81.59789276123047
signsuisse_test,sockeye,764,deu,sgg,116.8285903930664,70.58840942382812,95.86878967285156,78.55665588378906
signsuisse_test,sockeye,765,deu,sgg,93.91229248046875,72.7667236328125,85.7968978881836,80.82914733886719
signsuisse_test,sockeye,766,deu,sgg,105.9504623413086,69.8442153930664,91.84738159179688,75.59713745117188
signsuisse_test,sockeye,767,fra,fsl,97.63636016845703,74.20759582519531,105.97921752929688,84.098388671875
signsuisse_test,sockeye,768,fra,fsl,105.13508605957031,78.11736297607422,109.56796264648438,84.50090026855469
signsuisse_test,sockeye,769,deu,sgg,90.41651916503906,73.51191711425781,86.14154052734375,73.26358795166016
signsuisse_test,sockeye,770,deu,sgg,95.15620422363281,71.15282440185547,86.7040023803711,76.68049621582031
signsuisse_test,sockeye,771,deu,sgg,100.85086059570312,70.60823822021484,93.8233413696289,80.89997100830078
signsuisse_test,sockeye,772,ita,ise,71.55713653564453,63.610443115234375,78.80320739746094,76.80304718017578
signsuisse_test,sockeye,773,deu,sgg,97.93866729736328,69.6845474243164,97.28666687011719,84.05441284179688
signsuisse_test,sockeye,774,deu,sgg,98.53483581542969,69.31354522705078,88.58010864257812,80.63792419433594
signsuisse_test,sockeye,775,fra,fsl,95.88438415527344,70.71719360351562,104.94603729248047,84.93661499023438
signsuisse_test,sockeye,776,fra,fsl,99.85952758789062,79.78068542480469,102.93342590332031,82.84281158447266
signsuisse_test,sockeye,777,ita,ise,89.84391021728516,75.18108367919922,86.75801849365234,78.30256652832031
signsuisse_test,sockeye,778,ita,ise,93.31227111816406,74.2099380493164,94.4091567993164,79.9131851196289
signsuisse_test,sockeye,779,deu,sgg,115.62297058105469,74.3181381225586,103.4490966796875,83.63133239746094
signsuisse_test,sockeye,780,ita,ise,83.8050537109375,76.1316146850586,86.32608032226562,77.9602279663086
signsuisse_test,sockeye,781,deu,sgg,103.83758544921875,70.43155670166016,96.926513671875,82.19332885742188
signsuisse_test,sockeye,782,fra,fsl,95.24726867675781,70.9681167602539,92.59211730957031,85.19898986816406
signsuisse_test,sockeye,783,ita,ise,89.92610931396484,67.8341064453125,99.0320816040039,81.40666198730469
signsuisse_test,sockeye,784,fra,fsl,98.05032348632812,74.87744140625,101.020751953125,85.8944320678711
signsuisse_test,sockeye,785,fra,fsl,96.00167846679688,72.56246185302734,96.45614624023438,83.41015625
signsuisse_test,sockeye,786,deu,sgg,97.60748291015625,69.5052719116211,95.25633239746094,80.82170104980469
signsuisse_test,sockeye,787,deu,sgg,96.73768615722656,67.88787078857422,102.68875885009766,84.44761657714844
signsuisse_test,sockeye,788,fra,fsl,95.22614288330078,70.58111572265625,97.26641845703125,80.32280731201172
signsuisse_test,sockeye,789,deu,sgg,113.22185516357422,67.23546600341797,106.42596435546875,86.49188232421875
signsuisse_test,sockeye,790,fra,fsl,90.33843231201172,76.1338882446289,97.4151840209961,82.66710662841797
signsuisse_test,sockeye,791,fra,fsl,97.18793487548828,76.156982421875,85.7271957397461,74.09247589111328
signsuisse_test,sockeye,792,deu,sgg,103.70121765136719,67.66535949707031,97.00952911376953,84.95421600341797
signsuisse_test,sockeye,793,fra,fsl,84.4293441772461,78.0250473022461,91.80357360839844,81.42696380615234
signsuisse_test,sockeye,794,deu,sgg,81.30635070800781,70.20545959472656,89.625,77.35577392578125
signsuisse_test,sockeye,795,ita,ise,80.51982116699219,79.30831909179688,88.50057983398438,79.44166564941406
signsuisse_test,sockeye,796,deu,sgg,104.94294738769531,71.37537384033203,93.57282257080078,81.44599914550781
signsuisse_test,sockeye,797,deu,sgg,116.03599548339844,68.6374740600586,102.6446762084961,83.06072998046875
signsuisse_test,sockeye,798,deu,sgg,75.81594848632812,67.46761322021484,85.62454223632812,80.25393676757812
signsuisse_test,sockeye,799,ita,ise,83.66755676269531,71.84345245361328,84.83241271972656,70.96844482421875
signsuisse_test,sockeye,800,deu,sgg,109.89372253417969,72.8570556640625,94.31597900390625,82.53120422363281
signsuisse_test,sockeye,801,deu,sgg,85.92646026611328,68.712646484375,89.84099578857422,75.48114776611328
signsuisse_test,sockeye,802,deu,sgg,101.7994155883789,70.31427001953125,100.23014068603516,87.0644760131836
signsuisse_test,sockeye,803,deu,sgg,104.40534973144531,75.52472686767578,108.24819946289062,88.65850067138672
signsuisse_test,sockeye,804,ita,ise,86.61607360839844,70.73518371582031,81.6537857055664,72.53507232666016
signsuisse_test,sockeye,805,deu,sgg,94.34742736816406,69.99566650390625,90.61680603027344,81.26847076416016
signsuisse_test,sockeye,806,deu,sgg,93.80412292480469,75.09652709960938,93.10531616210938,80.23548889160156
signsuisse_test,sockeye,807,deu,sgg,94.47320556640625,68.83131408691406,91.63084411621094,78.44037628173828
signsuisse_test,sockeye,808,ita,ise,93.32563018798828,71.25438690185547,83.28410339355469,74.875732421875
signsuisse_test,sockeye,809,deu,sgg,93.09178924560547,66.73326873779297,94.36682891845703,83.09612274169922
signsuisse_test,sockeye,810,deu,sgg,90.4968490600586,67.13243865966797,88.16426849365234,81.2784194946289
signsuisse_test,sockeye,811,fra,fsl,86.41078186035156,79.11212158203125,100.11820220947266,81.16222381591797
signsuisse_test,sockeye,812,deu,sgg,82.64044189453125,66.82904052734375,82.8938980102539,74.731689453125
signsuisse_test,sockeye,813,ita,ise,87.50196075439453,70.5829849243164,86.56138610839844,78.64684295654297
signsuisse_test,sockeye,814,ita,ise,79.72631072998047,75.42330932617188,78.02127075195312,75.38792419433594
signsuisse_test,sockeye,815,deu,sgg,98.60537719726562,74.92231750488281,97.3836898803711,78.26829528808594
signsuisse_test,sockeye,816,deu,sgg,93.0511703491211,64.16810607910156,97.33490753173828,81.54175567626953
signsuisse_test,sockeye,817,fra,fsl,83.36622619628906,68.57572937011719,95.51810455322266,81.91604614257812
signsuisse_test,sockeye,818,fra,fsl,89.87117767333984,75.21878051757812,90.51146697998047,81.4775390625
signsuisse_test,sockeye,819,ita,ise,84.37446594238281,71.74372863769531,77.55061340332031,75.0952377319336
signsuisse_test,sockeye,820,fra,fsl,82.25196838378906,70.71853637695312,95.1885986328125,80.24613952636719
signsuisse_test,sockeye,821,deu,sgg,103.48039245605469,72.31640625,99.6469955444336,79.20403289794922
signsuisse_test,sockeye,822,deu,sgg,113.33399963378906,76.32125091552734,99.46096801757812,84.89508056640625
signsuisse_test,sockeye,823,deu,sgg,77.33949279785156,70.0569839477539,90.19474029541016,87.03021240234375
signsuisse_test,sockeye,824,ita,ise,85.4807357788086,77.263671875,92.39312744140625,82.29175567626953
signsuisse_test,sockeye,825,fra,fsl,103.53219604492188,74.989501953125,104.12698364257812,83.10787963867188
signsuisse_test,sockeye,826,ita,ise,92.3664321899414,74.14653015136719,90.45101165771484,77.37503051757812
signsuisse_test,sockeye,827,ita,ise,84.33015441894531,74.60917663574219,89.79899597167969,77.25454711914062
signsuisse_test,sockeye,828,deu,sgg,86.71666717529297,67.32595825195312,77.97095489501953,75.70726013183594
signsuisse_test,sockeye,829,fra,fsl,93.66312408447266,75.16621398925781,91.51805877685547,82.96219635009766
signsuisse_test,sockeye,830,deu,sgg,86.79411315917969,67.3407974243164,90.85212707519531,79.2725830078125
signsuisse_test,sockeye,831,fra,fsl,77.50739288330078,77.00443267822266,85.09347534179688,86.63299560546875
signsuisse_test,sockeye,832,fra,fsl,81.12210845947266,74.17591857910156,93.6977767944336,80.99446105957031
signsuisse_test,sockeye,833,ita,ise,95.19595336914062,70.31881713867188,93.84037780761719,76.35734558105469
signsuisse_test,sockeye,834,fra,fsl,86.27017211914062,71.98867797851562,90.60472869873047,83.1781234741211
signsuisse_test,sockeye,835,ita,ise,101.19036102294922,77.60917663574219,96.19407653808594,82.24639892578125
signsuisse_test,sockeye,836,ita,ise,87.70480346679688,75.26534271240234,75.79547882080078,73.67703247070312
signsuisse_test,sockeye,837,deu,sgg,96.79585266113281,71.81156921386719,92.17494201660156,83.36541748046875
signsuisse_test,sockeye,838,fra,fsl,112.27700805664062,79.85831451416016,121.26431274414062,88.59098815917969
signsuisse_test,sockeye,839,deu,sgg,101.50416564941406,66.97945404052734,99.35270690917969,80.02951049804688
signsuisse_test,sockeye,840,fra,fsl,85.14563751220703,75.16563415527344,99.5807876586914,84.53477478027344
signsuisse_test,sockeye,841,deu,sgg,99.70709228515625,76.24472045898438,95.53927612304688,83.72917175292969
signsuisse_test,sockeye,842,deu,sgg,89.93898010253906,74.20134735107422,90.90562438964844,80.68836975097656
signsuisse_test,sockeye,843,deu,sgg,97.72752380371094,72.30180358886719,99.66764068603516,81.51336669921875
signsuisse_test,sockeye,844,fra,fsl,94.20840454101562,71.7199935913086,90.65374755859375,87.14986419677734
signsuisse_test,sockeye,845,fra,fsl,93.57948303222656,65.56344604492188,87.37162017822266,75.04434204101562
signsuisse_test,sockeye,846,fra,fsl,112.58357238769531,78.17383575439453,114.91226196289062,88.04084777832031
signsuisse_test,sockeye,847,fra,fsl,97.71279907226562,72.28992462158203,106.25972747802734,86.27146911621094
signsuisse_test,sockeye,848,fra,fsl,80.29119110107422,77.62512969970703,89.32220458984375,79.50116729736328
signsuisse_test,sockeye,849,fra,fsl,97.5705337524414,72.08536529541016,102.49838256835938,79.16427612304688
signsuisse_test,sockeye,850,deu,sgg,109.41739654541016,74.22195434570312,99.00430297851562,77.7352066040039
signsuisse_test,sockeye,851,fra,fsl,100.04350280761719,73.49568939208984,111.08161926269531,90.12470245361328
signsuisse_test,sockeye,852,deu,sgg,90.81226348876953,69.3245620727539,89.28562927246094,74.22868347167969
signsuisse_test,sockeye,853,ita,ise,103.0474624633789,73.6842041015625,89.01189422607422,79.477783203125
signsuisse_test,sockeye,854,deu,sgg,102.4887924194336,71.87156677246094,101.34832000732422,85.99215698242188
signsuisse_test,sockeye,855,ita,ise,86.76925659179688,72.8164291381836,92.52169036865234,80.03990936279297
signsuisse_test,sockeye,856,deu,sgg,103.58708953857422,66.24797058105469,92.63025665283203,82.85765075683594
signsuisse_test,sockeye,857,deu,sgg,96.37215423583984,73.6594009399414,91.03602600097656,83.17066955566406
signsuisse_test,sockeye,858,ita,ise,89.17202758789062,73.31291961669922,95.52439880371094,80.20922088623047
signsuisse_test,sockeye,859,fra,fsl,90.04389953613281,73.8012924194336,90.97071075439453,83.74018859863281
signsuisse_test,sockeye,860,deu,sgg,99.94047546386719,69.71985626220703,99.48045349121094,78.19361877441406
signsuisse_test,sockeye,861,ita,ise,89.03561401367188,74.31241607666016,86.37016296386719,77.04117584228516
signsuisse_test,sockeye,862,deu,sgg,87.94042205810547,70.91260528564453,95.41893005371094,81.37274169921875
signsuisse_test,sockeye,863,deu,sgg,98.01329040527344,69.84637451171875,98.12747955322266,82.48605346679688
signsuisse_test,sockeye,864,ita,ise,90.13722229003906,75.58406066894531,88.44518280029297,76.14330291748047
signsuisse_test,sockeye,865,deu,sgg,110.85476684570312,77.67070770263672,102.21629333496094,87.64035034179688
signsuisse_test,sockeye,866,ita,ise,83.96076965332031,72.76519012451172,86.35079193115234,76.51399993896484
signsuisse_test,sockeye,867,deu,sgg,109.63788604736328,77.91533660888672,101.521240234375,83.48773193359375
signsuisse_test,sockeye,868,fra,fsl,90.48301696777344,73.19425201416016,95.24606323242188,85.74563598632812
signsuisse_test,sockeye,869,deu,sgg,106.37410736083984,72.75385284423828,93.93118286132812,82.34381103515625
signsuisse_test,sockeye,870,deu,sgg,94.30120849609375,67.34420013427734,99.096435546875,80.703369140625
signsuisse_test,sockeye,871,ita,ise,85.05037689208984,75.4258041381836,92.96331787109375,79.54766082763672
signsuisse_test,sockeye,872,fra,fsl,87.2918701171875,73.06635284423828,100.54471588134766,82.72600555419922
signsuisse_test,sockeye,873,fra,fsl,97.40608215332031,72.48252868652344,94.96500396728516,84.8370361328125
signsuisse_test,sockeye,874,deu,sgg,88.15079498291016,65.43453216552734,86.69111633300781,72.76205444335938
signsuisse_test,sockeye,875,deu,sgg,93.03414916992188,70.30818176269531,96.2409439086914,84.06533813476562
signsuisse_test,sockeye,876,ita,ise,89.28776550292969,70.22455596923828,86.94119262695312,77.37307739257812
signsuisse_test,sockeye,877,fra,fsl,102.90851593017578,78.74363708496094,101.77845764160156,85.47109985351562
signsuisse_test,sockeye,878,deu,sgg,93.08505249023438,64.91522979736328,94.10475158691406,83.0613021850586
signsuisse_test,sockeye,879,deu,sgg,107.48744201660156,72.75091552734375,104.21459197998047,82.55738067626953
signsuisse_test,sockeye,880,fra,fsl,94.3616943359375,68.787841796875,96.79573822021484,82.99726867675781
signsuisse_test,sockeye,881,deu,sgg,113.98503875732422,72.98221588134766,103.03752136230469,82.52864837646484
signsuisse_test,sockeye,882,fra,fsl,104.06095886230469,71.87775421142578,104.58697509765625,83.63634490966797
signsuisse_test,sockeye,883,ita,ise,80.309814453125,75.3958969116211,84.07384490966797,67.9636459350586
signsuisse_test,sockeye,884,ita,ise,74.53543090820312,66.68455505371094,82.63693237304688,77.73519897460938
signsuisse_test,sockeye,885,ita,ise,73.93736267089844,69.86541748046875,84.17398071289062,73.38180541992188
signsuisse_test,sockeye,886,deu,sgg,94.02474975585938,73.4972915649414,98.69420623779297,84.8545913696289
signsuisse_test,sockeye,887,deu,sgg,91.62342071533203,76.54546356201172,96.4266357421875,85.66790771484375
signsuisse_test,sockeye,888,fra,fsl,80.73639678955078,75.07550811767578,95.94416046142578,84.37806701660156
signsuisse_test,sockeye,889,deu,sgg,103.79015350341797,67.89168548583984,95.94731903076172,81.6517105102539
signsuisse_test,sockeye,890,deu,sgg,99.79287719726562,70.12117004394531,99.26173400878906,83.9889144897461
signsuisse_test,sockeye,891,deu,sgg,104.98033905029297,73.0624008178711,98.32234954833984,85.81339263916016
signsuisse_test,sockeye,892,ita,ise,105.23558044433594,70.61353302001953,89.95732879638672,77.02466583251953
signsuisse_test,sockeye,893,deu,sgg,106.43119812011719,74.85819244384766,95.0155029296875,84.65586853027344
signsuisse_test,sockeye,894,fra,fsl,117.12591552734375,81.45597076416016,111.10272216796875,84.11560821533203
signsuisse_test,sockeye,895,fra,fsl,91.79855346679688,69.92253875732422,95.29761505126953,83.89763641357422
signsuisse_test,sockeye,896,deu,sgg,104.72382354736328,73.95114135742188,102.58751678466797,84.39688873291016
signsuisse_test,sockeye,897,deu,sgg,97.64777374267578,69.85028076171875,98.45276641845703,86.18228149414062
signsuisse_test,sockeye,898,deu,sgg,93.74952697753906,69.43810272216797,87.23347473144531,83.78059387207031
signsuisse_test,sockeye,899,ita,ise,81.95789337158203,69.65181732177734,72.33279418945312,69.40864562988281
signsuisse_test,sockeye,900,deu,sgg,95.56878662109375,75.72579956054688,94.48129272460938,84.28189849853516
signsuisse_test,sockeye,901,deu,sgg,82.56189727783203,64.28596496582031,87.89740753173828,78.24723052978516
signsuisse_test,sockeye,902,deu,sgg,105.91624450683594,74.1483383178711,94.82164001464844,80.52748107910156
signsuisse_test,sockeye,903,deu,sgg,95.94466400146484,74.84601593017578,94.40857696533203,84.40526580810547
signsuisse_test,sockeye,904,ita,ise,96.37644958496094,67.50679016113281,92.37350463867188,76.53834533691406
signsuisse_test,sockeye,905,ita,ise,83.91098022460938,67.28604125976562,92.5452880859375,73.73065948486328
signsuisse_test,sockeye,906,deu,sgg,97.78870391845703,71.82756042480469,97.89732360839844,87.81253814697266
signsuisse_test,sockeye,907,deu,sgg,115.09126281738281,73.33626556396484,101.32068634033203,84.44700622558594
signsuisse_test,sockeye,908,deu,sgg,95.4074478149414,75.51126098632812,97.09125518798828,83.69512939453125
signsuisse_test,sockeye,909,fra,fsl,99.93473815917969,82.23169708251953,103.7740249633789,84.29663848876953
signsuisse_test,sockeye,910,ita,ise,99.13687133789062,71.6109390258789,85.17900848388672,77.54431915283203
signsuisse_test,sockeye,911,deu,sgg,97.26940155029297,72.28916931152344,99.59052276611328,85.83829498291016
signsuisse_test,sockeye,912,ita,ise,80.43207550048828,68.57215881347656,89.30584716796875,69.4561538696289
signsuisse_test,sockeye,913,ita,ise,97.91785430908203,69.6824722290039,82.10391998291016,75.89468383789062
signsuisse_test,sockeye,914,deu,sgg,86.3258285522461,75.99771118164062,86.60292053222656,82.42325592041016
signsuisse_test,sockeye,915,deu,sgg,87.693603515625,71.46270751953125,90.96110534667969,75.6298599243164
signsuisse_test,sockeye,916,deu,sgg,94.69908142089844,62.111473083496094,96.9059066772461,78.24629211425781
signsuisse_test,sockeye,917,deu,sgg,96.31344604492188,73.24073791503906,94.83390808105469,77.8156967163086
signsuisse_test,sockeye,918,deu,sgg,98.22638702392578,70.36482238769531,92.94017028808594,81.3088607788086
signsuisse_test,sockeye,919,fra,fsl,109.37672424316406,70.25410461425781,102.38700866699219,86.13023376464844
signsuisse_test,sockeye,920,ita,ise,81.52732849121094,73.88227081298828,84.0883560180664,72.70267486572266
signsuisse_test,sockeye,921,deu,sgg,93.77474975585938,62.23821258544922,78.99050903320312,71.93486022949219
signsuisse_test,sockeye,922,deu,sgg,99.99006652832031,76.17426300048828,98.64620208740234,87.75077819824219
signsuisse_test,sockeye,923,deu,sgg,98.89102172851562,69.98499298095703,97.79197692871094,78.36054992675781
signsuisse_test,sockeye,924,fra,fsl,99.96832275390625,78.13504791259766,101.12470245361328,84.09034729003906
signsuisse_test,sockeye,925,fra,fsl,110.65463256835938,75.65142059326172,100.7394790649414,85.24503326416016
signsuisse_test,sockeye,926,ita,ise,99.70743560791016,74.69911193847656,84.41861724853516,79.05886840820312
signsuisse_test,sockeye,927,fra,fsl,84.86287689208984,69.82579803466797,91.48324584960938,83.13447570800781
signsuisse_test,sockeye,928,fra,fsl,100.47882843017578,78.09009552001953,101.37641143798828,84.15939331054688
signsuisse_test,sockeye,929,ita,ise,85.57662963867188,78.13021850585938,98.76681518554688,81.84990692138672
signsuisse_test,sockeye,930,fra,fsl,105.032958984375,76.04019927978516,104.03614807128906,80.08920288085938
signsuisse_test,sockeye,931,deu,sgg,94.69489288330078,74.0154800415039,88.30390930175781,76.89778137207031
signsuisse_test,sockeye,932,ita,ise,90.75444030761719,70.46833038330078,93.44584655761719,83.33657836914062
signsuisse_test,sockeye,933,fra,fsl,87.71234130859375,68.81185913085938,100.49431610107422,84.04600524902344
signsuisse_test,sockeye,934,ita,ise,80.19738006591797,72.1385498046875,91.72388458251953,80.20657348632812
signsuisse_test,sockeye,935,fra,fsl,93.38203430175781,81.18488311767578,107.34807586669922,85.03976440429688
signsuisse_test,sockeye,936,deu,sgg,96.2929458618164,68.21908569335938,87.14266204833984,76.70198822021484
signsuisse_test,sockeye,937,deu,sgg,95.96526336669922,66.20294952392578,89.6012954711914,78.35185241699219
signsuisse_test,sockeye,938,ita,ise,87.82718658447266,72.43058013916016,84.37040710449219,78.36302185058594
signsuisse_test,sockeye,939,ita,ise,98.26627349853516,77.34101104736328,92.88143157958984,80.71499633789062
signsuisse_test,sockeye,940,deu,sgg,104.43238830566406,71.48049926757812,101.38887023925781,87.11138153076172
signsuisse_test,sockeye,941,fra,fsl,96.52815246582031,72.79485321044922,103.55464935302734,87.31483459472656
signsuisse_test,sockeye,942,deu,sgg,93.99057006835938,70.68517303466797,95.57376861572266,79.66191864013672
signsuisse_test,sockeye,943,deu,sgg,102.9366226196289,70.28408813476562,99.1174545288086,84.56990814208984
signsuisse_test,sockeye,944,fra,fsl,98.74516296386719,80.51908111572266,103.1177978515625,85.23189544677734
signsuisse_test,sockeye,945,fra,fsl,102.0853271484375,73.42400360107422,110.13993835449219,85.7193603515625
signsuisse_test,sockeye,946,deu,sgg,100.74008178710938,73.26676940917969,96.16378784179688,85.99957275390625
signsuisse_test,sockeye,947,deu,sgg,95.12339782714844,72.40338897705078,94.65973663330078,83.23282623291016
signsuisse_test,sockeye,948,ita,ise,82.57955932617188,72.59678649902344,81.1594009399414,76.1059341430664
signsuisse_test,sockeye,949,deu,sgg,86.12052154541016,71.84001159667969,88.1286392211914,78.61370849609375
signsuisse_test,sockeye,950,ita,ise,81.0450439453125,72.12696838378906,87.32503509521484,74.87015533447266
signsuisse_test,sockeye,951,deu,sgg,100.469970703125,70.5462646484375,85.89395904541016,77.4026870727539
signsuisse_test,sockeye,952,ita,ise,87.75386047363281,75.30216217041016,83.55206298828125,76.42436981201172
signsuisse_test,sockeye,953,deu,sgg,96.31668853759766,72.65062713623047,94.7359619140625,79.63037109375
signsuisse_test,sockeye,954,ita,ise,84.39178466796875,73.23519134521484,85.37403106689453,77.36876678466797
signsuisse_test,sockeye,955,deu,sgg,95.19618225097656,73.09681701660156,97.47247314453125,84.06815338134766
signsuisse_test,sockeye,956,deu,sgg,88.34425354003906,73.29507446289062,92.50263214111328,79.02161407470703
signsuisse_test,sockeye,957,deu,sgg,94.8588638305664,73.42337036132812,100.45298767089844,87.47990417480469
signsuisse_test,sockeye,958,deu,sgg,106.61094665527344,71.95523071289062,99.87073516845703,78.90257263183594
signsuisse_test,sockeye,959,deu,sgg,104.93900299072266,71.05751037597656,101.57225036621094,85.49345397949219
signsuisse_test,sockeye,960,deu,sgg,94.37193298339844,70.59062194824219,98.55848693847656,82.72401428222656
signsuisse_test,sockeye,961,ita,ise,100.95175170898438,76.5464859008789,85.48779296875,80.73778533935547
signsuisse_test,sockeye,962,deu,sgg,91.91520690917969,71.1168441772461,100.8817138671875,88.26891326904297
signsuisse_test,sockeye,963,deu,sgg,98.01825714111328,74.12577819824219,90.11153411865234,83.44255065917969
signsuisse_test,sockeye,964,deu,sgg,96.77406311035156,71.58065795898438,89.90442657470703,79.95586395263672
signsuisse_test,sockeye,965,fra,fsl,102.71484375,77.82935333251953,114.93580627441406,86.48567199707031
signsuisse_test,sockeye,966,fra,fsl,89.26725769042969,73.45362854003906,89.24158477783203,78.97103881835938
signsuisse_test,sockeye,967,fra,fsl,83.1290283203125,71.8188705444336,77.44706726074219,80.34124755859375
signsuisse_test,sockeye,968,ita,ise,80.92408752441406,75.31995391845703,90.00042724609375,78.13581085205078
signsuisse_test,sockeye,969,deu,sgg,106.27959442138672,73.31450653076172,99.17769622802734,86.7367935180664
signsuisse_test,sockeye,970,fra,fsl,82.42735290527344,71.72821044921875,90.85130310058594,85.93391418457031
signsuisse_test,sockeye,971,deu,sgg,105.17347717285156,71.47352600097656,99.22693634033203,83.78569793701172
signsuisse_test,sockeye,972,ita,ise,82.09060668945312,72.93277740478516,85.70460510253906,79.83055877685547
signsuisse_test,sockeye,973,ita,ise,97.20207214355469,72.53202056884766,87.45531463623047,71.6139144897461
signsuisse_test,sockeye,974,deu,sgg,98.325927734375,72.0624771118164,91.02546691894531,83.50629425048828
signsuisse_test,sockeye,975,ita,ise,86.34551239013672,70.10978698730469,91.42547607421875,80.57303619384766
signsuisse_test,sockeye,976,deu,sgg,90.54486846923828,72.6052474975586,89.47796630859375,80.81907653808594
signsuisse_test,sockeye,977,deu,sgg,79.65824127197266,73.11206817626953,94.95479583740234,81.90121459960938
signsuisse_test,sockeye,978,deu,sgg,88.99110412597656,68.72071075439453,93.7077407836914,78.88777160644531
signsuisse_test,sockeye,979,deu,sgg,95.96673583984375,70.36421203613281,97.08787536621094,85.3479232788086
signsuisse_test,sockeye,980,deu,sgg,100.5178451538086,73.15992736816406,89.35210418701172,78.0619888305664
signsuisse_test,sockeye,981,deu,sgg,95.09410095214844,70.30506896972656,98.17703247070312,88.18771362304688
signsuisse_test,sockeye,982,deu,sgg,92.1319580078125,74.97843170166016,98.88746643066406,85.93126678466797
signsuisse_test,sockeye,983,ita,ise,92.31451416015625,74.15714263916016,86.95690155029297,78.01443481445312
signsuisse_test,sockeye,984,fra,fsl,99.83141326904297,70.3320541381836,97.52244567871094,80.4378433227539
signsuisse_test,sockeye,985,deu,sgg,102.33980560302734,72.23209381103516,101.78211975097656,84.79691314697266
signsuisse_test,sockeye,986,deu,sgg,99.90586853027344,71.4607925415039,88.52594757080078,78.72920989990234
signsuisse_test,sockeye,987,deu,sgg,101.74100494384766,70.13478088378906,96.28754425048828,80.81139373779297
signsuisse_test,sockeye,988,ita,ise,89.5578384399414,71.9674301147461,91.96238708496094,78.32439422607422
signsuisse_test,sockeye,989,ita,ise,93.27376556396484,72.16007232666016,94.71546173095703,80.75362396240234
signsuisse_test,sockeye,990,deu,sgg,98.10108947753906,67.64823150634766,97.29470825195312,85.59075927734375
signsuisse_test,sockeye,991,deu,sgg,113.86631774902344,68.13534545898438,104.25828552246094,82.96522521972656
signsuisse_test,sockeye,992,fra,fsl,80.8454818725586,70.2929916381836,88.79515075683594,73.71018981933594
signsuisse_test,sockeye,993,fra,fsl,97.244384765625,73.73373413085938,98.81504821777344,81.45331573486328
signsuisse_test,sockeye,994,fra,fsl,88.3385238647461,77.26319885253906,101.43214416503906,84.56951904296875
signsuisse_test,sockeye,995,ita,ise,77.41576385498047,74.44119262695312,79.86305236816406,77.5176010131836
signsuisse_test,sockeye,996,fra,fsl,100.10948944091797,71.45738220214844,98.6990966796875,82.90576934814453
signsuisse_test,sockeye,997,fra,fsl,78.02986907958984,68.41197967529297,90.4583969116211,79.73202514648438
signsuisse_test,sockeye,998,ita,ise,74.62215423583984,77.45146179199219,84.05497741699219,79.20491027832031
signsuisse_test,sockeye,999,fra,fsl,102.65805053710938,74.96578216552734,100.69263458251953,82.91889953613281
