data,system,example_id,startendtrimmed_normalizedbyshoulders_hands_defaultdist0.0_nointerp_dtw_fillmasked0.0_dtaiDTWAggregatedDistanceMetricFast,startendtrimmed_unnormalized_hands_defaultdist0.0_nointerp_dtw_fillmasked10.0_dtaiDTWAggregatedDistanceMetricFast,untrimmed_normalizedbyshoulders_hands_defaultdist1.0_nointerp_dtw_fillmasked0.0_dtaiDTWAggregatedDistanceMetricFast,untrimmed_normalizedbyshoulders_hands_defaultdist1.0_nointerp_dtw_fillmasked1.0_dtaiDTWAggregatedDistanceMetricFast,untrimmed_unnormalized_hands_defaultdist1.0_nointerp_dtw_fillmasked1.0_dtaiDTWAggregatedDistanceMetricFast,startendtrimmed_unnormalized_hands_defaultdist10.0_nointerp_dtw_fillmasked0.0_dtaiDTWAggregatedDistanceMetricFast,startendtrimmed_unnormalized_hands_defaultdist10.0_nointerp_dtw_fillmasked1.0_dtaiDTWAggregatedDistanceMetricFast,startendtrimmed_unnormalized_hands_defaultdist10.0_nointerp_dtw_fillmasked10.0_dtaiDTWAggregatedDistanceMetricFast,untrimmed_normalizedbyshoulders_hands_defaultdist10.0_nointerp_dtw_fillmasked0.0_dtaiDTWAggregatedDistanceMetricFast,untrimmed_unnormalized_hands_defaultdist10.0_nointerp_dtw_fillmasked1.0_dtaiDTWAggregatedDistanceMetricFast
signsuisse_test,sockeye,0,7.573750357725802,14256.820359715646,9.421958461148405,12.408350390413833,12.408350390413833,7.499717845283483,10.471287081377032,82.57223573435274,9.42195661710888,12.40835041727463
signsuisse_test,sockeye,1,6.438706259194551,10594.695291755197,6.306646643749777,11.924783530145143,11.924783530145143,6.396304802931354,10.084717276969716,104.42292410857347,6.306646415760616,11.924783526255819
signsuisse_test,sockeye,2,6.555020417884764,10847.937449581426,5.609596187573909,14.480564870694284,14.480564870694284,6.456104284452958,12.914644990555953,129.8693986854486,5.609594258843759,14.480564810003338
signsuisse_test,sockeye,3,8.730533805371754,13465.952304086182,8.64946674599103,10.500409286312182,10.500409286312182,8.656120014398647,8.849391283083888,37.42904108329016,8.649463631682066,10.500409271084152
signsuisse_test,sockeye,4,5.508071835636254,12002.997082101656,5.6515569890558925,9.098279058927151,9.098279058927151,5.484853891893887,7.483328466203613,62.2069660259716,5.651555128871506,9.098279128058968
signsuisse_test,sockeye,5,4.260944604946032,10286.817433911729,4.304057944603342,8.535656340764856,8.535656340764856,4.265554015812187,5.827951128146386,54.786192925874445,4.304059294103046,8.535656137414179
signsuisse_test,sockeye,6,5.163558756031212,10272.49945831667,5.617397688310922,8.729882088897545,8.729882088897545,5.123439788925198,7.485198683503837,77.45812958571453,5.617396659967047,8.729882081285709
signsuisse_test,sockeye,7,7.7159571469914825,12866.09111069262,7.818883699444657,14.151226555371704,14.151226555371704,7.704011729909261,14.049403385358438,150.06538484471423,7.818884686219265,14.15122640401884
signsuisse_test,sockeye,8,5.472879188078791,10834.356976867803,6.228111558393657,9.88666597395271,9.88666597395271,5.399337404277895,7.864130749664753,77.77244770194488,6.228113854098756,9.886665888859751
signsuisse_test,sockeye,9,5.825527427451443,11300.715280206943,4.607429030001483,10.312683219038918,10.312683219038918,5.797878118654837,9.28176789181707,95.62555504861314,4.607428744864774,10.312683203078715
signsuisse_test,sockeye,10,5.269531963791321,10934.649765665676,6.833083352805938,10.10302793916442,10.10302793916442,5.235461794970213,8.936229436589011,89.2461238766311,6.833081270727932,10.103027920125204
signsuisse_test,sockeye,11,5.787372668495128,9589.410904094062,6.577075872111784,12.433253255233307,12.433253255233307,5.730940248897195,10.691211535714352,102.40471989791158,6.577076797492692,12.433253215070382
signsuisse_test,sockeye,12,6.251638515973414,11274.036800802063,6.1685863343883,8.346977371128244,8.346977371128244,6.231215818960883,6.645639683171561,38.54789113405803,6.168587734826179,8.34697737383238
signsuisse_test,sockeye,13,6.45449332223014,17108.074901826283,6.875468638548931,11.576682707711905,11.576682707711905,6.434934879550755,10.546820840264068,103.2380234770252,6.875469696946051,11.576682630307792
signsuisse_test,sockeye,14,6.276048486823121,10990.896510309469,6.244311251098057,9.325557555432853,9.325557555432853,6.268875971509019,8.057004184248578,71.71126854023822,6.244311404786774,9.32555752631955
signsuisse_test,sockeye,15,6.508401340410413,10967.946478031674,7.376962198691382,11.068538531037918,11.068538531037918,6.28816339726779,10.206212895653987,83.66689336883971,7.376967347309969,11.068538557630765
signsuisse_test,sockeye,16,5.8533509768570795,11468.771404426454,5.764501913711869,9.434498588779402,9.434498588779402,5.83640364977331,8.085674252090397,79.31934472699383,5.764502762066767,9.43449858888615
signsuisse_test,sockeye,17,5.867088372759234,10397.865118915988,6.068792626737275,9.029142631411403,9.029142631411403,5.548434212162348,7.5948576922750375,75.1520473256832,6.068789506189802,9.0291426223665
signsuisse_test,sockeye,18,5.978962736840584,11381.80657946155,4.742920906903249,9.56044238104442,9.56044238104442,5.972762508455917,7.977013846260549,86.11566641600271,4.7429218149255155,9.560442407148855
signsuisse_test,sockeye,19,4.3320109468324,9576.564897285327,5.544896370999949,10.044259269779584,10.044259269779584,4.28336474731008,8.271575435004692,84.31861411200619,5.544895824155414,10.044259272444657
signsuisse_test,sockeye,20,4.992167249903418,9769.248372106622,4.435210992912591,9.533417076267348,9.533417076267348,4.903224154323292,7.753045676092633,74.8161028877125,4.435207823603068,9.533417073082463
signsuisse_test,sockeye,21,7.683647682604999,13266.680586502363,11.18898402902378,14.62350590223427,14.62350590223427,7.468123162773866,13.36586546644716,140.33193708635469,11.188981953532046,14.623506428615874
signsuisse_test,sockeye,22,4.741320110820173,9307.117177040132,5.4720784471605155,9.46543876863606,9.46543876863606,4.712943588535266,6.973472379680513,66.18412261487447,5.472079148826786,9.465438730886728
signsuisse_test,sockeye,23,7.538614029718046,12458.614162247086,8.529629807778154,13.424125409614376,13.424125409614376,7.42511360300695,11.716010937059671,127.84887571296258,8.52963103412228,13.424125406148908
signsuisse_test,sockeye,24,5.084132280754028,11479.441289447564,6.268979933114836,10.141987370564477,10.141987370564477,4.979534383198263,6.748480052374615,58.246145717912796,6.268978155838947,10.141987431256577
signsuisse_test,sockeye,25,4.137787852054912,8531.902550899653,5.552554264653281,8.683870381598394,8.683870381598394,4.019257325377682,6.815615263286621,71.43130345502648,5.552554492770318,8.68387040104706
signsuisse_test,sockeye,26,6.748642549831663,12603.35950819411,7.059933017347703,11.404510563802877,11.404510563802877,6.660249988180192,10.450788570890994,104.58710391549639,7.0599331663638445,11.404510620431775
signsuisse_test,sockeye,27,7.153251122025735,13131.866130411885,7.485665849398187,12.953338097770066,12.953338097770066,6.963539447346479,11.810570400865796,119.45867036396443,7.485665664501899,12.953338631631285
signsuisse_test,sockeye,28,6.1519438624022875,11079.047981500269,5.913966055901256,11.47232931951854,11.47232931951854,6.126460551007615,10.108451082758032,107.44433468288382,5.913967565068526,11.472329268179475
signsuisse_test,sockeye,29,5.214121599458501,9046.377330138857,7.8088390061388475,9.489686476240138,9.489686476240138,5.064351331695653,6.52132084480491,67.12852481057857,7.808839430942049,9.489686728437473
signsuisse_test,sockeye,30,5.659011058852238,10542.933299882654,4.202370438201686,9.443921059082344,9.443921059082344,5.641151758593876,8.613148086189724,84.2318272275182,4.202371383715452,9.443921134390063
signsuisse_test,sockeye,31,7.449431923602295,16552.693813118458,7.169579664073505,12.03769005326229,12.03769005326229,7.457712130238434,11.116326189896522,94.55527179055821,7.169576840817451,12.037690515187169
signsuisse_test,sockeye,32,4.77862560269467,10306.89702308562,5.607680127461876,8.162445946407404,8.162445946407404,4.69213464120036,6.9863122540117315,70.98747243241685,5.607679018324068,8.162445873784915
signsuisse_test,sockeye,33,7.7327014542578745,11120.904128568618,8.02740562496751,10.617748705225402,10.617748705225402,7.650129474840189,9.281118828237274,77.11620518858267,8.027404987511371,10.61774866780899
signsuisse_test,sockeye,34,6.376073316636893,11457.76602949622,6.987355378878166,10.590204841615853,10.590204841615853,6.330824676322847,9.052755194897832,96.21497537346482,6.987355912208975,10.590204881197776
signsuisse_test,sockeye,35,6.659353198037957,12225.735415026596,6.931484156572178,11.115947714687739,11.115947714687739,6.641635681055752,9.462130282258702,100.8899647741137,6.931485616160447,11.115947720570752
signsuisse_test,sockeye,36,6.055407095352855,11216.835986653636,5.621831555450372,10.578112029625865,10.578112029625865,6.0329243198059865,9.494454978542267,91.960203148573,5.621829842244632,10.578112178804355
signsuisse_test,sockeye,37,8.51116424693931,13816.315890454141,8.36336754155759,11.581552490193602,11.581552490193602,8.46159998052963,10.545106608244991,109.36065640742055,8.363370921149832,11.581552500612643
signsuisse_test,sockeye,38,8.316207546214667,10342.946964933919,6.2592266994399655,12.210697365712061,12.210697365712061,8.278431825635304,10.792887951441244,67.65770674744711,6.259227358187706,12.210697656805058
signsuisse_test,sockeye,39,5.51941875258098,10265.57968583463,5.860105180562598,7.540769771726356,7.540769771726356,5.502602143061687,6.359941928975469,57.40741003965807,5.8601054132318255,7.540770090296998
signsuisse_test,sockeye,40,5.638105649870052,11866.6954494934,7.400000795178916,11.371330520455215,11.371330520455215,5.576927472418639,9.714610646195611,96.53738260030507,7.400000436076019,11.371330526810997
signsuisse_test,sockeye,41,6.447117526463079,13869.182944188991,8.151584869425918,13.851854938068833,13.851854938068833,6.294920127689708,12.033452574628601,123.82075474635364,8.15158350218007,13.851854985935217
signsuisse_test,sockeye,42,4.718052561717362,9827.514898157398,4.485769486252519,11.09094711538004,11.09094711538004,4.670315778067087,9.550664411358005,96.78841857614468,4.485767840434869,11.090946949340521
signsuisse_test,sockeye,43,5.523718117715885,10940.413115630168,4.665993907568898,11.647159385627676,11.647159385627676,5.504748985965894,10.394144278875206,113.76682604303939,4.6659928932740495,11.647159468709926
signsuisse_test,sockeye,44,7.375792488397578,15928.80832904419,7.254529385545752,12.128278651750716,12.128278651750716,7.389207574080679,11.456713746172692,99.86933285328249,7.254531292460707,12.128278653929382
signsuisse_test,sockeye,45,5.486378300868626,10508.376273297383,6.174846061025234,9.552479101766735,9.552479101766735,5.423268091130869,8.261512900159925,82.77014449219226,6.174848537771451,9.55247910894416
signsuisse_test,sockeye,46,5.402946013031066,12558.487060877256,7.751393588726314,9.599206292134928,9.599206292134928,5.332066772445716,7.412789829947134,68.62254812696294,7.751394261496234,9.599206335043537
signsuisse_test,sockeye,47,7.782945878260558,11109.64003036558,8.323622283542685,11.29597092744582,11.29597092744582,7.653562204621626,10.058475851815647,109.1216588679755,8.323622889469142,11.295970543319957
signsuisse_test,sockeye,48,5.652886257490739,10506.175820771856,6.66388617288615,9.630098912313787,9.630098912313787,5.561735179591464,7.740040011627547,78.89635567989068,6.66388471210899,9.630098897637911
signsuisse_test,sockeye,49,6.657728163013492,15277.392115608327,7.706790455174283,10.628025936863516,10.628025936863516,6.615074103661984,9.318212587183275,79.87659499908001,7.706786327073724,10.628026412411456
signsuisse_test,sockeye,50,5.485433821990071,9678.972628315994,6.937729382259931,9.123818885524608,9.123818885524608,5.4072601757065275,7.0288922449109705,56.81271989347257,6.937730583140155,9.123818891469684
signsuisse_test,sockeye,51,6.840709029295688,12705.547998523847,5.31814617165597,11.448010374136015,11.448010374136015,6.826724144151517,10.757783146086355,105.99733465595637,5.318146738512638,11.448010539000526
signsuisse_test,sockeye,52,6.318267564250701,10069.234487394866,5.208990838866661,10.86994192964996,10.86994192964996,6.288307555887283,9.805490976610345,89.33818719545538,5.208989011028101,10.869941540138154
signsuisse_test,sockeye,53,6.783847357301366,12434.382944624635,8.691431804980713,13.6348881114214,13.6348881114214,6.646999211889643,12.028818168411286,110.62369663749699,8.6914334903699,13.634888088777334
signsuisse_test,sockeye,54,6.095557818096821,12509.89979574713,9.065559872987281,14.821169067770185,14.821169067770185,5.972541660858961,12.755324893001774,133.7464662401046,9.065558906565455,14.821169073782787
signsuisse_test,sockeye,55,5.848831276433685,11570.27770428748,6.772406194358008,8.015122805709847,8.015122805709847,5.808669207165053,6.223433072556939,47.18720817858146,6.772406388446921,8.01512295888856
signsuisse_test,sockeye,56,6.6697981976933844,11993.389691797089,9.566353039100543,13.392645579793918,13.392645579793918,6.4174755511809325,11.633081855513016,126.24385426606221,9.566351495552286,13.39264563549479
signsuisse_test,sockeye,57,7.29246006300972,14267.480369626577,7.035645575368979,14.304521523655053,14.304521523655053,7.191802063515466,14.084111979693372,152.2638373610134,7.035644938970202,14.304521406893164
signsuisse_test,sockeye,58,9.476022173016654,15772.31932600181,10.371090162890576,10.981998967842802,10.981998967842802,9.27956879228585,9.377661182181352,40.16372383408773,10.371085718103906,10.981999300408386
signsuisse_test,sockeye,59,5.900981467740634,10467.275315674937,6.055013432333033,12.603765105428941,12.603765105428941,5.833475904254804,10.200433634236648,102.43812058075694,6.0550146108366,12.603765094090452
signsuisse_test,sockeye,60,6.582082191420162,11743.571439411699,7.525451271795773,9.27388117931172,9.27388117931172,6.516013897718595,7.191682820894323,59.30739787238024,7.525449095751823,9.273881147678903
signsuisse_test,sockeye,61,5.043699625321803,10748.467937074376,4.713311513510409,9.5186149455424,9.5186149455424,5.0269353077884285,8.181370766532114,86.05533558050209,4.713312282909286,9.518614949281407
signsuisse_test,sockeye,62,5.819765221584663,11888.561472742602,5.396269040332626,10.298693011321543,10.298693011321543,5.704546362235745,9.775884572786751,98.89056249029834,5.3962688333217965,10.298693148017984
signsuisse_test,sockeye,63,6.242073978498744,11815.233373773955,7.3026096540014604,10.71413514823681,10.71413514823681,6.221103623612014,9.737209161447272,90.01741054876221,7.302606241010848,10.714135141010516
signsuisse_test,sockeye,64,5.596675154578823,10509.461846476417,6.039287039327208,9.581840987936667,9.581840987936667,5.472587622050532,8.660201774503363,85.0066822757685,6.039288363328345,9.581840992962615
signsuisse_test,sockeye,65,8.80785645523462,16396.026857931527,8.709250869853118,15.232653774211604,15.232653774211604,8.768953992163253,13.809562883541664,101.90035707696391,8.70925195651816,15.232653788048061
signsuisse_test,sockeye,66,6.4940103430730725,11282.33179559315,6.126693806669684,12.591462854668604,12.591462854668604,6.486393342700991,12.514632201433864,128.97814554136406,6.126693982511914,12.591462856728096
signsuisse_test,sockeye,67,6.863562393493497,11039.701747892783,4.680072082540178,9.922758831840312,9.922758831840312,6.8456919895030675,8.47000983229809,87.21309141980569,4.680072228293668,9.922758674207822
signsuisse_test,sockeye,68,5.437710028716815,9905.565445468925,4.818169630979098,12.375991976654653,12.375991976654653,5.412502442682753,10.721466793026124,113.06227643920754,4.818171637311139,12.375992008331561
signsuisse_test,sockeye,69,6.168117191085969,12901.73040535113,7.0100290795645535,9.711745583101832,9.711745583101832,6.0427802836502496,8.399263472809656,63.05369152684071,7.010027519424996,9.711745609415159
signsuisse_test,sockeye,70,5.936067213003168,10623.732241731319,4.748914031850672,10.091967743377039,10.091967743377039,5.897925604620934,8.228739776652091,85.013688821438,4.748914002157642,10.091967731977768
signsuisse_test,sockeye,71,7.541313992600131,14366.462386295701,7.440313603110678,14.161895088337062,14.161895088337062,7.474348187219371,14.07552751252492,146.0203888789181,7.440314389159624,14.161895081923168
signsuisse_test,sockeye,72,6.995235711445996,11137.504728718128,7.722838982629737,10.025881006041104,10.025881006041104,6.877267147865615,8.479141646259036,84.38939660207923,7.72283815296044,10.02588093706352
signsuisse_test,sockeye,73,7.746238022103979,13232.573526531012,7.94476035889273,11.732025018186894,11.732025018186894,7.615966098124498,10.744448788952708,98.55184008236446,7.944762209555781,11.732024966289137
signsuisse_test,sockeye,74,5.820459464531176,15822.154475858995,5.904716847039481,9.791607346514255,9.791607346514255,5.805593954008078,8.188387439861671,77.15250082391131,5.904715721727043,9.791607320627875
signsuisse_test,sockeye,75,6.595313089754838,14432.682581493511,6.928870548103656,13.663518975848625,13.663518975848625,6.570357399767131,12.39150058453483,127.20338759623512,6.928871216114028,13.663519001188563
signsuisse_test,sockeye,76,5.638035511056078,11114.084415567073,6.738159178101735,10.870409608416818,10.870409608416818,5.495440158480593,9.47815403263146,97.1884985482661,6.738157651990543,10.870409645897071
signsuisse_test,sockeye,77,4.617482619316803,8445.484250123223,4.431281045044564,7.388748475578048,7.388748475578048,4.54199068277649,4.89955214338829,25.592509643863895,4.43128064179157,7.3887484362784255
signsuisse_test,sockeye,78,6.401216913451144,11309.21877042503,8.620991729825604,10.548832864237763,10.548832864237763,6.238690899100546,8.502819990428264,76.17947765074501,8.620992634300919,10.548832823649725
signsuisse_test,sockeye,79,4.8141609790197935,10329.85644673872,4.081222031708748,10.574683336442618,10.574683336442618,4.797104943105457,9.920910782021664,96.60165638793553,4.081222294316124,10.57468319142666
signsuisse_test,sockeye,80,5.595525557641925,9615.005595375207,5.358365714948653,9.411016573953045,9.411016573953045,5.5785208077977035,7.815509104724844,67.42379694816886,5.35836603038269,9.411016340577337
signsuisse_test,sockeye,81,5.872631318665197,11070.146372733536,6.771014059957323,10.43715361787055,10.43715361787055,5.829663717961725,8.70019713966899,91.17504060385374,6.771015155235651,10.437153487073278
signsuisse_test,sockeye,82,7.979612303244456,14469.639456666493,7.831564801538404,12.677994734860127,12.677994734860127,7.9757761921877615,11.888004946739148,98.2063242759679,7.831566046544378,12.677994736022159
signsuisse_test,sockeye,83,5.230700125707255,10120.133717943685,5.774151200751194,8.736370182811141,8.736370182811141,5.178264307728237,7.875412095831207,73.80993031774162,5.774150842119483,8.73637012281433
signsuisse_test,sockeye,84,8.109916396831299,15925.150119515256,6.897954520700234,12.476396810341807,12.476396810341807,8.095833614536671,11.927650515886977,111.88637539254402,6.897953781553208,12.476397053328814
signsuisse_test,sockeye,85,5.017637946582735,11342.331903354263,5.400943873703989,7.844548091107813,7.844548091107813,4.959995817146293,6.554671862331903,63.36938237576597,5.400943301904202,7.844548103859177
signsuisse_test,sockeye,86,6.298717530250872,11629.728529318496,5.740006712427683,11.034400264782898,11.034400264782898,6.2808221588745115,9.7920836009477,100.79528398564145,5.740005878589485,11.034400266093154
signsuisse_test,sockeye,87,6.614333655004363,10549.915803618214,7.277968516068766,10.75141190795119,10.75141190795119,6.548402045268186,8.9272137004918,79.48329755159014,7.2779691953844035,10.751411946674345
signsuisse_test,sockeye,88,4.961613284937438,8765.934704978237,5.273823542800886,9.79814153979482,9.79814153979482,4.919959595616166,6.873115766676067,59.90021793089064,5.273822831915877,9.798141852465628
signsuisse_test,sockeye,89,6.897252392392155,11843.401086352105,7.198314610876271,12.046427521532596,12.046427521532596,6.855452329030525,11.9196193655087,129.4151486040293,7.198314199782834,12.046427481582088
signsuisse_test,sockeye,90,8.243052963538322,12483.97413413225,7.506580942817264,11.034055408550879,11.034055408550879,8.156199498213631,10.293776154923602,89.52779507989467,7.50658134571534,11.034055378151747
signsuisse_test,sockeye,91,4.907932998938823,10230.69686940953,5.124596345579407,7.00566598124596,7.00566598124596,4.8591919926774905,5.085029464146998,40.581951107631134,5.1245954027363405,7.005665976294144
signsuisse_test,sockeye,92,4.326354987717354,9298.973102280841,3.932010904667151,7.718824341500825,7.718824341500825,4.296961856044051,4.878307338008752,38.96344477121089,3.932011119839256,7.718824336889283
signsuisse_test,sockeye,93,6.309844387113996,12365.936978037213,6.881287881803253,12.237633416583876,12.237633416583876,6.240276513779738,11.134604603324878,116.11166139912068,6.881289633693641,12.237633315099805
signsuisse_test,sockeye,94,6.805208907567542,11931.974097754777,6.860105744567409,11.001736687024337,11.001736687024337,6.757265991260193,10.944066769716098,88.67393858921807,6.8601055972132245,11.001736936610484
signsuisse_test,sockeye,95,5.504434749615367,11729.15975954009,5.917992206509389,9.036246323905745,9.036246323905745,5.411420173907113,7.765348734938572,80.42122322185449,5.917989884208764,9.036246323015643
signsuisse_test,sockeye,96,7.042386019401652,11475.623335976701,6.969216274815009,12.691521063802814,12.691521063802814,7.020158776751766,11.50800242531505,124.74468836468198,6.969215253748654,12.691521352082262
signsuisse_test,sockeye,97,6.756203165373766,13345.773839730919,7.069042830895194,11.681651446290054,11.681651446290054,6.657137627185962,11.09745766807067,114.32641852622085,7.069040325569835,11.681651451630971
signsuisse_test,sockeye,98,6.705568989371709,10618.752940632809,5.998648615645573,12.242581038613269,12.242581038613269,6.679530993641923,11.099884280572867,114.60208855712612,5.998649380665303,12.24258103777618
signsuisse_test,sockeye,99,5.216128388659006,9039.350252438084,3.834971826874748,9.086461729770747,9.086461729770747,5.197722720788168,7.657913417479227,74.61125891968416,3.834971705999426,9.086461864946452
signsuisse_test,sockeye,100,9.266379576343184,12481.149116470575,7.302705385554346,13.245309676445087,13.245309676445087,9.245731203720005,11.619000010050446,97.72411844702513,7.302706355646375,13.245309683877016
signsuisse_test,sockeye,101,6.431745128755009,12863.815558757999,6.67275391476558,12.688287223007938,12.688287223007938,6.31786398405183,11.404643612085206,114.9857629891272,6.672754055570495,12.688287345513945
signsuisse_test,sockeye,102,6.7806996734384555,11413.058238876296,6.606318781957614,10.237786997452263,10.237786997452263,6.755464106916845,9.040275848619885,76.88194562520798,6.6063184111082816,10.237786991873053
signsuisse_test,sockeye,103,6.760864625079189,10691.773638399474,6.65651198652629,10.127050115914054,10.127050115914054,6.693298296359702,8.68204501321566,91.13120771085144,6.656511388358338,10.127050127841866
signsuisse_test,sockeye,104,7.2443839873055955,11675.133513513902,7.458911129584286,9.95362191888868,9.95362191888868,7.086046707234455,8.7293758176585,73.08299617659162,7.4589110952744,9.953621885769552
signsuisse_test,sockeye,105,5.434132909371378,13767.642477965439,5.174161270958357,12.27150832786398,12.27150832786398,5.418989931795055,10.152083722917382,98.24580834523434,5.174162159410022,12.271508329921968
signsuisse_test,sockeye,106,7.1459416675785175,13898.602018818196,7.033083420263497,10.594837327385786,10.594837327385786,7.063576176869,9.454620731957506,94.77714598366185,7.033084108394297,10.594837430294698
signsuisse_test,sockeye,107,7.717045933928246,15498.41017283515,8.169715268942028,10.884278500022956,10.884278500022956,7.709435699472925,10.022604200181213,72.9292224786019,8.169714618691941,10.88427849326403
signsuisse_test,sockeye,108,6.84069953863366,11559.29832778767,6.369880881070134,11.20597455783652,11.20597455783652,6.814649305211237,10.176484336327613,91.88315117963694,6.369879756244505,11.205974577974835
signsuisse_test,sockeye,109,6.509233800362936,12592.076831558343,7.220221991535453,10.29092437575927,10.29092437575927,6.447368921734254,9.234391446988765,86.81109372396553,7.220223035774415,10.290924381529624
signsuisse_test,sockeye,110,5.989543010081834,12820.234109869853,5.690750365642571,8.098353163216627,8.098353163216627,5.96251130636909,7.0693585820591,66.43800533266122,5.69075051978623,8.098353369313166
signsuisse_test,sockeye,111,4.715871184843809,10050.5380998165,5.591467174897429,8.919256156526624,8.919256156526624,4.687417887879611,7.2828275449934115,75.1653538347329,5.591468293680798,8.919256129676999
signsuisse_test,sockeye,112,6.254366417761603,10789.35919319726,5.997336589644799,12.560213625730785,12.560213625730785,6.232983308605004,12.424213432882127,130.4223004663898,5.997336323270689,12.560213698472326
signsuisse_test,sockeye,113,7.342392517306866,13159.779326838261,6.935253751707252,11.656085640221505,11.656085640221505,7.318075676906057,11.150735178614948,114.85809816689066,6.935253142991895,11.656085630972852
signsuisse_test,sockeye,114,7.434531608182402,11745.390021465053,6.907881847140157,10.87237152196479,10.87237152196479,7.255228725207418,9.759730303013056,96.39117941576485,6.90788057591126,10.872371555694308
signsuisse_test,sockeye,115,5.4266864287301635,9732.52888402055,6.626344441253554,8.015870913838885,8.015870913838885,5.365201595478715,6.412644656452368,66.35006562014317,6.626344603105183,8.015870898312164
signsuisse_test,sockeye,116,5.942020909525752,9556.062536795136,5.2124647299535765,7.461804069382829,7.461804069382829,5.932928351704327,6.329642360531328,68.07571680146691,5.212465255993753,7.461804031679084
signsuisse_test,sockeye,117,5.900988765188767,13051.649175540824,6.184435266171627,11.59622084550345,11.59622084550345,5.854700662541952,10.48764257773516,101.86410831176883,6.184433090874387,11.596220804409576
signsuisse_test,sockeye,118,4.63624238139726,11029.686690060096,5.254321890642943,10.732399954161133,10.732399954161133,4.623054617726425,9.27715198819566,100.37814364718076,5.254326761030256,10.73239997617352
signsuisse_test,sockeye,119,7.027907859213085,12529.81194656854,9.019944722652115,11.807392602659624,11.807392602659624,6.897988317384486,10.07254472754795,105.45064272926827,9.019945506118976,11.807392537377137
signsuisse_test,sockeye,120,5.840697871381375,11723.030111858508,6.935056701959219,12.054079369871197,12.054079369871197,5.738239607131459,10.410433517652084,102.14893593253221,6.9350570848470685,12.0540793141529
signsuisse_test,sockeye,121,6.4093739489593915,9343.919153944104,7.595503423066973,9.008475502002625,9.008475502002625,6.305924034975762,6.6160216332131245,47.97606900040583,7.595503921431259,9.008475482412441
signsuisse_test,sockeye,122,5.121791137017961,9572.586704424239,6.094434137935147,9.974617599630365,9.974617599630365,4.990927211321489,8.591838661647055,92.4496931406892,6.09443452843262,9.974617668874592
signsuisse_test,sockeye,123,8.316862794472595,19426.764866719088,8.48405395733417,12.690516260119661,12.690516260119661,8.298946105011453,11.39983775884662,90.63514383632166,8.48405295196741,12.690516261038836
signsuisse_test,sockeye,124,6.878522497909671,11690.737689124295,6.48687838760808,10.348365727175864,10.348365727175864,6.744438790099816,9.447093316883823,94.93479805222559,6.486878079976087,10.348365779178234
signsuisse_test,sockeye,125,5.916867316300744,10238.565848024062,4.546606773468271,8.628313219284308,8.628313219284308,5.891216661084609,7.1997145179886415,68.27927778103508,4.546607404840602,8.628313271048437
signsuisse_test,sockeye,126,4.934978179065575,10464.53024100804,6.320204910639422,8.713286922845112,8.713286922845112,4.889520106287522,6.6494260836993035,67.0140381495744,6.3202046684404944,8.713286906443704
signsuisse_test,sockeye,127,5.821488272006672,10922.066611817723,6.859248903901873,10.566203685656905,10.566203685656905,5.759300259063251,7.92035931079778,73.08605858115801,6.859249866559935,10.566203719232565
signsuisse_test,sockeye,128,5.440732122405567,10403.161425704835,5.102805675705248,11.197548062628853,11.197548062628853,5.412048649542056,9.297015842960446,95.21851088512805,5.102808157826103,11.197548124002768
signsuisse_test,sockeye,129,6.209904203090487,11335.041986742506,7.296385836159807,10.27204991072281,10.27204991072281,6.171696680588649,9.148347105462564,87.76040467712203,7.296386639321464,10.272049700423278
signsuisse_test,sockeye,130,5.666342285808166,12293.102446552457,6.256615651686608,8.766066708730182,8.766066708730182,5.536118684972631,7.3443907855247845,66.89496863659687,6.256617633251208,8.766066581358015
signsuisse_test,sockeye,131,6.984013197030789,11211.651105210492,7.590022211463411,9.947123549338327,9.947123549338327,6.810439731333921,8.3209974695447,86.16439879620373,7.590020878474597,9.947123550128229
signsuisse_test,sockeye,132,7.951332628611076,11519.8532978003,7.589898235595123,12.932978054065481,12.932978054065481,7.913355418624805,11.913876259853485,90.56112188988358,7.589896990447161,12.93297809463907
signsuisse_test,sockeye,133,9.887664760171154,13072.69297236715,9.846928941983743,15.698544658296758,15.698544658296758,9.845897555949138,15.624913616858283,154.0573201615204,9.846929211849774,15.698544659583652
signsuisse_test,sockeye,134,7.596470408535616,13047.22840744639,7.345138216008324,12.663762375334837,12.663762375334837,7.5370920634494905,11.745031315601043,114.39867576513677,7.3451384165803955,12.663762363398781
signsuisse_test,sockeye,135,5.708966530196598,10425.678057999394,7.820812446542365,10.193370733005146,10.193370733005146,5.583663981469617,7.432110105091244,71.47670662721957,7.820812853071701,10.19337071245427
signsuisse_test,sockeye,136,4.835176603723002,9781.12961648469,4.770453644767469,8.056791115922106,8.056791115922106,4.8032735000247975,6.38144224187808,69.70952174133988,4.77045262196969,8.056791112854539
signsuisse_test,sockeye,137,9.087289470054385,17311.206359254254,9.205204557641077,13.353455088848964,13.353455088848964,9.065816944522949,12.488122387899713,95.33855252936218,9.205205917999999,13.353455153690097
signsuisse_test,sockeye,138,5.507248700741369,12387.02563855173,5.771462467917199,11.170408149247313,11.170408149247313,5.4621241217918755,9.517030227147622,94.38577613896734,5.771462472028301,11.170408248004286
signsuisse_test,sockeye,139,7.012444554069353,11528.310564692849,8.784862236055837,12.539474308547323,12.539474308547323,6.836698135083019,10.828794177619214,104.64360679481743,8.78486073102796,12.539474266536274
signsuisse_test,sockeye,140,4.852040668092329,8681.525445405037,4.5291470167325105,8.613927875587605,8.613927875587605,4.77864690245726,6.307978238777028,53.3368364572821,4.529147483769892,8.613927612817534
signsuisse_test,sockeye,141,6.522656187022338,11793.551852763043,5.923712923199569,11.668202742307388,11.668202742307388,6.506671036003693,10.714603207349588,110.06418071527725,5.923713096356908,11.668202749134874
signsuisse_test,sockeye,142,9.657934554689303,17405.116206403567,9.659132070744793,14.479624020749704,14.479624020749704,9.622467679720748,13.74126411158907,105.42279911323062,9.659135219964815,14.479624157270973
signsuisse_test,sockeye,143,6.085020676485235,11874.734544028344,5.984171208308804,11.621968196684216,11.621968196684216,6.065763340391032,10.677579085858163,106.72766311909754,5.98417098529868,11.621968199718951
signsuisse_test,sockeye,144,5.962188183407077,11467.225254393215,6.483166483064952,9.548428271141043,9.548428271141043,5.843297948101184,8.603025758370483,81.91560879616398,6.483168035208977,9.548428273634736
signsuisse_test,sockeye,145,7.099106255530025,12106.562384174376,5.753175208707434,9.933457922020366,9.933457922020366,7.07667990410158,9.199496469917031,91.34056055996265,5.7531746501165415,9.933457954474386
signsuisse_test,sockeye,146,5.811717547276689,10451.800070733929,4.175777162929747,9.887314692057819,9.887314692057819,5.78634986514859,8.559068972920915,86.39685654592142,4.175777198080046,9.887314890851593
signsuisse_test,sockeye,147,6.448351232328075,12177.562955452013,7.121505762330127,8.798428310240476,8.798428310240476,6.365347840242668,6.96286189021232,67.828382620724,7.121509273363965,8.798428718063896
signsuisse_test,sockeye,148,4.322187996998543,11661.890481792532,4.939280897256966,5.0295607884660045,5.0295607884660045,4.24858089633145,4.35395055250083,10.54179984927863,4.93928149839652,5.029560762991877
signsuisse_test,sockeye,149,5.9498432304293285,10713.603029952068,4.231560490210721,9.698891768174052,9.698891768174052,5.927618389868397,8.493736116137276,81.54505946409665,4.231561576443992,9.698891817142979
signsuisse_test,sockeye,150,5.825837544185881,15360.93317666755,6.906578302148938,9.033186032580968,9.033186032580968,5.80378379242658,7.584404408196812,61.9734400375125,6.90657841318224,9.033186229147551
signsuisse_test,sockeye,151,7.679522774213792,15135.05092541509,8.08836589440451,13.989943463396028,13.989943463396028,7.660749924125799,12.707875675651445,119.2708944850803,8.088368173915196,13.989943475861992
signsuisse_test,sockeye,152,6.235738290574083,10666.25669639956,5.67970858089951,9.870786121757934,9.870786121757934,6.21911499802672,8.806650122112766,71.15907873174021,5.679710438732926,9.870786160318476
signsuisse_test,sockeye,153,4.949520746298184,10667.770853438362,7.308157203018047,10.322159039014991,10.322159039014991,4.87968367076806,8.365288682503852,84.8949386559764,7.308157514225803,10.32215932503023
signsuisse_test,sockeye,154,6.319368663101076,11806.64711631939,5.46545606071514,10.402373108619068,10.402373108619068,6.3210540756560105,9.468758251604683,97.43788688400039,5.465455336755948,10.402373094544568
signsuisse_test,sockeye,155,7.589921071103122,14128.418663735638,7.955605902997009,14.15065745033354,14.15065745033354,7.526603579359268,12.236480297854392,113.94228464560526,7.955609084557761,14.150657455835994
signsuisse_test,sockeye,156,6.007183473264239,12310.309732039697,7.690701968744636,10.957623640176795,10.957623640176795,5.949666043870547,9.391905307005905,94.24074158383357,7.690705104572526,10.957623641067347
signsuisse_test,sockeye,157,6.110784905573488,13083.274251851708,5.554446971154698,9.554603733801102,9.554603733801102,6.088163350578443,8.055795356636278,63.295619788069004,5.5544469579373175,9.554603742283838
signsuisse_test,sockeye,158,5.784051778482559,10817.53188197195,7.327037045188092,10.746254431440544,10.746254431440544,5.624600886883683,9.209235606475133,89.75350558291692,7.327037353036952,10.746254469362416
signsuisse_test,sockeye,159,6.3321087473706,8834.830544337941,8.311457954917497,12.158469342782533,12.158469342782533,6.137620663341579,10.223532379852497,100.93831562436587,8.311458788633903,12.158469322758311
signsuisse_test,sockeye,160,4.8199376432076075,10615.19643874418,5.233159667989322,9.207385641720652,9.207385641720652,4.739354535805227,7.647965110263499,78.75595018439252,5.233160152701423,9.207385654659392
signsuisse_test,sockeye,161,5.232805030757692,10555.063546686908,6.591439323010637,8.31065375265898,8.31065375265898,5.1654989249735905,6.2706555483173565,67.7855013901391,6.591437741710629,8.310653780644206
signsuisse_test,sockeye,162,6.213445752344517,13699.515036296994,7.521645222255687,12.940375152727256,12.940375152727256,6.119663906920349,11.567703713157162,121.01967597464966,7.521643849690948,12.940375158265718
signsuisse_test,sockeye,163,7.58775712922958,11286.245866895017,6.143553945850238,10.40825049380466,10.40825049380466,7.5557459093980714,9.615467871627386,99.80026497750329,6.143555995382209,10.408250567712908
signsuisse_test,sockeye,164,6.8334174589342815,12393.661408781807,5.731484361830861,12.704069940789013,12.704069940789013,6.818029508560869,11.472234625306257,117.40458867936832,5.731484757571573,12.704069870012539
signsuisse_test,sockeye,165,5.6689913258279985,10144.224843273678,6.432488503790613,9.803184930757189,9.803184930757189,5.614510147820335,8.727678975541513,88.38430162867714,6.432489331092313,9.803184767249066
signsuisse_test,sockeye,166,6.967511127508404,11263.316313321473,6.1567820028304805,9.737973405712145,9.737973405712145,6.725986481159799,7.907205164168689,80.19175276251988,6.156782239542619,9.7379734406085
signsuisse_test,sockeye,167,6.365806877671224,11327.26323147658,5.9147586739215265,8.535446726915303,8.535446726915303,6.343527071771441,7.362497074453328,46.36147567630348,5.914759620296018,8.535446722007451
signsuisse_test,sockeye,168,5.908910888875916,11298.01766465781,7.2693924275938775,9.799526803519742,9.799526803519742,5.843359270576682,7.7759113782743485,81.39012206435712,7.269393834000019,9.799526852535951
signsuisse_test,sockeye,169,5.32703385158054,9570.012820426798,6.661816242022068,9.29327821713002,9.29327821713002,5.171135397356746,7.880688548863927,81.14660950674718,6.66181679369176,9.293278308195994
signsuisse_test,sockeye,170,5.431630020156066,10354.421403184684,4.934244744972065,10.181385583914118,10.181385583914118,5.412355948224355,9.180509870197007,88.24632194505473,4.934244326877437,10.181385604210393
signsuisse_test,sockeye,171,4.960557941940259,11402.96649209947,4.5676408257249435,9.796156655225994,9.796156655225994,4.979092581507189,7.454197745777269,70.84597870974672,4.5676407479376095,9.79615688096474
signsuisse_test,sockeye,172,9.373301669970107,14475.137762233968,9.426185227497497,12.268121598652048,12.268121598652048,9.330971856020488,10.770702808065808,104.84295906908145,9.426186176735243,12.268121345786353
signsuisse_test,sockeye,173,8.399966260359284,13237.518082213275,8.16546247260416,12.845635430452592,12.845635430452592,8.351132391533824,11.683711528679899,112.51595568082153,8.165464753530777,12.845635240636089
signsuisse_test,sockeye,174,6.603856979569004,10497.897989353076,6.422909421305651,10.2712844131806,10.2712844131806,6.514222027713014,9.164843059010675,85.37418046127156,6.422908890296888,10.271284412604412
signsuisse_test,sockeye,175,8.862527680019554,20354.869836729435,8.649462239035048,12.817845730515986,12.817845730515986,8.856404497540327,11.79411434974319,84.84279211204833,8.649464634434564,12.817845666363636
signsuisse_test,sockeye,176,6.899645399194959,12042.803323958618,6.674393520357895,9.321430862975276,9.321430862975276,6.888410887072982,8.132296187945297,82.72712904854363,6.674393326683773,9.321430810008579
signsuisse_test,sockeye,177,6.308288143757899,10230.914629116409,6.764213848740553,10.59923607316696,10.59923607316696,6.181001208349902,9.507960541428972,95.2074658517111,6.76421421988665,10.59923612765455
signsuisse_test,sockeye,178,5.343697900415125,10835.493320642863,7.441802036870241,10.20169822031297,10.20169822031297,5.301918111157122,8.645854960785949,90.1269917318801,7.441800943030195,10.201698235397094
signsuisse_test,sockeye,179,4.8579267402645,9595.796445473106,5.361163562074681,5.615680576906011,5.615680576906011,4.825900955975429,5.087407068362387,17.108250775375843,5.361166231902864,5.615681136380129
signsuisse_test,sockeye,180,5.5339063359659,9802.341633504633,6.359824185258744,11.358137144041782,11.358137144041782,5.505209273605492,10.418282284324555,97.12901047088928,6.359824469742416,11.358137126783934
signsuisse_test,sockeye,181,5.730356173257631,10496.993198282415,5.071021471234972,11.09328717931682,11.09328717931682,5.704492987780217,9.973544567525469,99.34818485156963,5.071020368450304,11.093287109075813
signsuisse_test,sockeye,182,5.90681937968218,15498.94477390934,5.871220283076283,5.969780050552915,5.969780050552915,5.910730478992212,6.007980875683616,12.120534823669985,5.871219894924941,5.969780062328309
signsuisse_test,sockeye,183,6.104593148499547,11786.252590948032,4.790239339785964,12.01149938973114,12.01149938973114,6.081081227477519,11.161566721877632,121.18823004184527,4.790239580297758,12.01149943249315
signsuisse_test,sockeye,184,6.400446770620623,11412.308214929111,5.97802712399439,11.484965116271304,11.484965116271304,6.3747182666141615,10.071627564734266,107.91464277501386,5.97802581313273,11.48496514905678
signsuisse_test,sockeye,185,4.339669093800784,10087.502741085456,4.58648298956092,8.27620428746716,8.27620428746716,4.309451125409005,6.829934989425764,73.00006282914525,4.586481822228349,8.276204257515483
signsuisse_test,sockeye,186,4.678633353107046,9217.97780978098,5.233045742249817,8.224793509499884,8.224793509499884,4.590758332754906,7.204738603089213,78.13258716205561,5.2330461727975,8.224793686918717
signsuisse_test,sockeye,187,4.42609949261008,9920.443999363764,5.669675600633381,7.5267743547425665,7.5267743547425665,4.381149666895006,5.052247909796209,50.140554497540606,5.669677025753148,7.526774368614608
signsuisse_test,sockeye,188,5.333951708709902,12441.299890574792,5.444920817274205,9.785316973832664,9.785316973832664,5.3166859638707145,9.648550420057282,86.1508234706541,5.444921250446062,9.785316880717486
signsuisse_test,sockeye,189,6.17130759744165,11337.451101169756,5.922643855961284,12.819884567925014,12.819884567925014,6.161077206074933,12.784775632229763,138.46569285110928,5.922642789196592,12.819884634326328
signsuisse_test,sockeye,190,7.183927015903746,11573.469217657235,7.160935907782346,9.743775878975951,9.743775878975951,7.08621401140398,8.611972986649116,89.02283509587681,7.160938840829573,9.743776297304699
signsuisse_test,sockeye,191,7.26975262196063,13528.356828282782,7.026737294304059,10.989354822827615,10.989354822827615,7.240787188812812,9.147960405620632,70.55119181787057,7.026738885729362,10.989354832159014
signsuisse_test,sockeye,192,4.924085602288292,10761.823326763757,8.116964319947812,10.392366519548649,10.392366519548649,4.822213778642142,7.842685575616717,81.74594520310443,8.11696672570654,10.392366766079382
signsuisse_test,sockeye,193,6.231157375363083,11315.045949430958,6.225915634711707,9.683787309442792,9.683787309442792,6.14978024989811,7.772433975741881,79.27451578518078,6.225913879099406,9.683787331886553
signsuisse_test,sockeye,194,4.96362026302551,11559.838094641294,5.970753665024546,8.440338854037877,8.440338854037877,4.8970676688182175,7.7209018602107635,62.7955538600806,5.970752847813615,8.440338876509129
signsuisse_test,sockeye,195,5.7563976733531135,8812.623043449476,7.208665537743617,10.712183322772056,10.712183322772056,5.636770370101389,8.846352345758131,82.02384438302113,7.2086657658348265,10.712183324479922
signsuisse_test,sockeye,196,5.716367835545163,11649.835226763047,4.349363021456138,12.136204588322347,12.136204588322347,5.6952423314927625,10.367307871230032,114.61479360541918,4.349364198873268,12.136204632993193
signsuisse_test,sockeye,197,5.130389221948131,10982.71593925438,5.989115408265202,9.493500857829204,9.493500857829204,5.087618231096852,8.143525938076285,85.54105557725396,5.9891169442569225,9.493500741597893
signsuisse_test,sockeye,198,6.073980792810467,11275.099483262675,6.648945555186605,9.68847342982913,9.68847342982913,6.005077154871401,8.408780927180821,81.49725878188796,6.64894618155596,9.688473429241824
signsuisse_test,sockeye,199,6.874979203526438,10864.403962825747,7.975029768642405,9.859911086725214,9.859911086725214,6.739915691810371,8.285296552610623,88.35228312948797,7.975029012695994,9.859911377306574
signsuisse_test,sockeye,200,5.121814549638012,11021.65499477134,5.640443944364676,9.225898964839084,9.225898964839084,5.084311038669723,8.335924920575057,84.03267530543897,5.640442068727238,9.225898842694983
signsuisse_test,sockeye,201,6.915373965472311,11730.668112789592,8.182259249530915,9.092407513361124,9.092407513361124,6.781819554640599,7.196004970397122,45.39040823837162,8.182266078870645,9.09240752494762
signsuisse_test,sockeye,202,6.670518815717076,10152.006905054515,7.164625943404651,11.003717833529645,11.003717833529645,6.5376231457405405,9.554466798475588,91.75624418454711,7.1646254701551175,11.003717885127994
signsuisse_test,sockeye,203,5.059096393789138,11326.371890818908,4.419978925499372,7.835431671175921,7.835431671175921,5.044286096514286,6.371019975655277,58.662955524599134,4.4199785767627775,7.835431677566914
signsuisse_test,sockeye,204,4.0199398789023695,9894.514864446372,3.9238810157911335,6.445045468902621,6.445045468902621,3.97267596270272,6.506099965318695,54.52375032352312,3.9238799437823753,6.445045439172721
signsuisse_test,sockeye,205,5.885439155510641,11909.412844642424,5.989081142132233,8.480999148043981,8.480999148043981,5.854045850933546,7.379201149132503,70.55579733644576,5.98908046960252,8.480999123824912
signsuisse_test,sockeye,206,5.821680095341678,12541.787751233143,6.087405917954213,9.35188836423317,9.35188836423317,5.818725080083955,7.212833929350152,51.12084016195044,6.087405564058765,9.351888349523975
signsuisse_test,sockeye,207,9.417239449520556,19480.85197893516,9.440118099847936,10.874696805047066,10.874696805047066,9.408817867829773,10.116195661399393,54.87720853387375,9.440117787593488,10.874696845990751
signsuisse_test,sockeye,208,8.616348559297725,15753.016721197931,7.94046372875825,13.78144401914243,13.78144401914243,8.58947975122623,12.648031880845814,90.17495352180883,7.940460117799274,13.781444041367308
signsuisse_test,sockeye,209,6.354550169921789,13868.545368917621,6.55077006763726,9.839524871149875,9.839524871149875,6.354672826073672,8.606282783501847,77.32796859698014,6.550772110851021,9.839524745584656
signsuisse_test,sockeye,210,6.2448289993426425,14430.043171401854,4.785501129546934,11.280016550867996,11.280016550867996,6.242237576958468,10.788358715595544,113.28122799492587,4.78550146624813,11.280016534206002
signsuisse_test,sockeye,211,7.00165361375557,9991.285037649903,6.435091550850209,12.42164340086436,12.42164340086436,6.964245392764119,11.258076896747395,101.88765770668094,6.435090266259435,12.4216434370606
signsuisse_test,sockeye,212,5.349805559455811,10566.214472724963,5.537825267763934,8.45960732871101,8.45960732871101,5.20798558583476,6.972267031971497,69.79276729877427,5.537825826031448,8.459607350570545
signsuisse_test,sockeye,213,7.156010737957244,11007.754374928076,7.141352509280104,11.4965682033631,11.4965682033631,7.144538583774126,11.34361876652072,127.08956205341933,7.141352333307564,11.496568258117767
signsuisse_test,sockeye,214,5.291275689537391,8615.133385806539,4.453665907834358,9.763163454653496,9.763163454653496,5.248822643940184,6.895573734943208,54.880397819285896,4.45366546970216,9.763163773723319
signsuisse_test,sockeye,215,4.771991575942274,8873.851456984052,4.328764356005815,8.403524578450075,8.403524578450075,4.733341287643648,6.2329923172163095,48.22310890256865,4.3287650141792495,8.403524574971595
signsuisse_test,sockeye,216,6.265654192853766,11226.994786932779,5.5600814948676955,11.204297741007275,11.204297741007275,6.24483050963865,9.988684052436144,99.78805742754167,5.560083489618755,11.204297739737418
signsuisse_test,sockeye,217,5.731720678346992,11379.497505193485,6.5226357792965235,8.459927408301462,8.459927408301462,5.659284634149675,7.846473586012702,62.766275641213966,6.522636371467676,8.459927053264122
signsuisse_test,sockeye,218,10.481178181018626,20823.602528365675,11.518228461502602,17.421537337570786,17.421537337570786,10.446297869705424,16.284206098062093,144.37668601921237,11.518228811818586,17.42153787339874
signsuisse_test,sockeye,219,5.244415546304217,10399.854609139325,6.2499105972991735,7.893602621946714,7.893602621946714,5.205860146948421,6.366345421149876,66.9510717465352,6.249910760437179,7.893602582914417
signsuisse_test,sockeye,220,6.00549329586015,9834.222883552715,6.208061556604425,10.066675451564496,10.066675451564496,5.856307280064864,9.786721117700749,85.70169136223036,6.208060411708585,10.066675422075157
signsuisse_test,sockeye,221,6.641155153250033,11813.17925209308,5.978758564054798,8.730485949584509,8.730485949584509,6.622424287987162,7.355207650732048,68.60693801530661,5.9787585062129684,8.730486116150875
signsuisse_test,sockeye,222,8.970380111501608,13501.40496423695,11.231044151783657,15.605457790146696,15.605457790146696,8.833924294855029,14.204127584730909,141.7636280858739,11.231042344671872,15.605457846832953
signsuisse_test,sockeye,223,4.660876186064813,10618.373803757633,5.254465989558232,7.873813177497663,7.873813177497663,4.651114648342345,7.4624655823506805,62.485111612327806,5.254466099451158,7.8738135412825185
signsuisse_test,sockeye,224,5.831666814808075,12109.17707522672,6.302541783038787,9.988899562446258,9.988899562446258,5.726253727007877,8.406582398243948,88.73230163126578,6.302542878201269,9.988899747819291
signsuisse_test,sockeye,225,3.892935429011613,10106.03821524641,4.4600518606446675,6.752219558650622,6.752219558650622,3.833898558708838,6.384557436856279,53.81948385954219,4.460052718549241,6.752219563489149
signsuisse_test,sockeye,226,6.282800162713665,15431.543105166438,6.0285661125318395,10.073737377026552,10.073737377026552,6.274666378079443,9.287059314075329,82.11375573873212,6.028566402118192,10.07373754988607
signsuisse_test,sockeye,227,6.258726610118657,14351.040830779386,6.493093275370979,11.02435359488608,11.02435359488608,6.237723188712009,10.090513923920112,87.91309107567189,6.493090149129722,11.024353606331616
signsuisse_test,sockeye,228,6.466111045635728,10527.232791586364,5.541374451018644,11.643105393388437,11.643105393388437,6.432812606430552,10.209792120030027,99.52634527147987,5.541374290817616,11.643105182845417
signsuisse_test,sockeye,229,5.949009091018454,12512.396769315248,6.920832574532767,12.929081411470452,12.929081411470452,5.849455281789245,11.958139710011405,124.78935796043604,6.920830551380204,12.9290814160734
signsuisse_test,sockeye,230,7.779159279321443,11168.009807447446,7.9229764540111445,11.718938523655453,11.718938523655453,7.628641151556611,9.561452129982781,58.293175750708315,7.9229782574549334,11.718938009818432
signsuisse_test,sockeye,231,5.926870404016516,14232.85369952436,6.556402081681215,9.876426137548428,9.876426137548428,5.918484256700982,9.038495479970848,82.18061446614846,6.556401495529547,9.876426319246049
signsuisse_test,sockeye,232,5.905680459247465,14054.888389493122,6.513507617527709,9.875167500882062,9.875167500882062,5.891893145790853,8.871887545601114,83.30743802741809,6.513510053899322,9.875167527672456
signsuisse_test,sockeye,233,5.119201692750373,9857.212684734552,3.660009591899136,10.330129333486314,10.330129333486314,5.100530734249638,8.766627025910262,91.49404033144518,3.6600091311566736,10.33012923518963
signsuisse_test,sockeye,234,5.458938087118375,11778.392503649202,7.867556420092372,11.999447543652566,11.999447543652566,5.40580869779211,9.94272656893121,104.5289377740526,7.8675564553965005,11.999447546664872
signsuisse_test,sockeye,235,6.154220891743812,12008.619270819268,5.577432072542005,9.37457854458158,9.37457854458158,6.139652242215662,7.751620507170612,77.61539961810084,5.5774342355731035,9.374578382509426
signsuisse_test,sockeye,236,6.116570073482316,10210.474692967025,5.412055635220154,10.591533394998619,10.591533394998619,6.080119451867803,9.775243522515419,91.93393432763045,5.4120554866146175,10.591533431783201
signsuisse_test,sockeye,237,5.110515727033897,10379.430541520838,7.291535240601543,9.734644687322795,9.734644687322795,5.050650129505512,7.247240999006808,68.78481531029206,7.291533911574776,9.734644673342101
signsuisse_test,sockeye,238,5.728539233045718,11630.559660402945,4.551864524548489,10.687277230960678,10.687277230960678,5.714240317766375,9.418403886051461,98.51905097521524,4.551865618469937,10.68727728441303
signsuisse_test,sockeye,239,4.764459993571856,11114.22985325445,4.497417996079074,11.522348744681397,11.522348744681397,4.741641042588965,9.737092758346787,102.54301307973083,4.497415747196387,11.522348698578055
signsuisse_test,sockeye,240,6.231955022780325,10922.069746142226,7.021180597972623,10.536284049379628,10.536284049379628,6.156365882798422,9.795126910719699,97.22405409439288,7.021181048047477,10.53628442707264
signsuisse_test,sockeye,241,6.178215253045901,11387.403524580848,5.990122351025747,9.868736898183007,9.868736898183007,6.058198888692481,9.155608306154802,90.16574668347874,5.990121092308599,9.868736903636524
signsuisse_test,sockeye,242,4.854474569542768,9029.575088292404,4.041589181366568,10.485427669449464,10.485427669449464,4.826697314436682,8.497942407096053,69.6144918314933,4.041590109956895,10.485427669621927
signsuisse_test,sockeye,243,5.213368698060842,9787.022627629416,5.0526449584486715,9.047636862679703,9.047636862679703,5.171192555830591,7.473371510219555,65.88905606940155,5.052644318855438,9.047636867696886
signsuisse_test,sockeye,244,4.889328980216957,9071.942155131068,4.033188060108099,11.53858686852025,11.53858686852025,4.854914273495628,9.903791743475047,97.11624230161587,4.033187055916492,11.538586869642847
signsuisse_test,sockeye,245,7.197680426022741,11737.510089573578,5.587733664800537,10.534893540664262,10.534893540664262,7.182042558765677,9.917868872267956,101.76186343035613,5.587734318013722,10.53489336733124
signsuisse_test,sockeye,246,5.171210242397063,9474.076441524217,4.654771712189777,12.53248630440966,12.53248630440966,5.146648317882518,9.917220335779009,100.23875837281578,4.6547699221298675,12.53248628810105
signsuisse_test,sockeye,247,4.24840275261979,10563.461987578268,4.126433191409145,7.513560426257514,7.513560426257514,4.223220279860654,5.737935750635677,52.41534185183758,4.126432831080195,7.513560356044131
signsuisse_test,sockeye,248,4.40418839578436,11666.580019206476,7.174849129829895,12.782023174522221,12.782023174522221,4.317314791340036,9.84888300799815,102.50228004940934,7.174850972482305,12.782023175800273
signsuisse_test,sockeye,249,6.700762880444991,15022.402991662697,7.437223821806679,9.622687680904331,9.622687680904331,6.667183023656176,8.325382693276419,67.38654387306137,7.437227476617068,9.62268765998887
signsuisse_test,sockeye,250,5.649830446360356,9226.630203354227,6.631385769239133,9.957408052620433,9.957408052620433,5.51508355204708,8.858605274261086,86.14113550154426,6.631385186826549,9.95740809022589
signsuisse_test,sockeye,251,7.9334742855738245,12113.814954807782,4.96286206372436,12.113575638356954,12.113575638356954,7.923577853945529,10.77036792286115,105.81867821661902,4.962861993676138,12.113575600726527
signsuisse_test,sockeye,252,4.021480736591626,10728.258637434677,5.535068526700558,5.633073939803127,5.633073939803127,4.022163924448342,4.0196077013074145,10.334103231999755,5.535070193021791,5.6330739289835385
signsuisse_test,sockeye,253,6.259051716223199,12137.460749862934,5.13430031760713,13.859034221915973,13.859034221915973,6.231955549814539,12.418388275741117,131.84577669459864,5.134300551220785,13.859034260966082
signsuisse_test,sockeye,254,7.948691433001717,10938.610728421594,8.06519927109388,13.238743201671209,13.238743201671209,7.842238089521319,11.898318803257375,97.95493161200072,8.065199146852748,13.23874321257471
signsuisse_test,sockeye,255,5.540752535623774,11641.63981621584,6.0093270557451985,9.591451983742703,9.591451983742703,5.512534235415427,8.572501414755202,76.96123436789948,6.009328119417516,9.591451959088388
signsuisse_test,sockeye,256,6.07136419153492,11869.547402044354,6.698365351198912,11.298243872823836,11.298243872823836,6.032810791665512,10.01713824281147,95.44783605944674,6.698364638679751,11.298243838804385
signsuisse_test,sockeye,257,6.40310980323479,11392.262131797252,6.974644950209488,10.00055114262929,10.00055114262929,6.269381256252742,7.807756702976805,86.09958259138827,6.9746416480476565,10.000551167164248
signsuisse_test,sockeye,258,7.648152371513656,12286.320454179471,7.782055054675138,10.03496804964731,10.03496804964731,7.570559722355351,8.769204262801647,72.20218138639268,7.782055730989249,10.034968000851034
signsuisse_test,sockeye,259,5.447946076065123,10520.569763436777,6.07684853104823,8.297091213723077,8.297091213723077,5.40032246159132,6.26003868736698,66.02165936774519,6.076849208214924,8.297091581111752
signsuisse_test,sockeye,260,7.821201292703199,9836.25716791294,7.890880991795171,11.855117112187832,11.855117112187832,7.716888014188815,10.422421507254652,76.7737375775044,7.890881527851603,11.855117158037917
signsuisse_test,sockeye,261,5.5347826347783275,10692.54856080141,5.991170171979665,8.289568227754193,8.289568227754193,5.458795861720626,6.830921456436006,71.03570945773993,5.991170235483561,8.289568236163696
signsuisse_test,sockeye,262,5.258913649288064,11627.568291767191,4.705300905088307,8.138659168557485,8.138659168557485,5.235764631778808,6.340054274693626,49.34831811713161,4.705301830873101,8.138659182910875
signsuisse_test,sockeye,263,5.555652647584992,10281.298321713984,4.526409175618262,8.638444737590024,8.638444737590024,5.544300101564101,7.699526297072408,76.24965848450019,4.526409243370382,8.638444714075375
signsuisse_test,sockeye,264,6.151114055653942,11324.136418234744,5.295911997247417,10.051987642200674,10.051987642200674,6.133938827643881,8.94396083113974,98.0439670708831,5.295913225780197,10.051987613450308
signsuisse_test,sockeye,265,5.865459744371644,10482.783752258601,6.390209348080871,8.634230598764967,8.634230598764967,5.793261300988851,7.01272282841875,75.12116633706702,6.390209949216652,8.634230540872784
signsuisse_test,sockeye,266,6.735318309993075,11645.52603022955,8.488644724137291,12.430340926824064,12.430340926824064,6.6630211652274856,10.420246804394326,100.22881019233685,8.48864614420724,12.430340985792151
signsuisse_test,sockeye,267,5.946396497230599,10897.62996768305,4.940781257111889,11.227498500858788,11.227498500858788,5.905867894309508,9.930723187491813,102.64461991544829,4.940782642753258,11.227498648564143
signsuisse_test,sockeye,268,6.769632254777751,11708.066900838174,6.778693694927129,11.7018585999568,11.7018585999568,6.590331239970986,10.778518343907688,108.26377674245926,6.778693090611197,11.701858541647676
signsuisse_test,sockeye,269,7.50204219896428,11949.840925594628,6.510488056445576,13.50447051585032,13.50447051585032,7.497795652278861,12.606669861176599,121.36068544354455,6.510488383753217,13.504470511227955
signsuisse_test,sockeye,270,6.833089562168977,15653.078848178722,7.595305794391384,9.705497632869523,9.705497632869523,6.8171802401048565,8.152460775124364,53.28337342655715,7.595305174821685,9.705497605658465
signsuisse_test,sockeye,271,5.486720879722693,8611.303220765043,5.186805630136026,10.069955879772355,10.069955879772355,5.426849166641157,7.996528669200012,67.12417829385697,5.186805769344366,10.06995555859201
signsuisse_test,sockeye,272,4.301599409826098,8919.759857325804,4.510608731351631,9.72473168093318,9.72473168093318,4.265642639744624,6.76568751337091,63.29028381811356,4.510609361422971,9.724731499015403
signsuisse_test,sockeye,273,4.7996627861946175,11158.37070940569,6.327580829085323,9.546673991270826,9.546673991270826,4.764774940619054,8.202666306957799,86.60050663248907,6.327580598620133,9.546673988969593
signsuisse_test,sockeye,274,11.53819870328185,20648.701113412888,11.374492829060522,13.449246743858028,13.449246743858028,11.51925749759632,12.330772738204278,57.94872406807977,11.37449317026568,13.449247594878315
signsuisse_test,sockeye,275,7.110788569747921,11284.255899397596,5.081881048359514,11.950302219872347,11.950302219872347,7.085547539490962,11.089294164877177,111.84051401404265,5.081881338050745,11.950302119365281
signsuisse_test,sockeye,276,6.342106279946514,13905.516083830233,7.1969510329665,12.056499775752316,12.056499775752316,6.311848167033465,11.193633722849778,108.15473359700317,7.196950863417726,12.056499903288639
signsuisse_test,sockeye,277,4.9795983786935,11917.823628683569,5.995272617429331,12.783544532891241,12.783544532891241,4.9283421017131825,11.891675945363701,128.92567417145096,5.995272919339994,12.78354459541201
signsuisse_test,sockeye,278,7.1851275779107695,16995.732553340495,7.966514878691793,13.386708237195002,13.386708237195002,7.14315607114119,12.633309862476024,121.04376112830748,7.966512137478022,13.386708370966492
signsuisse_test,sockeye,279,6.150200416157051,9720.79549764163,5.65638326679125,9.368978641266594,9.368978641266594,6.124888279313051,8.27142398095082,78.46262655575535,5.6563856579127565,9.368978452261432
signsuisse_test,sockeye,280,4.464965683187106,8709.88387887568,3.9663512581959743,8.569260312885675,8.569260312885675,4.440088556588172,6.673861794667904,56.8941344720662,3.9663512204804605,8.569260319309274
signsuisse_test,sockeye,281,7.755621738606413,16661.494320894883,6.331364070031681,11.232197591330307,11.232197591330307,7.761830620095922,10.441450796659886,85.98485811704202,6.331360148293356,11.232197540913557
signsuisse_test,sockeye,282,5.519840474294675,10051.02235886812,8.169346918087959,10.58327602216461,10.58327602216461,5.399030598866843,8.220914225592804,87.19460861723005,8.169346362381246,10.583276019636866
signsuisse_test,sockeye,283,6.083296013634417,11500.239147562952,6.667184666462212,8.403441070116912,8.403441070116912,6.033251677724033,7.107722187012187,74.54195301247042,6.667185553277554,8.40344105427433
signsuisse_test,sockeye,284,4.174177951764139,10115.131294938863,5.471149175181445,8.369440183354076,8.369440183354076,4.0388379054047086,6.8241553496746095,70.15323122354907,5.471150341258186,8.369440074343348
signsuisse_test,sockeye,285,6.464185786798486,12336.485421168962,6.555551529756679,8.676554911640054,8.676554911640054,6.3070932479085995,7.103400404581505,60.287888002905234,6.555549217379484,8.6765549801549
signsuisse_test,sockeye,286,7.385115069675351,10284.939356884077,7.553392756752972,13.530047301430413,13.530047301430413,7.337508049578166,10.785505981447738,96.0551613853709,7.553393161303259,13.530046809376055
signsuisse_test,sockeye,287,6.547217318981774,12719.046035258685,6.131872090418144,10.37844397004098,10.37844397004098,6.52488597777919,8.776160076162867,84.16059836790676,6.1318720413772,10.378443797530766
signsuisse_test,sockeye,288,5.449697202082098,11583.17545375304,3.9619254987627777,9.892906216198261,9.892906216198261,5.4329288376074265,8.98934393665857,92.10381671547518,3.961926335645409,9.892906235986644
signsuisse_test,sockeye,289,7.549770045171504,15470.985241561943,8.684331443521874,13.164173778502738,13.164173778502738,7.44867790517881,11.856817202557954,121.28556071674272,8.684330757433363,13.164173798726242
signsuisse_test,sockeye,290,6.839578803086431,12045.921910348601,6.567321450722003,12.957350471758676,12.957350471758676,6.800333237476795,11.629046930416754,122.73298482924818,6.56731771924846,12.957350457836267
signsuisse_test,sockeye,291,4.67239837478205,12996.537592602459,4.445428053492121,7.4209946351815725,7.4209946351815725,4.649741551376948,5.690165780493874,48.72056424308272,4.445428510396307,7.420994629279818
signsuisse_test,sockeye,292,4.847617971144378,10904.096890777006,4.360734088107013,9.419154949007654,9.419154949007654,4.834346227633785,8.089115423460386,72.00794832017047,4.360732778898375,9.419155071194153
signsuisse_test,sockeye,293,6.65008920556868,13432.724105313673,8.138696185076654,10.876602116959475,10.876602116959475,6.6049364266300215,9.135694390355376,85.54624837841936,8.13869727653083,10.876602136727943
signsuisse_test,sockeye,294,7.695706567201033,13740.11126850077,8.756741608434186,11.950727221356797,11.950727221356797,7.6172896208098075,10.810644301095131,117.90482142352522,8.756739928401549,11.950727233024079
signsuisse_test,sockeye,295,7.225334913539366,11504.78729150818,8.077554515307774,13.859553840193152,13.859553840193152,7.074531218597821,12.793420025402078,122.24383830075514,8.077555834215234,13.859553840040316
signsuisse_test,sockeye,296,6.327125417709352,14079.753715349774,6.290800742705848,8.641691666741963,8.641691666741963,6.320475500830167,7.238123313995242,64.5159532638276,6.290798348818432,8.641691635999402
signsuisse_test,sockeye,297,5.768854470728793,13430.825355429291,5.32958219782337,14.535528846523702,14.535528846523702,5.750623194368681,12.310281322909402,126.82056831902678,5.3295830582476045,14.535528655435703
signsuisse_test,sockeye,298,6.066174293215162,11648.580730372874,7.007042579644411,12.406936968148367,12.406936968148367,5.973304189370606,11.395952150827418,111.5597622106742,7.007043432906689,12.406936948048084
signsuisse_test,sockeye,299,7.317151555123415,10993.724996280354,7.478072911096295,11.399096985486077,11.399096985486077,7.198584190335685,9.900274180066248,104.18191117681515,7.478073824548954,11.39909698186661
signsuisse_test,sockeye,300,7.575404566036447,13848.729365351217,7.499412157614139,10.737655030504936,10.737655030504936,7.488619529697502,9.37915735889605,85.68750911956904,7.499411830935101,10.737655051152277
signsuisse_test,sockeye,301,5.233224629919903,11920.72323395506,5.922826090838278,7.951452330922129,7.951452330922129,5.149364004194081,6.183314054501642,61.7764048144222,5.922826417084081,7.951452379317384
signsuisse_test,sockeye,302,6.7412549786292555,15506.393677639888,7.9075168938655676,10.53066300990651,10.53066300990651,6.705587667551704,8.977536412442008,72.1283122100893,7.907513919303291,10.53066297054232
signsuisse_test,sockeye,303,6.956519079726814,12189.022962626912,6.512776303716557,11.518348158965388,11.518348158965388,6.9055497885462795,10.34346001807922,93.62342750991245,6.512776870297663,11.51834814878419
signsuisse_test,sockeye,304,6.1107479288082756,11794.253874096526,6.083447567243949,9.370179462406163,9.370179462406163,6.07331874986148,8.474672283670659,80.50436570105128,6.083447511900664,9.370179585690366
signsuisse_test,sockeye,305,5.842181585177074,11263.554031059351,6.435050238981903,9.403665245124142,9.403665245124142,5.800548795589188,7.977638519152232,65.46820181542014,6.435049739850944,9.403665035441316
signsuisse_test,sockeye,306,3.5626705342775247,9852.528635709255,5.3522498389796835,6.304822486990028,6.304822486990028,3.524577692503704,4.1392072128449815,16.783058968363104,5.352251168526842,6.304822525946892
signsuisse_test,sockeye,307,6.267365300309032,13252.712754144133,5.880225702911976,17.382091393284057,17.382091393284057,6.256893131780549,17.23872949490289,166.9637308713278,5.880224768999788,17.382091263934786
signsuisse_test,sockeye,308,4.899692366599698,9853.53670934873,5.99831872996776,8.730454585727701,8.730454585727701,4.821010241914179,7.265345832886851,74.51387195251935,5.998318901098369,8.730454469525133
signsuisse_test,sockeye,309,8.570009795287515,13687.227882982403,7.440434001456235,13.287542225680184,13.287542225680184,8.576107292040561,12.024897424613313,123.10408901018573,7.440433947444591,13.28754224210888
signsuisse_test,sockeye,310,5.1385940143091755,10096.070822111127,7.293248416502763,12.582406331142511,12.582406331142511,5.048553657445177,10.142856850496843,109.99896026119553,7.293248507791547,12.582406353649414
signsuisse_test,sockeye,311,5.78685545071953,10327.137737030665,6.503056124230566,8.518925036744964,8.518925036744964,5.6797679733900175,7.333182035456294,69.0455265078012,6.503056160237257,8.518925037757148
signsuisse_test,sockeye,312,9.782976512099843,12592.95869529676,8.251363704094752,10.438869566859049,10.438869566859049,9.71044920325614,10.028494590569869,41.504660953784594,8.251364344089794,10.438869540043047
signsuisse_test,sockeye,313,6.629019029151281,12282.882580166992,9.833433517941595,12.705587989272338,12.705587989272338,6.41293096027123,11.691676524928383,111.55397921037577,9.833433858182312,12.705588374322614
signsuisse_test,sockeye,314,7.525363387465352,15962.904473531118,7.063600677624857,12.965504019857333,12.965504019857333,7.410652527184215,12.031870886132342,113.77983376611171,7.063601334616426,12.965504195751041
signsuisse_test,sockeye,315,5.873442918124504,11224.405390000566,5.662282030727718,7.7833984909695015,7.7833984909695015,5.824920945703168,6.390038115460057,59.64331557286701,5.662282017959539,7.78339846621387
signsuisse_test,sockeye,316,6.662931467807508,11084.373758210033,7.27433525602937,10.023518431852429,10.023518431852429,6.594301868879765,8.358642771103803,80.65515523411997,7.274335459255475,10.023518443554277
signsuisse_test,sockeye,317,6.739534490308123,14138.67064247454,6.175543629691019,10.368451417719351,10.368451417719351,6.686336409711787,9.35589643703032,97.42575764642814,6.175543995797447,10.368451434004717
signsuisse_test,sockeye,318,7.648974898940507,12325.972212428782,6.743100895328806,12.263728067495357,12.263728067495357,7.601538436405586,10.668993399693974,79.57916709229434,6.743101853258472,12.263727648418039
signsuisse_test,sockeye,319,5.338785920176877,10704.604067951186,5.4539912475468535,9.25896806950305,9.25896806950305,5.32459253070743,9.183024275575683,83.41349546096548,5.453989639450204,9.258968070414904
signsuisse_test,sockeye,320,6.41824994666867,13359.523656282954,5.860690719869394,12.065912739862918,12.065912739862918,6.392869278466264,10.764509476522925,105.75701466911158,5.86069602287831,12.065912570151434
signsuisse_test,sockeye,321,6.5316512783714265,15309.82709998574,6.7691337225225094,14.277752735035081,14.277752735035081,6.535988552717922,13.40652496582384,149.51325662922451,6.76913288280042,14.277752596382806
signsuisse_test,sockeye,322,7.9898028646016614,17441.376485847853,8.208824384409242,12.852007257346626,12.852007257346626,8.03082990127158,11.562195309652155,103.27855544354158,8.208834264794556,12.852007214591683
signsuisse_test,sockeye,323,8.457944154692598,11200.409732253649,9.033510157252366,10.166300605864116,10.166300605864116,8.435201164707953,9.36762904270029,41.02137910288618,9.033509599618482,10.16630060804923
signsuisse_test,sockeye,324,7.197279065307065,12054.19510580094,7.086671774804428,9.53670452296536,9.53670452296536,7.134319590949913,8.094940544398552,77.99889698207296,7.086671569969347,9.536704508724025
signsuisse_test,sockeye,325,5.271215172213262,10132.945845932312,3.688462201546938,8.965374371366579,8.965374371366579,5.252595599494749,7.609055286623802,75.99103864648073,3.688462972175577,8.9653743711266
signsuisse_test,sockeye,326,11.856272331501772,12003.307932898471,11.543437205921212,14.034481404426819,14.034481404426819,11.824447942535796,12.393367430521502,50.156936702133386,11.543437838568698,14.034481452355656
signsuisse_test,sockeye,327,6.609573751661564,13060.094784701989,7.112749375847779,10.469209707063959,10.469209707063959,6.508548786876529,9.599949273582425,92.65917114826809,7.112754465200552,10.469209722907223
signsuisse_test,sockeye,328,7.996779578364061,18383.501878730007,7.939467774390622,14.256408260382774,14.256408260382774,7.9629276155429,13.453522508710291,118.23375875192171,7.9394685555996185,14.256408414725863
signsuisse_test,sockeye,329,6.276430195157768,12590.98693042748,6.156113555402072,8.767528063022963,8.767528063022963,6.233212034632435,7.898519278292722,77.13118113179709,6.156112105912498,8.767528425742384
signsuisse_test,sockeye,330,6.903164566481965,13188.419572439583,6.879072740660736,11.735715315045823,11.735715315045823,6.741963578230561,10.798474830498023,105.72813667242967,6.879073319943829,11.735715324786538
signsuisse_test,sockeye,331,7.975024925074039,11219.656724275408,7.798269775649608,11.385788399195908,11.385788399195908,7.9424002961226075,9.776850557497298,69.78135177366083,7.79826834243224,11.38578839786909
signsuisse_test,sockeye,332,6.2997834714096905,13078.521640780398,7.069886457861854,13.019647167213789,13.019647167213789,6.222766147930514,11.949273680915402,118.47638404928713,7.069886308004711,13.01964712424464
signsuisse_test,sockeye,333,6.07451139530599,12163.094960222159,7.1568609620774115,11.6155616207805,11.6155616207805,5.9627045342079015,10.488687182736523,102.850260213864,7.156862209676074,11.615562237149792
signsuisse_test,sockeye,334,5.839651983189056,11895.149013722466,5.608541332921428,8.910056012994241,8.910056012994241,5.733995468929448,8.06040071788025,84.41872756192599,5.608539671785304,8.910056014920455
signsuisse_test,sockeye,335,3.679313841977311,8436.459875677829,5.602209286771599,7.997361853463161,7.997361853463161,3.6386358358656374,5.420593841021034,54.61049242099606,5.602209783453959,7.997361869592791
signsuisse_test,sockeye,336,4.72239973883485,10536.355908912348,5.560833278333531,9.793426298078945,9.793426298078945,4.711299791172362,9.239886475213805,91.15453266602222,5.560830690618734,9.79342578742958
signsuisse_test,sockeye,337,6.587867338252669,14476.37036349246,6.691879807805212,15.182018866934998,15.182018866934998,6.560203032237713,13.979738027510884,139.91277692029578,6.691876794590206,15.18201886228491
signsuisse_test,sockeye,338,2.169061757501551,10483.063132199646,2.233238961137156,2.267906732654175,2.267906732654175,2.157572349520747,2.193377506576756,9.350977473115806,2.2332388720479575,2.267906756098835
signsuisse_test,sockeye,339,5.79036036236608,9575.140923487386,5.3902460129908105,10.745451429418079,10.745451429418079,5.720273712673105,8.783664779466964,79.20646735100044,5.390246311392389,10.74545137408645
signsuisse_test,sockeye,340,6.288548469611737,11788.15513383483,5.042346984008628,10.960137936004688,10.960137936004688,6.268664328128616,9.648504460017499,103.90587941073538,5.042345847802355,10.9601379587091
signsuisse_test,sockeye,341,6.2866647655410635,11837.396498360951,7.606965636869354,12.399972699187597,12.399972699187597,6.202859169532491,10.828566868062664,112.03346970405494,7.6069651520368655,12.399972850935637
signsuisse_test,sockeye,342,4.838485222181145,10216.007630957143,6.9556489963256825,8.144975113170377,8.144975113170377,4.760266894127312,5.892265307060603,62.0177994899337,6.955651486140589,8.144975125315714
signsuisse_test,sockeye,343,5.318567921209231,12785.7625605811,5.611555393533684,11.79437130316322,11.79437130316322,5.28141047518155,11.641600747244771,108.57827943458786,5.611554451504928,11.794371324259217
signsuisse_test,sockeye,344,8.418140191617283,18978.083487393247,9.189195252997498,14.76879973322244,14.76879973322244,8.381789567817979,12.930347090618119,114.61381207026041,9.18919672330998,14.76879973267466
signsuisse_test,sockeye,345,7.863871322628723,10062.963855207969,8.489072042127551,11.420644637148655,11.420644637148655,7.697935870163802,10.127595345747281,102.20946727330606,8.489071905142143,11.42064459662033
signsuisse_test,sockeye,346,5.831309617295669,10586.800126126254,5.868053439599274,7.509159737677528,7.509159737677528,5.758644176963249,6.140758667541088,56.42492129751412,5.868052944495169,7.509159764772735
signsuisse_test,sockeye,347,6.322477998662957,16816.10584316747,6.408692585985735,9.680591890566847,9.680591890566847,6.296498142846299,9.572838293995446,76.03723153709743,6.408692126600011,9.680591898342145
signsuisse_test,sockeye,348,3.775149910648348,9030.463669289355,3.9275602918358534,8.009080104668087,8.009080104668087,3.693551024135127,4.614224782433566,35.92318622786562,3.927560671402842,8.009080074311667
signsuisse_test,sockeye,349,8.249222083200939,11888.305715416436,8.311489821332755,13.491497833382008,13.491497833382008,8.210416581067484,13.537902166841583,101.58175904912002,8.3114898323929,13.491497746889868
signsuisse_test,sockeye,350,6.00579215234189,10771.948510064438,5.936499801612856,11.228908740960238,11.228908740960238,5.978721411827103,9.213025956630217,95.78769771885261,5.936499931347805,11.228908745435971
signsuisse_test,sockeye,351,5.759283976390894,10808.300513357004,4.673144623465966,11.853483233296467,11.853483233296467,5.725952116587493,9.984909046115867,104.43957791805262,4.673143416518279,11.853483188828884
signsuisse_test,sockeye,352,6.9152776272236185,14641.747735744184,7.224290069452169,12.076674774559391,12.076674774559391,6.894994559841867,11.160567379973577,113.18693711447443,7.224290344654496,12.076674642588301
signsuisse_test,sockeye,353,5.96633973903322,11964.673775425696,8.500003107881241,14.336961958835829,14.336961958835829,5.839250686781034,12.37697370121346,133.3679166418682,8.50000337998057,14.336961872709693
signsuisse_test,sockeye,354,5.810124637642654,9629.0916467174,4.296161358017256,9.291810271417704,9.291810271417704,5.788605569584119,8.361829121127212,83.27347420616546,4.296161970800028,9.29181018408484
signsuisse_test,sockeye,355,9.45688793938572,14483.887233221702,12.779944585791625,17.272577804395574,17.272577804395574,9.19412982333574,15.380326979591674,169.5329204186904,12.779942979543241,17.272578467641843
signsuisse_test,sockeye,356,5.005482851195351,10380.677038313952,5.009048106051191,11.341558269412795,11.341558269412795,4.984703382825264,9.826837167804808,106.33229229626836,5.0090475156487475,11.341558280580971
signsuisse_test,sockeye,357,4.712839101277668,10161.105375649226,4.106780156735032,8.864145485158618,8.864145485158618,4.699194407468985,8.02365280237478,81.21601016110715,4.10677810531047,8.86414554600836
signsuisse_test,sockeye,358,5.471902422867718,10384.673476682347,4.619761621317525,10.824485039173725,10.824485039173725,5.430305579635636,9.316400122503191,94.03854007444258,4.619762365597916,10.824485069613134
signsuisse_test,sockeye,359,4.130416783318781,10048.749616340941,3.796589908017132,4.703315667818278,4.703315667818278,4.097031448550068,4.342275416621659,28.85986433276735,3.796590100731286,4.703316081610662
signsuisse_test,sockeye,360,5.4689378370245,12016.557660237346,5.407212778559123,11.06087852923899,11.06087852923899,5.44582029807738,10.30643106426645,110.84799844429985,5.407212777150608,11.06087853983271
signsuisse_test,sockeye,361,6.824984095579065,11549.36826938338,7.854091645378859,9.425106446016722,9.425106446016722,6.793213439144197,7.741413707497204,55.287360385815894,7.854090275447814,9.425106435481768
signsuisse_test,sockeye,362,5.773725397623222,10490.468080165107,4.4145210592831505,10.53594568944714,10.53594568944714,5.75226891615152,8.526324096894536,93.8095125248277,4.414518417904588,10.53594569908614
signsuisse_test,sockeye,363,5.486357927223847,11874.237599815764,7.646332593856962,10.383205126984105,10.383205126984105,5.403596732890856,8.219587148385678,71.28055720912343,7.646332538946884,10.383205300684288
signsuisse_test,sockeye,364,6.772134860319961,12880.448225617249,9.599516491312006,13.483747897804145,13.483747897804145,6.718268566356305,11.383221180346101,119.06062324696725,9.599516635963013,13.483747934607344
signsuisse_test,sockeye,365,4.734906766706975,9998.666230767154,4.210981420321476,8.610266948435694,8.610266948435694,4.708416538329805,6.603255021023664,60.61590541043839,4.210981561309962,8.610267096522225
signsuisse_test,sockeye,366,5.276777271681219,11267.91863876349,6.515847393040109,8.472714414798062,8.472714414798062,5.251449170616761,7.156007544355483,55.55166884684933,6.515847289173029,8.47271442012387
signsuisse_test,sockeye,367,5.3302002789112235,10168.225751315018,6.0521232514285765,8.00478152277625,8.00478152277625,5.269508377059303,6.270136849694891,41.15369696280863,6.052124064344803,8.004781501672074
signsuisse_test,sockeye,368,7.411013943556696,12513.533829198055,6.622565833156986,11.339609646290963,11.339609646290963,7.392058065111322,10.785455626912954,116.59081146534675,6.622565667903367,11.339609513762905
signsuisse_test,sockeye,369,5.204417540265915,11055.516566283559,5.688604090975765,9.442418501924031,9.442418501924031,5.192781893026627,8.29397407895584,79.04680092108539,5.688602506778996,9.442418467580248
signsuisse_test,sockeye,370,5.7269951087117885,9326.98533702987,4.618828798539157,8.845205145434663,8.845205145434663,5.655738619008441,6.845141591098768,46.75904792995535,4.618829473906275,8.845205178341152
signsuisse_test,sockeye,371,8.089111050119616,17763.520314429566,8.380609881325057,12.678701082976024,12.678701082976024,8.062784391796338,11.931963041433628,105.19203716676013,8.380608599391497,12.678701077886133
signsuisse_test,sockeye,372,4.929889390288474,11149.1077891463,5.453956967928226,9.89941049481951,9.89941049481951,4.788770862043437,9.026317189391104,81.72329897049802,5.453954904203695,9.899410495799971
signsuisse_test,sockeye,373,5.183362972840502,10326.024527964686,3.767935713587345,9.249371378557631,9.249371378557631,5.168976558500479,8.181507210797198,84.43610939422128,3.7679373229997437,9.249371458172297
signsuisse_test,sockeye,374,8.940314324422902,15739.760920601986,10.24904426350886,12.879412983754444,12.879412983754444,8.735206769456928,10.851643243045677,81.16550420988149,10.249045154484733,12.879413043441664
signsuisse_test,sockeye,375,4.348612474311254,11785.042075349624,5.180097251171485,8.054818291612756,8.054818291612756,4.304165791467494,7.507028823663866,64.00957324235011,5.180095799953802,8.054818270365335
signsuisse_test,sockeye,376,5.530450457347231,10901.53498970495,5.132539753878452,9.974731719503069,9.974731719503069,5.509608609017478,8.3992339712728,79.5473029576278,5.132539773369139,9.974731726037305
signsuisse_test,sockeye,377,4.438940494854205,10299.768974198829,7.064896793108362,9.774232340658346,9.774232340658346,4.361324971811681,7.158519298681548,77.70167537822655,7.064896244471181,9.774232642107181
signsuisse_test,sockeye,378,4.9297578492771255,8877.102551121397,4.4401705154881235,8.996226868858777,8.996226868858777,4.902743265163249,7.370276838356793,64.8510865124125,4.440170560938749,8.996226687971152
signsuisse_test,sockeye,379,5.713697794413518,11885.370438122545,8.881893150307118,9.875484166790816,9.875484166790816,5.6571442294788605,5.943873970861556,38.763652169993875,8.881892587355058,9.875484202461527
signsuisse_test,sockeye,380,7.85619897752316,13434.417776492817,8.027088317972508,13.033584563370933,13.033584563370933,7.698155248321477,11.973072891463378,108.33251459220052,8.027090439498444,13.03358487797321
signsuisse_test,sockeye,381,6.2127121072153875,10799.202698288565,7.098690497560225,11.335014145339114,11.335014145339114,6.117263502473014,10.546128012358265,106.33402917578017,7.098690219724604,11.33501413010562
signsuisse_test,sockeye,382,7.104779836222075,15434.884854252541,9.066835312760205,12.422508930361166,12.422508930361166,7.003151517687635,10.707744573633882,95.98661469687227,9.066832165854073,12.422509029503725
signsuisse_test,sockeye,383,5.687375251374381,13880.64577253753,5.692721953925233,9.214349701090647,9.214349701090647,5.664711788046729,7.899147483943577,70.87321896362322,5.692718838536146,9.214349959520591
signsuisse_test,sockeye,384,5.694093146821454,10409.969356911737,6.5536188069923735,9.36413482225099,9.36413482225099,5.675678495528841,8.065399218604563,76.52678346712278,6.553618526523345,9.364134821754488
signsuisse_test,sockeye,385,5.322170028704951,10834.491946255053,6.491260965273741,9.773410256862283,9.773410256862283,5.257023836326244,8.099322192064587,87.58911543230892,6.491260097465709,9.77341030079736
signsuisse_test,sockeye,386,5.451777390522117,14274.14490078622,7.005372795893749,10.146354853385434,10.146354853385434,5.428577552427498,8.661442468149286,82.55915825401804,7.005372746276096,10.146354851585475
signsuisse_test,sockeye,387,5.098153475767542,10755.63983234915,4.492987187402302,12.439970872680068,12.439970872680068,5.067495753492109,11.010634193565233,118.74187589465603,4.4929854326315715,12.439970815794796
signsuisse_test,sockeye,388,5.17822672804965,12433.454915691122,5.492880615627079,9.865685707223893,9.865685707223893,5.096347428348905,9.21704290516034,91.23507636071827,5.492878823116898,9.865685650748825
signsuisse_test,sockeye,389,5.548147692443817,11426.734902460756,5.591887116262854,10.057049422093892,10.057049422093892,5.511514485340999,8.711295776887331,92.58468017462411,5.59188520385042,10.057049473382621
signsuisse_test,sockeye,390,6.144048965793869,10368.680464107185,5.547831925912676,7.748823501958867,7.748823501958867,6.122156449816505,6.5723331875294875,61.58755806735822,5.547830823912444,7.7488232595921875
signsuisse_test,sockeye,391,5.544831741634708,10159.09567105743,5.44992835922415,10.277916346920588,10.277916346920588,5.516157358228195,9.084432620041811,84.19227029083211,5.449927999293491,10.27791644062212
signsuisse_test,sockeye,392,6.179344974378968,10998.47247342148,6.214928880503728,10.314883875910091,10.314883875910091,6.144740831967448,9.076180658608154,98.01955407161543,6.214928321803318,10.314883935142591
signsuisse_test,sockeye,393,5.379137284721637,11274.682462346498,6.975302347938874,11.052100674227951,11.052100674227951,5.309783733808178,9.540962185549146,94.23638537431454,6.975302592974404,11.052100678231756
signsuisse_test,sockeye,394,6.023725034773529,12436.467034827485,6.87868099784989,11.889934549561609,11.889934549561609,5.847180851656124,10.951120965376711,112.49729073667496,6.878679095813482,11.889934564913673
signsuisse_test,sockeye,395,7.014808269927295,14785.04046324757,7.756653109760947,10.761079131210256,10.761079131210256,6.975161448809522,9.602259461537956,78.1368947043659,7.756653004567715,10.761079146712435
signsuisse_test,sockeye,396,5.127337294912663,10358.599662798457,6.678843920347892,9.239650187093163,9.239650187093163,5.064640579938205,6.798779307178734,64.08916113284157,6.678848143550452,9.239650463049697
signsuisse_test,sockeye,397,4.812954488850321,11348.61795965497,5.1261447697401685,8.104171091159932,8.104171091159932,4.785384243207123,7.896991322995568,64.1168786721795,5.126145181031263,8.104171083706511
signsuisse_test,sockeye,398,5.718346985656796,11670.182626397987,7.109408987122586,11.163632786352261,11.163632786352261,5.554743597437659,9.45907728495968,94.25177738640056,7.1094084630046,11.16363275259643
signsuisse_test,sockeye,399,6.1325586453027965,11996.523043853187,6.437493523242955,8.791637041014079,8.791637041014079,6.066084502789825,7.760569194240767,62.788915682284404,6.437493685176298,8.791637060540234
signsuisse_test,sockeye,400,6.434808947542055,12150.85162482569,7.175038013680816,11.808768492316629,11.808768492316629,6.37183483072506,10.534958869062123,110.05609142760365,7.175036623386613,11.808768526935362
signsuisse_test,sockeye,401,5.017525369395698,11252.40146144755,5.054852742521872,9.986404885427984,9.986404885427984,5.001936198716616,9.908155385026909,95.54519489024452,5.054851811634218,9.986404660228768
signsuisse_test,sockeye,402,7.292355581530765,15802.92815793523,6.727788483357271,10.254249554873335,10.254249554873335,7.276921001248617,8.915195096228125,78.25284299490657,6.727787362127781,10.254249549302237
signsuisse_test,sockeye,403,6.772307723271584,11416.34073270695,7.554570567380601,11.334065997348514,11.334065997348514,6.72057239425723,10.12536559562076,85.40597148761847,7.55457190190466,11.334066269909133
signsuisse_test,sockeye,404,6.34613038184864,11692.879162446518,5.43318464734747,11.36545972164315,11.36545972164315,6.337512307109,11.346920452351336,123.46200343700225,5.433184181984166,11.36545971880092
signsuisse_test,sockeye,405,4.649606494582706,10027.287357668632,6.5129064590077475,8.727846048062185,8.727846048062185,4.569106700544277,7.130822552775576,71.64035404358037,6.51290472719224,8.727846081971743
signsuisse_test,sockeye,406,6.42628459331301,11662.772799658893,7.290600884094438,13.448976493807342,13.448976493807342,6.291871894957545,12.163942527001705,129.37314020450182,7.290599486786892,13.44897648082954
signsuisse_test,sockeye,407,5.903591941172471,11832.325508340706,5.835729632328268,10.230436955791637,10.230436955791637,5.851410377520298,7.9236468004610385,68.56196912763292,5.8357289059057935,10.230437282031096
signsuisse_test,sockeye,408,7.743873287909154,14470.168132900117,6.965329270225162,11.305249186885153,11.305249186885153,7.7383679322328245,10.762007371067916,82.34129981771241,6.965327838094662,11.305249245237233
signsuisse_test,sockeye,409,5.370941989921071,11751.126202151292,5.830728450168833,10.158767486425981,10.158767486425981,5.348573922568209,8.780368119557107,87.66237695127151,5.830728763586693,10.158767481570553
signsuisse_test,sockeye,410,5.133374719318748,12012.854610258291,5.349146191317631,9.897735816139747,9.897735816139747,5.04950901533802,8.716975936541441,94.10092203242895,5.3491478618423765,9.897735815065312
signsuisse_test,sockeye,411,5.182993688566752,9802.066776916172,5.726382099628109,6.97939259956487,6.97939259956487,5.159408407588836,5.761346298651894,45.70563152984322,5.7263807887569005,6.97939258595077
signsuisse_test,sockeye,412,4.918677025905158,9543.860244172121,5.196719794679786,9.411495937604357,9.411495937604357,4.904109805539001,9.062813498088556,80.56398947441318,5.196719495750147,9.41149591331666
signsuisse_test,sockeye,413,6.227701312560614,11234.42347788817,6.154122409029192,9.8346569314029,9.8346569314029,6.174074791593194,7.7765658859079645,81.67843438140633,6.154121512089297,9.83465698599053
signsuisse_test,sockeye,414,5.711583227364688,10515.1285789731,5.72270038166243,12.14269435189539,12.14269435189539,5.67951733884233,9.579447421706382,97.97323538056719,5.722698200294199,12.142694358702713
signsuisse_test,sockeye,415,8.165590239234083,11794.681397991339,8.212619109123192,10.872744026402863,10.872744026402863,7.9715773378336525,9.54262409551581,92.30607846267606,8.212619531623101,10.872744000198708
signsuisse_test,sockeye,416,4.736637548349462,10531.588173057875,5.024267149028969,9.553398129955113,9.553398129955113,4.696489931110625,7.96747557883464,75.12064234107898,5.024266723266973,9.553398130371372
signsuisse_test,sockeye,417,11.026884855308003,24103.68931980333,12.196847835692271,14.4886652317514,14.4886652317514,10.977535826153778,13.075742895138283,91.1760703080542,12.196849505851969,14.488665255089323
signsuisse_test,sockeye,418,5.116178951493395,10153.249158013203,6.086082940791191,9.501399859815333,9.501399859815333,5.101263250138528,8.323578994203826,86.87348043304274,6.086083108524658,9.501399899261111
signsuisse_test,sockeye,419,6.1502615500147435,10691.056749886708,6.424220520448609,13.013789022263799,13.013789022263799,6.11809457786215,12.019567339176339,127.07495766007354,6.424221905101992,13.013789030339044
signsuisse_test,sockeye,420,7.1273465303426535,11437.944421548409,7.918091022884347,11.946948349029599,11.946948349029599,7.045344280529387,10.59038472545929,109.62676913486277,7.918091386768014,11.946948464973625
signsuisse_test,sockeye,421,7.588854454190348,14633.542487559629,8.419090776372382,10.668468793353735,10.668468793353735,7.55172796763152,8.996880960507335,79.59888238306928,8.419093710842427,10.668468801893981
signsuisse_test,sockeye,422,4.474020470348067,9701.740148441435,5.1671836680422345,7.5859738766135285,7.5859738766135285,4.444462898652571,5.035215067404857,45.406300704456854,5.167184424552785,7.585973822110027
signsuisse_test,sockeye,423,8.360667742234012,14680.83473807229,8.452951822853455,13.336205858892995,13.336205858892995,8.2976305628143,12.510915865424149,124.28861799983353,8.45295342059127,13.336205817413624
signsuisse_test,sockeye,424,6.572758348342714,9603.436992919394,5.608574077740079,11.944402206073605,11.944402206073605,6.470689216883337,9.779175085715798,88.88268553998061,5.608574796522099,11.944402172192312
signsuisse_test,sockeye,425,5.481232551775931,10158.607089702406,6.276466178164932,10.655235005437898,10.655235005437898,5.4216419700369824,8.716404186369957,80.99769166194396,6.276465671141311,10.655235219000119
signsuisse_test,sockeye,426,7.35448178038325,10829.122761238556,7.188248197860195,10.161847032801049,10.161847032801049,7.3333675153815925,9.572076737156346,78.35038043034294,7.188248183244326,10.161847161539484
signsuisse_test,sockeye,427,5.539174846183768,10855.5280492986,6.884386393863703,10.976806144547371,10.976806144547371,5.466614151876715,8.338759824557204,89.10872263704618,6.884387629269351,10.976806044156206
signsuisse_test,sockeye,428,5.673311671132816,10096.186228272083,4.075855170218422,10.401425629995416,10.401425629995416,5.653295967425171,8.94967041423431,93.19841546193453,4.075855144187009,10.401425597937038
signsuisse_test,sockeye,429,4.989715751833476,10535.489636669716,5.105607986994535,6.950850903686058,6.950850903686058,4.920964532960568,5.3633320883817515,57.21472284775068,5.105608062232012,6.950851603680754
signsuisse_test,sockeye,430,6.6560808565715925,11957.733790406937,6.164786788810253,10.31590525888632,10.31590525888632,6.504479590241557,9.172349126799695,95.07149195530252,6.164784561871652,10.315905303859797
signsuisse_test,sockeye,431,6.345611023084132,11257.137923808847,5.119785814836296,9.417395684786205,9.417395684786205,6.3243031351549135,8.33743921167337,80.12705702991619,5.119785448874031,9.417395619572542
signsuisse_test,sockeye,432,4.211842604260249,9830.319279720785,4.398718980899378,8.841654397949393,8.841654397949393,4.192585053475876,7.379585433268086,76.14076288104394,4.398718606745596,8.841654548063124
signsuisse_test,sockeye,433,6.324051701752201,12893.41928989347,7.104732342030608,8.792947728008945,8.792947728008945,6.283760562031936,7.090791375066022,63.479623620033514,7.104733191931611,8.792947372434766
signsuisse_test,sockeye,434,5.733660459609107,10149.775616304838,3.7419321734635544,10.061582238585821,10.061582238585821,5.714178311735476,8.894693227480548,92.11893415712846,3.7419321403337023,10.061582235730453
signsuisse_test,sockeye,435,8.094586004309152,11770.674324042284,8.053067138446986,10.442003488187524,10.442003488187524,7.99768841909134,9.231684330765844,82.71455011603676,8.053065387234037,10.44200352708091
signsuisse_test,sockeye,436,6.434468633092856,12945.601011345329,7.777715920410052,9.515259552901412,9.515259552901412,6.413365936967474,7.186615250173655,49.82401142459649,7.7777145292374446,9.5152595607846
signsuisse_test,sockeye,437,5.339123051018369,10231.31188305541,7.195205927471242,11.380944251930227,11.380944251930227,5.2820974729004915,10.498424564711215,106.34898387086939,7.195206322165673,11.380944274846525
signsuisse_test,sockeye,438,6.134024698153183,10182.570609335706,4.849384729881744,9.173760674171422,9.173760674171422,6.095136740379374,7.632363010775094,76.01964593028409,4.8493872915889105,9.173760622280131
signsuisse_test,sockeye,439,6.369467988563054,8751.971753623897,6.427262844360438,9.219219966506781,9.219219966506781,6.345260590402052,8.123203141976562,58.08236786536967,6.427263565092896,9.219220056615018
signsuisse_test,sockeye,440,6.810480684126971,11056.276393500195,7.166510863377113,11.140752311332129,11.140752311332129,6.790974723509219,9.662915067393165,92.76139671974333,7.166508990837461,11.140752389088666
signsuisse_test,sockeye,441,7.430083453318083,12529.701571217269,5.795644728600832,10.650924285510902,10.650924285510902,7.42081278671163,8.988845585983562,91.32281109756174,5.795645465146321,10.650924301345427
signsuisse_test,sockeye,442,5.504040614999022,10422.214406061388,5.112949831553353,8.983374384252649,8.983374384252649,5.488963303959174,7.548624494730609,76.09042672950117,5.112951259361941,8.983374381440012
signsuisse_test,sockeye,443,7.310705451162569,15365.799096883837,7.2841155280168115,11.793441944629043,11.793441944629043,7.292389202171707,10.566947389168813,86.19203581489157,7.284115249212008,11.793441942771015
signsuisse_test,sockeye,444,6.195847322835869,10784.29365828692,6.937336766424277,8.626205513964306,8.626205513964306,6.195538939771272,7.677953092631301,86.61065096206495,6.937335936581795,8.62620547305157
signsuisse_test,sockeye,445,6.475631031558643,10368.843670343329,4.7695178762053425,9.880653158486819,9.880653158486819,6.458011863256589,8.32242903865686,85.50720553445417,4.769517566450964,9.8806531979197
signsuisse_test,sockeye,446,5.518806236223345,11468.515941580565,4.526138377565889,9.739459818386441,9.739459818386441,5.50932989582528,8.244839254385722,83.30090156434865,4.526137097530289,9.739459824220424
signsuisse_test,sockeye,447,8.040461645818967,18044.522215300723,8.930277896616138,12.118633279747607,12.118633279747607,8.043085449742023,11.182464117116458,106.83279981249723,8.930276755221447,12.118633290921403
signsuisse_test,sockeye,448,6.811960829184588,10269.86748719388,6.911440676558475,12.657553884869438,12.657553884869438,6.727170900630336,11.307352674990511,111.35746074234387,6.911443389668434,12.657553732244242
signsuisse_test,sockeye,449,5.8207765887394105,12575.091937825375,7.400608610901513,9.140870994028766,9.140870994028766,5.779446434976798,7.335928005432043,72.70524187449003,7.400609705812089,9.140870983527318
signsuisse_test,sockeye,450,4.862927143112159,10489.616396825895,6.35151276456461,9.96576997989419,9.96576997989419,4.794639904627833,7.803178268229907,75.27483734268563,6.35151280265231,9.96577001388657
signsuisse_test,sockeye,451,7.569774396033243,12200.188067161533,7.645454817667549,11.507195711188595,11.507195711188595,7.420412743376082,9.866688037035198,104.25297039050254,7.645455453105556,11.507196118763396
signsuisse_test,sockeye,452,9.961410066739752,13279.576138145623,7.790860359817707,13.084848966397463,13.084848966397463,9.951728576627223,12.34445896264536,113.10193380981316,7.790858723305431,13.084848953525666
signsuisse_test,sockeye,453,7.027305543239619,16388.16100253837,5.945214878124731,11.586712570487915,11.586712570487915,7.017939311451498,10.952409325318191,101.98806574449061,5.945216260387864,11.586712572797424
signsuisse_test,sockeye,454,5.931423278038797,12473.955056377796,5.436018102593184,10.831197308158043,10.831197308158043,5.92789247507909,9.667253879543054,100.83558855069411,5.436018105425918,10.831197319481273
signsuisse_test,sockeye,455,5.12864109196412,11210.274738159584,5.390778660233567,8.608119408771735,8.608119408771735,5.093197314281794,7.299651199863676,77.0128093046045,5.390778769583541,8.608119376771436
signsuisse_test,sockeye,456,7.209787144161835,11890.122594106004,6.779251200683926,9.983803725075875,9.983803725075875,7.163292588483921,8.277575845491448,86.03854596904678,6.7792494861580606,9.98380364826518
signsuisse_test,sockeye,457,6.210523794549911,11868.81416070224,7.190758092132825,9.63050362829524,9.63050362829524,6.144931866950861,8.15374155181774,79.67183605723136,7.190759227679986,9.630503623817166
signsuisse_test,sockeye,458,7.4442081859514015,12374.989774903705,8.498620405314458,12.966634294096563,12.966634294096563,7.4004238840642795,11.552858261889332,126.01805476570455,8.498619641620476,12.966634187909685
signsuisse_test,sockeye,459,4.9479989480690705,9355.835664334812,5.467674941103537,8.915283261634315,8.915283261634315,4.913852137313835,7.44015950898334,59.06132395911202,5.467675194673985,8.915283262103193
signsuisse_test,sockeye,460,9.042183287472579,15164.500072096796,9.93360830190108,11.904061814718935,11.904061814718935,8.987598970996235,10.597802913945241,70.74891054140473,9.933605310888847,11.904061819273585
signsuisse_test,sockeye,461,7.206103666404002,13831.233653765352,6.042012140340721,10.7494583074669,10.7494583074669,7.0159746050777585,9.869239523438637,101.555135452105,6.042011253117549,10.749458360308813
signsuisse_test,sockeye,462,5.4773326346901,14409.589107194794,5.522399783153707,7.487645467700343,7.487645467700343,5.481380185045817,7.461636903011519,57.63762778931965,5.522399584411725,7.487645466638282
signsuisse_test,sockeye,463,10.730598106562523,19208.15048296393,11.969857913178174,13.751357736773159,13.751357736773159,10.659179803952574,12.570795433198777,58.906190618653106,11.969858961507189,13.75135774469148
signsuisse_test,sockeye,464,3.619205004948981,9359.641879544517,4.269966323386914,8.599109035981414,8.599109035981414,3.580110456538299,8.251687385782025,69.35943675091693,4.269967266774242,8.5991090045059
signsuisse_test,sockeye,465,6.446080282085798,11789.697225505364,6.804104748007836,9.366637904947028,9.366637904947028,6.355378718130508,8.052061598605583,79.69826733296311,6.80410479092185,9.366638087660345
signsuisse_test,sockeye,466,5.638785758855685,12463.193756220624,5.248692277772601,11.748114771605945,11.748114771605945,5.620226675086689,10.453509705395387,108.96048628716053,5.24869376691297,11.748114554820344
signsuisse_test,sockeye,467,8.461560699566766,12040.018109626737,6.75594422928365,10.634418039307642,10.634418039307642,8.444961556572801,10.006411556322446,88.40903199074533,6.755945443447891,10.63441809574803
signsuisse_test,sockeye,468,5.831554083052822,11599.861929274024,6.5026587220786825,11.289747064216932,11.289747064216932,5.790556937776095,10.15704017920178,106.115023658242,6.502656657571624,11.289747026464838
signsuisse_test,sockeye,469,10.000812533112926,18088.810779967323,10.463670391155324,16.406956914825404,16.406956914825404,9.879486213887404,15.702586445442606,181.18348166772046,10.463668484540936,16.40695692116692
signsuisse_test,sockeye,470,8.219958808421119,12730.911024702951,8.478115278546309,14.020773741828608,14.020773741828608,8.186806071654255,13.715196441631484,150.49294476676826,8.478115055392095,14.020773739111824
signsuisse_test,sockeye,471,5.188094055745648,9146.500688539669,4.868876801023592,10.591710664786465,10.591710664786465,5.1379962553819905,8.547669869648226,77.28067482372204,4.868876552798211,10.59171065693134
signsuisse_test,sockeye,472,6.688497550124489,13368.97048305038,7.655823609549784,12.90006475991457,12.90006475991457,6.4657240957327655,11.251099668831134,120.30372465993241,7.655824281946758,12.900064720109075
signsuisse_test,sockeye,473,9.837657165414358,17774.953836854223,9.727954634838202,13.73955686246134,13.73955686246134,9.82696075467212,12.58201306195473,97.96950889626103,9.72795404191518,13.73955685225727
signsuisse_test,sockeye,474,4.449620190423775,10125.911644368574,3.828533934949282,9.873720282706689,9.873720282706689,4.435269255938581,9.062019193719406,93.61425720661525,3.8285338185313447,9.87372023412742
signsuisse_test,sockeye,475,7.472915463618106,9292.27222054096,6.9796277257989106,10.796262458675805,10.796262458675805,7.44070285353056,9.196622784057462,43.61868252480819,6.979626446362026,10.796262987639754
signsuisse_test,sockeye,476,5.930022006111439,12896.482144686468,5.894463254292142,10.016218825879397,10.016218825879397,5.922903594514416,8.822411228604167,77.68637275937165,5.894462470050848,10.016218844450954
signsuisse_test,sockeye,477,5.950660300552207,11554.716745933822,5.1523615166434595,13.542176345964062,13.542176345964062,5.932393964605136,12.424176843835767,136.8839795212209,5.152361248407852,13.542176401618143
signsuisse_test,sockeye,478,7.92258777844622,13934.170229309186,8.241016966443713,11.945800953963944,11.945800953963944,7.877318781930649,11.087486455012533,107.5427286108988,8.241016565508968,11.945800935852636
signsuisse_test,sockeye,479,6.166824509360119,11190.577269120833,6.780553093052734,13.470666419392618,13.470666419392618,5.953973478363561,12.572792028140917,127.43193879477019,6.780555131834521,13.470666388368175
signsuisse_test,sockeye,480,6.447472883778698,12095.680712980553,6.7878757855906455,12.398253583313673,12.398253583313673,6.3918007304289075,12.175073087851827,127.95511575384968,6.787874781034638,12.398253582623672
signsuisse_test,sockeye,481,6.350051511069611,12556.90800549047,6.555033085835052,11.732444887395848,11.732444887395848,6.341338785610829,10.693769472585624,94.09523202170266,6.555033443388691,11.73244491658066
signsuisse_test,sockeye,482,6.205444899665752,11238.872378635779,7.184816748803236,11.280756863451515,11.280756863451515,6.127597488627235,9.274960801864959,93.16549405081791,7.184818540761798,11.280756923176362
signsuisse_test,sockeye,483,5.664832720154255,11763.40550395633,4.708288815603691,8.422078615179029,8.422078615179029,5.659256633845731,6.996478260981064,74.3170345850526,4.708288955046122,8.422078622145913
signsuisse_test,sockeye,484,5.983380165021995,12906.934809829869,6.876685095696439,12.70803248677,12.70803248677,5.941741423453636,11.672186805215953,115.42623255094841,6.876686600831123,12.708032479515804
signsuisse_test,sockeye,485,5.645059679436186,9107.534708546531,3.991289837097347,9.452623123423983,9.452623123423983,5.622281029502569,7.618033072976935,73.55154373362161,3.991288937937606,9.45262315894972
signsuisse_test,sockeye,486,6.216048188525781,11771.400416961333,6.638900198016635,11.238654383480094,11.238654383480094,6.135743158439523,9.884955305866422,102.08196108531513,6.638902673846023,11.238654356435203
signsuisse_test,sockeye,487,6.912516234753421,12728.508520598221,6.871597884343366,12.33086110150004,12.33086110150004,6.89656909131765,11.017421107561223,111.00523388184895,6.871598059605594,12.330861011378023
signsuisse_test,sockeye,488,7.892596994375713,12109.288798836282,10.40120765213396,13.759805423206961,13.759805423206961,7.659335577485568,12.935256649237399,146.71907631320377,10.40120553590008,13.759805355790512
signsuisse_test,sockeye,489,4.364840335572053,10203.07214604359,4.334796321379183,7.2006721234962185,7.2006721234962185,4.336409908085999,6.872940453438363,66.55909326515628,4.3347959080810785,7.200672327711738
signsuisse_test,sockeye,490,7.127953921443701,12655.415680496304,8.1972271870129,12.1830176884044,12.1830176884044,6.99633965825517,11.440007151001296,120.71317108766782,8.197225886804802,12.18301788232364
signsuisse_test,sockeye,491,6.017999035872298,11399.15862240286,5.768139728171412,9.48265055657094,9.48265055657094,5.943516082522616,8.385080049001498,90.40220552883069,5.768141391187473,9.482650737786397
signsuisse_test,sockeye,492,4.995348503190676,9833.188331596655,3.950110263265167,9.210122860860388,9.210122860860388,4.981486465555124,7.8973777768235225,80.52854451517135,3.9501105794626583,9.210122920538472
signsuisse_test,sockeye,493,6.681552906835027,11632.99705549825,6.088807243526145,11.898370658388785,11.898370658388785,6.664853119437882,10.918370536314008,109.83443173103731,6.088807584661864,11.89837054532199
signsuisse_test,sockeye,494,5.0842220934473366,10808.071646176793,5.434606221420015,8.534801855872402,8.534801855872402,5.027441238236958,7.215568313562761,67.21653870809783,5.434607505861948,8.53480185634543
signsuisse_test,sockeye,495,6.660330386947227,11734.437414568281,4.964929866039471,9.180483260414363,9.180483260414363,6.631853031235049,7.5843587194313065,72.01078183854092,4.964929882651994,9.18048324355778
signsuisse_test,sockeye,496,3.650366564382491,10539.931913950428,3.9898530347060563,6.154819351027527,6.154819351027527,3.644041868168056,5.9381031573264735,51.17518887683559,3.9898529731055357,6.154819350569572
signsuisse_test,sockeye,497,5.852441099185503,10718.138396291486,6.975448356670936,11.713861854828385,11.713861854828385,5.777944057903765,10.501174958232726,105.68719374748943,6.975448782835659,11.713861853595018
signsuisse_test,sockeye,498,6.932489276187918,11113.529999017706,8.188695813219667,11.864535966404105,11.864535966404105,6.682305480047357,9.443595582972788,100.04924681898001,8.188694584498258,11.864536015985848
signsuisse_test,sockeye,499,6.102807966101129,10049.56469552962,5.8666160997576196,10.844562986479044,10.844562986479044,6.0788622054678445,10.036347435491612,105.71292275324136,5.866615407011605,10.844562760709653
signsuisse_test,sockeye,500,6.645300348581856,13015.993345419194,6.057334546523646,10.036524094236423,10.036524094236423,6.605311906574671,8.995505011076668,90.00452827598103,6.057336535297551,10.036524094709923
signsuisse_test,sockeye,501,5.188928040546753,8699.238946410604,3.812410440666644,10.382819443521663,10.382819443521663,5.158567981898024,8.637455946704799,88.81265426224245,3.812410070628794,10.382819456508116
signsuisse_test,sockeye,502,6.930231418183852,9842.835117896275,6.129667181363651,12.606480548906198,12.606480548906198,6.8739722988707666,10.47402414410715,104.68810112026172,6.129668987871763,12.606480498983279
signsuisse_test,sockeye,503,5.722017800240914,9440.359717601785,6.800642624336689,10.529241585398749,10.529241585398749,5.523146053952018,9.292946512802818,89.61275853097442,6.800641447869332,10.52924155974149
signsuisse_test,sockeye,504,7.9194675079015155,12227.590437487488,7.42715005779588,13.965161154510444,13.965161154510444,7.86703789396373,11.30576217719241,85.90517309217564,7.427153760689705,13.96516085653495
signsuisse_test,sockeye,505,7.828239950995264,12208.210096906372,9.935860544211357,12.457654297897632,12.457654297897632,7.651972121751838,10.669290234455403,92.79076901510084,9.935858921059403,12.457654322676316
signsuisse_test,sockeye,506,6.307013108617819,12873.443472624878,6.330245299973159,11.007755218768246,11.007755218768246,6.2887559043936,10.11434808604089,104.62988480908139,6.330244260258975,11.007755154847354
signsuisse_test,sockeye,507,6.852830059663386,13107.428183109521,8.16519041970891,14.72152334241413,14.72152334241413,6.808553838372931,13.692797173135917,134.2722229984761,8.16518955784278,14.721523355187653
signsuisse_test,sockeye,508,5.7980814631639515,10379.885989046019,6.151063008417011,11.711638751659029,11.711638751659029,5.773142608540386,8.832709847654868,87.40938864755566,6.151062858055456,11.711638715087204
signsuisse_test,sockeye,509,7.844885273311454,17516.57560882017,7.70031427534902,10.273220961954955,10.273220961954955,7.825805472782959,9.272404449109247,67.90035677244124,7.700315934990905,10.273220947042855
signsuisse_test,sockeye,510,4.831331071333215,12176.964485055478,5.254614460181604,6.845311282199911,6.845311282199911,4.8121249546829645,5.157980947846967,43.89748826042475,5.2546142045481075,6.845311404773781
signsuisse_test,sockeye,511,5.2608958894419695,9411.437193250973,5.598478382892495,10.026692337095596,10.026692337095596,5.206345713256785,6.9314797315049175,56.8413606075453,5.59847804963676,10.026692221361989
signsuisse_test,sockeye,512,6.847393604214434,13345.555462318996,6.250089100449243,10.64425658085931,10.64425658085931,6.794925299872654,9.979482572353762,102.45993970720569,6.250088237181168,10.644256720512889
signsuisse_test,sockeye,513,7.7880465923534095,13063.120274767984,8.110772485667221,12.933550403191063,12.933550403191063,7.619269510834322,11.928411018816858,106.12060408519223,8.110771377712823,12.93355090457491
signsuisse_test,sockeye,514,6.419596522016726,11682.144499375678,7.086938070933152,10.257599507016053,10.257599507016053,6.340524166604103,8.831505552589968,93.5806009704972,7.0869408218101695,10.257599457635129
signsuisse_test,sockeye,515,5.266873769941356,10461.858665132193,5.159624316043613,10.371764863490665,10.371764863490665,5.240810026894995,9.133072526847283,95.56835970637499,5.159623273614544,10.371764835552344
signsuisse_test,sockeye,516,10.328519236620972,10712.59345753574,9.644565711931179,16.169855837987022,16.169855837987022,10.208084416434511,14.485304208845227,89.08522423839203,9.644567766456243,16.169855777149127
signsuisse_test,sockeye,517,4.801616538693854,10747.923085772947,5.621058404440914,9.85825701368666,9.85825701368666,4.757926190957598,8.78956816581199,91.5010204649649,5.621058862182628,9.85825697969411
signsuisse_test,sockeye,518,7.477849484563056,14459.990849351832,7.896052379852591,10.613367663644357,10.613367663644357,7.403142805758931,9.26214630741416,66.09185802975769,7.896054627234922,10.613367696852942
signsuisse_test,sockeye,519,4.296665079415236,8913.977809385346,6.289570308509173,8.151545156339623,8.151545156339623,4.225980271848888,5.674337631664148,57.86330728659672,6.289569187518085,8.151545190608276
signsuisse_test,sockeye,520,7.565812957889048,11593.388895249625,5.742306955976993,10.14932074757851,10.14932074757851,7.514320617971001,8.853618970414809,92.88850936093009,5.742307362076865,10.14932068500188
signsuisse_test,sockeye,521,4.377155538851808,11385.458590317128,5.773479597064044,9.646379649292214,9.646379649292214,4.34831369158211,7.7620193013639796,82.62103427827357,5.773479481468034,9.646379681637844
signsuisse_test,sockeye,522,6.425520087763924,11089.105678323065,5.33847126789113,8.613585052038212,8.613585052038212,6.401006981100391,7.321841226750145,59.78126508128488,5.3384716742549845,8.613584682589245
signsuisse_test,sockeye,523,5.138460039218052,11834.125924035194,7.0507481980754605,11.51715316914252,11.51715316914252,5.067515109849067,10.2338076751,106.40082712659375,7.050751716551609,11.51715323676437
signsuisse_test,sockeye,524,5.424713876649044,11093.329940155034,4.677606493725257,10.118943226242939,10.118943226242939,5.404067123766083,9.104292928672026,86.02460860486319,4.677605684565238,10.118943412329836
signsuisse_test,sockeye,525,5.515376342787734,10247.87010097444,4.303525348727879,7.69515968056601,7.69515968056601,5.503065549220959,6.574857138357165,61.542494107310326,4.303525782256083,7.695159717717393
signsuisse_test,sockeye,526,5.4451921326832275,13570.698813570143,4.737843497437794,9.313299080912694,9.313299080912694,5.437068591326232,7.652285920592537,67.33510668427814,4.737843921899749,9.3132991038437
signsuisse_test,sockeye,527,5.265891331698659,12008.949119600817,5.31766982159637,7.329448494891913,7.329448494891913,5.227417064802477,7.258673916753439,49.67941824061435,5.3176671502456445,7.329448734434103
signsuisse_test,sockeye,528,5.740460210086779,9753.671203964213,6.792937390251596,9.842949120806377,9.842949120806377,5.590120779466498,8.135731721547247,78.30316443694603,6.792940629424356,9.842949111709785
signsuisse_test,sockeye,529,5.152775888209142,11342.977658117292,4.594960512443741,9.715434611655288,9.715434611655288,5.140184922644737,8.711943932803829,78.79155212644821,4.59496119403587,9.715434618262496
signsuisse_test,sockeye,530,5.054351826270262,10862.389456078183,6.716711879327787,8.61569965731331,8.61569965731331,4.992312281826985,5.8760682521892145,58.944274694640185,6.7167124465662456,8.61569967466577
signsuisse_test,sockeye,531,6.350732311453591,11414.961216388041,6.317538403698618,9.579130148911077,9.579130148911077,6.310453363983571,8.46589060175939,83.75108468988685,6.317536949547033,9.579130169464761
signsuisse_test,sockeye,532,5.622486519041965,11845.784589741213,5.846097085966036,7.259760100063281,7.259760100063281,5.568391096847338,5.932991720024206,54.4419714182755,5.846097293596112,7.259760099261091
signsuisse_test,sockeye,533,6.021648222982454,11493.327145958867,6.1835933827314715,10.360760503950823,10.360760503950823,5.981313355316543,9.372911885837338,100.59832667854182,6.183594363594888,10.360760465954442
signsuisse_test,sockeye,534,6.159292534403947,11437.939892790062,6.67759243853177,9.72023638467543,9.72023638467543,6.065939888574339,8.218617165842048,85.19407086925035,6.677594189169272,9.72023638287637
signsuisse_test,sockeye,535,4.962271974663929,10360.141424433414,5.109677553617208,7.745083824217316,7.745083824217316,4.943100950816481,7.628245403322441,56.554826908771574,5.109678357261309,7.745083834323877
signsuisse_test,sockeye,536,8.682854893727498,20168.481240674828,8.391012145533884,10.686702376732788,10.686702376732788,8.659696395704726,9.27332276214775,40.75617388594235,8.391010312682049,10.686702344088054
signsuisse_test,sockeye,537,6.281306186412648,10268.456993650545,4.041754598296584,10.739229792099234,10.739229792099234,6.254403553809858,9.262768186267547,96.04215324059932,4.041752797942179,10.73922993621679
signsuisse_test,sockeye,538,4.7739364647510145,10143.629824183769,6.0064176131454,8.232266545378163,8.232266545378163,4.729330546788005,6.261100843626615,60.663774149859094,6.006418091516567,8.23226655052944
signsuisse_test,sockeye,539,5.199589935938055,10147.936662011352,4.804558444952681,10.41292890276622,10.41292890276622,5.158793361761205,9.374898033764566,93.01357854120967,4.804559707335518,10.412928989056443
signsuisse_test,sockeye,540,6.44903072059577,12079.347487100475,6.9083968093369394,11.040012424442088,11.040012424442088,6.389142252961454,10.047194863659666,103.0824634186037,6.908394939317154,11.040012638181324
signsuisse_test,sockeye,541,7.42959902255025,13414.595070585652,12.967650312792008,16.233558119324417,16.233558119324417,7.204537785504703,12.261502528521502,126.62329884025345,12.967652788200418,16.23355810759601
signsuisse_test,sockeye,542,6.5850601791672645,12129.15788191456,6.281159713968936,9.976688949423309,9.976688949423309,6.573919816625239,9.294657172202863,91.99177040002863,6.281158345871459,9.976688954025223
signsuisse_test,sockeye,543,6.330893140008879,15206.532179417893,6.864304855762479,10.601626196481142,10.601626196481142,6.313991562857588,9.162185416506038,88.56219496476216,6.864308586705954,10.601626202814934
signsuisse_test,sockeye,544,5.261628203220297,10695.266443645427,3.602277215725013,10.896860803942813,10.896860803942813,5.2496221498890305,9.246831897680769,102.8031292910163,3.6022767804784026,10.89686085576219
signsuisse_test,sockeye,545,4.954244767408777,9084.455024944738,4.845899647325972,8.92637306720947,8.92637306720947,4.934674282865866,7.560246904490962,69.98473715973249,4.845901710383739,8.926372982020704
signsuisse_test,sockeye,546,7.762347196109074,11651.075167714289,7.7806746563911915,10.898447378083619,10.898447378083619,7.6860725022215615,9.825834029854406,79.55340713003545,7.780672618527276,10.898447387764273
signsuisse_test,sockeye,547,6.607535187369112,11059.798393177947,6.757364633841726,10.549741421859176,10.549741421859176,6.582739243412787,9.326022816549674,94.48736080362879,6.757362053626953,10.54974141141704
signsuisse_test,sockeye,548,5.780106047104077,11018.753807142863,5.358717450741152,14.29651155568224,14.29651155568224,5.76957709082442,14.190374869557074,146.18671867183434,5.358716970539156,14.296511544631853
signsuisse_test,sockeye,549,5.930127310610957,10784.86277311397,5.338459525633929,9.051470030507167,9.051470030507167,5.884001716087183,7.73784319265166,76.03866927641491,5.338455031471294,9.051470026696965
signsuisse_test,sockeye,550,7.120661508088173,12177.494566984069,9.146441851281907,13.59605465640631,13.59605465640631,6.9973594748130905,11.711482688416503,107.19942731563354,9.146442286533391,13.596054524782527
signsuisse_test,sockeye,551,7.901646632463075,13004.269173891813,8.69248667398341,13.739125353254481,13.739125353254481,7.804854556377098,12.71509677584529,119.2140792392751,8.69248865537737,13.739125554450757
signsuisse_test,sockeye,552,4.282551946711475,9937.175410609725,3.879989870425357,7.7224869734955215,7.7224869734955215,4.265373612759303,6.198999335871083,52.64204103161395,3.8799895534100153,7.722486974488863
signsuisse_test,sockeye,553,6.761667314281242,11764.923002084832,6.546920291247928,10.620282365951779,10.620282365951779,6.590402147136335,9.66482301338171,96.22635862879807,6.546924247013247,10.620282586487972
signsuisse_test,sockeye,554,6.4886180290863065,10580.766157252632,4.74036054164275,10.597368913165756,10.597368913165756,6.455180747071607,9.150130878823646,91.58677982096877,4.740359935202493,10.597368719076835
signsuisse_test,sockeye,555,4.93587868268351,11754.53452544303,5.5069210584074835,8.48926998191699,8.48926998191699,4.908701147118519,7.129618688545325,64.12010054140046,5.506919680078864,8.489269957288352
signsuisse_test,sockeye,556,8.700692087524152,13598.973101863765,8.231187616923606,12.65938253349988,12.65938253349988,8.411071675530449,11.268214136396542,112.51417716671044,8.231188414527997,12.659382572658258
signsuisse_test,sockeye,557,6.731514395940554,10203.059965478655,6.20337937393848,9.701506702366455,9.701506702366455,6.619387294741673,8.17010345931237,75.11697640293576,6.203378318012623,9.701506570616814
signsuisse_test,sockeye,558,7.487086951256428,12975.145995441962,6.923495662289719,11.974713361353643,11.974713361353643,7.4215899156188785,10.97152653021825,108.24911994385141,6.923499906245458,11.974713310983832
signsuisse_test,sockeye,559,6.963760898248345,11257.988617000947,5.068183423640541,11.604014756070391,11.604014756070391,6.941803459885,10.624088452632604,101.6308704781388,5.068183038277303,11.60401490851154
signsuisse_test,sockeye,560,8.311406452887404,13842.494154971893,9.272808434210038,12.585456849859698,12.585456849859698,8.267965491964137,11.217022129210536,89.0530114766471,9.272807965911893,12.58545709825745
signsuisse_test,sockeye,561,4.729308235942891,10480.946189930515,6.487416867855424,9.322258067487784,9.322258067487784,4.629378510823561,6.724462126074482,72.2815408678943,6.487417852621759,9.322258064927883
signsuisse_test,sockeye,562,5.974256688528158,11917.757097511358,6.414264073865437,13.776765989106869,13.776765989106869,5.936270441879562,12.58203657796876,137.6065398926486,6.414265028099509,13.77676597993903
signsuisse_test,sockeye,563,5.666405742530356,9786.120305842007,5.591765697910379,9.014925410951989,9.014925410951989,5.648903239891699,7.930212766851743,65.74517063765772,5.59176419321264,9.014925018559051
signsuisse_test,sockeye,564,5.653938152978294,9538.182881164596,5.653865155874689,8.427900274414302,8.427900274414302,5.657282511841948,6.777291592677236,60.48349634414427,5.653865234102458,8.427900027038229
signsuisse_test,sockeye,565,5.843792806195576,12109.57147426779,7.804459942204462,13.857668950292211,13.857668950292211,5.756727153298912,12.295444662819026,130.19237400783507,7.804457526049297,13.857668950092389
signsuisse_test,sockeye,566,8.079713938086202,11947.946493879132,8.983694702731663,11.822162098848693,11.822162098848693,7.91252394523881,9.913542372836408,95.49861555858226,8.983695869254772,11.822162232642276
signsuisse_test,sockeye,567,5.146740376649341,11357.136788239806,5.475788383243889,7.824885081789658,7.824885081789658,5.112290313477489,6.245553623136978,52.34535933458233,5.4757886010693,7.824885342992502
signsuisse_test,sockeye,568,7.166522118870492,11617.851479282972,6.509702493786315,13.501789433401026,13.501789433401026,7.131426458437049,11.845322600951656,121.51034092952581,6.509702773771387,13.501789403795064
signsuisse_test,sockeye,569,5.741376035752855,10283.564421593037,6.545746640877285,8.897289161779579,8.897289161779579,5.621790331062649,7.835448970630854,63.753972520925714,6.545747587100645,8.89728916202092
signsuisse_test,sockeye,570,6.035848209358103,12791.909620121301,8.473224308991721,16.757756206800558,16.757756206800558,5.834698340441558,15.041689724422357,155.69960273694755,8.473225790604799,16.75775623939881
signsuisse_test,sockeye,571,7.693928188314333,13774.027242842998,7.781234464388674,17.158896226155388,17.158896226155388,7.62911187909152,16.15007910327296,150.73888101460457,7.781234865180088,17.15889618017099
signsuisse_test,sockeye,572,6.114239592105561,11278.16773544266,5.849869670184337,11.234707286910382,11.234707286910382,6.073374718845732,8.448397886848644,74.47073155707655,5.849868715602463,11.234707267236931
signsuisse_test,sockeye,573,9.629519065142258,13843.985174146841,9.579024331912178,13.670784982694446,13.670784982694446,9.581641996753563,12.67975134375411,95.402802056969,9.579020340058113,13.670785089834567
signsuisse_test,sockeye,574,6.610603168801187,12527.58387013811,5.515581864068379,9.959399448555946,9.959399448555946,6.5935029815325,9.082984418571991,81.39720225808172,5.51558086068848,9.95939948137142
signsuisse_test,sockeye,575,5.90351709554905,12012.042189316902,7.098753428914146,9.76598745025079,9.76598745025079,5.850022155738042,8.04366426797178,75.88773075937284,7.0987521486356195,9.765987429497526
signsuisse_test,sockeye,576,7.66311548621329,12341.696268390968,8.274601880866197,13.066508501828743,13.066508501828743,7.446061799083992,11.143650581333707,112.80141252229653,8.274600662549716,13.066508495195276
signsuisse_test,sockeye,577,5.326111496713234,13352.159616080462,5.90136455535914,9.580792764686393,9.580792764686393,5.330092343178063,7.743313650245028,78.73911454606024,5.901365300999097,9.580792777795951
signsuisse_test,sockeye,578,6.230532476468757,12309.856127635197,7.018070918269351,9.475556131873716,9.475556131873716,6.1692789455509836,8.174192217892633,77.40021829149308,7.0180702128636225,9.475556139178801
signsuisse_test,sockeye,579,6.051069160977283,11218.321855805976,7.394097154719724,12.218467807975241,12.218467807975241,6.044162266147283,10.509848743386847,108.26443306660548,7.394096610319642,12.218467568705265
signsuisse_test,sockeye,580,6.288185089689641,11658.13599458933,6.408100255922449,13.975561033064226,13.975561033064226,6.272018483519604,13.948201886207224,149.0130650093691,6.408101403577509,13.975561104668378
signsuisse_test,sockeye,581,6.345245376703214,9883.013823776335,8.35252571023488,10.544899167749415,10.544899167749415,6.2292497185439135,8.41434063117616,79.29648495241759,8.352524690961255,10.544899154772947
signsuisse_test,sockeye,582,5.25895248879314,13265.385534819019,5.320833123633908,9.598894132845091,9.598894132845091,5.253617315330085,9.561455023576457,87.67602572258068,5.320832463126455,9.598894138310952
signsuisse_test,sockeye,583,4.201517936716692,10958.278662968967,5.067814669423592,7.777973044559182,7.777973044559182,4.130999428247535,7.122708673379619,59.682070189772155,5.067812455138739,7.777973060725895
signsuisse_test,sockeye,584,5.800705906518693,11526.236824684613,6.093754764787299,8.040081176364144,8.040081176364144,5.764189769020123,5.996354557138895,35.55653665270453,6.09375462823419,8.040081177342655
signsuisse_test,sockeye,585,6.034940936384896,12453.767741169044,6.970765988529702,9.927657868543722,9.927657868543722,5.897277003068619,8.247206247168753,79.87199255519147,6.970765482482373,9.92765784997908
signsuisse_test,sockeye,586,5.272674523686642,9274.65183461791,6.479899238624935,8.748405478412604,8.748405478412604,5.2015015567825476,7.059530712990781,63.47275316288229,6.479898479460996,8.748405435260716
signsuisse_test,sockeye,587,6.23995287509921,10788.49073892773,5.479712161494153,10.033453654251147,10.033453654251147,6.21728019426732,8.644624755950186,84.66122059024968,5.479711960234789,10.033453666750757
signsuisse_test,sockeye,588,5.726911376999429,12431.682721904326,6.153197898492377,11.242680729381885,11.242680729381885,5.63804823099232,10.235684408887947,104.67930994987154,6.153199517801714,11.242680788309068
signsuisse_test,sockeye,589,6.333500501939834,10494.676388363456,6.733379321669288,9.974299125811749,9.974299125811749,6.284822167541449,8.058413985797241,69.0539292500089,6.733380366308829,9.974298954218813
signsuisse_test,sockeye,590,7.635654591791257,10895.84874457758,6.836916075037506,9.929411748735877,9.929411748735877,7.569778700269195,9.14535974781372,92.98490382406105,6.83691609632773,9.929411792857584
signsuisse_test,sockeye,591,8.165400599893033,11603.017270628876,6.840062930420966,11.265226597204682,11.265226597204682,8.137880711762703,10.2330444619216,77.06700409719932,6.840061144186677,11.265226601294083
signsuisse_test,sockeye,592,6.944986659311033,11665.896384805275,7.4379913980762025,12.052273429793832,12.052273429793832,6.69944184094693,10.865118937039984,112.50581206228533,7.437989563857785,12.052273439041715
signsuisse_test,sockeye,593,7.503546911750163,15725.280341876143,6.556025050099559,12.283419190203523,12.283419190203523,7.49508524472868,11.437902666967481,114.64056119965359,6.556024733226645,12.283419198585348
signsuisse_test,sockeye,594,6.688644491549011,12371.8686663956,7.89086641204747,10.211418002331522,10.211418002331522,6.659734174133082,9.314876680236933,98.81041142913446,7.890865005111984,10.211418084788503
signsuisse_test,sockeye,595,6.061246954609357,10907.26507143506,6.115042505055657,9.436295787444688,9.436295787444688,6.003254680856541,7.754494633942766,78.57105606482612,6.115044523517753,9.436295746018681
signsuisse_test,sockeye,596,7.678140584767657,13521.201281377516,8.518188290357747,11.048207060863652,11.048207060863652,7.69771341996876,9.434068904850605,71.69928125502854,8.518188878285017,11.048207047579814
signsuisse_test,sockeye,597,6.51399760500264,11550.787608566085,5.961676284994006,9.881986304071695,9.881986304071695,6.348853048351807,8.8433398240768,93.39491489523799,5.961677155888355,9.881986319473812
signsuisse_test,sockeye,598,5.606854522680353,11077.393096101332,5.359244588417625,10.177042249598617,10.177042249598617,5.589955776450862,9.4553448804571,93.75164736258051,5.359246142453455,10.177042207681547
signsuisse_test,sockeye,599,5.309137915733665,10350.260746089254,5.870068676576101,8.828799919466908,8.828799919466908,5.286706980309153,7.450829179972263,70.41244727041675,5.870068981546957,8.828799912040726
signsuisse_test,sockeye,600,6.408580899754789,11247.598602604703,7.199689355663,12.570215389600204,12.570215389600204,6.344943926553051,10.842964366867006,107.72418239388894,7.199691349089947,12.570215196696408
signsuisse_test,sockeye,601,6.596044002998202,14805.002975105945,6.611299485456608,14.739855634335598,14.739855634335598,6.581687013942387,13.493691322395463,124.21992110800085,6.611298839725694,14.739855632017736
signsuisse_test,sockeye,602,5.759714148184415,10861.041296620355,6.054726220179188,9.435491688038462,9.435491688038462,5.645626361156369,8.042982402535323,86.01253570691841,6.05472544828971,9.435491688195647
signsuisse_test,sockeye,603,5.871711125869572,11859.538561694682,8.9065612909733,11.089306237363717,11.089306237363717,5.761495208430646,9.316610863945545,95.27084919291003,8.906561860013564,11.089306267316346
signsuisse_test,sockeye,604,4.790184965900433,8648.944379710672,5.005545121896709,10.060766832004878,10.060766832004878,4.762450730849773,7.640259635431592,71.81077840807119,5.00554496265844,10.060766823231003
signsuisse_test,sockeye,605,7.5238801991435835,13034.39413836128,10.428619873157844,15.195784763782653,15.195784763782653,7.384372752666673,13.031279723093126,119.02112392779803,10.428617821387794,15.195785226906128
signsuisse_test,sockeye,606,4.123637175865314,11415.829604849996,4.59378030987947,4.87772074602106,4.87772074602106,4.124566059163255,4.43797575866058,14.138371803074842,4.59378049425927,4.877720807392054
signsuisse_test,sockeye,607,7.839288891618677,11905.133960246096,8.309769205293424,10.873266267627137,10.873266267627137,7.79139444418773,9.775357864509052,73.96875877495567,8.30976989250761,10.873266266943702
signsuisse_test,sockeye,608,5.038172276105464,9393.569157741027,3.5743499861315735,8.507138536090238,8.507138536090238,5.016997871872046,6.983984070472938,70.33963210965796,3.574350157387561,8.507138508935823
signsuisse_test,sockeye,609,6.7270536875522335,12035.303155227472,6.972166740479499,11.955641959391176,11.955641959391176,6.665525294288022,10.918325526270607,114.43598340003956,6.972167092601303,11.955642003799593
signsuisse_test,sockeye,610,4.5598525056170365,9955.772905797498,4.442393677811737,8.214127406128593,8.214127406128593,4.537243442203544,6.82105219838482,59.64377913799808,4.442392182858615,8.214127561493566
signsuisse_test,sockeye,611,7.517638674565258,11515.389046166623,7.678979563622311,10.911487576933558,10.911487576933558,7.349059170070704,9.643147737533114,84.22303185228411,7.678981362727608,10.911487568221167
signsuisse_test,sockeye,612,6.080640951962145,10406.54485775517,4.790708843294575,9.082276273828494,9.082276273828494,6.069690543746402,8.644026565930407,86.16726194725196,4.7907082447344775,9.082276250825918
signsuisse_test,sockeye,613,6.155039123806004,11090.165170416945,4.85143284622574,12.985774702817164,12.985774702817164,6.107331620143725,11.036301794691074,109.07377778085099,4.8514353124179035,12.98577470431444
signsuisse_test,sockeye,614,6.612556504503025,11085.753120025738,6.9964215702859285,9.488899369756458,9.488899369756458,6.506548436777349,7.974551577057655,70.68955266333364,6.9964234371880405,9.48889936014543
signsuisse_test,sockeye,615,6.742919750668078,13567.631534020624,6.973299781080566,8.188340046124491,8.188340046124491,6.683530517976772,7.9530177593779925,45.90702369250627,6.9733007693553475,8.188339120164269
signsuisse_test,sockeye,616,6.177694024543709,10728.881097055302,5.962890031356254,12.698360431398598,12.698360431398598,6.1507133370402425,12.476370081843763,133.4743691314398,5.962889535682341,12.69836036999924
signsuisse_test,sockeye,617,7.364491586315196,12329.26802333695,9.371073071264378,14.298410516854487,14.298410516854487,7.227423306624904,11.845470872649324,99.4360779105756,9.371075349217962,14.298410658095221
signsuisse_test,sockeye,618,6.93426334953696,14847.404459827882,6.259349391328166,12.14505653207447,12.14505653207447,6.908685873096381,11.424082276605388,92.28479578543077,6.259348653760365,12.145056258950998
signsuisse_test,sockeye,619,6.009179222146043,12448.622267322527,5.998607302179249,8.169588074339051,8.169588074339051,5.951658717660235,7.207532080871879,69.47896360103823,5.99860696005215,8.169588042589393
signsuisse_test,sockeye,620,5.173793506072211,8861.691233180036,4.880996175291687,10.89806769155565,10.89806769155565,5.120977231462432,8.93368941904188,74.80076687680003,4.8809963393069085,10.898067404914084
signsuisse_test,sockeye,621,5.374086055308353,10846.358770175202,6.22695721215563,9.898817438604768,9.898817438604768,5.335601478005675,8.543274727842007,80.19305870205778,6.226955154651116,9.898817467789808
signsuisse_test,sockeye,622,7.654567967023804,13034.547981188125,9.157616077359133,11.809087142538214,11.809087142538214,7.611346248451536,10.287876379615716,89.22470321342914,9.157616698497186,11.809087159908445
signsuisse_test,sockeye,623,5.981689356044489,11120.155485478377,5.8563021187501025,8.876716456870984,8.876716456870984,5.933975198708959,7.51836517886766,81.79000947791975,5.856302404918845,8.876716458855904
signsuisse_test,sockeye,624,6.8563528593141605,13698.56033806073,6.623431645545953,11.561954100853598,11.561954100853598,6.811812689890952,8.97552162288699,64.03285215856586,6.623432550604603,11.561954087956085
signsuisse_test,sockeye,625,4.436523769513494,10147.98177438873,5.821904534903978,8.475998314147109,8.475998314147109,4.376286653426679,6.755383112179345,65.62927570162867,5.821903339157832,8.475998598756144
signsuisse_test,sockeye,626,6.830772783563816,10914.437619579907,6.746564887533191,11.106000538118245,11.106000538118245,6.807094628156599,9.446138904993191,73.70431738407763,6.746565000228777,11.106000404778671
signsuisse_test,sockeye,627,5.15428217055398,10304.274878243488,7.323557467416094,9.797287564468471,9.797287564468471,5.086476619697022,8.39809154207954,86.89328261238818,7.323558889483513,9.797287575629783
signsuisse_test,sockeye,628,7.657960337686549,15957.222882422973,6.477668184407543,12.798537821196351,12.798537821196351,7.634733651586701,11.529407319062173,106.30703919959244,6.477668333036878,12.798537837997358
signsuisse_test,sockeye,629,6.2861674468462505,13879.767084955207,5.497710731246643,8.949127071385346,8.949127071385346,6.267385220411545,6.989630012984577,44.77456031769217,5.497710628672453,8.94912706378979
signsuisse_test,sockeye,630,4.577896289871636,9875.470107295774,4.263461655152297,10.278604787187627,10.278604787187627,4.565227438728479,9.139366708233776,91.6226459310809,4.263461518738679,10.278604701099082
signsuisse_test,sockeye,631,5.368698617961749,10558.962796126467,6.367089722642194,9.259681359710267,9.259681359710267,5.281911019453567,7.616926437826349,73.14146346882193,6.367089061300437,9.259681358058476
signsuisse_test,sockeye,632,4.703978108853914,8540.566393211328,4.213076644736101,7.5070377746777,7.5070377746777,4.666548912003201,4.6958685966432325,33.19518891543288,4.213076579422036,7.507038001451326
signsuisse_test,sockeye,633,6.641074683487227,11464.755105550223,6.484451593061933,9.331458615449948,9.331458615449948,6.607317886650091,8.034283731117004,77.09028244229326,6.484452825760032,9.33145864570828
signsuisse_test,sockeye,634,4.746540746708108,10348.27174813986,4.189115203771392,9.61458181355933,9.61458181355933,4.715586541206886,7.530384392789044,74.51978438959424,4.189114956190989,9.614581708127979
signsuisse_test,sockeye,635,3.9217806365427066,10355.21338307575,4.941225765662146,6.995996323139482,6.995996323139482,3.890964509826237,5.387493182665507,53.9486254183366,4.9412262865676055,6.995996340704928
signsuisse_test,sockeye,636,9.398463438296007,18082.976872607804,7.719383583960435,14.611902211011579,14.611902211011579,9.38935775486422,13.486625180517851,132.19379006438436,7.719384171403574,14.611902081306877
signsuisse_test,sockeye,637,7.391016970703233,15672.828288884115,7.577405832349417,11.44396932502296,11.44396932502296,7.357252396465932,10.060961702890523,78.97717689662541,7.577407155925471,11.443969567896696
signsuisse_test,sockeye,638,5.119605395403452,10299.2090043886,4.612625327474856,8.927187014928409,8.927187014928409,5.106919493691828,7.680323595289972,76.39635952019005,4.61262506679335,8.927186952168006
signsuisse_test,sockeye,639,6.014463641240049,12737.252616716327,8.117738484957545,11.129452054878966,11.129452054878966,6.036206438904192,9.159720581924798,82.69306731186562,8.117738588837756,11.129452050166444
signsuisse_test,sockeye,640,4.533186441905611,10085.949830216427,4.125240319795031,9.823722171928665,9.823722171928665,4.516794252876118,8.600447623917843,85.51227346763702,4.1252386827272876,9.823722183151368
signsuisse_test,sockeye,641,6.017555082661502,10834.525964978835,7.794676115181483,11.18084840353909,11.18084840353909,5.90813953856997,9.486359581685932,98.82214276652054,7.794675145424787,11.180848403141502
signsuisse_test,sockeye,642,7.9482981896163825,13103.126386290405,9.112335001132188,12.422075304626455,12.422075304626455,7.903576039713779,11.163357019800163,95.57445298736549,9.112337621951625,12.422075581483377
signsuisse_test,sockeye,643,6.081972157113242,11569.725290401959,5.391619904882514,8.874620332678765,8.874620332678765,6.070467269297741,8.0917463622106,70.76283831350565,5.391620859159542,8.874620307412844
signsuisse_test,sockeye,644,4.901567400734645,10898.709837291277,6.937019882753494,10.30060194501462,10.30060194501462,4.850394654614964,8.52507825021602,87.29217185449559,6.937018430973821,10.30060189768494
signsuisse_test,sockeye,645,8.18450609104033,15175.910037259435,8.583140852920682,14.570232198393896,14.570232198393896,8.043228573514394,13.71699499065223,140.14929424203237,8.58313718190602,14.570232401007594
signsuisse_test,sockeye,646,6.411974579694655,14092.258793577568,6.790304041231958,9.221235976479841,9.221235976479841,6.370823434749785,6.972425192773048,39.648506976766825,6.790303887839687,9.221236031589571
signsuisse_test,sockeye,647,5.771788293316676,11881.584511801122,6.983825451575514,12.671533267862763,12.671533267862763,5.6882538877719595,11.322897208819441,118.27758251822709,6.983824498008834,12.67153341087115
signsuisse_test,sockeye,648,6.982126222737359,10930.820123854952,7.307340150700422,11.779931869234089,11.779931869234089,6.908266907922402,9.38793871129257,77.60071951093599,7.30734146229163,11.779931860566354
signsuisse_test,sockeye,649,7.1660126874669485,11068.534993348705,6.002492696424359,11.203029274901871,11.203029274901871,7.121359056701581,8.725826289721194,82.94378264704494,6.002490955883748,11.203029286367704
signsuisse_test,sockeye,650,5.461964196053962,13575.591599826887,5.715572498254455,11.66100169890652,11.66100169890652,5.44638359502385,10.1426371501062,103.64846203991019,5.715572791483695,11.661001703292621
signsuisse_test,sockeye,651,5.9278897070053835,10787.891028773112,6.492315357875004,9.572279962098033,9.572279962098033,5.865364881940585,8.31039690761104,72.34505868193591,6.492314112437842,9.572279961044458
signsuisse_test,sockeye,652,5.263449946389187,9864.165979642357,6.260079635490518,10.050614929364784,10.050614929364784,5.228306804632656,7.949589493149,81.5019755810328,6.260080408380645,10.050615359956348
signsuisse_test,sockeye,653,6.652860503914444,11278.12487906403,7.17766795977788,9.973765328029486,9.973765328029486,6.598028212499625,9.655800985878642,73.72033517305046,7.177668795754797,9.9737651805298
signsuisse_test,sockeye,654,9.742682789759296,19870.37608958156,9.249694113562068,13.912375019848035,13.912375019848035,9.73857163836935,12.771688248417739,92.7676904307179,9.249693134436466,13.91237522145553
signsuisse_test,sockeye,655,4.932946656560288,10402.249528784687,6.089202204004619,9.826084380047451,9.826084380047451,4.900242800236928,8.339748341129566,90.87951716463192,6.089202856460641,9.82608448905485
signsuisse_test,sockeye,656,5.469650957632735,12396.683694568768,6.9537187414306345,13.196738945196914,13.196738945196914,5.410744865173336,12.104626122258367,126.86667277554761,6.953720510564748,13.196739120768349
signsuisse_test,sockeye,657,6.214228593645499,10508.260926175435,6.2924638728001545,10.622785703694657,10.622785703694657,6.201201436241446,9.752797987297217,86.21505846029147,6.292464912563131,10.62278583583854
signsuisse_test,sockeye,658,6.397202490033952,12254.802595184707,6.085255961700774,10.063099811741294,10.063099811741294,6.335917304859754,8.965735119312884,93.32374586071899,6.085255891088246,10.063099711952603
signsuisse_test,sockeye,659,6.572595541712771,10995.64820112779,8.327218055272338,10.924849947825132,10.924849947825132,6.422587712575712,9.366207401978556,91.82411231642517,8.327216841163496,10.924849940234537
signsuisse_test,sockeye,660,8.784546674089336,17162.336808179396,10.399498478340881,14.3858775857972,14.3858775857972,8.709795724146232,13.27097479858594,120.16274004705325,10.399501583242216,14.385877556951828
signsuisse_test,sockeye,661,5.822274418718583,10899.281020367163,4.719316848132503,11.795764889683138,11.795764889683138,5.788314683365454,10.299993248030884,96.21452491627117,4.71931701681949,11.795764858920283
signsuisse_test,sockeye,662,7.959221228507715,12765.539379668156,7.182313515092687,10.602828002800905,10.602828002800905,7.9278239965856825,9.659485440439672,86.32589920384632,7.182316045888151,10.60282798146496
signsuisse_test,sockeye,663,5.3644105303205105,11708.63979917769,6.248834391512865,8.426226746146117,8.426226746146117,5.300315572710561,6.446588015428892,57.9304877360572,6.248834649674493,8.426226745437551
signsuisse_test,sockeye,664,5.4530335350475,10742.994850542476,6.386735179233453,11.384792635803008,11.384792635803008,5.175231256750952,9.999874272829269,109.03358215475866,6.386734395665193,11.384792658209216
signsuisse_test,sockeye,665,7.195291856181821,13020.772472888273,7.287532338780489,9.005701633712917,9.005701633712917,7.165711392396691,8.907127547732724,60.21581249505712,7.287534144255626,9.005701978271924
signsuisse_test,sockeye,666,6.586256034227122,12145.907405893613,5.308184040269934,10.437428620161596,10.437428620161596,6.57486584054792,9.504173700885069,95.1879241818373,5.308182791045293,10.437428624055164
signsuisse_test,sockeye,667,5.417286052104464,11923.473446098948,5.4655707897558585,9.977538226975852,9.977538226975852,5.319963764300573,9.196279675866185,90.93633689707661,5.46557374959148,9.977538254547227
signsuisse_test,sockeye,668,5.298891048748449,10471.12404899158,5.374717684212094,8.029388135892859,8.029388135892859,5.253633322239715,7.909799297680907,65.6897231849737,5.374714659024755,8.029388102731748
signsuisse_test,sockeye,669,4.9175077184307,10497.335298716996,5.945487532248087,9.173023156035688,9.173023156035688,4.894682048594014,7.291219381234948,68.90902323312348,5.945487722984686,9.173022969841247
signsuisse_test,sockeye,670,8.328548832739054,18630.691490887657,7.8648243262769695,12.918788507378796,12.918788507378796,8.341046406007331,12.287460847131854,114.6343265100356,7.8648297433266965,12.918788939825498
signsuisse_test,sockeye,671,6.00118872701334,10776.52054666624,7.521553213829435,10.563052162705521,10.563052162705521,5.978045688581239,9.38375046635658,79.1165462963445,7.521551634274723,10.563052151596779
signsuisse_test,sockeye,672,5.39614203518429,10629.584349352499,5.63977056897512,7.5615482580973685,7.5615482580973685,5.351899433050089,6.173317650199808,59.68517659872627,5.639770060532639,7.561548271636223
signsuisse_test,sockeye,673,6.807421254535508,11601.620730374696,4.915980645376889,11.328274258980539,11.328274258980539,6.7942361550918875,9.09948079487502,88.80262248862887,4.915981090880943,11.328274258701507
signsuisse_test,sockeye,674,5.826553764539167,9964.108602569715,6.060475933446745,9.61909958864363,9.61909958864363,5.781432836902395,8.300923662556354,76.62941152470255,6.060475391523418,9.619099573034205
signsuisse_test,sockeye,675,7.409797482993618,16545.197139551125,8.759254808861662,10.953611412883735,10.953611412883735,7.363234104451167,8.813008814055527,56.920915160582524,8.759251646808172,10.953611765292369
signsuisse_test,sockeye,676,5.529077099744167,10420.594212966522,7.605420043628375,10.72341135213791,10.72341135213791,5.4112529806350995,8.706319385158523,81.04788189946848,7.6054200141937285,10.723411129772725
signsuisse_test,sockeye,677,4.927563915100192,10973.856408312873,5.403730439798342,9.494579237011672,9.494579237011672,4.895080184157429,8.72694457482117,85.25597842811953,5.403728640578669,9.494579258732246
signsuisse_test,sockeye,678,6.956867725626104,10536.59743866025,6.8839245675356056,11.777708733889153,11.777708733889153,6.943006820096284,9.536983134169567,84.16594283679584,6.883924121692238,11.777708389925314
signsuisse_test,sockeye,679,6.5645381354736525,11508.831921733794,6.0876562069786715,10.601056888039926,10.601056888039926,6.487255149890137,9.576673796995781,99.64651511180818,6.08765436735616,10.601056891577075
signsuisse_test,sockeye,680,5.266652151474488,12422.380752685745,5.882792797967018,9.025481981697126,9.025481981697126,5.219147336447286,8.319876242752331,87.28966503635277,5.882793294407944,9.025482128220974
signsuisse_test,sockeye,681,6.773682467546702,12309.813603474006,7.8755835413163675,13.26982948895015,13.26982948895015,6.575435389715515,12.21278008711015,130.73387630260945,7.875582158161641,13.269829512166774
signsuisse_test,sockeye,682,5.463091096379366,10864.009979728391,7.718332612099975,12.127278926519095,12.127278926519095,5.36584226565307,10.395320778231337,113.63957165714649,7.718333952615648,12.12727881586064
signsuisse_test,sockeye,683,7.363852828852769,12663.264186975684,7.049674865137855,12.323254141405746,12.323254141405746,7.340666579659465,9.529976347828242,82.85380827714265,7.049674029394161,12.323254258752533
signsuisse_test,sockeye,684,6.891265838268665,16325.664354755363,8.435821417593596,10.951976724958493,10.951976724958493,6.887615625216279,9.385708368363257,75.73359529250271,8.435817109029433,10.951976723530919
signsuisse_test,sockeye,685,5.609686157342859,10582.769938528236,7.13290613454553,11.76369693849816,11.76369693849816,5.50866747882372,10.484902752201425,103.77573538610581,7.13290617539828,11.763696947148567
signsuisse_test,sockeye,686,4.8526833148365975,12138.490287921646,6.309236941203135,9.754981517220276,9.754981517220276,4.813298823426779,8.794838761054715,79.93519349441848,6.309237664303328,9.754982071932721
signsuisse_test,sockeye,687,7.90567443976981,11527.371527830892,5.865039494519818,12.02309048809158,12.02309048809158,7.884021282638661,10.648820821752375,102.14649408243345,5.865036572564345,12.023090901537971
signsuisse_test,sockeye,688,6.032471821673925,10333.461775634021,4.077840154634462,11.088431237058744,11.088431237058744,6.0089941006604,9.985522476138216,105.02218414256492,4.077839706368556,11.088431283426527
signsuisse_test,sockeye,689,6.726943226888287,13142.272390367809,6.109615344270454,12.566741051592812,12.566741051592812,6.723275881729386,11.57210720097997,120.63882435560403,6.109614157531937,12.566741023408863
signsuisse_test,sockeye,690,4.5592991944331445,10239.29079639075,4.587974635204854,7.540892289731672,7.540892289731672,4.535583125997779,7.4898132189995215,59.94403200128276,4.587975393844121,7.540892031596544
signsuisse_test,sockeye,691,6.9738536544686145,12505.63167561697,7.773420439465864,11.016045806160557,11.016045806160557,6.87922075520419,9.988396839904972,99.12550841335973,7.7734180422046375,11.016045876774792
signsuisse_test,sockeye,692,8.57506206693199,12705.037286334687,9.004958518422901,13.714130915234424,13.714130915234424,8.388431049847869,12.620972641314387,133.0282231036524,9.00495919591424,13.714131073771512
signsuisse_test,sockeye,693,6.490432858732445,13583.590733530238,6.14512127694277,12.920712704276317,12.920712704276317,6.462430363695278,11.52349982387291,87.31300345449354,6.145121985849035,12.920712693487888
signsuisse_test,sockeye,694,4.611631970420599,10468.222992109853,5.063090861650766,7.618911911814854,7.618911911814854,4.538247460140482,6.539373256851971,75.5365679251556,5.0630916356579165,7.618912268253077
signsuisse_test,sockeye,695,5.454604599902955,11295.156453383064,5.388035120415279,11.069629995743043,11.069629995743043,5.409252678133384,9.36709059851922,98.16077402636759,5.388036037877022,11.06963017802426
signsuisse_test,sockeye,696,4.51844082432116,10417.617769040926,6.391891427206543,9.351841389679034,9.351841389679034,4.46258564198877,7.402623686649129,70.79246977939995,6.391890528068537,9.351841356796504
signsuisse_test,sockeye,697,4.57881207186921,10842.219765367077,6.364493078638437,9.317556902496856,9.317556902496856,4.510219083585865,7.238586085185491,68.22212532319992,6.364493799786317,9.31755685567447
signsuisse_test,sockeye,698,7.704555764003333,11894.383645195076,8.743801120229843,11.86576819502998,11.86576819502998,7.655111799544388,10.481554213326996,92.92840538959217,8.743800093529158,11.86576826805227
signsuisse_test,sockeye,699,6.421896961489224,13000.784388923294,6.8993264432611605,10.549225178480347,10.549225178480347,6.344465921710578,9.322071356852833,88.2726603942293,6.899327618751241,10.549225187412512
signsuisse_test,sockeye,700,5.391598494243334,10405.312491196915,4.931418711094656,9.244301074203811,9.244301074203811,5.37063073583466,7.67056584615143,70.45675865829625,4.93141916988964,9.244301064877863
signsuisse_test,sockeye,701,5.0280092025525285,12713.34310224103,4.594388239315463,8.00858086326876,8.00858086326876,5.007781916250283,7.025056851886376,65.68583827449031,4.594387314239803,8.008580889681108
signsuisse_test,sockeye,702,6.16688881075952,12289.633277372028,5.567652662521418,11.752279910625528,11.752279910625528,6.156141122397108,10.864384178351083,109.85376224844495,5.567654937040988,11.752279961368592
signsuisse_test,sockeye,703,7.934767907587968,14816.513246495339,8.033756839495393,12.325427035750847,12.325427035750847,8.001567823638075,11.10890258660796,93.01729209826334,8.03375665673547,12.325427088033429
signsuisse_test,sockeye,704,5.1233130764283805,13335.006378605358,5.055390663486054,8.323323356088078,8.323323356088078,5.11133731219959,6.6997966690189665,59.62817704636906,5.055389857947143,8.323323309315308
signsuisse_test,sockeye,705,6.090482226553182,13987.0166530103,6.439556026438315,13.262105574731489,13.262105574731489,6.030031901655084,12.626859760109369,126.06273830237247,6.439555588318929,13.262105610567264
signsuisse_test,sockeye,706,5.526109154452167,11317.111104739455,5.615174447647359,11.908916288850834,11.908916288850834,5.4744257092219,9.727885515751405,80.05266530204513,5.615174642274168,11.908916275450597
signsuisse_test,sockeye,707,6.788888659740126,11260.527686892801,6.162862090077139,11.232847934970712,11.232847934970712,6.733722718195997,9.42784131130728,96.38250530778599,6.162862656726431,11.23284769740428
signsuisse_test,sockeye,708,8.084472469566359,13257.104580409032,8.971578707805104,13.394713228089293,13.394713228089293,7.873850828801953,12.138176207284063,126.5188908238493,8.971579447979849,13.394713218486581
signsuisse_test,sockeye,709,4.656248171875833,9890.009158869954,6.206336766001633,9.052924832115455,9.052924832115455,4.617933293680487,6.590122158765963,63.61917856508079,6.20633594857347,9.052924652134081
signsuisse_test,sockeye,710,4.81775856884072,11410.4504307355,5.853078419457093,10.02543791664066,10.02543791664066,4.728330306945216,9.416222085029565,84.66834817486159,5.853080465527573,10.025437917091368
signsuisse_test,sockeye,711,5.517391550550693,11341.661744372761,7.627535086311103,12.77767804653934,12.77767804653934,5.492036557918858,10.098010001655892,103.47649158897833,7.627536636411262,12.777678053163676
signsuisse_test,sockeye,712,6.710882909674972,13701.59972676596,6.84769893698388,10.716270614592137,10.716270614592137,6.643423621005724,9.681971101496023,92.04585706940715,6.847699771497198,10.716270632663631
signsuisse_test,sockeye,713,6.131199051557344,13568.716255414638,5.892518080945367,7.985862522926218,7.985862522926218,6.114143595500038,6.482243696302301,49.758221127848,5.892514501677536,7.985862511419261
signsuisse_test,sockeye,714,4.971354094126049,8597.356540397464,4.821634988148953,9.459164550230511,9.459164550230511,4.93744082523944,7.395435963001494,67.33262716850233,4.821635735191994,9.459164513469622
signsuisse_test,sockeye,715,6.896962985645481,11750.916652092945,6.481234864403232,9.66737668540024,9.66737668540024,6.869164554637729,8.425173228939501,62.96641160711509,6.481236044495017,9.667376718121544
signsuisse_test,sockeye,716,5.684298889895347,10931.860807824389,5.6292227954244405,8.817522275921132,8.817522275921132,5.647634508927702,7.178762847281837,63.82398139913934,5.629224501906365,8.817522090386127
signsuisse_test,sockeye,717,6.0090194525664655,10085.99299393911,4.525498432051844,10.240012023719,10.240012023719,5.982985377886485,8.711599863635367,80.35742714134474,4.525498051485219,10.240012141714534
signsuisse_test,sockeye,718,7.087412891012648,9040.631742764008,6.82264378519937,10.149753304480198,10.149753304480198,7.057495369277089,7.714498880449363,40.378818983213655,6.82264369245634,10.149753314305912
signsuisse_test,sockeye,719,7.222230101030148,12458.832502528161,6.2547014291033145,9.855585050450227,9.855585050450227,7.148910934007135,8.902295230973717,83.15760405389146,6.254700292901028,9.855585060886872
signsuisse_test,sockeye,720,7.162814181002703,13843.790176249851,7.4533791941934435,13.39245774545031,13.39245774545031,7.098312102130042,11.42472265687902,125.72357754859253,7.453381283617607,13.392457743500447
signsuisse_test,sockeye,721,6.402481154571276,13574.465941716302,7.640619329459513,10.12121559523384,10.12121559523384,6.32579834966656,8.806155648705497,88.33198983027273,7.640618555360427,10.121216029627977
signsuisse_test,sockeye,722,8.460492653855251,12333.786824994517,11.81173361786618,16.471035627460857,16.471035627460857,8.239816334057693,14.710225942122893,156.43618512262069,11.81173528251891,16.471035651583662
signsuisse_test,sockeye,723,5.486747302583419,9757.015396297906,6.041740552426031,9.079474748332625,9.079474748332625,5.411123307096653,7.706341023740595,69.27349126643573,6.041739824956303,9.07947470625795
signsuisse_test,sockeye,724,5.928934126241748,11514.143687836186,7.63468986698667,10.414836593347381,10.414836593347381,5.822334665885002,8.063904255865664,75.40261603801925,7.6346902194338995,10.414836591537911
signsuisse_test,sockeye,725,6.893380300149418,11372.229718946424,6.940942066976604,11.394911707372156,11.394911707372156,6.869029497122741,10.801976970090143,98.82355155489024,6.940944295194144,11.394911752563102
signsuisse_test,sockeye,726,7.067942708629953,17522.786934025477,6.975384975929896,11.301196373460975,11.301196373460975,7.052128283702171,9.808785326891897,92.64874166400367,6.9753861306240745,11.30119633120809
signsuisse_test,sockeye,727,5.966368309613905,11497.43737228565,7.9186711959663345,11.845115277697536,11.845115277697536,5.763335699339236,9.695483484991659,106.37905520645707,7.918666333073281,11.84511537387763
signsuisse_test,sockeye,728,6.2608246485494945,11041.866656233566,6.97951333371589,9.032203096585503,9.032203096585503,6.205200204325739,7.321405658960545,69.92117966390657,6.979511111367944,9.032203089798106
signsuisse_test,sockeye,729,5.247986592622432,11178.791259788408,8.899640946164089,12.006105678426788,12.006105678426788,5.13165230988587,10.437122165006802,110.92266175422475,8.899639556477316,12.00610564524722
signsuisse_test,sockeye,730,7.923786372772748,11604.451698319706,8.834648662228147,14.102924788025106,14.102924788025106,7.853221458326862,12.8753873791254,106.85875160232543,8.834648211547078,14.1029247544391
signsuisse_test,sockeye,731,5.5571942485338,11030.031043872586,7.145963294391823,10.530326591235564,10.530326591235564,5.517348059828235,9.228994772326345,93.02108907042832,7.145960995974171,10.530326647979999
signsuisse_test,sockeye,732,6.087350495518032,10038.958405397463,4.73125277390132,9.409374915781749,9.409374915781749,6.065663617634597,7.703501569965634,74.98351380938735,4.731252511058827,9.409374861790635
signsuisse_test,sockeye,733,4.993667011509703,9857.928193029298,5.002190261093078,8.41460704808227,8.41460704808227,4.96228311017358,7.685281187167137,59.57265493981351,5.002190275911559,8.414607055871775
signsuisse_test,sockeye,734,9.311332597354514,13515.169438563631,8.01342293882096,13.015071555341157,13.015071555341157,9.286814369824585,12.188290169740739,95.17683061034205,8.013424720808594,13.015071474052071
signsuisse_test,sockeye,735,6.428428186181887,10932.986569744422,7.310248112365498,11.994941490194812,11.994941490194812,6.363947987273759,10.657163991180248,101.83071770292669,7.31024795621844,11.994941823640161
signsuisse_test,sockeye,736,7.29386968553734,12187.836457927384,7.921215517524507,11.450977515825763,11.450977515825763,7.279288689439374,10.642529283717964,98.90945647043961,7.921214730257863,11.450977151917568
signsuisse_test,sockeye,737,5.792835378225967,10677.869543798457,5.545329126103364,9.723619241436959,9.723619241436959,5.774291798891201,7.907896638245058,86.08353358786798,5.545327472476164,9.72361921599701
signsuisse_test,sockeye,738,7.757076569257389,14753.391047938594,8.517548245078222,11.23902125861101,11.23902125861101,7.681598906739871,9.770438641001359,76.29524126390048,8.51754419764608,11.239021424450234
signsuisse_test,sockeye,739,5.785355504875327,11903.366110972196,4.8341794362653765,9.801651475732863,9.801651475732863,5.773178490802897,8.608083912027135,86.31088211454369,4.834179158006389,9.801651518508677
signsuisse_test,sockeye,740,7.143509384593791,14535.026139325615,6.740199481178435,9.700693895660901,9.700693895660901,7.119025089676375,7.985858335494806,49.49288756979517,6.740193875813147,9.70069405286707
signsuisse_test,sockeye,741,6.771533683349249,11917.328594739298,8.622886004485936,11.848639644267761,11.848639644267761,6.676054984749757,10.672698733649174,112.61935889940469,8.622887820776068,11.848639732676958
signsuisse_test,sockeye,742,7.490203613082178,16597.694764587835,6.975473987203636,12.368783374490336,12.368783374490336,7.479143706583325,11.268271076178602,95.87543851377389,6.9754729761738625,12.3687831593144
signsuisse_test,sockeye,743,4.522031036876892,11759.117518938096,4.621231865266098,8.421300653011016,8.421300653011016,4.544547753513738,6.513133032965051,61.38583702192163,4.621233544345251,8.421300319265791
signsuisse_test,sockeye,744,5.603835280539943,12085.359114840858,5.682952426893589,9.203300940527681,9.203300940527681,5.58195644676355,7.85273166771429,72.13304551077879,5.682952500214704,9.203301096792467
signsuisse_test,sockeye,745,6.930813126189632,17327.738813424905,7.223365148821229,12.498425484588827,12.498425484588827,6.906317022141302,11.384876919827946,105.85267791186897,7.223363791110103,12.498425601936603
signsuisse_test,sockeye,746,6.1390339390700905,9203.713364458152,4.503230673402938,9.269981345922115,9.269981345922115,6.109523062627007,8.08844419397264,71.35807933173571,4.503230970321856,9.26998134608966
signsuisse_test,sockeye,747,5.4923312317511375,10258.019777398857,4.460085336542233,9.263507240153665,9.263507240153665,5.473796902233534,7.749587047870296,82.56572908320504,4.460085391626138,9.263507276823114
signsuisse_test,sockeye,748,5.998684486345829,9176.748019273713,5.920690867246451,9.601280988959903,9.601280988959903,5.9753883373302665,7.881027999555111,63.833021649905696,5.920689909311065,9.601281025569241
signsuisse_test,sockeye,749,5.641380721996189,11442.791077788323,5.8904676624367855,8.625730977775387,8.625730977775387,5.5899187763569556,6.890789046160914,68.8205403652174,5.890468361108424,8.62573096661786
signsuisse_test,sockeye,750,6.467005691988634,12398.875953870695,8.160406922344679,11.462622658333107,11.462622658333107,6.390736602898075,10.373622413331418,109.09528715457918,8.160405532727278,11.462622690167198
signsuisse_test,sockeye,751,5.574190628921755,9789.593531802982,4.151315017058245,11.032608194987937,11.032608194987937,5.55250605551128,9.55835162521817,95.14641720389275,4.151314534776721,11.032608133392147
signsuisse_test,sockeye,752,6.7715470938667455,11713.88360642751,8.598441915915053,13.548903211931062,13.548903211931062,6.652934616582482,11.923748483186875,126.88770106040504,8.598440783029137,13.54890323708188
signsuisse_test,sockeye,753,4.521544600826544,9928.849285768909,3.8761040221406478,12.002325120668072,12.002325120668072,4.495392959189641,10.346498564515851,97.13129982191006,3.8761039869187917,12.00232499252531
signsuisse_test,sockeye,754,4.583381596410377,9995.179349063335,4.3243642488896,10.83872136363149,10.83872136363149,4.566512640647444,9.592388969801465,95.88205760830104,4.324363507788751,10.83872146516857
signsuisse_test,sockeye,755,9.168082182059164,17665.327040568074,8.727773574235737,12.18947446580693,12.18947446580693,9.171336685404338,11.7349494046504,66.4871739226125,8.727776218795213,12.189476046594626
signsuisse_test,sockeye,756,4.752907453955649,10359.069700528977,6.909842707459419,9.801636829179822,9.801636829179822,4.661771594605376,7.464017910881162,76.96120090476923,6.909842127395036,9.801636821088454
signsuisse_test,sockeye,757,6.459915134632915,11550.707619377587,7.048375446757634,9.569509646158926,9.569509646158926,6.392501410620696,8.136752858701302,80.80661744800476,7.048377739748802,9.569509688126805
signsuisse_test,sockeye,758,7.369850780960674,14400.916558029621,7.184908389241491,14.201923174268375,14.201923174268375,7.345929633600752,13.29681612007748,132.4712472990472,7.184909876060332,14.201923134325419
signsuisse_test,sockeye,759,6.736410964080022,11861.76114009398,6.837534667259957,9.751874449387447,9.751874449387447,6.5505410010900365,8.748074208276055,76.69219377523342,6.837533728807189,9.7518748776935
signsuisse_test,sockeye,760,8.208533987301012,13304.972238798378,7.064980901691423,12.293179504718188,12.293179504718188,8.1933985174314,11.163101210940884,109.41520744656663,7.064982255256961,12.293179512325187
signsuisse_test,sockeye,761,5.822888234861547,14084.259563349213,7.101898688623692,14.88906312546604,14.88906312546604,5.74572181911248,14.18591280193005,158.23342814924578,7.10189647264162,14.889063114978766
signsuisse_test,sockeye,762,6.844572715689712,11951.862963586465,7.055729876778149,11.72897517999965,11.72897517999965,6.738922150297826,10.459552278771472,106.92258790774592,7.055732152244845,11.728975160405984
signsuisse_test,sockeye,763,4.2601851880829535,10924.822472932294,4.0519128516975,10.013421809785614,10.013421809785614,4.2425560422634385,9.84646406362372,93.7539929675137,4.0519142552210665,10.013421628673862
signsuisse_test,sockeye,764,5.18128694527081,9785.054432819152,4.899308694844119,9.196661799570336,9.196661799570336,5.165337546523047,7.517739985708744,66.11179957447212,4.8993120819529,9.196661727786235
signsuisse_test,sockeye,765,6.197978808887397,13265.778180857502,5.4110111940814045,11.016319426943191,11.016319426943191,5.954336927149036,9.794355680365324,104.52001344194949,5.411010807739704,11.016319447033476
signsuisse_test,sockeye,766,5.480165885347576,10708.762252098615,6.288715641253681,9.953810141020375,9.953810141020375,5.431364055965746,8.442913082152973,85.88770127286023,6.2887150256318485,9.953810131164124
signsuisse_test,sockeye,767,5.301111336053232,14447.857304028787,5.754938747412313,12.347309618155888,12.347309618155888,5.283088343849182,11.068985310408518,117.5801961925715,5.754937231798898,12.347309595636467
signsuisse_test,sockeye,768,13.301523904868732,19926.601879194728,14.875795178614348,18.403879079525495,18.403879079525495,13.083261709223454,16.674277369057254,113.1398140390135,14.87579669467539,18.40387906223713
signsuisse_test,sockeye,769,6.771537607113835,12800.66668436411,8.323176394592357,11.907145387571997,11.907145387571997,6.664365677044718,10.526192267036206,110.18783583939778,8.32317526493447,11.907145390342635
signsuisse_test,sockeye,770,5.76557761727057,10928.81641333352,6.877480142444368,10.904925885680054,10.904925885680054,5.625421319156642,9.536027763025759,89.3694757591688,6.877478087146453,10.904926056734901
signsuisse_test,sockeye,771,6.740499070337432,11368.208458631529,6.807442751510721,12.119830278918451,12.119830278918451,6.592774516989369,10.890083627045398,112.74502308051531,6.807440882535781,12.119830251772562
signsuisse_test,sockeye,772,4.098978245593289,7890.85362578302,3.5968390973513134,9.181422375149218,9.181422375149218,4.077201085978256,7.908468386904541,79.40611884235406,3.59683958091794,9.181422386012056
signsuisse_test,sockeye,773,5.98756248117431,10452.698936283527,5.879089842622947,10.270991351110418,10.270991351110418,5.9548106468169255,8.16890870952887,80.26243509073436,5.879091573867901,10.270991326603106
signsuisse_test,sockeye,774,5.970559565615763,10502.616513168552,5.421440532957139,10.98649647267441,10.98649647267441,5.9451730483445875,9.74403945567766,94.7640988126197,5.421441047266027,10.986496287381364
signsuisse_test,sockeye,775,5.334015962791894,12109.671943089645,5.678316132688626,8.647821216746191,8.647821216746191,5.290285311543805,6.611737251736038,54.570369875610226,5.678314293270815,8.647821267408393
signsuisse_test,sockeye,776,5.299242692198417,13125.454508482644,6.216592803918134,10.006041897120669,10.006041897120669,5.280381180287415,8.708715193228144,77.64865201156108,6.216591355562646,10.006042193160733
signsuisse_test,sockeye,777,3.715573257080705,10005.824070233837,7.3228355435082095,10.718209269987094,10.718209269987094,3.6463624652999638,7.082117976878025,72.42408962521215,7.322835690528619,10.718209230620673
signsuisse_test,sockeye,778,4.551733708189407,10946.603108670732,4.878256723969864,10.029240114229154,10.029240114229154,4.517296366489955,8.640549851022213,89.56657397871822,4.878258778990265,10.02924015270324
signsuisse_test,sockeye,779,5.124596053000322,11177.708631495301,5.187058700556845,9.691357108569687,9.691357108569687,5.118926208335583,9.651436047106062,81.22091324166821,5.187058453475292,9.691357102892965
signsuisse_test,sockeye,780,5.815769645763056,10793.854767628105,6.4611792407342294,10.303150575812861,10.303150575812861,5.6725423108656265,8.865114146859042,90.60329899272203,6.461179527512325,10.30315054087593
signsuisse_test,sockeye,781,4.675271311702564,10943.289790140612,4.2041309059489,8.95377819770121,8.95377819770121,4.655998487492429,7.463527722795026,75.56528027182178,4.204129792817325,8.953778193768105
signsuisse_test,sockeye,782,6.272989404706816,10576.21717283385,6.203100226253484,11.709462684129798,11.709462684129798,6.245230913839904,10.819837848268126,94.88224041855435,6.203100055996326,11.709462721587782
signsuisse_test,sockeye,783,7.794174140794145,11079.302182292553,7.5151087806725245,14.202865332999062,14.202865332999062,7.780962850245812,14.190510097559432,137.25161347077832,7.51511002892167,14.202865329858309
signsuisse_test,sockeye,784,5.334934722786461,13441.525539333137,5.27840310791323,9.482359414052203,9.482359414052203,5.196543538566451,9.43858955031338,91.1365149174861,5.278403139522902,9.482359409326625
signsuisse_test,sockeye,785,4.7660588967754425,10736.03521270693,5.4467410231025175,8.78649666595509,8.78649666595509,4.741736250186962,6.76476294965957,68.5447187188929,5.446740857547366,8.78649665568611
signsuisse_test,sockeye,786,5.294531146359654,12859.530366346778,5.693054067498248,9.402830636249705,9.402830636249705,5.303261183857402,7.783043735427542,79.36414344699222,5.693052357539731,9.402830656376063
signsuisse_test,sockeye,787,6.42405418113956,11592.930849692397,5.693290013291004,9.773938253973407,9.773938253973407,6.410736376741137,8.937668745255294,76.90412304625532,5.69329106575678,9.773938275943578
signsuisse_test,sockeye,788,4.683006053699309,10825.164732055677,5.609133274404371,7.411297211362192,7.411297211362192,4.658057915192223,5.398966703196144,44.902067357198085,5.6091343553239765,7.411297208302645
signsuisse_test,sockeye,789,5.832039029643288,11115.368710639726,7.52360284759399,10.145509944495988,10.145509944495988,5.7829093355373375,8.365846037364747,81.46895743945541,7.523601823949697,10.145510026544404
signsuisse_test,sockeye,790,8.904693351331249,19418.115509271207,8.540717037027134,13.617289282968153,13.617289282968153,8.888887946359494,12.178746892517971,79.16230060945831,8.540713399730853,13.61728900241815
signsuisse_test,sockeye,791,6.109087597903196,12514.407114830181,7.111541664388051,10.68702192035749,10.68702192035749,6.064436272530697,9.961883519887206,75.44648613092733,7.111542236892349,10.687021909399459
signsuisse_test,sockeye,792,7.508822574502615,12225.844386403825,6.651086929153593,11.721986818099271,11.721986818099271,7.420124423799289,10.904581867712519,116.21823634089597,6.651085529057846,11.721986802957018
signsuisse_test,sockeye,793,5.837055732286258,13610.072549141074,6.842267785783598,8.146694726964192,8.146694726964192,5.793004910565415,6.467232902049581,47.14278780816931,6.84226851222483,8.146695012721251
signsuisse_test,sockeye,794,5.721676142730585,10669.397927388898,6.823214439993439,9.566332435949775,9.566332435949775,5.642818423229613,8.137768158291673,85.9474086864716,6.823213143160948,9.566332421970285
signsuisse_test,sockeye,795,5.691201973977746,12499.343749576454,5.817593053067275,10.626592503973573,10.626592503973573,5.654510511997474,9.338250161388684,98.02571418655013,5.817593195670358,10.62659244654569
signsuisse_test,sockeye,796,4.566730970335241,11106.495217705831,4.196496209133924,11.36645768262992,11.36645768262992,4.540568705322285,9.575437439805714,97.4874602546003,4.196494799093764,11.366457691526875
signsuisse_test,sockeye,797,6.061051051618217,10876.529217259787,4.456694545277248,11.935024130800567,11.935024130800567,6.039949114856929,10.742986577428676,113.94243742040518,4.456693445315841,11.935023899264575
signsuisse_test,sockeye,798,6.338151217209837,11054.690881380619,9.393615814066964,13.82287009591072,13.82287009591072,6.113786790727518,12.796702501012051,137.17061075346083,9.39361747040292,13.822870111800025
signsuisse_test,sockeye,799,7.477404779784323,14038.457668491777,6.8707420222502815,14.570531935884148,14.570531935884148,7.439296526160025,13.859518075921171,133.84494948897805,6.870740794268123,14.570531989423259
signsuisse_test,sockeye,800,3.836424007504617,8747.248307971367,4.757581885189206,6.070092035095532,6.070092035095532,3.8164271047031466,5.171065972470164,49.301414511867094,4.757581850735449,6.070092038122054
signsuisse_test,sockeye,801,5.620596970829146,13369.578899756296,6.185434369632756,13.178421317384881,13.178421317384881,5.577925618620888,12.70227992483377,126.07458678157771,6.185433087283577,13.178421376551032
signsuisse_test,sockeye,802,5.101997640850714,11324.425816614055,5.748252256719337,10.221467593217055,10.221467593217055,5.045386443136706,9.075384073583846,94.77298054576927,5.748250461838106,10.221467725688997
signsuisse_test,sockeye,803,4.709197459095684,10538.360983573017,4.524767939963815,8.87786052760714,8.87786052760714,4.703267968128371,7.885394858143007,81.66303935381279,4.524767334232423,8.877860511546723
signsuisse_test,sockeye,804,5.2064091998393796,10860.519444150614,6.8496009600309495,11.859013767678823,11.859013767678823,5.132174821373851,10.542692718024753,107.82652039899578,6.849601666021071,11.859013697854735
signsuisse_test,sockeye,805,5.416679463369949,13233.065407056447,5.9491441292851075,8.471237777454554,8.471237777454554,5.383431599544051,7.232461935458936,69.12542729056112,5.949142623786462,8.47123778737287
signsuisse_test,sockeye,806,7.119859310606872,12407.558379298223,7.370092228752828,12.718862817930974,12.718862817930974,7.055462671007731,11.719816262570575,122.67773566064587,7.3700924270908565,12.718863073154509
signsuisse_test,sockeye,807,6.469749676860029,14301.009650393607,6.233571319401642,10.746541251987852,10.746541251987852,6.392919171774051,9.820910188106733,98.57985706104306,6.233570902200007,10.746541255460274
signsuisse_test,sockeye,808,6.361133956749249,12553.607499198952,6.704287860238907,12.79490771629527,12.79490771629527,6.279674919980491,11.075680598654966,118.02028163011326,6.70428786717763,12.794908024378902
signsuisse_test,sockeye,809,6.060704839885789,10091.945718365394,6.803036500569969,10.472362238063,10.472362238063,5.960567430858019,9.146920739251597,96.19350698715768,6.803035983438822,10.472361878145424
signsuisse_test,sockeye,810,6.100370448621856,10630.795547907319,7.305117476182874,10.354201293266456,10.354201293266456,6.008786404667382,8.487845332701404,86.81695061112919,7.305118220914569,10.35420123721142
signsuisse_test,sockeye,811,8.599116741212613,20437.673739250902,8.383512640610432,17.998091822401996,17.998091822401996,8.58078654133566,16.536595149364512,147.7611560036886,8.383511657533866,17.998091820196887
signsuisse_test,sockeye,812,6.553651300985251,10596.32823796263,6.761861541395834,11.509066833124654,11.509066833124654,6.26583380009779,10.40306854836368,109.93667941286235,6.761860035780968,11.50906688000612
signsuisse_test,sockeye,813,4.248638105977252,8971.509362943427,3.7598092153451494,9.299078523936966,9.299078523936966,4.212056190559905,7.132903213845132,67.16573231257352,3.759808496375918,9.29907850175403
signsuisse_test,sockeye,814,6.624713052571536,10900.572527819313,8.04551338866321,13.12840154184407,13.12840154184407,6.483003509499467,11.18478826327003,109.03623106223893,8.045514961730387,13.128401497151007
signsuisse_test,sockeye,815,6.24566403109004,13000.802263077403,6.736572841477601,10.087600669130447,10.087600669130447,6.147322993198073,8.824552807362187,86.37150258079933,6.736575160461738,10.087600670579242
signsuisse_test,sockeye,816,5.737868808174881,10559.595328660316,6.308319945361488,8.992397961581778,8.992397961581778,5.678622044885785,8.029708007915836,76.47066460256903,6.308322048419606,8.992397919546775
signsuisse_test,sockeye,817,4.221685363503111,9928.229728386263,5.193108046040296,9.052375668503734,9.052375668503734,4.196225926630548,6.582862660489189,66.20362920166312,5.193107596836581,9.05237566244912
signsuisse_test,sockeye,818,5.0121506368243365,9266.642043990967,6.588825315630236,10.045851057867495,10.045851057867495,4.946952310393035,8.254686945991539,74.88550037920128,6.588826789729067,10.045850979841488
signsuisse_test,sockeye,819,6.8885326849427555,10764.475412677704,9.044843894242714,11.589140255869331,11.589140255869331,6.7532803851851115,9.532920751440672,82.3709470514639,9.044844655694584,11.589140482992796
signsuisse_test,sockeye,820,6.262619071674793,10885.838699566886,8.147323399788608,10.597152080799319,10.597152080799319,6.196162210824073,9.152214471684127,85.40677351598036,8.147321641982526,10.597151873940538
signsuisse_test,sockeye,821,8.694560759907153,15401.769787312804,7.047941683851532,13.559555712431095,13.559555712431095,8.677834769462052,12.879505406126642,116.42095014077711,7.047940193709397,13.559555679971456
signsuisse_test,sockeye,822,6.105806362071367,11808.836571359514,5.051933445872524,11.803775415043484,11.803775415043484,6.086968529627272,11.09128588887194,108.63799975554511,5.051930109555862,11.80377505208815
signsuisse_test,sockeye,823,5.711732167241426,9675.135849144028,6.323944043636704,9.783195176379738,9.783195176379738,5.605322294861584,9.32150674769315,74.14658071924534,6.323942317192613,9.783196045986433
signsuisse_test,sockeye,824,7.699843194110803,12681.535054472064,9.317884955184736,15.87429668580973,15.87429668580973,7.532415664093631,14.984777891568777,161.54007354379297,9.317884475299243,15.87429675844719
signsuisse_test,sockeye,825,5.35311076485582,12315.83015496276,5.101937668568539,11.666477807693377,11.666477807693377,5.341066982579489,10.086177637872087,93.26237840342034,5.101937124518669,11.666477809471171
signsuisse_test,sockeye,826,6.35336579672722,10607.909297946479,7.593158469911968,11.054180323893126,11.054180323893126,6.280232975547617,8.885749077456953,89.11838326458376,7.593157688077437,11.054180273004354
signsuisse_test,sockeye,827,6.460247993268147,15693.374962528103,7.329740340500726,14.657889247196692,14.657889247196692,6.430043882242951,13.606607549394731,143.84295257183703,7.329741208736309,14.65788920353555
signsuisse_test,sockeye,828,6.316724882147371,13272.347446951511,7.541484693475162,9.92481974762037,9.92481974762037,6.25825138367826,8.225965584991954,82.63768307102407,7.541485893724918,9.924819297609053
signsuisse_test,sockeye,829,7.987010198172741,13742.358235145217,9.298017848679702,12.552717521590193,12.552717521590193,7.932459690193045,11.430961167562975,106.47792953353284,9.298016625384138,12.552717526655826
signsuisse_test,sockeye,830,5.623217723090086,9883.641498373352,6.590966756791083,8.754641292125278,8.754641292125278,5.535766489839641,7.174492616411649,66.42726717147892,6.590968549558753,8.754641429319713
signsuisse_test,sockeye,831,6.674714579827649,12863.852960065611,6.2457724862815365,10.704097989979688,10.704097989979688,6.664072283039484,8.708279154538756,73.0557049532339,6.245773488484358,10.70409808306467
signsuisse_test,sockeye,832,6.086848901073315,12089.676354490857,6.962778870195297,12.940648883731692,12.940648883731692,5.9852759624218645,11.505165046132278,113.69849752025308,6.962779875824325,12.940648582822643
signsuisse_test,sockeye,833,7.507698020932717,10887.240301502963,8.411967890080822,13.07193678033316,13.07193678033316,7.3330989600945085,11.411921125360024,115.71909477937655,8.411969579687625,13.071936714312951
signsuisse_test,sockeye,834,6.2095346242373335,11917.510838342438,7.363857431029394,10.15471555265741,10.15471555265741,6.12678023467363,7.967052575913736,68.0675027136537,7.36385798792359,10.154715552487344
signsuisse_test,sockeye,835,4.716780514630178,10439.974322737075,5.8939186869862485,9.40949262376948,9.40949262376948,4.662585624603781,7.9063243748900724,72.94558425326309,5.893917041476122,9.409492737275718
signsuisse_test,sockeye,836,6.948218889691925,11267.346077250018,7.285451545770857,12.497148138686901,12.497148138686901,6.79832316682229,11.780644670545652,114.58622247569922,7.285450908125837,12.49714825660645
signsuisse_test,sockeye,837,6.675782849880689,10629.602852466627,6.360428060545396,11.627593496453027,11.627593496453027,6.654306698246276,11.60022427059623,121.41554486974366,6.360427434651019,11.627593459655262
signsuisse_test,sockeye,838,9.118236786902841,21014.67970921821,9.790694653731586,12.877311223100069,12.877311223100069,9.065233636598947,11.660384822456203,82.41193774990192,9.790689525961685,12.87731121940091
signsuisse_test,sockeye,839,7.196169599332724,12168.606360864365,6.775197862833874,12.46630439222378,12.46630439222378,7.029314926671095,11.41353453744628,122.00178150830983,6.775197325813299,12.466304816476882
signsuisse_test,sockeye,840,9.027375552745719,13417.780219902035,9.47301209106081,11.641794015165104,11.641794015165104,8.996989913871548,10.646757203281682,65.22155126835905,9.473013213785869,11.64179401454015
signsuisse_test,sockeye,841,5.95999946008874,10372.786849168057,4.375589246285258,9.714831102644036,9.714831102644036,5.94137224938505,8.962941701714493,91.9439068675086,4.375588798954703,9.71483109403361
signsuisse_test,sockeye,842,6.674980732504914,12611.77461189104,7.392227849331601,10.711256908426881,10.711256908426881,6.624852730939155,9.493997295796948,80.41027678424155,7.392225815686815,10.711257126328244
signsuisse_test,sockeye,843,7.552871847329405,11444.931038183424,6.348067939430142,11.737434701492099,11.737434701492099,7.4948909250281766,10.438029216377227,99.96029970998346,6.3480653087299475,11.737434869160307
signsuisse_test,sockeye,844,9.913826368812055,12680.576274117577,9.634880835639754,12.775502244528857,12.775502244528857,9.823329096079764,11.310378045717247,59.32584267201465,9.63488114091028,12.775501412190996
signsuisse_test,sockeye,845,6.300676991276971,11233.236748317233,5.857280374625004,9.91300165945071,9.91300165945071,6.274655665110639,8.17690283463642,46.858875743842745,5.857280955065191,9.913001661013663
signsuisse_test,sockeye,846,8.490095112105891,16830.3431508684,8.622417130478684,14.510197716956736,14.510197716956736,8.457152291449662,13.426725666051611,136.58805954748257,8.622413238858368,14.510197664045899
signsuisse_test,sockeye,847,5.0625773792870135,13831.98053997709,6.3249313564479746,10.688646724875518,10.688646724875518,5.0442278428205904,8.679182562004678,82.56773910620643,6.32493299883524,10.688647097832984
signsuisse_test,sockeye,848,9.642072924455498,13089.126076516059,9.878392331694192,12.926301186856563,12.926301186856563,9.376248365214277,11.496146490413562,72.88390589155087,9.878392142061774,12.926301147154101
signsuisse_test,sockeye,849,5.495308246874553,12681.137602322091,6.095727737675697,8.653333489894965,8.653333489894965,5.446997272023548,7.129774352749246,62.778095763089325,6.095727981308887,8.653333481563585
signsuisse_test,sockeye,850,6.751380020723856,12166.373901114173,6.372433730844625,11.58360832762493,11.58360832762493,6.7109883636514125,9.552971826349678,100.52449966714929,6.372433917940991,11.583608336763051
signsuisse_test,sockeye,851,4.822004090766034,10914.915742239496,4.618427896627174,9.383670119662126,9.383670119662126,4.7838373514934815,7.579052019448854,77.9096765268121,4.618428679688744,9.38367004088042
signsuisse_test,sockeye,852,5.9146350032423625,11582.229307596239,6.797579182293777,9.233558445645262,9.233558445645262,5.851765728829567,8.04664198002336,73.45690020248576,6.797578633294772,9.233558726880393
signsuisse_test,sockeye,853,7.646266762630127,13958.699082404386,7.493263308148277,12.547869231304208,12.547869231304208,7.639053192789887,11.714683170028561,107.74790593246101,7.49326355286871,12.547869255428916
signsuisse_test,sockeye,854,5.340347478544645,9875.173362013344,5.1111551878537185,8.259886500370104,8.259886500370104,5.323761264986471,7.016518249034931,66.81119245824259,5.111156170921737,8.259886561854076
signsuisse_test,sockeye,855,4.643248744980371,9376.590926772249,4.931548595511957,8.155721162968586,8.155721162968586,4.598359477144935,5.691175395268532,50.15700235959529,4.931549373333974,8.155721152665384
signsuisse_test,sockeye,856,5.742497309738868,8874.112848838124,4.170051912556605,10.15254634687694,10.15254634687694,5.704681804980465,8.672678133859403,88.54612324019365,4.170051159199654,10.152546336685976
signsuisse_test,sockeye,857,6.9108545323713235,13831.75921333539,6.711564698628003,12.457213484246186,12.457213484246186,6.8119448669112,11.314351442657177,121.32062614777763,6.711561477912978,12.457213498069082
signsuisse_test,sockeye,858,6.603574474755685,11041.67618551155,6.041564378159795,11.705188362039173,11.705188362039173,6.589416371665129,10.281850102399924,106.2287055248366,6.041562582422279,11.705188555409038
signsuisse_test,sockeye,859,7.100948316023264,13127.782858491802,8.04837080563512,11.977300440117967,11.977300440117967,7.049559452030207,10.437990578659424,99.96575854769546,8.048370294651008,11.977300451033058
signsuisse_test,sockeye,860,5.686132428248744,11261.766094160852,7.15289960660214,9.603380436837085,9.603380436837085,5.6408245310141485,8.219307138610949,79.7065126289304,7.152899305180152,9.603380431314129
signsuisse_test,sockeye,861,5.524973890548724,9842.976353055235,4.945885535884884,8.35976485706679,8.35976485706679,5.506122682701312,7.278190640038133,67.64638950638204,4.945884999004173,8.359764843315123
signsuisse_test,sockeye,862,5.342979967749887,10180.170968913371,7.658433062833601,10.424301881652227,10.424301881652227,5.167039887732281,7.651488391051518,71.18799255186266,7.658426620736526,10.424302261451984
signsuisse_test,sockeye,863,5.863479565450792,10771.251182684613,4.989917514178705,7.6596605010827075,7.6596605010827075,5.850882841122087,6.782823490261042,64.05411245708942,4.989917205338418,7.659660599524877
signsuisse_test,sockeye,864,5.850823178807188,10748.21483860573,6.177836135686229,8.777452428883281,8.777452428883281,5.762187282411851,7.187224527330299,70.84338558415328,6.177836731458173,8.777452433394675
signsuisse_test,sockeye,865,4.047389881971124,10250.406245914783,4.307180433471373,7.715989283508551,7.715989283508551,4.023642778572563,6.763815251921998,61.41192835117774,4.307181071994838,7.715989281263482
signsuisse_test,sockeye,866,5.37106608067643,10553.695169853132,6.431318850583397,10.543002738695888,10.543002738695888,5.242895100463469,8.692322586329212,91.92428705573919,6.43131769174889,10.543002782787964
signsuisse_test,sockeye,867,4.835801283922846,11430.804057644958,4.994385887869022,6.897008996261333,6.897008996261333,4.802558355537605,5.142115743067379,43.809723209152374,4.994387008854688,6.897008761533013
signsuisse_test,sockeye,868,6.058308311910308,10267.147684016705,5.756112643428815,10.227398490679004,10.227398490679004,6.013469318275021,8.81528298977258,79.07995733318803,5.756113856310813,10.227398150683165
signsuisse_test,sockeye,869,5.327836601304667,10352.269523411062,5.473153622546104,9.61982578268381,9.61982578268381,5.312498863929604,8.489705405037768,83.48097324451416,5.473155368335534,9.619825796386383
signsuisse_test,sockeye,870,4.941898605764294,10070.421287054549,6.805823373827061,9.173783660665535,9.173783660665535,4.961087402147877,7.289131532770902,69.13812579176509,6.805820359772558,9.173783640626981
signsuisse_test,sockeye,871,5.024503565167499,12115.29008695573,6.193168147694822,10.142166650758135,10.142166650758135,4.912967846192936,8.88428654219646,87.05104263307595,6.1931683846056576,10.142166626963208
signsuisse_test,sockeye,872,7.3315527815447705,14283.012508939482,8.445675576724058,12.009150247972112,12.009150247972112,7.250206740393601,10.652106106178959,113.84245458901961,8.445673840057399,12.009150309535162
signsuisse_test,sockeye,873,6.592522431240605,12552.26494828144,6.898440132187308,8.242576972799196,8.242576972799196,6.494111667033988,7.271594478300967,53.40416702166596,6.898439881195654,8.242576834869155
signsuisse_test,sockeye,874,3.7867959217597282,9480.695929940583,6.125404657060831,8.17927155527334,8.17927155527334,3.553434905145007,6.465691654164087,56.795022636596755,6.125404669839482,8.17927227692134
signsuisse_test,sockeye,875,5.943583291876111,12994.591432907053,6.598962175547745,11.036224525325894,11.036224525325894,5.900753903288791,9.408986222612773,94.76742116064693,6.5989615286820715,11.036224391485794
signsuisse_test,sockeye,876,5.569239926324465,10421.84059336765,7.200172698812971,10.482875259538869,10.482875259538869,5.452060278162763,8.74929961306071,94.03166054596493,7.200172374110485,10.482875777446859
signsuisse_test,sockeye,877,9.794090907144858,18533.99284053258,9.371010813909812,12.794133768955373,12.794133768955373,9.766849866190299,11.558890677901575,61.23975221960704,9.371010475936638,12.794133796571979
signsuisse_test,sockeye,878,7.048388244865475,11839.8923603556,7.355103995917099,10.997573596221248,10.997573596221248,6.96615831428544,9.84687757151261,96.87628541928102,7.355105321752528,10.997573611764388
signsuisse_test,sockeye,879,6.383694548735088,11407.260830289155,5.628441239980138,10.265486311831756,10.265486311831756,6.365245759941938,9.29867973074711,98.58778053813151,5.628440006769697,10.265486312086654
signsuisse_test,sockeye,880,5.437505900190625,9206.330658083545,4.7956654254771305,11.357942734879726,11.357942734879726,5.401478921108492,9.910295054780018,98.01653555443376,4.795664233739008,11.35794274193682
signsuisse_test,sockeye,881,4.954831648595343,11162.32439465136,4.045015086771121,10.030158451111223,10.030158451111223,4.9358625807022305,8.289034408412553,82.87509660123624,4.045014950964528,10.030158425286956
signsuisse_test,sockeye,882,5.587294483957504,10021.114979765287,5.082367896578344,9.146254015988605,9.146254015988605,5.554966966631817,6.852620798379171,51.99763801461968,5.082367148904252,9.1462537628509
signsuisse_test,sockeye,883,5.631772336794448,10923.928088495173,5.768789957852143,10.755410321557097,10.755410321557097,5.597592607596071,8.480831944632447,86.48521128527098,5.768791430903763,10.75541034230328
signsuisse_test,sockeye,884,6.799427151617881,10714.615693361984,11.544664784311127,14.053684146732223,14.053684146732223,6.581195698066968,11.1252486111481,112.19924893600037,11.544664575442468,14.05368413757146
signsuisse_test,sockeye,885,5.272364244873417,10363.313860810706,8.237562794116938,10.47973729531644,10.47973729531644,5.0580476955222675,8.097465589511565,84.58860671762919,8.237563764586163,10.47973757154127
signsuisse_test,sockeye,886,6.169472037952339,10759.139826773677,4.947461693581361,11.367313289969498,11.367313289969498,6.152651803219785,9.821293655702064,95.79190946065204,4.947461851642161,11.367313277555901
signsuisse_test,sockeye,887,5.861539722169812,12236.574167619934,6.288567778769494,9.545898498828311,9.545898498828311,5.8543312221778905,9.03553493279904,76.84364766834469,6.288568108353838,9.54589863013953
signsuisse_test,sockeye,888,7.925108451124529,13402.351108594603,8.604573207636609,11.469036872742597,11.469036872742597,7.871601789383833,10.33098459163185,75.2346103335243,8.604572962021917,11.469036849365931
signsuisse_test,sockeye,889,6.390868412618811,11498.015533826436,5.464685566323177,11.855351840341878,11.855351840341878,6.370914479992576,10.87033285637386,113.90572677996273,5.464684857110394,11.855351766434692
signsuisse_test,sockeye,890,6.111653544683371,12564.288594413629,6.859250824196541,12.408505814352365,12.408505814352365,6.062151614033618,11.530135079439669,129.06067911378568,6.859250645142481,12.408505786270547
signsuisse_test,sockeye,891,7.669893718542436,12292.541847829545,6.6862117492124336,11.268395311667673,11.268395311667673,7.643784935752913,10.624210650830848,113.26912877179728,6.686211971428001,11.26839527450048
signsuisse_test,sockeye,892,7.568323105015289,11489.335550701271,5.896128398711749,12.941000986535165,12.941000986535165,7.3803039936701005,12.09896181756402,122.85039562742772,5.896129139883376,12.941000947721838
signsuisse_test,sockeye,893,4.626947322433792,9369.891356806145,4.175254718835985,10.78016703063506,10.78016703063506,4.603635601690209,9.3235584126225,95.47670471313361,4.175254617523316,10.78016703139497
signsuisse_test,sockeye,894,6.4729205043801725,12212.845433015584,7.594000233247098,9.582080130399179,9.582080130399179,6.447734849224671,8.747142369403187,67.34682130829675,7.5940012130852,9.582080130390985
signsuisse_test,sockeye,895,6.028277609291176,9270.931132811189,6.26693407161081,8.418185112552738,8.418185112552738,5.993684747921553,6.370439997182418,47.996246999884484,6.2669332399372255,8.418185558126252
signsuisse_test,sockeye,896,5.744016132676365,10181.309941503507,4.477916564282047,10.09036659066339,10.09036659066339,5.712132752760583,8.441825379974134,89.01236449233652,4.47791688322029,10.090366600777868
signsuisse_test,sockeye,897,5.18448104037813,12281.647034910535,4.49889039950183,11.152508452739077,11.152508452739077,5.1641286852331305,9.981617281434405,96.90018081754627,4.498891146369831,11.1525084898606
signsuisse_test,sockeye,898,7.165793620361479,13457.627519991047,7.814863729450789,10.587906569253395,10.587906569253395,7.082927725646403,9.17488786253528,97.38349230385153,7.814860938509388,10.587906595756944
signsuisse_test,sockeye,899,5.470428842144817,11978.356982395026,9.90230795155775,14.163490993542789,14.163490993542789,5.168525091003234,11.666160212726023,122.1851514032085,9.902308171776825,14.163490977613678
signsuisse_test,sockeye,900,4.3702492651335785,9313.357217209134,4.595201321628048,6.870313811833114,6.870313811833114,4.335023185685186,6.5930704937857385,53.08606286723509,4.595201392725202,6.8703141562922365
signsuisse_test,sockeye,901,5.880517932865473,11496.855755569337,6.831384579109994,10.700938887318525,10.700938887318525,5.80395506015626,9.682539635016662,101.30387303015584,6.831385377409282,10.700938935287448
signsuisse_test,sockeye,902,3.7417308640719966,11338.928804350522,4.2618413563556885,5.598294578045976,5.598294578045976,3.7366898509091975,4.77014955989335,27.856383958055588,4.261840421823448,5.598294561309861
signsuisse_test,sockeye,903,6.452329481418831,11597.502752050135,6.418014411087975,10.02301941575096,10.02301941575096,6.331458417494929,8.901584707200303,90.27594745264496,6.418012179923271,10.023019380409847
signsuisse_test,sockeye,904,5.983785470433342,12071.121528565205,8.204290041061272,12.887179615426314,12.887179615426314,5.900177378438391,10.644930680818979,115.23991382888796,8.20429076462299,12.887179592088444
signsuisse_test,sockeye,905,5.580836150597347,9179.91888130816,4.122332179221,10.748652991922123,10.748652991922123,5.547794126193545,8.414031519325617,82.9579468197284,4.122332032373142,10.748652982093303
signsuisse_test,sockeye,906,5.27603642893514,11022.399336337381,6.519570656280135,9.947985629967704,9.947985629967704,5.198921278110691,8.342262452634348,90.14096766568548,6.519572989518661,9.947985581096734
signsuisse_test,sockeye,907,4.9005046620684265,10232.416069066485,3.5331304409754187,7.686290703800596,7.686290703800596,4.885752376731143,6.7169499780600965,72.25168552331155,3.533131210905438,7.686290706361254
signsuisse_test,sockeye,908,5.037866873202406,10340.883039105818,5.390192234577135,9.397316082472694,9.397316082472694,5.0293350946526045,8.943381969806563,67.990335246736,5.390191275764669,9.397316082080911
signsuisse_test,sockeye,909,9.618047935503803,20576.35431048087,10.180321352163018,13.814417240790698,13.814417240790698,9.567009845467481,12.44724471495756,88.06779286296828,10.18031275269932,13.81441732203725
signsuisse_test,sockeye,910,5.117131403246189,9034.166065290667,4.543757870336129,10.048395712163352,10.048395712163352,5.088130541514018,8.816853300726407,80.84976253310995,4.5437564885083805,10.04839571748996
signsuisse_test,sockeye,911,5.499327427062218,10019.927930654283,4.581903745307427,8.857830501273176,8.857830501273176,5.481194997698921,7.5513788307708705,79.80516304475225,4.581902985600405,8.857830482050556
signsuisse_test,sockeye,912,5.304272933041015,10836.262418108425,6.8970321701758905,11.127373717185995,11.127373717185995,5.218824001426116,9.507186892612959,93.09067056611892,6.8970335339322055,11.127373957791832
signsuisse_test,sockeye,913,5.985711488191847,10081.22928095094,7.152570165311638,11.547733431318646,11.547733431318646,5.892082514494895,10.114987422755593,102.13188154206107,7.152570341634494,11.54773345458186
signsuisse_test,sockeye,914,6.974459717785909,11620.811131836057,7.613031602936249,9.912575017853666,9.912575017853666,6.856217961561149,8.730326760703887,76.54254730817932,7.613031885662363,9.91257501513084
signsuisse_test,sockeye,915,4.541411212459687,11357.906470028582,4.819849143449635,8.642446940849306,8.642446940849306,4.52814252455586,8.420906616223139,71.76077773109871,4.819848211212115,8.642447047089197
signsuisse_test,sockeye,916,5.333592893082694,9609.562996909846,3.661748826345086,10.575344459486425,10.575344459486425,5.3129058851964555,7.968118729477109,81.13558945129019,3.661748321675143,10.575344373574778
signsuisse_test,sockeye,917,6.28937106350733,12452.981871330523,5.975418237125245,10.780455275861971,10.780455275861971,6.2890273907632634,9.897809668468179,97.99559240191155,5.975415990695982,10.780455308005228
signsuisse_test,sockeye,918,6.744590867766881,12447.867509517717,5.955563553206855,12.993176774639407,12.993176774639407,6.722098199117996,12.068876652625411,120.83919397901929,5.9555650288967685,12.993176773284508
signsuisse_test,sockeye,919,8.262928690538317,10318.879883364742,7.981878104222869,11.203252598769714,11.203252598769714,8.269266290279274,11.171374687892065,46.41099033849158,7.981878744878321,11.203252593818531
signsuisse_test,sockeye,920,8.564636620162265,13880.858922454974,7.565234479295718,11.376459749081297,11.376459749081297,8.435948067023284,9.894927642449337,96.69173558347418,7.565235014957615,11.376459758793754
signsuisse_test,sockeye,921,6.770961719801244,11654.948118346678,7.864624830505211,11.610045853434267,11.610045853434267,6.636565464190767,10.310581550974385,100.6302693245007,7.864625858112641,11.610045844423054
signsuisse_test,sockeye,922,7.5194292506535465,11593.474569636632,7.551664001577545,12.997656925989608,12.997656925989608,7.467501249428716,11.817442911413673,113.83836255526533,7.551664245476401,12.99765691857838
signsuisse_test,sockeye,923,5.302580830355177,11332.934266538545,4.965824788450958,8.88512365278885,8.88512365278885,5.284288110603991,6.642420320633583,63.208922833959434,4.965826042783002,8.885123776578048
signsuisse_test,sockeye,924,5.897618469155075,12573.254991708793,6.40311264677582,10.644852702471127,10.644852702471127,5.811549476185569,9.429226939082046,88.1029988391955,6.403112541432418,10.644852710243912
signsuisse_test,sockeye,925,5.324611507048747,12047.721384772552,5.425205835447973,9.572261215612158,9.572261215612158,5.299479630139619,9.502711739508092,87.77788557605534,5.425204917728798,9.572261213906762
signsuisse_test,sockeye,926,6.528640219132197,10685.746467946423,7.466919760994684,10.052118205437392,10.052118205437392,6.485927566110062,8.283441119776658,79.47284417864796,7.466921359417633,10.05211828707634
signsuisse_test,sockeye,927,5.498045903057979,8497.57367774377,5.202273850069493,9.43428170339971,9.43428170339971,5.439538702059975,6.876417883149142,43.60186478669849,5.202273614300163,9.434281708523251
signsuisse_test,sockeye,928,6.384364888877725,14380.197114209437,6.790762544389575,10.47384444532992,10.47384444532992,6.347138353883189,7.966856434596552,61.84622403444219,6.79076496097203,10.473844401807048
signsuisse_test,sockeye,929,7.7123974994116224,15060.590056328181,7.293650705029171,13.286806708208937,13.286806708208937,7.729527465794511,12.11131769212606,121.6003255110267,7.293648388206562,13.286806666956961
signsuisse_test,sockeye,930,8.200895179587603,17043.949342966924,8.909524812912094,13.289649536932412,13.289649536932412,8.153872121445474,12.422338428035497,102.62331038164272,8.909524106903142,13.28964954164755
signsuisse_test,sockeye,931,6.4821320684103485,13339.531268501909,5.894246266112006,13.311144143558238,13.311144143558238,6.466487123185069,11.94069117486704,124.3920549668479,5.894245289599174,13.311143970414332
signsuisse_test,sockeye,932,5.949380760571027,11700.92133029383,5.905380451824946,10.962631313416885,10.962631313416885,5.92971010640011,9.270719667324911,92.40496467261457,5.905382890832282,10.96263133521712
signsuisse_test,sockeye,933,3.856699741497884,8926.415202372238,3.773303809940443,8.211509524103299,8.211509524103299,3.784819693481588,4.654896919584828,17.911741961795578,3.7733028606335353,8.211509320202177
signsuisse_test,sockeye,934,5.2295973628169525,9629.013703916027,4.471724736131897,10.460866113570463,10.460866113570463,5.146704367627631,8.097448531090311,66.08561553199738,4.4717254783342115,10.460865875041039
signsuisse_test,sockeye,935,8.708620157100567,22348.048289264767,8.713594644024015,18.742226260906598,18.742226260906598,8.701697422442354,18.05333850251478,190.83749772883576,8.713593539625426,18.74222630281177
signsuisse_test,sockeye,936,6.783420723699144,11219.41692262234,7.716181101743496,11.97811102586963,11.97811102586963,6.610744839188529,10.649372632242416,103.74410573408923,7.71618194675744,11.978111517074618
signsuisse_test,sockeye,937,6.408736674125756,11543.15803511416,6.965628403830321,9.327993949716534,9.327993949716534,6.307129099368639,7.7479565267348605,69.00524481448399,6.965628098181379,9.327993885684807
signsuisse_test,sockeye,938,4.935363806918801,10152.91696669711,5.157102656344747,8.01554712402049,8.01554712402049,4.929664901895892,6.020055912294945,57.37232967594859,5.157103438526703,8.015547038744188
signsuisse_test,sockeye,939,6.843750471909328,11177.940658687938,4.870995623101043,10.796411435181758,10.796411435181758,6.8211808427383955,9.704421244467797,89.56494755676083,4.870995481156826,10.796411434702497
signsuisse_test,sockeye,940,6.631084152203134,12619.253791326544,7.380408610413492,12.151922400990143,12.151922400990143,6.507051831571134,11.499632661974161,119.92465878782505,7.380407285995112,12.151922378723544
signsuisse_test,sockeye,941,5.618111812071978,12459.969847783177,5.702209906420133,12.671144272388009,12.671144272388009,5.590769450911668,11.514533699915091,112.10401800312786,5.702211027585076,12.671144291757876
signsuisse_test,sockeye,942,2.9298271786238224,10098.553824606191,3.352065996098526,4.410782715937417,4.410782715937417,2.903670683454695,4.085965622253831,29.7241287749875,3.3520649309756814,4.410782692744893
signsuisse_test,sockeye,943,6.471918725369823,11267.758489375616,5.006048450528415,8.636040190859498,8.636040190859498,6.457734207301322,7.305120519610263,76.74664715919678,5.006049026415535,8.63604016858914
signsuisse_test,sockeye,944,5.458408327490763,10667.52799883709,5.400999758816716,11.519941537799161,11.519941537799161,5.367382836981174,7.996490356719492,63.78081376730068,5.401000084168274,11.519941007066171
signsuisse_test,sockeye,945,7.486951377329024,15745.061168536397,6.574251190233812,12.478095178210527,12.478095178210527,7.473113182967958,10.657705130866162,85.71946231133673,6.5742515542442685,12.478095001940495
signsuisse_test,sockeye,946,4.679903488337192,10259.749499547117,7.00549486094307,8.96536006331826,8.96536006331826,4.568315957929691,6.535330775594933,64.42363495175384,7.005495345247436,8.965359324299456
signsuisse_test,sockeye,947,6.980966732128608,12101.21849562123,6.870157265430858,11.986349632052612,11.986349632052612,6.8757587990041555,11.211526868731776,110.89990354777105,6.870157734161601,11.986349448389976
signsuisse_test,sockeye,948,7.248391438850395,15487.348944845493,7.616402464963414,12.235004695322386,12.235004695322386,7.238498813796579,11.430760831895723,110.05632789318385,7.61640266214694,12.235004660435706
signsuisse_test,sockeye,949,6.62067259278594,11936.876669748799,6.7897450001715125,10.771268155045519,10.771268155045519,6.369981507809821,9.81852596739375,92.15176967014901,6.789743545319761,10.77126824109956
signsuisse_test,sockeye,950,4.836893305852022,11250.780751557139,4.59515652470326,11.935973865848037,11.935973865848037,4.8098297892368125,10.919262543656316,108.49797706484321,4.595156366951666,11.935973822396297
signsuisse_test,sockeye,951,7.004083301749473,16376.385961032229,7.787055425445196,11.772264720216977,11.772264720216977,6.957443551646143,10.440661737359257,90.14053381031806,7.787053426005441,11.772264668048093
signsuisse_test,sockeye,952,5.388427660143433,10832.789822900793,6.712630862081503,9.369566827583684,9.369566827583684,5.31644924729427,8.051708451925164,78.6485866129081,6.712631931172784,9.369566858351295
signsuisse_test,sockeye,953,6.902651482881039,12055.362546407754,5.983033669917945,12.0682609076466,12.0682609076466,6.893366704986745,10.819905894696646,120.98582104085827,5.983033982155926,12.068260871861971
signsuisse_test,sockeye,954,6.25694915139933,12597.866296449052,8.936908278758391,13.207395037283705,13.207395037283705,6.0260511660654235,11.748931238321173,127.6413349242827,8.936906823810435,13.207394974747055
signsuisse_test,sockeye,955,6.548775507043568,11709.680096580145,5.903513254352072,8.76085013328949,8.76085013328949,6.526404638360463,7.929641531523181,71.36571839835649,5.90351519112118,8.760850131838392
signsuisse_test,sockeye,956,7.02717311116244,11172.494951581291,7.420717833151393,10.954114080538087,10.954114080538087,6.9478080982888155,9.461417264284778,91.90137024882489,7.420716941613479,10.954114082838158
signsuisse_test,sockeye,957,3.977370968086601,9936.868882473571,4.316984222587673,7.391184635589116,7.391184635589116,3.9450236070500946,7.139481872717394,66.70688983462678,4.316985237378323,7.391184642941242
signsuisse_test,sockeye,958,6.833914297837573,11765.943241294179,6.209635418091339,10.391123688762965,10.391123688762965,6.78481729879919,9.274097747577647,96.43828527382796,6.209634752416546,10.39112369031825
signsuisse_test,sockeye,959,5.801564484902843,10553.925416617954,5.370579792666009,10.286595747820579,10.286595747820579,5.734038475191262,9.6028706432704,102.25909512846663,5.370581053734683,10.286595750772662
signsuisse_test,sockeye,960,5.716698273089552,10822.350873934105,5.134648761498239,9.18271446618365,9.18271446618365,5.698139628427788,8.232952336104963,79.7000347412701,5.134647700500226,9.182714312898787
signsuisse_test,sockeye,961,6.208698873692717,11017.337876470023,6.184477771414756,11.385730851355163,11.385730851355163,6.180563142798429,9.942384805257268,95.30690488923898,6.184477216429733,11.385731101337964
signsuisse_test,sockeye,962,4.842293570837898,10005.359171230011,6.024563963829273,7.658058089378601,7.658058089378601,4.807153208909542,5.26000990363668,49.72261849250327,6.02456325052187,7.6580580891761105
signsuisse_test,sockeye,963,6.6094964254797635,12056.79911916718,6.259385831249558,12.210875216186656,12.210875216186656,6.557284917678016,11.181215748925151,114.91595885586081,6.259383214780596,12.210875266778297
signsuisse_test,sockeye,964,9.694949693015872,16654.27987546587,9.887804853650655,14.085240620826678,14.085240620826678,9.570262494781067,12.891295046938215,112.55431193873657,9.887803298485256,14.08524062034716
signsuisse_test,sockeye,965,8.00905739720754,17922.1149455804,7.560069536027951,11.15358273643489,11.15358273643489,7.997902096595835,9.759904649599237,64.33629913613451,7.560071183103268,11.153582720173347
signsuisse_test,sockeye,966,8.884760614680856,11545.608389774741,8.619725205848757,13.189117374495801,13.189117374495801,8.841971995708693,11.93174550440671,72.2758583439823,8.619724632728914,13.189117532018269
signsuisse_test,sockeye,967,7.6857267478264495,13978.225197137517,7.790321286538779,14.895489823674376,14.895489823674376,7.646446084474007,14.15366009341581,136.17919025002234,7.790322716045815,14.895490324342266
signsuisse_test,sockeye,968,6.291543183290737,11906.546925573182,6.9654215098612955,12.863769191630256,12.863769191630256,6.269174751275331,11.533140366562105,120.57616447004169,6.9654182826721645,12.863769230916562
signsuisse_test,sockeye,969,4.366401427470818,9135.960704792768,4.168180778142019,9.651322690575265,9.651322690575265,4.350447679768438,7.08744028148169,74.91590833959155,4.168181065678214,9.651322641115126
signsuisse_test,sockeye,970,5.426114980894412,11325.66270396815,5.067114945688406,10.467469412213493,10.467469412213493,5.392175396549497,9.318724094283143,96.31091866453903,5.067113127126672,10.467469541374669
signsuisse_test,sockeye,971,6.726624673129072,11566.269786890298,7.623004084350837,11.003133259235078,11.003133259235078,6.581143906812587,9.491524400419578,93.909254976039,7.6230022442523095,11.003133238361395
signsuisse_test,sockeye,972,6.446934841127491,11068.509732798588,5.3104333750603985,10.283358671891026,10.283358671891026,6.4208073127236265,8.877497812500705,82.97335516484385,5.310433690602911,10.283358675955657
signsuisse_test,sockeye,973,4.014140882253548,10228.301124628033,5.272707259238949,8.16615988323838,8.16615988323838,3.9647710956930227,6.657641666632639,70.11783680945119,5.2727081912688565,8.166160006492905
signsuisse_test,sockeye,974,6.403628983826314,11389.331925135943,5.329753372831327,11.571781809906488,11.571781809906488,6.375321868334067,9.98695614486924,98.94418045787691,5.329754836409156,11.571781814929786
signsuisse_test,sockeye,975,6.499592152727582,10915.485765530364,4.2380485182484176,12.350891734580134,12.350891734580134,6.47638317965921,10.946712587040297,115.1921909831773,4.238048979552728,12.350891669788831
signsuisse_test,sockeye,976,7.86182694590863,19592.38168766016,7.646350776017522,12.012840202493573,12.012840202493573,7.8557681676628155,11.11277184980905,90.2246306742289,7.646350672649554,12.012840196610187
signsuisse_test,sockeye,977,8.79357293964217,12834.551295307461,8.317971863325221,10.734050136047578,10.734050136047578,8.56769859184697,9.939243476331834,82.40058333432528,8.317971207419541,10.734050114282573
signsuisse_test,sockeye,978,6.477052040165516,12191.9671081417,6.771136499428773,10.170547663242733,10.170547663242733,6.417629644525046,8.710459469245276,88.15631842152678,6.771138509478605,10.170547667493539
signsuisse_test,sockeye,979,4.726060003313201,9359.24191244272,4.855330735728616,9.588949331957465,9.588949331957465,4.719633188134493,7.993778729543933,66.33117495762758,4.855331114363859,9.588949261641524
signsuisse_test,sockeye,980,5.2651458168717715,10927.228764754713,5.420620966919124,8.072490393927037,8.072490393927037,5.230679550434412,7.032014270886618,70.47260391396091,5.420621723649804,8.072490433810161
signsuisse_test,sockeye,981,5.3083040477856445,10532.085955342025,5.29021472058318,9.484335358805087,9.484335358805087,5.275445067390562,8.373128460842253,87.87959664342218,5.290213658871048,9.484335376595983
signsuisse_test,sockeye,982,6.456400027723648,13464.203400962897,6.826926326100722,10.326983304553396,10.326983304553396,6.409890933320223,10.096946501417115,89.92404654045674,6.826926957663123,10.326983328570535
signsuisse_test,sockeye,983,5.151503932809473,10653.186124455213,6.045537507345904,9.815936112020138,9.815936112020138,5.0942898374312255,8.596282284695931,90.79118357480266,6.045536934920386,9.815936107853044
signsuisse_test,sockeye,984,6.034527612125429,11442.951257336163,5.86197407946538,8.90901496068798,8.90901496068798,6.015219090863856,7.716713000512189,75.03587753890824,5.861975170464085,8.90901469626024
signsuisse_test,sockeye,985,5.093713417368869,12164.940171166229,5.0399171777793,10.375690034765393,10.375690034765393,5.077120787058146,9.296268415606827,95.77833875369818,5.039915280390561,10.375689975845253
signsuisse_test,sockeye,986,6.773652506586519,12983.274537148669,7.810644198610166,13.601029243967167,13.601029243967167,6.697328222082378,12.52874658738575,126.66276683264553,7.810640997986545,13.601029016714422
signsuisse_test,sockeye,987,7.338137876319215,12761.93314182495,8.563084263212641,12.254868359564218,12.254868359564218,7.244737565767939,11.090680827723336,115.96922113834668,8.563083770076751,12.25486851085603
signsuisse_test,sockeye,988,5.354767714051189,12233.40540824485,4.8765704749888705,9.75385065022089,9.75385065022089,5.338922917701545,8.616206701954049,71.65628759170072,4.876570631803089,9.753850656263571
signsuisse_test,sockeye,989,7.033433675696527,11270.603292644859,4.901585149785102,12.213902598632107,12.213902598632107,7.011078004250969,11.215430851683653,116.52486623432081,4.901586587312257,12.213902750224824
signsuisse_test,sockeye,990,6.151095511577547,10706.00509757546,4.533322536893242,9.928841286943541,9.928841286943541,6.130458439626823,8.436250136249502,81.92855009696916,4.533322700301762,9.928841302783873
signsuisse_test,sockeye,991,7.84824503380029,12908.468547896995,6.24428519259094,12.467698487436959,12.467698487436959,7.809132464970839,11.820990312748064,125.51212775021742,6.244286248314298,12.467698527163545
signsuisse_test,sockeye,992,5.246984209713024,11352.157660492745,6.167442848631024,12.670265557635405,12.670265557635405,5.236487800047591,11.693240973291784,122.33509908596882,6.167440877974612,12.670265598073321
signsuisse_test,sockeye,993,7.12362079090409,12518.32614383224,7.552147733623469,9.41306218066671,9.41306218066671,7.032940145085631,7.558416643747811,50.07589632449411,7.552147413032246,9.413062220260645
signsuisse_test,sockeye,994,6.860661296102969,15706.57822047601,6.537982368751201,12.869935693738379,12.869935693738379,6.8475472492502005,12.336734659275615,115.75852362076495,6.537980903720686,12.869935812894173
signsuisse_test,sockeye,995,5.356284926921588,9187.862261087428,7.712276900203064,11.364486117686198,11.364486117686198,5.129986545388644,7.940797967817037,66.68901337591626,7.712277333306688,11.364486054395778
signsuisse_test,sockeye,996,4.752033614806931,11188.201992483673,4.5080789865753275,8.46371503957751,8.46371503957751,4.715362894116076,7.108692038009032,63.96792519460215,4.508075361939383,8.463715028507051
signsuisse_test,sockeye,997,6.16262983599158,11856.549841312763,7.363304249439868,10.916741196164866,10.916741196164866,6.085503264489922,9.600369310427435,91.81525243589523,7.363300705549242,10.916741198510714
signsuisse_test,sockeye,998,7.442785793850497,12293.59908223531,7.23581893658598,10.999404546595159,10.999404546595159,7.3472333128835885,9.366201402566379,93.13733088908491,7.235817708683822,10.999404551917934
signsuisse_test,sockeye,999,4.92464840349144,11624.540009333901,5.478907757266379,9.906442392910733,9.906442392910733,4.874373530160616,8.424066200176435,82.43680478149619,5.478906279499908,9.90644238908264
