data,system,example_id,source,target,nMSE,nAPE,DTW,nDTW
signsuisse_test,sign_mt_v2,0,fra,fsl,0.40807427697495563,0.533474618034441,104.98438575842503,38.985883267605686
signsuisse_test,sign_mt_v2,1,ita,lse,0.09735483666908994,0.20263514106572775,15.138103973953642,12.688580374336487
signsuisse_test,sign_mt_v2,2,fra,fsl,5068.36670806615,11.667073635234644,1191.920480609371,14.800883384452092
signsuisse_test,sign_mt_v2,3,fra,fsl,7691.736531165918,17.550892239365627,1781.1557112010353,37.57649035330891
signsuisse_test,sign_mt_v2,4,ita,lse,0.30284253667839645,0.43635324838997747,47.42258504205086,27.753395052210575
signsuisse_test,sign_mt_v2,5,ita,lse,0.3438682755711276,0.4800029611082528,35.859604287569894,18.35724692818445
signsuisse_test,sign_mt_v2,6,deu,sgg,0.34935212641201224,0.44285883658303776,25.122018533617975,11.230161615509731
signsuisse_test,sign_mt_v2,7,deu,sgg,0.31501688073661005,0.4046776559523591,41.575309668413816,9.253963538404138
signsuisse_test,sign_mt_v2,8,ita,lse,0.3856138455252089,0.5212098355248329,55.92262585913319,16.443110521501435
signsuisse_test,sign_mt_v2,9,deu,sgg,2892.54510074842,6.626695858931107,1557.3026573593925,9.816913225172664
signsuisse_test,sign_mt_v2,10,deu,sgg,0.22481615444071223,0.3193716598497791,19.413784501578906,8.830143935105774
signsuisse_test,sign_mt_v2,11,fra,fsl,0.23700931782045745,0.32726841750041735,25.732693680129813,12.834200331733532
signsuisse_test,sign_mt_v2,12,ita,lse,2565.7543870049253,5.927944105774795,813.0774793503484,18.87306386648385
signsuisse_test,sign_mt_v2,13,deu,sgg,0.19209118065607958,0.2746424860322704,39.56572358625504,23.398889982168026
signsuisse_test,sign_mt_v2,14,deu,sgg,0.22676293069818224,0.3453754925905429,20.478319399371028,9.935052949738541
signsuisse_test,sign_mt_v2,15,deu,sgg,0.372526702446508,0.4977586078869598,63.938292671380154,31.194445604286116
signsuisse_test,sign_mt_v2,16,deu,sgg,0.15677436732506828,0.21106617078027692,24.366540804686235,14.561315998197024
signsuisse_test,sign_mt_v2,17,deu,sgg,0.3068610123837355,0.4454769320924326,31.673448822977093,13.985770009757742
signsuisse_test,sign_mt_v2,18,fra,fsl,0.2237663189788877,0.3125320798259106,23.90987336922527,15.58133445389471
signsuisse_test,sign_mt_v2,19,ita,lse,0.3241474409078693,0.4360672298677424,33.44348521273262,17.90545943653441
signsuisse_test,sign_mt_v2,20,fra,fsl,0.21601674371877114,0.3145433239645367,25.805475644453463,16.42842962558574
signsuisse_test,sign_mt_v2,21,ita,lse,0.323036840913964,0.4448914364225947,59.82957199604575,27.6418608836205
signsuisse_test,sign_mt_v2,22,deu,sgg,0.17637403512841746,0.262791292820482,13.772202474629829,7.156532197180339
signsuisse_test,sign_mt_v2,23,deu,sgg,0.22135168587354334,0.3119279934920918,25.81322566963314,13.76941681536953
signsuisse_test,sign_mt_v2,24,deu,sgg,0.20842683706070575,0.2660595473022223,35.43627724119254,17.49622884419289
signsuisse_test,sign_mt_v2,25,deu,sgg,0.27007030583506675,0.3767572129300566,19.387871128034185,6.155441442709897
signsuisse_test,sign_mt_v2,26,deu,sgg,0.3236016034248412,0.4406748173503803,38.80227905631859,20.62393729710857
signsuisse_test,sign_mt_v2,27,deu,sgg,0.357327538692037,0.4271451857241671,49.97233196015201,14.356322522542634
signsuisse_test,sign_mt_v2,28,ita,lse,0.2575564152366769,0.40056954863192296,25.27042099250794,12.854288231579543
signsuisse_test,sign_mt_v2,29,ita,lse,0.2680547850121133,0.41249679408107615,30.601231110628664,17.08714184873229
signsuisse_test,sign_mt_v2,30,deu,sgg,0.31269965831553387,0.4396153148975757,16.538097649724822,10.551012731178607
signsuisse_test,sign_mt_v2,31,fra,fsl,0.4211183998904027,0.4908259426480185,81.4617252487071,31.180152585842304
signsuisse_test,sign_mt_v2,32,fra,fsl,0.4483760961278121,0.5277813072026796,50.57171455646912,12.970746859131738
signsuisse_test,sign_mt_v2,33,deu,sgg,0.2635086803081993,0.3601634713542122,21.306436789755175,15.205140463882366
signsuisse_test,sign_mt_v2,34,deu,sgg,9145.851591997169,20.643159959124958,3583.67615858209,6.2593323185574
signsuisse_test,sign_mt_v2,35,deu,sgg,0.2628889718416978,0.37235793047638316,23.7655712002398,12.90486894124562
signsuisse_test,sign_mt_v2,36,deu,sgg,0.23518687051481363,0.3329151315121366,26.140704379096302,12.550623264739192
signsuisse_test,sign_mt_v2,37,fra,fsl,0.384454626778598,0.4466888577552678,54.12586077333449,18.128006329170887
signsuisse_test,sign_mt_v2,38,deu,sgg,0.26910731563686163,0.361729952877308,18.042121081462124,11.979872770833882
signsuisse_test,sign_mt_v2,39,deu,sgg,0.17874996424938366,0.28098273655557926,17.88812773088252,12.342169168302679
signsuisse_test,sign_mt_v2,40,fra,fsl,0.21838404965723968,0.330190900543055,40.70375272320056,24.72531450582829
signsuisse_test,sign_mt_v2,41,ita,lse,0.2546941552648008,0.3910533990566872,64.63098329034024,37.05909669827437
signsuisse_test,sign_mt_v2,42,ita,lse,0.21939147543244678,0.34214902532866803,22.589079775061894,13.739980264684618
signsuisse_test,sign_mt_v2,43,deu,sgg,0.1787159477774271,0.28339938187937685,17.683651097281448,10.58799280848269
signsuisse_test,sign_mt_v2,44,ita,lse,0.30723493249637607,0.42784081965887716,60.81857681965107,30.185422555509877
signsuisse_test,sign_mt_v2,45,ita,lse,0.30896382935272565,0.44035291429627116,32.94740960100264,12.30897886895021
signsuisse_test,sign_mt_v2,46,fra,fsl,0.39396419591614157,0.4675117745181685,76.33496423078147,26.443859252166313
signsuisse_test,sign_mt_v2,47,deu,sgg,0.2539466263848931,0.37383055568306295,18.565527515533237,5.943823641112067
signsuisse_test,sign_mt_v2,48,deu,sgg,0.24898610170264188,0.37290370128247896,19.279573168519924,10.845145954618907
signsuisse_test,sign_mt_v2,49,deu,sgg,0.20955514546463772,0.3231230203981661,35.14124573605777,20.595224126759316
signsuisse_test,sign_mt_v2,50,ita,lse,0.33515072297019777,0.4801281970137064,41.808602817069335,19.335741101157268
signsuisse_test,sign_mt_v2,51,deu,sgg,0.2650433356221641,0.36789404370857165,27.864061650159677,12.180833211279516
signsuisse_test,sign_mt_v2,52,deu,sgg,0.28636412213703843,0.3666898673941334,21.100916579523055,14.000088833320522
signsuisse_test,sign_mt_v2,53,ita,lse,0.23521628579177772,0.37388880868139096,52.69870622408311,33.5254185724319
signsuisse_test,sign_mt_v2,54,ita,lse,0.29074656473418653,0.4269305111491175,58.67241014304823,22.405480945304337
signsuisse_test,sign_mt_v2,55,fra,fsl,0.4023482490615299,0.5057288002280708,80.74478822296243,37.5829559302275
signsuisse_test,sign_mt_v2,56,ita,lse,0.3982816124177251,0.5155537853800457,69.29381121204486,23.784756842888513
signsuisse_test,sign_mt_v2,57,deu,sgg,0.18955049618350317,0.2830913586967141,31.740151804090132,15.798532275991816
signsuisse_test,sign_mt_v2,58,fra,fsl,0.23785139538436118,0.3511648572915978,65.56192603978874,38.298952761485204
signsuisse_test,sign_mt_v2,59,ita,lse,0.3322268505937635,0.47421658757432317,61.59348862522231,31.03295775571733
signsuisse_test,sign_mt_v2,60,deu,sgg,0.23753419614830407,0.3218343355740147,36.27941617482874,24.752154164342695
signsuisse_test,sign_mt_v2,61,deu,sgg,0.18370980015602345,0.297004644184384,20.212883508988032,9.72957559702057
signsuisse_test,sign_mt_v2,62,deu,sgg,5808.504883559757,13.347240466682722,1238.7206886418965,14.031962548696828
signsuisse_test,sign_mt_v2,63,fra,fsl,0.4245705787117393,0.5033869341399712,47.86779103640637,18.48704415744495
signsuisse_test,sign_mt_v2,64,ita,lse,0.34789592383028856,0.48865649173339204,41.40388553508762,20.46232924134684
signsuisse_test,sign_mt_v2,65,fra,fsl,0.33133049440125717,0.40308962929470815,74.92132296985623,33.2827941150851
signsuisse_test,sign_mt_v2,66,fra,fsl,0.39805652666086694,0.465531301522672,39.31872526197429,11.400899983056313
signsuisse_test,sign_mt_v2,67,deu,sgg,0.26651230108372215,0.37144359353099476,17.638420286563992,12.971609454000152
signsuisse_test,sign_mt_v2,68,deu,sgg,0.11999864323709689,0.19665932476242012,11.811470952584097,5.123807716656295
signsuisse_test,sign_mt_v2,69,fra,fsl,0.5152224129673147,0.6128080653384705,86.34648621956912,34.4328756055983
signsuisse_test,sign_mt_v2,70,ita,lse,0.16305459811640238,0.2706777858415371,17.999124929762907,11.348164417723321
signsuisse_test,sign_mt_v2,71,deu,sgg,1321.253676202609,3.2109581026811767,10172.716034778918,13.26386840518736
signsuisse_test,sign_mt_v2,72,deu,sgg,0.18328545519833775,0.2967622772706209,17.9878400685926,10.991288198888324
signsuisse_test,sign_mt_v2,73,deu,sgg,0.29254862521012126,0.38652000398466574,55.18417356193221,22.84558571639707
signsuisse_test,sign_mt_v2,74,fra,fsl,0.32722060909433476,0.43720496479472415,72.61018732828502,46.10047571708923
signsuisse_test,sign_mt_v2,75,fra,fsl,0.3149399195528088,0.4145882812092543,48.028585282289406,19.738990035480505
signsuisse_test,sign_mt_v2,76,deu,sgg,0.15651019184049386,0.23411156842633202,17.813625840075886,9.762993534310151
signsuisse_test,sign_mt_v2,77,fra,fsl,0.1693947533417209,0.28821700829019326,23.599888537288596,19.312749736185914
signsuisse_test,sign_mt_v2,78,ita,lse,0.2890808935575679,0.41628079603883866,49.67844255566382,29.860218477405514
signsuisse_test,sign_mt_v2,79,ita,lse,0.3932853841426518,0.4773185178844613,36.16642630700769,14.429321600401043
signsuisse_test,sign_mt_v2,80,deu,sgg,0.2549630540931802,0.3649492383144135,16.243434645884175,10.457033527663791
signsuisse_test,sign_mt_v2,81,deu,sgg,0.24566251562354552,0.3566075873930423,22.541837953241984,9.285479708923681
signsuisse_test,sign_mt_v2,82,ita,lse,0.3001289142308405,0.43845956626306254,44.767290339220196,23.143345851108617
signsuisse_test,sign_mt_v2,83,ita,lse,0.37640324707291933,0.4982326737203283,34.54866811465611,14.574171511208863
signsuisse_test,sign_mt_v2,84,ita,lse,0.32145692583597585,0.4703339652268794,55.092797803510855,20.829233481410828
signsuisse_test,sign_mt_v2,85,deu,sgg,0.15302355293628647,0.24521300364588403,26.230282631805178,18.31009415876056
signsuisse_test,sign_mt_v2,86,deu,sgg,3309.5625143086954,7.556620350757921,3280.328202394552,13.836481057712653
signsuisse_test,sign_mt_v2,87,ita,lse,0.2588194889090148,0.3301160378846181,29.974256564376187,16.18450527249343
signsuisse_test,sign_mt_v2,88,fra,fsl,0.20876834344746423,0.2884770861541744,17.453009428389493,8.959555008036029
signsuisse_test,sign_mt_v2,89,deu,sgg,0.19610774597721511,0.3010157819891381,16.43309740265351,7.443087765806512
signsuisse_test,sign_mt_v2,90,deu,sgg,0.2606824932787062,0.3256019710053048,46.53171906164675,27.282182211739485
signsuisse_test,sign_mt_v2,91,fra,fsl,0.2710018434561325,0.38692497256566233,42.88389432052002,25.05792033749655
signsuisse_test,sign_mt_v2,92,fra,fsl,3716.4866413688524,8.513069400271746,1392.2081419337835,11.727350583072331
signsuisse_test,sign_mt_v2,93,deu,sgg,0.14705147892017023,0.2457838267463563,20.843036874713704,12.045782572647159
signsuisse_test,sign_mt_v2,94,fra,fsl,0.4596924485287499,0.5560119636164329,82.06758995094414,33.98690946034222
signsuisse_test,sign_mt_v2,95,deu,sgg,0.12079063058441825,0.2045085902621227,21.16726506927344,15.398022412045043
signsuisse_test,sign_mt_v2,96,ita,lse,0.2095049211832354,0.3241047530320548,24.768572698767706,14.29374565141389
signsuisse_test,sign_mt_v2,97,deu,sgg,0.17975057527720797,0.28745091246353194,27.515117699986245,17.064791224238505
signsuisse_test,sign_mt_v2,98,deu,sgg,6855.435467850996,15.576443180145315,3590.240600112456,8.901939236165076
signsuisse_test,sign_mt_v2,99,deu,sgg,0.10362719420922024,0.17959198068279048,12.543341360526892,8.564425957424907
signsuisse_test,sign_mt_v2,100,fra,fsl,0.1821161829279498,0.2881201025024108,31.10824400387543,20.470964677631578
signsuisse_test,sign_mt_v2,101,deu,sgg,0.3370318487922533,0.46818875656135595,86.09404864174653,24.036069427416574
signsuisse_test,sign_mt_v2,102,deu,sgg,3000.1709015966317,6.945975205364444,1450.7377763558832,18.731724212422147
signsuisse_test,sign_mt_v2,103,deu,sgg,0.18641002604810564,0.28539288944286134,15.075106063537218,9.099338737388479
signsuisse_test,sign_mt_v2,104,fra,fsl,0.32863291023647523,0.3876897665438034,46.767652741616445,24.639089276370882
signsuisse_test,sign_mt_v2,105,fra,fsl,0.27973549559723565,0.3594997046460659,60.96629681996805,26.849215305989496
signsuisse_test,sign_mt_v2,106,deu,sgg,0.2033956550780333,0.31093363763771836,33.58676418172704,16.902446695153518
signsuisse_test,sign_mt_v2,107,fra,fsl,0.4366845971832686,0.5374233806319815,82.88706284332888,30.984019371309163
signsuisse_test,sign_mt_v2,108,deu,sgg,2216.1095572727363,5.170854988471972,773.151306122513,18.644685337273426
signsuisse_test,sign_mt_v2,109,deu,sgg,0.15241530020415248,0.21833849988669074,30.91159111112693,14.623066915056222
signsuisse_test,sign_mt_v2,110,deu,sgg,0.1237991722706542,0.21910772749716043,27.80027372602435,18.634336246359418
signsuisse_test,sign_mt_v2,111,ita,lse,0.3248390302349431,0.47149976066458593,38.688689566334695,18.139263374405875
signsuisse_test,sign_mt_v2,112,ita,lse,0.3101496922415976,0.428106433987481,24.662874398080593,9.433878077717461
signsuisse_test,sign_mt_v2,113,deu,sgg,0.18017021655615315,0.26901587579652025,24.724217718188108,15.420591403372836
signsuisse_test,sign_mt_v2,114,deu,sgg,0.2678624668531569,0.37932657705178724,22.25284366986505,15.027545427272484
signsuisse_test,sign_mt_v2,115,deu,sgg,0.28420618379785856,0.42438365048466814,19.494433871764965,10.111525451572396
signsuisse_test,sign_mt_v2,116,deu,sgg,0.14593556522621876,0.23082561636593776,5.433871060386633,4.48683249736422
signsuisse_test,sign_mt_v2,117,deu,sgg,0.24402165043385504,0.32356541691749746,37.35763645450189,21.48251521244558
signsuisse_test,sign_mt_v2,118,deu,sgg,0.2270609845591958,0.32748838453803625,22.96438190849703,7.8858270520122815
signsuisse_test,sign_mt_v2,119,ita,lse,0.2335429493006087,0.3649239536495798,36.9847018328693,19.665989381136793
signsuisse_test,sign_mt_v2,120,fra,fsl,0.4007912557900176,0.46681709200454036,42.29197280993895,22.525276074270668
signsuisse_test,sign_mt_v2,121,fra,fsl,0.3060056744974301,0.3979247116375988,39.50233634786014,20.317737678155787
signsuisse_test,sign_mt_v2,122,ita,lse,0.2527605847310732,0.37530496948983816,21.0027061377161,11.827615909921876
signsuisse_test,sign_mt_v2,123,fra,fsl,0.31103614866541196,0.3186761990040549,104.67741073512234,56.57896232985718
signsuisse_test,sign_mt_v2,124,deu,sgg,0.23147125720911244,0.34154843461338685,26.49650042095577,15.425974411365086
signsuisse_test,sign_mt_v2,125,deu,sgg,0.22804325313016213,0.3135661535597221,17.326462995033477,10.657201300964587
signsuisse_test,sign_mt_v2,126,ita,lse,0.20083038157150196,0.30618461898022087,15.503761399972676,9.540800026963721
signsuisse_test,sign_mt_v2,127,ita,lse,0.2680471359125389,0.3680063657135479,35.65724129720084,16.770331351444074
signsuisse_test,sign_mt_v2,128,fra,fsl,0.36107716701301046,0.4821345891729136,62.10597153689251,26.121732139498366
signsuisse_test,sign_mt_v2,129,ita,lse,0.3098225224869794,0.4592668989803599,33.76514719501581,13.912944668492186
signsuisse_test,sign_mt_v2,130,deu,sgg,0.1580715713695186,0.24826021751684618,29.157282170048106,18.229794404263526
signsuisse_test,sign_mt_v2,131,ita,lse,0.3835863080989493,0.5280451482406227,52.72615229767079,22.88296879164354
signsuisse_test,sign_mt_v2,132,fra,fsl,1710.5990604266528,4.094334147909822,986.34807485023,25.55017360970557
signsuisse_test,sign_mt_v2,133,ita,lse,0.3032364064929788,0.4112873594841601,42.73131244350244,16.467679685641382
signsuisse_test,sign_mt_v2,134,deu,sgg,0.22445966372194706,0.2969010001080559,37.064244118222796,19.508270613149712
signsuisse_test,sign_mt_v2,135,ita,lse,0.26829762810888397,0.41087422471494417,42.3611105846002,27.097504453200997
signsuisse_test,sign_mt_v2,136,deu,sgg,0.12988690156699467,0.17591026472631488,8.681337599694285,7.710698627620259
signsuisse_test,sign_mt_v2,137,fra,fsl,0.3358531564495083,0.41024148047465636,92.78091486778636,59.08641267372367
signsuisse_test,sign_mt_v2,138,ita,lse,0.32204443952074735,0.46273262245453983,63.61205250631128,29.93682580976096
signsuisse_test,sign_mt_v2,139,deu,sgg,0.10968337530999063,0.1847292466849023,22.68684116151766,16.309381380969985
signsuisse_test,sign_mt_v2,140,fra,fsl,2342.651628871242,5.41496138551806,1340.9141945068766,17.57024133129102
signsuisse_test,sign_mt_v2,141,deu,sgg,8283.962799865227,18.81732097363836,5559.951854603662,11.198833991807016
signsuisse_test,sign_mt_v2,142,fra,fsl,0.3677862676102833,0.40181416817387733,89.50186092650083,48.62877005348781
signsuisse_test,sign_mt_v2,143,fra,fsl,0.3317548822265989,0.3965698039012033,28.029693054996606,14.166543088993519
signsuisse_test,sign_mt_v2,144,deu,sgg,0.2911201236633199,0.3531490454064545,33.810651210030386,18.113275493157413
signsuisse_test,sign_mt_v2,145,deu,sgg,0.11472092853916062,0.16591596654268984,20.42561624643151,13.986393358453054
signsuisse_test,sign_mt_v2,146,deu,sgg,0.13043722817989561,0.2173497312856098,17.13323106225164,13.504037374908549
signsuisse_test,sign_mt_v2,147,deu,sgg,3473.470018569568,8.04666990267684,2278.050990379664,14.593266160066094
signsuisse_test,sign_mt_v2,148,deu,sgg,0.29070782892209035,0.42634860729341945,23.46858378476104,17.778877411685755
signsuisse_test,sign_mt_v2,149,deu,sgg,1320.2127401535838,3.1441956712952077,1337.1670357366595,14.63899748005614
signsuisse_test,sign_mt_v2,150,deu,sgg,0.23110658284432645,0.3157433807091707,42.10371115793653,19.02717147882684
signsuisse_test,sign_mt_v2,151,fra,fsl,0.35330982174814285,0.4156017036281764,87.06413944523337,39.259462489544454
signsuisse_test,sign_mt_v2,152,deu,sgg,0.13697764042159644,0.2285826769939125,11.716538091837998,9.735746090698205
signsuisse_test,sign_mt_v2,153,ita,lse,0.3438212407326508,0.4857893773149161,41.70868112533201,13.321970466631349
signsuisse_test,sign_mt_v2,154,ita,lse,0.3328636255190184,0.46213757860214927,33.793296567439114,14.865677814789471
signsuisse_test,sign_mt_v2,155,fra,fsl,0.3435747263243924,0.4339749774051181,82.05228545660002,33.095837368845174
signsuisse_test,sign_mt_v2,156,fra,fsl,0.3276643746497526,0.42622760817092875,58.141443853981166,25.269874465706952
signsuisse_test,sign_mt_v2,157,fra,fsl,0.3681880738725746,0.41950939197816217,51.247201001920914,29.269882698421128
signsuisse_test,sign_mt_v2,158,ita,lse,0.3161761101404662,0.4818563003936405,59.346940164311576,26.333893655645376
signsuisse_test,sign_mt_v2,159,ita,lse,0.27225818258108225,0.40926298168909064,30.332318957612728,14.612841706646467
signsuisse_test,sign_mt_v2,160,ita,lse,0.29623288934118686,0.4526438629111582,44.61591042345758,21.994274871249807
signsuisse_test,sign_mt_v2,161,deu,sgg,0.20776615700231407,0.31781829327242606,19.313500627865345,11.605566975800258
signsuisse_test,sign_mt_v2,162,ita,lse,0.29243537699229594,0.4136630709430802,62.955127850579956,25.659487020159716
signsuisse_test,sign_mt_v2,163,ita,lse,0.31348675741808685,0.41026657445303744,28.213543035102923,12.98768860837023
signsuisse_test,sign_mt_v2,164,deu,sgg,0.1658514622565009,0.26476722955209664,22.38783305372274,10.065135124700161
signsuisse_test,sign_mt_v2,165,deu,sgg,7895.751328378498,17.879855978609314,2747.563461594942,7.672021084944101
signsuisse_test,sign_mt_v2,166,ita,lse,0.2638894439971773,0.40926417585480945,39.90417442464072,23.338304688078473
signsuisse_test,sign_mt_v2,167,fra,fsl,2582.4122852977534,5.969738769419097,1347.0651490255868,25.363713666877604
signsuisse_test,sign_mt_v2,168,deu,sgg,0.21947557867374837,0.311326753212172,28.90328009087278,12.55472409061931
signsuisse_test,sign_mt_v2,169,deu,sgg,0.30599427689485303,0.4448870164970018,20.73995683044924,9.478572126953734
signsuisse_test,sign_mt_v2,170,deu,sgg,0.28952702507694433,0.40249730169696457,16.19490725869136,9.799185966690695
signsuisse_test,sign_mt_v2,171,ita,lse,0.25583968986375943,0.38572599959241083,34.76309831171082,20.086639344674087
signsuisse_test,sign_mt_v2,172,fra,fsl,0.47601216031560056,0.5620869906338002,95.0694735453947,22.318336043420043
signsuisse_test,sign_mt_v2,173,deu,sgg,0.36247066351815954,0.3942697884097767,41.74280793913113,24.837942667127486
signsuisse_test,sign_mt_v2,174,deu,sgg,0.16850915008367737,0.2207757972201785,21.229247729482957,10.404413771885622
signsuisse_test,sign_mt_v2,175,fra,fsl,0.2590079823923046,0.36380663042302835,93.74902489205999,43.10379848626783
signsuisse_test,sign_mt_v2,176,deu,sgg,0.15984891772826024,0.2244599058872878,20.33650728461203,8.814716757370777
signsuisse_test,sign_mt_v2,177,deu,sgg,0.23036679261289733,0.33151329906725124,23.576146024217383,12.936318427514937
signsuisse_test,sign_mt_v2,178,fra,fsl,0.2820214964467488,0.37965224193023717,35.81663331359689,21.210933567417882
signsuisse_test,sign_mt_v2,179,deu,sgg,0.31262313555036336,0.4421431859070814,16.73520850091831,12.57294896292554
signsuisse_test,sign_mt_v2,180,fra,fsl,0.3471914988812917,0.4376513120713785,35.75405959924498,15.144374125662411
signsuisse_test,sign_mt_v2,181,fra,fsl,0.31994249147198794,0.408559866673306,39.993086006288586,20.509796005132127
signsuisse_test,sign_mt_v2,182,deu,sgg,0.21929660539254314,0.32995141182504284,29.053381229613247,21.151325517121943
signsuisse_test,sign_mt_v2,183,deu,sgg,0.14457858523556016,0.23463008640726282,22.13493698081457,12.78229895411798
signsuisse_test,sign_mt_v2,184,deu,sgg,0.21127239299468367,0.3084108192164166,13.714347037265336,8.600625491973105
signsuisse_test,sign_mt_v2,185,ita,lse,0.24398162244730476,0.3790660104217816,30.36430898599045,16.350030958156765
signsuisse_test,sign_mt_v2,186,deu,sgg,0.24275767416369678,0.34578774568984844,15.13487374130462,8.237453778449341
signsuisse_test,sign_mt_v2,187,deu,sgg,0.19944541518096867,0.31400378890577973,15.690258322995208,9.901616020047884
signsuisse_test,sign_mt_v2,188,deu,sgg,0.2067689084861221,0.35706688397500475,50.35202800979388,28.040220144150876
signsuisse_test,sign_mt_v2,189,ita,lse,0.1870464084041093,0.2964228631558604,18.999466890278313,11.97096857497578
signsuisse_test,sign_mt_v2,190,ita,lse,0.3302478383729169,0.43499819676275814,29.245964177538635,12.926378157497725
signsuisse_test,sign_mt_v2,191,fra,fsl,0.18649105469142396,0.2440244929879086,416.7929411249315,27.53766302711147
signsuisse_test,sign_mt_v2,192,ita,lse,0.34211592800677626,0.43405903544723307,39.403626479726846,22.032452747004125
signsuisse_test,sign_mt_v2,193,ita,lse,0.27464617928025764,0.3798671548416565,40.703430101780135,24.611909613917945
signsuisse_test,sign_mt_v2,194,deu,sgg,0.28816239338528554,0.41337489167780117,48.70939310292086,27.170175413722426
signsuisse_test,sign_mt_v2,195,ita,lse,0.30292027523852844,0.423233340813653,25.92981069646736,13.043325834570345
signsuisse_test,sign_mt_v2,196,deu,sgg,3642.113981926499,8.356118432241242,7506.057684382122,8.594331513872818
signsuisse_test,sign_mt_v2,197,deu,sgg,0.21647149758196066,0.3121048452846216,17.464876161683275,12.407888286877464
signsuisse_test,sign_mt_v2,198,deu,sgg,0.30040312036525874,0.3575637949151005,28.759179135512255,15.046393564842571
signsuisse_test,sign_mt_v2,199,deu,sgg,0.23743446090668202,0.3551465741081755,15.804349725614633,9.720437794489087
signsuisse_test,sign_mt_v2,200,deu,sgg,10697.492086572414,24.039868498612567,2213.992291374084,10.898093673418117
signsuisse_test,sign_mt_v2,201,fra,fsl,0.39373296039340927,0.43471070668471956,50.12143170351149,20.06294511916484
signsuisse_test,sign_mt_v2,202,deu,sgg,0.29707421032522086,0.423160516011556,32.54473403683209,8.26036153498413
signsuisse_test,sign_mt_v2,203,fra,fsl,0.26556785626232665,0.3689439251217304,28.802296574665245,17.495765855925484
signsuisse_test,sign_mt_v2,204,fra,fsl,0.3949508708782137,0.46856819419960893,33.354729061431264,12.685827401108881
signsuisse_test,sign_mt_v2,205,deu,sgg,0.223667942110737,0.3162631635141019,27.591291182648455,16.24810569155094
signsuisse_test,sign_mt_v2,206,fra,fsl,0.3962147330518363,0.46606687115558454,48.99252849856482,22.021013774295653
signsuisse_test,sign_mt_v2,207,fra,fsl,0.4453441025849557,0.5550574328671062,132.93741095391812,45.98180697456916
signsuisse_test,sign_mt_v2,208,fra,fsl,0.422296466835158,0.5338021444666613,110.52368140208642,36.62005745774307
signsuisse_test,sign_mt_v2,209,ita,lse,0.39386188726665167,0.5242854638111663,59.21104290265378,23.941600661180416
signsuisse_test,sign_mt_v2,210,deu,sgg,0.18888330841765952,0.2866817280871327,29.690865812035252,14.521874314702163
signsuisse_test,sign_mt_v2,211,ita,lse,0.3470807578107378,0.4912738865439803,57.386726283773484,23.368002280166134
signsuisse_test,sign_mt_v2,212,deu,sgg,11469.452058311004,26.06008046198166,1701.1102857404817,12.542329274489578
signsuisse_test,sign_mt_v2,213,ita,lse,0.2192689819675483,0.33490704169206914,15.654595987555961,10.987669255950225
signsuisse_test,sign_mt_v2,214,ita,lse,0.2669579955007943,0.3950660140136772,23.758867557584505,15.47088868094035
signsuisse_test,sign_mt_v2,215,fra,fsl,473.0661312544613,1.2577861892788875,1450.1464361430494,10.641280655328826
signsuisse_test,sign_mt_v2,216,deu,sgg,0.18443603551523194,0.29620144904863777,19.109399115518315,12.675631841902884
signsuisse_test,sign_mt_v2,217,fra,fsl,0.4918376039881537,0.5508640741805896,55.32460111862927,20.577994261401145
signsuisse_test,sign_mt_v2,218,fra,fsl,0.43916111687790726,0.5195687081442796,175.02819183796888,90.28449617216023
signsuisse_test,sign_mt_v2,219,ita,lse,0.31685078893403545,0.4498602533888895,27.294411545929684,12.971015770204097
signsuisse_test,sign_mt_v2,220,deu,sgg,0.3035265692909009,0.3772650262331363,30.394286970693514,17.92999789456076
signsuisse_test,sign_mt_v2,221,deu,sgg,0.22360966757455175,0.3287576229019812,12.069876965387149,8.816484675522691
signsuisse_test,sign_mt_v2,222,ita,lse,0.2649056373367483,0.3996954359252013,43.15531661447216,13.324613502654922
signsuisse_test,sign_mt_v2,223,deu,sgg,0.16973800661467497,0.28196457672020325,29.395994411088324,18.894102793109692
signsuisse_test,sign_mt_v2,224,deu,sgg,0.28166351575828424,0.42183182279819087,30.527797035013602,16.67588009957857
signsuisse_test,sign_mt_v2,225,fra,fsl,0.36887056797555406,0.4591141236090863,39.47895880227991,18.57059415587667
signsuisse_test,sign_mt_v2,226,fra,fsl,0.462747990035842,0.5600972257509215,73.86753021486685,27.654854914469617
signsuisse_test,sign_mt_v2,227,fra,fsl,0.3307558927328532,0.4104197629795551,69.8727314429885,34.00692694141522
signsuisse_test,sign_mt_v2,228,deu,sgg,0.20775249979286842,0.29238292491570766,21.59673095911819,12.175448822469905
signsuisse_test,sign_mt_v2,229,ita,lse,0.22484161310200132,0.33338659585174407,20.509028308513056,10.463570126461198
signsuisse_test,sign_mt_v2,230,fra,fsl,5877.243132436982,13.511668464001001,1480.8417025200197,34.53805884740792
signsuisse_test,sign_mt_v2,231,deu,sgg,0.24943777822460408,0.3493180568776268,20.55070002343002,11.46028661090351
signsuisse_test,sign_mt_v2,232,ita,lse,0.39598648963597194,0.5497343728983624,91.25651884636878,35.465916355530126
signsuisse_test,sign_mt_v2,233,deu,sgg,0.18359924947799233,0.2778112514740635,8.332552494238136,5.778411296441563
signsuisse_test,sign_mt_v2,234,ita,lse,0.22118299645812822,0.35716829893829677,23.981909652491737,12.375092700537042
signsuisse_test,sign_mt_v2,235,deu,sgg,0.25090522386263026,0.3682864421001909,34.38724236082761,21.560041389480965
signsuisse_test,sign_mt_v2,236,fra,fsl,0.4252834065876742,0.5209474425483578,51.99614137772921,15.797859916960975
signsuisse_test,sign_mt_v2,237,ita,lse,0.3447996525285482,0.46517180462370167,26.881817016061373,14.90090672763409
signsuisse_test,sign_mt_v2,238,ita,lse,0.3050462137556845,0.4305973861117515,38.79987452697387,13.964217970558169
signsuisse_test,sign_mt_v2,239,deu,sgg,0.10338547939958753,0.1742216408989905,16.250734494507572,11.340601357175348
signsuisse_test,sign_mt_v2,240,fra,fsl,0.4332645346593113,0.5226457372075219,58.38583424340178,16.17964216907287
signsuisse_test,sign_mt_v2,241,deu,sgg,0.23900194230933555,0.3253063113454575,29.49868178645015,14.121266747604894
signsuisse_test,sign_mt_v2,242,ita,lse,0.36603215998221683,0.46961615174347465,20.785913915988793,11.784373965563955
signsuisse_test,sign_mt_v2,243,deu,sgg,0.28791069758346755,0.39771764079823285,24.077276840590727,10.765555703283223
signsuisse_test,sign_mt_v2,244,deu,sgg,0.25409399826297574,0.3624879135288294,21.514622756397532,9.380844520628404
signsuisse_test,sign_mt_v2,245,deu,sgg,3747.918712667946,8.568300044067975,3216.3510867893524,11.190796623834101
signsuisse_test,sign_mt_v2,246,ita,lse,0.30191763910055097,0.4269411140995445,32.72292520958591,12.267241051647
signsuisse_test,sign_mt_v2,247,deu,sgg,0.243045168739218,0.34374629640246873,18.90696140532257,11.413887433023792
signsuisse_test,sign_mt_v2,248,ita,lse,0.2561140873014879,0.34302402992977543,48.79260481145871,23.933123500407184
signsuisse_test,sign_mt_v2,249,fra,fsl,5076.576656323146,11.632912945598473,1660.1979568949914,28.489937090201636
signsuisse_test,sign_mt_v2,250,deu,sgg,0.22831700258427443,0.31212506680258384,22.515702403165253,11.065959036309554
signsuisse_test,sign_mt_v2,251,deu,sgg,0.15521183228275495,0.24821167190942478,14.712284000422521,9.672036962293944
signsuisse_test,sign_mt_v2,252,deu,sgg,0.2597715816478456,0.3554302762478159,30.186243971562412,24.533591066272496
signsuisse_test,sign_mt_v2,253,deu,sgg,0.08809811101160557,0.1733009011975734,20.99453011381531,15.688785943139912
signsuisse_test,sign_mt_v2,254,fra,fsl,0.32088506215301277,0.44713000493907884,61.72668940996013,30.85916231938225
signsuisse_test,sign_mt_v2,255,fra,fsl,0.3447975483021038,0.44721823135514094,34.747164826456874,9.616139573196795
signsuisse_test,sign_mt_v2,256,deu,sgg,0.1511283036750798,0.22257357530225727,30.08844564740261,15.0561418433021
signsuisse_test,sign_mt_v2,257,ita,lse,0.310590857840176,0.4495600694743558,30.711503063624605,18.193033383685556
signsuisse_test,sign_mt_v2,258,deu,sgg,6717.283574585498,15.299570583378232,2335.679124321886,24.17064943772387
signsuisse_test,sign_mt_v2,259,deu,sgg,0.1524578107347888,0.25703482564140623,21.193324592209855,14.354526936651366
signsuisse_test,sign_mt_v2,260,fra,fsl,0.47069566175800115,0.4866615451024378,51.61033315216591,18.724585310940206
signsuisse_test,sign_mt_v2,261,deu,sgg,0.23903649336030003,0.35643974226751346,19.432225113300404,12.119264807044162
signsuisse_test,sign_mt_v2,262,fra,fsl,0.2159715746369274,0.3631623977027615,28.77574736853067,25.03792784093847
signsuisse_test,sign_mt_v2,263,deu,sgg,0.3032709522610596,0.42971894657701465,29.2760870565186,15.265882427441273
signsuisse_test,sign_mt_v2,264,deu,sgg,0.1960896631914918,0.2768044519021681,16.75932513557776,8.031727125209267
signsuisse_test,sign_mt_v2,265,deu,sgg,0.08929703410809163,0.1775266224535299,12.750162911239997,10.302106937147583
signsuisse_test,sign_mt_v2,266,deu,sgg,0.29823362804212533,0.36421615018759795,31.1216336247384,14.898675442843551
signsuisse_test,sign_mt_v2,267,ita,lse,0.3134990506813819,0.4282847125865898,29.604434427120054,13.581234108310525
signsuisse_test,sign_mt_v2,268,ita,lse,0.3129907217083831,0.44949789122011874,54.412500085730336,19.56144946348235
signsuisse_test,sign_mt_v2,269,deu,sgg,0.2863138721008945,0.4113499084231403,31.423762398331792,16.015077648995632
signsuisse_test,sign_mt_v2,270,fra,fsl,0.4083005286429631,0.505294299686275,85.38665827185133,41.20348401475784
signsuisse_test,sign_mt_v2,271,fra,fsl,0.26273656421969604,0.3572099963014999,19.37865147926771,9.17145645978393
signsuisse_test,sign_mt_v2,272,ita,lse,0.3319174577749906,0.4188279229378399,13.176236357027735,9.003614690608872
signsuisse_test,sign_mt_v2,273,deu,sgg,0.24075968751469898,0.36078783482694304,20.945908347052185,12.738976522741478
signsuisse_test,sign_mt_v2,274,fra,fsl,0.2730964060106444,0.3670348280735068,148.78727058914467,107.75547554992403
signsuisse_test,sign_mt_v2,275,deu,sgg,7285.148766987486,16.59949047332009,5714.249325790624,8.248307394965053
signsuisse_test,sign_mt_v2,276,deu,sgg,2390.869506841128,5.608491422275605,1673.3160150179854,22.619034357480896
signsuisse_test,sign_mt_v2,277,deu,sgg,1692.0846070371933,3.9505068405368267,4364.115350169504,9.016839210736567
signsuisse_test,sign_mt_v2,278,deu,sgg,0.27201058905720554,0.3898743818923562,60.77786803830902,24.460218345512917
signsuisse_test,sign_mt_v2,279,deu,sgg,0.25993165763467396,0.34214056247831276,16.061950157571133,8.560181756877125
signsuisse_test,sign_mt_v2,280,fra,fsl,0.3559424365192475,0.4441602481448391,31.34067514714959,18.212026141763353
signsuisse_test,sign_mt_v2,281,deu,sgg,0.24099439027450717,0.3500064630185717,30.142441374491312,15.152007752528796
signsuisse_test,sign_mt_v2,282,ita,lse,0.29531533416059214,0.43281657566772974,23.40501724071717,11.906851414182862
signsuisse_test,sign_mt_v2,283,deu,sgg,0.17225482479045107,0.22000320412302204,26.633613046621754,11.742511264748886
signsuisse_test,sign_mt_v2,284,ita,lse,0.2216156697333309,0.35439363565716614,28.0292550234013,17.80457887531606
signsuisse_test,sign_mt_v2,285,deu,sgg,0.2768917152628878,0.37005940574459495,32.749844662617335,18.72463877779723
signsuisse_test,sign_mt_v2,286,ita,lse,0.26390572594088385,0.38464378320111103,34.40732545825552,18.032348197893906
signsuisse_test,sign_mt_v2,287,deu,sgg,2337.9744121994995,5.561682157091011,1981.6263134633473,15.903998203954247
signsuisse_test,sign_mt_v2,288,deu,sgg,0.1516642369716847,0.2050795473503334,22.059027639961744,11.64929093881929
signsuisse_test,sign_mt_v2,289,ita,lse,0.3477308210444027,0.48644851440967607,67.64612019684557,23.540831421778023
signsuisse_test,sign_mt_v2,290,deu,sgg,0.13625848050423417,0.221317757013632,23.249957134747373,10.682813418097659
signsuisse_test,sign_mt_v2,291,fra,fsl,1738.4122854159932,4.16127671066331,1579.3966147720707,31.580756771202555
signsuisse_test,sign_mt_v2,292,deu,sgg,0.16114758558486966,0.2587885420125908,18.661503588772796,10.392296736789529
signsuisse_test,sign_mt_v2,293,fra,fsl,0.3057803631600212,0.3460360477596493,56.721390715072545,26.834653091866233
signsuisse_test,sign_mt_v2,294,deu,sgg,0.22826903684278785,0.3639272637733743,34.092253667884336,16.3735657695444
signsuisse_test,sign_mt_v2,295,ita,lse,0.34001539275014336,0.4444349718072914,46.588671314841946,19.585661341410745
signsuisse_test,sign_mt_v2,296,deu,sgg,0.21717851198726518,0.27568905976524244,27.46294730215417,15.500918011710667
signsuisse_test,sign_mt_v2,297,deu,sgg,1959.6501755008037,4.6440395147376,8821.250719744568,13.145563040688192
signsuisse_test,sign_mt_v2,298,deu,sgg,0.07961457105510741,0.13586367262348084,25.390029609606582,15.029910081429097
signsuisse_test,sign_mt_v2,299,deu,sgg,0.17671479256686534,0.2892159879701981,13.93725963165355,8.57441372892443
signsuisse_test,sign_mt_v2,300,fra,fsl,0.33923167606325405,0.44198133418715513,45.271275758043366,28.609587827733364
signsuisse_test,sign_mt_v2,301,deu,sgg,0.2826731746322002,0.4135644962847889,39.083072269755704,18.447714423586962
signsuisse_test,sign_mt_v2,302,fra,fsl,0.4073297056558543,0.49017430784013033,61.785103750372336,18.318065867989265
signsuisse_test,sign_mt_v2,303,fra,fsl,0.3730888828481916,0.4618524597100326,68.8852691398232,23.18520408557577
signsuisse_test,sign_mt_v2,304,deu,sgg,3486.6345793241176,7.991424229600899,1643.809746434595,13.118328237351143
signsuisse_test,sign_mt_v2,305,fra,fsl,15912.607331737432,35.998967557527045,1229.3035348445767,17.675743902269193
signsuisse_test,sign_mt_v2,306,ita,lse,0.30577118472643283,0.43308463077835563,42.72105377270448,25.518234662126773
signsuisse_test,sign_mt_v2,307,fra,fsl,0.43417060551489395,0.5149813500421625,79.70827348237448,21.951124813051205
signsuisse_test,sign_mt_v2,308,ita,lse,0.33758798695180564,0.47850263788062164,35.455107875860946,19.69191069487488
signsuisse_test,sign_mt_v2,309,ita,lse,0.22117320255313133,0.3571892184418298,28.78646544544502,16.410252012447835
signsuisse_test,sign_mt_v2,310,ita,lse,0.2282422704808691,0.3284103295406968,24.428810874421455,16.450705971317117
signsuisse_test,sign_mt_v2,311,ita,lse,0.39588698927491756,0.5451983662953125,69.87788361397602,28.41131298237586
signsuisse_test,sign_mt_v2,312,fra,fsl,2207.8877419937617,5.234871058493173,1683.7639685332288,27.2766049459704
signsuisse_test,sign_mt_v2,313,ita,lse,0.3545663164709989,0.46306791979227074,49.578514609957175,20.27245880291288
signsuisse_test,sign_mt_v2,314,deu,sgg,0.15318889994921428,0.2209604364400433,45.27744335048277,21.533159458305995
signsuisse_test,sign_mt_v2,315,deu,sgg,0.31197493779002927,0.4251342800266828,43.202627887465816,16.724809720424474
signsuisse_test,sign_mt_v2,316,deu,sgg,0.2246566814848025,0.3200149855762396,28.31179578042983,17.758303299012223
signsuisse_test,sign_mt_v2,317,deu,sgg,0.1691433300697764,0.28124377531436545,40.063220521147,26.606979697281407
signsuisse_test,sign_mt_v2,318,fra,fsl,0.21098569226179612,0.29370275729864037,40.2429495045993,25.613751760563574
signsuisse_test,sign_mt_v2,319,fra,fsl,1765.3126987158948,4.208013703339308,36.267049794633564,17.110272202231435
signsuisse_test,sign_mt_v2,320,fra,fsl,0.4632217519496619,0.5629971355365133,75.48135686168698,24.639851707565587
signsuisse_test,sign_mt_v2,321,ita,lse,0.2787462863727941,0.4134363819366701,49.04463414011951,19.527159657747802
signsuisse_test,sign_mt_v2,322,deu,sgg,0.24139078198518768,0.37425650968783336,38.61608974506185,19.248220340615703
signsuisse_test,sign_mt_v2,323,fra,fsl,0.260973690553719,0.3524958862987723,61.96759354547745,34.451342351714196
signsuisse_test,sign_mt_v2,324,deu,sgg,0.2673909277738982,0.3737285675674116,27.035335643891646,16.200282674156064
signsuisse_test,sign_mt_v2,325,deu,sgg,6774.64663180757,15.39632768561041,1752.3753443486455,7.921687182792815
signsuisse_test,sign_mt_v2,326,ita,lse,0.3103660774149781,0.3763965861650349,43.53121582098247,27.514630610880555
signsuisse_test,sign_mt_v2,327,deu,sgg,0.32601820817651866,0.4545652668302279,47.180644341016354,14.659386025311184
signsuisse_test,sign_mt_v2,328,fra,fsl,0.5342570963255462,0.6224533927809681,157.87470144419285,20.993272492995317
signsuisse_test,sign_mt_v2,329,deu,sgg,0.15343666577340936,0.2408917560051259,25.23017809397415,13.634563488560529
signsuisse_test,sign_mt_v2,330,deu,sgg,0.23190310448228107,0.3492929299214116,34.664113050402285,16.738909172603446
signsuisse_test,sign_mt_v2,331,deu,sgg,1178.9440683937698,2.890233407168583,1357.4420662583898,16.915153345014165
signsuisse_test,sign_mt_v2,332,ita,lse,0.25472448803296543,0.3990158592601316,71.77870902355684,44.42593269354824
signsuisse_test,sign_mt_v2,333,ita,lse,0.23487782327735673,0.33320344238976846,31.82723518169159,15.659212530804682
signsuisse_test,sign_mt_v2,334,deu,sgg,0.06200965681942054,0.13858637315251554,13.441876847148144,9.17929822845479
signsuisse_test,sign_mt_v2,335,deu,sgg,0.24154296066230668,0.3647399608335178,12.757027075827136,7.010427465826131
signsuisse_test,sign_mt_v2,336,fra,fsl,0.2582624938770933,0.3444107103090615,30.54437215664529,15.495587969349536
signsuisse_test,sign_mt_v2,337,fra,fsl,2199.476739384752,5.182231094422113,5073.807599902766,22.547306920610833
signsuisse_test,sign_mt_v2,338,deu,sgg,0.11392423337914924,0.21456182881045976,24.114329511018113,19.665088597967028
signsuisse_test,sign_mt_v2,339,fra,fsl,0.27619802295974316,0.36788947959798346,26.113038417920727,11.885166424460818
signsuisse_test,sign_mt_v2,340,deu,sgg,0.20337795909034012,0.28568763002734765,27.77456200058288,14.429232008712482
signsuisse_test,sign_mt_v2,341,ita,lse,0.2519491835760417,0.369099699677204,36.219738390532626,23.003386180167958
signsuisse_test,sign_mt_v2,342,deu,sgg,0.22849483864117365,0.3635531613879524,22.930456658549833,14.196434330374816
signsuisse_test,sign_mt_v2,343,deu,sgg,0.26921096230673275,0.3636557859421085,54.50605016210507,24.553014995302465
signsuisse_test,sign_mt_v2,344,fra,fsl,0.22894266550844877,0.3328944392377053,105.38970056261435,58.02923504750144
signsuisse_test,sign_mt_v2,345,deu,sgg,0.2555878176834075,0.36529050332766755,21.321778032743246,6.717670169272618
signsuisse_test,sign_mt_v2,346,deu,sgg,0.3348714420465794,0.45724904927276466,22.710740589071456,14.718483412220575
signsuisse_test,sign_mt_v2,347,deu,sgg,0.19964313649129523,0.3381853272352851,46.24155947469609,33.85321551570335
signsuisse_test,sign_mt_v2,348,fra,fsl,0.30265785429695763,0.39641648931176426,30.524783849308033,15.128101989510366
signsuisse_test,sign_mt_v2,349,fra,fsl,0.3405415022111881,0.4282641030515169,69.42600517662393,36.815681071159624
signsuisse_test,sign_mt_v2,350,ita,lse,0.24700022986510622,0.35500975150212766,22.129159525558734,12.707652431376243
signsuisse_test,sign_mt_v2,351,ita,lse,0.2607502588587519,0.3542597189612612,35.92918169940805,16.3562328278192
signsuisse_test,sign_mt_v2,352,deu,sgg,0.1276782512702509,0.19403055152416745,25.879168771387402,15.555341154831483
signsuisse_test,sign_mt_v2,353,ita,lse,0.26486411451937225,0.3992762226400847,51.92428604957529,16.245670181848997
signsuisse_test,sign_mt_v2,354,deu,sgg,7559.995757105673,16.96861042770588,2476.6258306792924,8.201365198400758
signsuisse_test,sign_mt_v2,355,ita,lse,0.3019565444600115,0.4201474100403077,62.56329999849827,17.151571166255522
signsuisse_test,sign_mt_v2,356,ita,lse,0.3129163634065895,0.4370808140926375,31.12894373792235,11.597506214666543
signsuisse_test,sign_mt_v2,357,deu,sgg,0.1551774977358381,0.23835212599395134,16.15157079308134,10.867989056200528
signsuisse_test,sign_mt_v2,358,ita,lse,0.2781631523368487,0.39083241508578476,30.86775763718541,18.420367068012723
signsuisse_test,sign_mt_v2,359,deu,sgg,3129.886890302818,7.25379406239812,29.06397490378619,25.916628550719146
signsuisse_test,sign_mt_v2,360,ita,lse,0.2727237206022826,0.4014780400262457,39.64596923099007,17.259425823737757
signsuisse_test,sign_mt_v2,361,ita,lse,0.19966116925069144,0.3087736031648568,37.22137144969104,27.022403918930006
signsuisse_test,sign_mt_v2,362,ita,lse,0.3505707031848309,0.47739615552625336,37.92283703728489,16.830341335304944
signsuisse_test,sign_mt_v2,363,fra,fsl,0.35784027935330276,0.46535922050677686,66.36228251369155,23.051138064415493
signsuisse_test,sign_mt_v2,364,fra,fsl,0.4517123635474326,0.5529652131086316,94.98206314406603,24.452915460607215
signsuisse_test,sign_mt_v2,365,ita,lse,0.2869642298412412,0.428985240885777,40.35178843660751,23.595951049583476
signsuisse_test,sign_mt_v2,366,deu,sgg,10324.687497849678,23.398233511161685,1189.1448838817576,22.886230936835922
signsuisse_test,sign_mt_v2,367,deu,sgg,0.3422305152892163,0.37725105604218434,33.67680116106317,17.60441855429583
signsuisse_test,sign_mt_v2,368,deu,sgg,0.2598905623812734,0.3740506271549297,22.085826482935115,10.708336519332647
signsuisse_test,sign_mt_v2,369,ita,lse,0.27716418493443784,0.3909036173042069,27.16533820664775,13.388628138566714
signsuisse_test,sign_mt_v2,370,fra,fsl,0.32033034865047105,0.37971377550399776,25.517495491303226,17.887826797430503
signsuisse_test,sign_mt_v2,371,deu,sgg,0.2732205837068026,0.3981092089213939,59.77551296606217,24.016090294890567
signsuisse_test,sign_mt_v2,372,deu,sgg,0.32133738419721514,0.4486664985335927,45.84447024631869,23.150219909847273
signsuisse_test,sign_mt_v2,373,deu,sgg,10082.622731986676,22.73273601155053,2430.0410089707266,8.891984404804894
signsuisse_test,sign_mt_v2,374,deu,sgg,0.1190711838341788,0.22483757004013338,35.68962971601795,25.9972005934964
signsuisse_test,sign_mt_v2,375,deu,sgg,1561.8060208919237,3.818389073280394,79.000548805051,22.183498748705677
signsuisse_test,sign_mt_v2,376,fra,fsl,0.23783716095482293,0.3012885703605942,33.03012328608334,16.414050422922244
signsuisse_test,sign_mt_v2,377,ita,lse,0.3067007468734693,0.413870353496508,20.196646348835966,10.151427708465068
signsuisse_test,sign_mt_v2,378,deu,sgg,0.17167459985861858,0.2621268800014466,12.7800644050601,8.43524733438884
signsuisse_test,sign_mt_v2,379,fra,fsl,0.17812526465253264,0.27096167968460755,38.51881551236434,26.629550617346442
signsuisse_test,sign_mt_v2,380,ita,lse,0.24688377034717043,0.3485952658243553,59.16229425828903,30.687149717993552
signsuisse_test,sign_mt_v2,381,ita,lse,0.30406683367333154,0.38188483675734575,25.42262593020224,10.401331255072893
signsuisse_test,sign_mt_v2,382,deu,sgg,0.26460346037315674,0.37641332663721977,49.99709244421448,21.859377667632977
signsuisse_test,sign_mt_v2,383,fra,fsl,0.2985037801567288,0.3571247500802232,66.33255906728938,34.51045565345238
signsuisse_test,sign_mt_v2,384,ita,lse,0.3710146009279955,0.49207949386475275,44.298831891284685,16.708440268897284
signsuisse_test,sign_mt_v2,385,deu,sgg,0.17863527862386164,0.25986168796458353,19.527930653997533,7.67788537789189
signsuisse_test,sign_mt_v2,386,ita,lse,0.3710882681853193,0.5376473521494758,73.92222672547248,36.98871606285086
signsuisse_test,sign_mt_v2,387,ita,lse,0.27766584545531053,0.4034425356635493,34.649084006999175,12.618803223214561
signsuisse_test,sign_mt_v2,388,deu,sgg,0.17454201447464934,0.27717949192494296,27.992886458571622,12.004136857126328
signsuisse_test,sign_mt_v2,389,ita,lse,0.25863053188995955,0.3698960084178769,27.50065489956261,13.467820493039337
signsuisse_test,sign_mt_v2,390,deu,sgg,0.286879290273401,0.40517685834298756,21.32179355544234,11.830995148399822
signsuisse_test,sign_mt_v2,391,fra,fsl,0.37073541912435926,0.4560273536186268,37.788224921949535,14.52629485458483
signsuisse_test,sign_mt_v2,392,deu,sgg,0.2973717582629368,0.4259789995268205,26.266491815932323,13.020160004475585
signsuisse_test,sign_mt_v2,393,ita,lse,0.325003478402329,0.4641184810844717,59.14654909671625,25.603320341578833
signsuisse_test,sign_mt_v2,394,deu,sgg,0.13293380771855806,0.22764847673408375,26.08645887957263,17.23326449111843
signsuisse_test,sign_mt_v2,395,fra,fsl,0.4088508048275501,0.5185487190670033,82.62435967179506,25.1523203258706
signsuisse_test,sign_mt_v2,396,deu,sgg,0.3044637187252544,0.4220107650025191,22.24962152256411,10.510543865431325
signsuisse_test,sign_mt_v2,397,deu,sgg,0.14980775829770993,0.2420219489428251,24.727160723650588,18.9243873492784
signsuisse_test,sign_mt_v2,398,ita,lse,0.2710869246953948,0.3878233665354402,38.32992196465003,19.850979733966202
signsuisse_test,sign_mt_v2,399,deu,sgg,0.18345146623195926,0.2607747640526876,25.361113154700828,16.582269273174532
signsuisse_test,sign_mt_v2,400,deu,sgg,0.33052000781125873,0.4509803226236185,17.696562173573025,13.74147332254895
signsuisse_test,sign_mt_v2,401,deu,sgg,7173.80384028669,16.262589429579126,867.5107014500007,16.15773530808751
signsuisse_test,sign_mt_v2,402,fra,fsl,4798.410731029474,11.121185982133985,1915.8932881490196,39.478940230804696
signsuisse_test,sign_mt_v2,403,fra,fsl,0.4296808252828878,0.4559141304419941,46.15099144013483,23.944646633535225
signsuisse_test,sign_mt_v2,404,deu,sgg,0.2630443204178415,0.36587193013789304,19.600250310567702,6.080956589751255
signsuisse_test,sign_mt_v2,405,deu,sgg,0.3213360741278368,0.45700205403862837,26.957906111271853,12.421503626429779
signsuisse_test,sign_mt_v2,406,deu,sgg,0.2807913687767441,0.39916158094465276,26.82870611160442,8.910866338861354
signsuisse_test,sign_mt_v2,407,fra,fsl,0.46009702519190276,0.5632708946292341,62.470603911277436,24.247773295407146
signsuisse_test,sign_mt_v2,408,ita,lse,0.3284966273916513,0.46383841404323,48.61196382712546,25.809451032917146
signsuisse_test,sign_mt_v2,409,deu,sgg,6620.436197441465,14.995247546467082,4884.921479624783,13.029526058195492
signsuisse_test,sign_mt_v2,410,deu,sgg,0.2777394297962648,0.39360024845567687,27.226036003333878,12.773301625054184
signsuisse_test,sign_mt_v2,411,deu,sgg,0.2597862930914286,0.3596390689371229,17.272490640997344,10.827712006577917
signsuisse_test,sign_mt_v2,412,deu,sgg,0.2784675073454552,0.37558807465200317,24.047805673345398,15.08859154348237
signsuisse_test,sign_mt_v2,413,deu,sgg,0.15411708382011974,0.24663234322663816,17.57214506036535,12.559383275358497
signsuisse_test,sign_mt_v2,414,deu,sgg,0.21860134596126485,0.28269803778322716,7.859178886798831,6.334667531409566
signsuisse_test,sign_mt_v2,415,deu,sgg,0.24255676806745735,0.3465127376256854,21.892840644860225,9.70904725210378
signsuisse_test,sign_mt_v2,416,fra,fsl,0.2528498160830906,0.31401121282136446,26.68446012569156,14.412229224854576
signsuisse_test,sign_mt_v2,417,fra,fsl,0.37084842529325235,0.4146749280052721,125.73674156038413,68.11585728127962
signsuisse_test,sign_mt_v2,418,deu,sgg,0.23648506682877046,0.34566739386548767,10.673816664204251,5.745020155712377
signsuisse_test,sign_mt_v2,419,deu,sgg,0.1697631688960369,0.24822971960424714,17.218807833477456,8.937411047787323
signsuisse_test,sign_mt_v2,420,deu,sgg,0.32865608045548605,0.4581386425168227,31.80824962250929,14.924244174968797
signsuisse_test,sign_mt_v2,421,fra,fsl,1108.4042411974663,2.800464027334744,1080.6401709559068,44.657428013164456
signsuisse_test,sign_mt_v2,422,fra,fsl,0.2883206355431602,0.3844806187976846,31.692693178614554,13.298590655803311
signsuisse_test,sign_mt_v2,423,deu,sgg,1942.0798942644913,4.483849605173928,4316.643939214019,18.071067253902612
signsuisse_test,sign_mt_v2,424,fra,fsl,0.40813551654404157,0.43892799527403015,32.58385144835708,10.066130066177562
signsuisse_test,sign_mt_v2,425,fra,fsl,0.44315884718620446,0.550718769601339,44.75705614990404,16.689304407186526
signsuisse_test,sign_mt_v2,426,deu,sgg,212.26623133317983,0.6304184463556463,654.1402442417195,13.155738183115446
signsuisse_test,sign_mt_v2,427,ita,lse,0.32071535597444706,0.47149853132580366,49.911683164254754,30.676584090918716
signsuisse_test,sign_mt_v2,428,deu,sgg,0.26764185555508324,0.38330383303018617,16.933163035908542,9.394424934929326
signsuisse_test,sign_mt_v2,429,deu,sgg,0.23245480244124625,0.36191182155864926,14.25921977904947,9.84659865232575
signsuisse_test,sign_mt_v2,430,deu,sgg,0.20896937989189596,0.32960032724065086,19.305337383392427,9.717707849764599
signsuisse_test,sign_mt_v2,431,deu,sgg,0.15404201055469524,0.22436388114400466,18.253998472647854,11.893808566852012
signsuisse_test,sign_mt_v2,432,deu,sgg,0.13174539699193116,0.21896795276427566,12.872593871469565,9.432725520947955
signsuisse_test,sign_mt_v2,433,deu,sgg,0.2898454278723737,0.4220656601890237,38.83446847035517,19.257032732444873
signsuisse_test,sign_mt_v2,434,deu,sgg,0.0729717875957941,0.14162509833192177,12.619225102942064,9.817089902498845
signsuisse_test,sign_mt_v2,435,deu,sgg,0.22874276723620915,0.30996495645284106,18.634575584436863,9.83790064630681
signsuisse_test,sign_mt_v2,436,fra,fsl,0.3783241947689772,0.4376934079978742,81.17853617576034,36.36691021668167
signsuisse_test,sign_mt_v2,437,deu,sgg,0.2694893343095222,0.40744677830096304,31.41944642657601,9.57025909285159
signsuisse_test,sign_mt_v2,438,deu,sgg,9860.170898486567,22.285068129451187,2854.642158192449,10.0223153231304
signsuisse_test,sign_mt_v2,439,deu,sgg,0.260507621898512,0.35445110165761995,18.94931032493042,11.532054557879198
signsuisse_test,sign_mt_v2,440,deu,sgg,0.18258819041656466,0.291217339839351,26.317713603775005,14.94935649941169
signsuisse_test,sign_mt_v2,441,ita,lse,0.23938837581424108,0.379323151351076,35.14467384150599,22.583580668827675
signsuisse_test,sign_mt_v2,442,ita,lse,0.28629587421353014,0.3984440161308466,22.664978580152383,9.598593613300986
signsuisse_test,sign_mt_v2,443,fra,fsl,0.26126096839682617,0.34911343778490894,62.26552147337901,31.851281494084382
signsuisse_test,sign_mt_v2,444,deu,sgg,0.18872980877703455,0.2993512100029621,10.363534588860146,7.8718045028159995
signsuisse_test,sign_mt_v2,445,deu,sgg,0.29501606151257326,0.38896615334146195,20.24940356773595,10.051774263609197
signsuisse_test,sign_mt_v2,446,deu,sgg,2191.8815616286693,5.09026599577425,1769.6068224709186,11.675613179295013
signsuisse_test,sign_mt_v2,447,fra,fsl,0.42718021329953565,0.538870930900367,124.87463118323318,42.16465475875045
signsuisse_test,sign_mt_v2,448,deu,sgg,0.19622569982718374,0.29743462825040756,18.015538105482115,10.045764653255212
signsuisse_test,sign_mt_v2,449,deu,sgg,0.16670497172755452,0.26445056212975654,26.70432454120561,20.503046796203577
signsuisse_test,sign_mt_v2,450,ita,lse,0.31667754935720377,0.45061642010734354,41.92574796534318,22.62740360882351
signsuisse_test,sign_mt_v2,451,deu,sgg,0.1342565712080646,0.21850404014205732,18.934805431425396,13.033308033970933
signsuisse_test,sign_mt_v2,452,deu,sgg,0.06559755281689168,0.13013879231285752,14.550461392819724,10.583597166418329
signsuisse_test,sign_mt_v2,453,deu,sgg,0.33138822616836505,0.43010910841557404,47.837403866448554,26.107534015992872
signsuisse_test,sign_mt_v2,454,deu,sgg,0.28554921074092554,0.39777194733854204,15.450485796720274,11.568762444071046
signsuisse_test,sign_mt_v2,455,deu,sgg,0.25288767451635513,0.35768123925211953,19.720139507589558,9.775693787728086
signsuisse_test,sign_mt_v2,456,deu,sgg,0.27066709689914675,0.3771121223741257,29.247353244255066,13.627891508064504
signsuisse_test,sign_mt_v2,457,deu,sgg,0.30481494109330487,0.4018901066331253,34.459349332302345,12.50523592751332
signsuisse_test,sign_mt_v2,458,deu,sgg,0.19824843140626808,0.298037423054714,15.848027326704166,7.12948626108084
signsuisse_test,sign_mt_v2,459,deu,sgg,0.22969173157571451,0.2907567954198156,37.19484268245222,24.67524943134323
signsuisse_test,sign_mt_v2,460,fra,fsl,0.4815548471445464,0.5250433373359783,102.9893726358077,31.291453307738024
signsuisse_test,sign_mt_v2,461,deu,sgg,14391.350868492727,32.643913453430166,2966.180483024802,22.46413443376987
signsuisse_test,sign_mt_v2,462,fra,fsl,0.4415741790802562,0.5078655312181424,40.01398824688063,22.85906385873772
signsuisse_test,sign_mt_v2,463,fra,fsl,0.48063133631118493,0.5949962356447589,160.2905096640668,59.26559192317328
signsuisse_test,sign_mt_v2,464,deu,sgg,0.1442181008732602,0.2717082693563423,28.32926156450494,23.706584521482434
signsuisse_test,sign_mt_v2,465,deu,sgg,0.33243038183164847,0.44086619195251747,21.09266064888599,14.689018278139896
signsuisse_test,sign_mt_v2,466,deu,sgg,6061.008583703331,13.902678651483473,2977.010544809386,17.590842788282394
signsuisse_test,sign_mt_v2,467,deu,sgg,2595.5065897453023,6.0341507044687965,3066.649474568956,20.26606119503545
signsuisse_test,sign_mt_v2,468,deu,sgg,0.1533893933903098,0.21678495617964527,23.25448912094407,13.097152848197993
signsuisse_test,sign_mt_v2,469,fra,fsl,0.3095939769711478,0.36080018383480783,55.88212669820799,29.0957370127585
signsuisse_test,sign_mt_v2,470,ita,lse,0.31879977383832375,0.42967688175789726,22.94658882442876,10.61279520495742
signsuisse_test,sign_mt_v2,471,fra,fsl,0.2751746932573191,0.36081527045361983,25.23155812758601,11.474371647349061
signsuisse_test,sign_mt_v2,472,ita,lse,0.2696981156101249,0.3926815903502719,54.495491408939415,26.750460667067877
signsuisse_test,sign_mt_v2,473,fra,fsl,0.35321564846889086,0.4307613970084652,93.42862834595255,46.737781477714215
signsuisse_test,sign_mt_v2,474,ita,lse,0.30597446693638425,0.43854824406570836,39.42811150890794,17.294258308838703
signsuisse_test,sign_mt_v2,475,fra,fsl,0.16231074665876818,0.28083601018165505,26.505357433127678,18.678159642992924
signsuisse_test,sign_mt_v2,476,ita,lse,0.32431448988706923,0.4734302422024175,37.61102266186307,15.13901784314876
signsuisse_test,sign_mt_v2,477,ita,lse,0.2754294686002545,0.41550659979640686,31.428405222599416,16.4008491049966
signsuisse_test,sign_mt_v2,478,fra,fsl,0.33824020617503525,0.45184422087787934,38.55894256117295,20.056916110154138
signsuisse_test,sign_mt_v2,479,ita,lse,0.35034772727938246,0.47572275758253424,54.1445312569601,20.29619319537608
signsuisse_test,sign_mt_v2,480,deu,sgg,0.15060829351546734,0.22204314763106983,9.725555024207623,8.076689428810589
signsuisse_test,sign_mt_v2,481,deu,sgg,0.3208636247973117,0.44836772311207523,25.553832455789745,11.614381448412814
signsuisse_test,sign_mt_v2,482,ita,lse,0.32113645762613247,0.4643611248793435,51.70418584974201,17.296672395792957
signsuisse_test,sign_mt_v2,483,deu,sgg,3833.4620353960404,8.754785265535435,1745.689630609981,11.318619869150169
signsuisse_test,sign_mt_v2,484,ita,lse,0.3561669889757655,0.4819351169045432,61.953956969581625,28.130897679351328
signsuisse_test,sign_mt_v2,485,deu,sgg,0.2659217101317781,0.37177131092507937,18.556788952688372,8.131207820272945
signsuisse_test,sign_mt_v2,486,deu,sgg,3883.5849359135505,8.892208855069962,3381.147215645698,11.248073171564137
signsuisse_test,sign_mt_v2,487,deu,sgg,0.23601278550714463,0.35363135067036133,26.471856701799307,14.957565431507675
signsuisse_test,sign_mt_v2,488,ita,lse,0.3075328674570894,0.3910549778381103,33.25838693272881,10.01757817044016
signsuisse_test,sign_mt_v2,489,deu,sgg,0.3348141837755281,0.4062537428775218,34.63806626399813,15.752359030284017
signsuisse_test,sign_mt_v2,490,deu,sgg,0.2316431576256382,0.34855822881169163,29.620590766171553,11.07069168578225
signsuisse_test,sign_mt_v2,491,deu,sgg,0.31358277418208225,0.40370076229955365,23.174754949176485,11.29449496725849
signsuisse_test,sign_mt_v2,492,ita,lse,0.3045358994660286,0.425001851322352,19.526361176985333,11.004019649322885
signsuisse_test,sign_mt_v2,493,deu,sgg,0.0956498489253249,0.16017473202048874,19.00181031773795,9.971687613603624
signsuisse_test,sign_mt_v2,494,fra,fsl,0.3015694317645782,0.41764043398333334,32.807369018470666,13.452189460609123
signsuisse_test,sign_mt_v2,495,ita,lse,0.29416146462693216,0.43615945132848005,34.59117872914496,18.85387916684643
signsuisse_test,sign_mt_v2,496,deu,sgg,12178.974896220527,27.65319722468383,78.78346669417216,18.301254538188562
signsuisse_test,sign_mt_v2,497,ita,lse,0.2957596748047569,0.4024405140739297,37.86151612722341,18.0103234563988
signsuisse_test,sign_mt_v2,498,ita,lse,0.34333664896397953,0.4921129690267665,59.7638502768041,21.41890073197747
signsuisse_test,sign_mt_v2,499,ita,lse,0.23993629663001131,0.37058380196656737,24.740094544284197,11.502357606495563
signsuisse_test,sign_mt_v2,500,deu,sgg,9444.233853174486,21.3470715679007,3796.864066015133,15.406581744863225
signsuisse_test,sign_mt_v2,501,deu,sgg,0.20928011059629678,0.31250159904721375,12.62730396989367,7.4906847810644
signsuisse_test,sign_mt_v2,502,ita,lse,0.20237803592182166,0.2851460644976772,16.376262607976976,9.751104207840948
signsuisse_test,sign_mt_v2,503,fra,fsl,0.4211105149980873,0.5358308811935341,56.29293359649692,18.635407182947343
signsuisse_test,sign_mt_v2,504,fra,fsl,0.39233440508773537,0.4918414751267469,91.81315868046117,34.79243330170486
signsuisse_test,sign_mt_v2,505,ita,lse,0.28450836786120487,0.3849783320538726,47.43775082650595,24.732962847081595
signsuisse_test,sign_mt_v2,506,deu,sgg,6736.736217510543,15.368834214851606,1965.1556757174703,12.743684243440683
signsuisse_test,sign_mt_v2,507,fra,fsl,0.2680295909521709,0.3690198203966036,35.65184320826519,15.718528616330879
signsuisse_test,sign_mt_v2,508,ita,lse,0.2737059587570744,0.32533786036643103,28.515215345009633,7.777849637828385
signsuisse_test,sign_mt_v2,509,fra,fsl,4616.754861752203,10.66553236236806,1899.6802011122888,58.933201532406294
signsuisse_test,sign_mt_v2,510,fra,fsl,6579.356937776439,15.080508298559288,829.9085932806654,29.355784141892798
signsuisse_test,sign_mt_v2,511,ita,lse,0.27930346461891853,0.3749766527897522,20.881072531726925,12.810840654483602
signsuisse_test,sign_mt_v2,512,deu,sgg,0.269977655503454,0.36831282000930615,38.86956484210887,23.974736288840198
signsuisse_test,sign_mt_v2,513,deu,sgg,7822.729346051276,17.714126650555666,1972.6966104845549,21.794723047039206
signsuisse_test,sign_mt_v2,514,ita,lse,0.3278875057917703,0.47132914474746973,45.79355119289369,20.969441620284172
signsuisse_test,sign_mt_v2,515,ita,lse,0.24958421486221874,0.35713514872680047,22.486381893044705,11.933119592884383
signsuisse_test,sign_mt_v2,516,fra,fsl,0.44744428124459307,0.5500367315136899,67.92833212277014,28.867113634810618
signsuisse_test,sign_mt_v2,517,deu,sgg,0.19342677324560723,0.2922471530893599,16.446630268319865,8.006356149742295
signsuisse_test,sign_mt_v2,518,fra,fsl,0.25160936362168096,0.31710675492151685,61.97744279038406,42.45786675834909
signsuisse_test,sign_mt_v2,519,ita,lse,0.33322181211446866,0.4664182236683936,33.39103094331206,16.439492382169856
signsuisse_test,sign_mt_v2,520,deu,sgg,0.2303919455735197,0.3352896749217504,20.413179664526574,11.649586476874028
signsuisse_test,sign_mt_v2,521,ita,lse,0.23722025743916347,0.35006168120434333,34.5100591572846,19.410970412901484
signsuisse_test,sign_mt_v2,522,deu,sgg,1982.3623484872564,4.67479262875512,1497.2774808375996,15.798610271910862
signsuisse_test,sign_mt_v2,523,fra,fsl,0.3248523525251947,0.43454300189850137,51.185405828351094,22.969415945625137
signsuisse_test,sign_mt_v2,524,ita,lse,0.2974388866599936,0.4340810675013565,30.728036644147814,13.37301696683452
signsuisse_test,sign_mt_v2,525,deu,sgg,4839.524955336737,11.007437118731303,1647.420866399939,11.730285224693642
signsuisse_test,sign_mt_v2,526,deu,sgg,0.31857349554643044,0.4524397858145115,33.17426866311229,16.66165599647427
signsuisse_test,sign_mt_v2,527,deu,sgg,0.24457317688437996,0.3694250358102348,44.14364314031108,28.708000490041634
signsuisse_test,sign_mt_v2,528,deu,sgg,0.2815619720414095,0.40691587775520843,27.647256429868413,10.954601681288825
signsuisse_test,sign_mt_v2,529,deu,sgg,2026.4194388053043,4.639752280750406,1590.4046086989724,13.864117759286948
signsuisse_test,sign_mt_v2,530,deu,sgg,0.17186983956360607,0.25222816354871663,14.89080467472724,8.57877675721005
signsuisse_test,sign_mt_v2,531,deu,sgg,0.2362897010740513,0.33571096804193096,18.275374799867812,11.851840325624078
signsuisse_test,sign_mt_v2,532,deu,sgg,0.20581446236331147,0.2953832092005331,26.102822573068664,19.70095459644985
signsuisse_test,sign_mt_v2,533,deu,sgg,0.14264068278419037,0.2331118804540068,18.99373232133745,12.501966358555213
signsuisse_test,sign_mt_v2,534,deu,sgg,9013.055387191987,20.609277663243514,4044.291516681409,12.11488380900347
signsuisse_test,sign_mt_v2,535,deu,sgg,0.31038547279455103,0.4537574423315093,32.87796955621491,26.02820094087147
signsuisse_test,sign_mt_v2,536,fra,fsl,0.2509907107559557,0.3004465008694416,90.78692342876168,68.33574149834394
signsuisse_test,sign_mt_v2,537,deu,sgg,0.2822921893805319,0.3868943981873629,18.441701322072152,9.96081884059309
signsuisse_test,sign_mt_v2,538,ita,lse,0.22344192976956917,0.3616731446645535,22.786831127867636,15.066720854167777
signsuisse_test,sign_mt_v2,539,ita,lse,0.31645815032882446,0.44750749526474864,48.02190417817576,19.02875298311934
signsuisse_test,sign_mt_v2,540,deu,sgg,0.1209665927230516,0.2030853376932181,26.136107242895168,15.377429628719156
signsuisse_test,sign_mt_v2,541,deu,sgg,0.30140967771254656,0.3873925244237055,57.388001471864975,22.438287432633174
signsuisse_test,sign_mt_v2,542,deu,sgg,0.1049497578094971,0.16770540401199346,22.95420786661231,14.667134641422916
signsuisse_test,sign_mt_v2,543,ita,lse,0.36010979525048453,0.4950007580878964,74.99569698482148,28.845568696990863
signsuisse_test,sign_mt_v2,544,deu,sgg,0.26340819270274546,0.3705922646275227,13.477490421635617,9.01578644746344
signsuisse_test,sign_mt_v2,545,deu,sgg,0.15693538939130944,0.2481728759366325,11.94349382680969,5.835275663707265
signsuisse_test,sign_mt_v2,546,fra,fsl,0.4286673007112187,0.42238608132341066,53.10372584802163,29.726434645892837
signsuisse_test,sign_mt_v2,547,deu,sgg,0.21577030369956154,0.3154513006351733,28.202869770691446,11.926258258107543
signsuisse_test,sign_mt_v2,548,ita,lse,0.2594296619836674,0.39039041883662207,30.07799583110814,14.850794189380307
signsuisse_test,sign_mt_v2,549,deu,sgg,0.1538806089129775,0.21791285117112788,17.398709130726203,13.013453146359232
signsuisse_test,sign_mt_v2,550,deu,sgg,0.22141086778033386,0.34263322509360816,40.35749661491025,15.641001828543574
signsuisse_test,sign_mt_v2,551,deu,sgg,0.2180829392559298,0.30592430212927973,37.92389660514682,15.823075268571786
signsuisse_test,sign_mt_v2,552,fra,fsl,0.19526289522188864,0.31951356523431007,28.27819291817474,18.120551121457954
signsuisse_test,sign_mt_v2,553,deu,sgg,0.23032874776713094,0.3241523043402774,24.957279173165915,14.91206719213276
signsuisse_test,sign_mt_v2,554,deu,sgg,3194.0322607335283,7.238624643017818,1125.1156777427952,9.963194132442034
signsuisse_test,sign_mt_v2,555,fra,fsl,0.2943083869479107,0.3833106752926383,52.97822775968719,25.958581488428653
signsuisse_test,sign_mt_v2,556,ita,lse,0.34130697371939567,0.4790242962888816,77.13208328879102,29.441395916168535
signsuisse_test,sign_mt_v2,557,ita,lse,0.21038986230042622,0.3236375849570405,19.08072951301223,11.863538286333462
signsuisse_test,sign_mt_v2,558,deu,sgg,3327.4612502269597,7.633277069513517,3848.33737544836,19.93591186496366
signsuisse_test,sign_mt_v2,559,ita,lse,0.18350993469260066,0.27077061142695963,24.595719833328566,15.202897623767933
signsuisse_test,sign_mt_v2,560,fra,fsl,1201.378081154206,2.9593429065688808,1845.080339122278,31.3027391215529
signsuisse_test,sign_mt_v2,561,ita,lse,0.2460005627955016,0.3850488554236527,26.815459164071317,17.68355257665846
signsuisse_test,sign_mt_v2,562,ita,lse,0.1239147174286354,0.2228748178689852,20.91005054926815,10.87278962348956
signsuisse_test,sign_mt_v2,563,deu,sgg,0.22174309396388736,0.3467977647581315,20.092500592504425,12.050300070482635
signsuisse_test,sign_mt_v2,564,deu,sgg,0.24678994263854073,0.3484882040542371,18.159007537121237,12.786740670069264
signsuisse_test,sign_mt_v2,565,ita,lse,0.14613353470797816,0.23606118523527114,29.384363024778747,14.529651807643102
signsuisse_test,sign_mt_v2,566,ita,lse,0.2869905199876521,0.40193091949485615,28.171482223460167,14.306782705272173
signsuisse_test,sign_mt_v2,567,ita,lse,0.1400198139829464,0.22716147834725556,27.70796021697371,18.728180917072272
signsuisse_test,sign_mt_v2,568,ita,lse,0.26075393449222395,0.3908619065459752,30.049477584777748,13.232704781375663
signsuisse_test,sign_mt_v2,569,fra,fsl,0.46358658808574826,0.5816062459715571,93.43343907709094,28.223422910221615
signsuisse_test,sign_mt_v2,570,ita,lse,0.2589439295560788,0.37028828324362434,46.015967168037996,20.897601020738726
signsuisse_test,sign_mt_v2,571,fra,fsl,101.19351962988193,0.5450904379089463,3616.065146651491,27.71269379819942
signsuisse_test,sign_mt_v2,572,ita,lse,0.29673650428549414,0.42643299062499407,32.88834177947307,18.90260957058728
signsuisse_test,sign_mt_v2,573,fra,fsl,0.30670392344849867,0.3782574288907638,78.30667094544565,50.9663447982853
signsuisse_test,sign_mt_v2,574,deu,sgg,13024.979855582866,29.60157475302958,1970.9135177065484,19.931880439824916
signsuisse_test,sign_mt_v2,575,fra,fsl,341.6020076204977,0.8876298908849076,873.8440080824147,23.356944095669746
signsuisse_test,sign_mt_v2,576,ita,lse,0.3278801254893822,0.46127736443903095,62.94218759139431,27.347193395414813
signsuisse_test,sign_mt_v2,577,deu,sgg,1884.3550951557004,4.431514351046895,1460.7962309907327,10.524965734607893
signsuisse_test,sign_mt_v2,578,deu,sgg,0.21931705226684775,0.33464420447389254,41.39346251802474,25.10263511810498
signsuisse_test,sign_mt_v2,579,fra,fsl,0.40909922944312505,0.4954562285721105,77.36032583937131,27.348616780613654
signsuisse_test,sign_mt_v2,580,deu,sgg,0.18274652866581528,0.21482728006954357,2911.593892194888,5.7361467805510316
signsuisse_test,sign_mt_v2,581,ita,lse,0.33842772586176184,0.4800513465541079,50.037214756018884,25.39870832735343
signsuisse_test,sign_mt_v2,582,fra,fsl,0.4417321147412155,0.5317460087652026,62.23492197399134,22.319381815238476
signsuisse_test,sign_mt_v2,583,deu,sgg,0.22400092794987614,0.3394005670077457,32.07370281049567,23.442166946260336
signsuisse_test,sign_mt_v2,584,fra,fsl,0.26791302041196696,0.3686737922064697,38.303831076921554,27.305172325808915
signsuisse_test,sign_mt_v2,585,deu,sgg,0.26570468614463627,0.27355198522654844,37.996908259188935,23.081119805111026
signsuisse_test,sign_mt_v2,586,ita,lse,0.26379558832356415,0.40515241629527315,27.273425524029324,19.162324607803082
signsuisse_test,sign_mt_v2,587,deu,sgg,0.23915196345999323,0.27614686160460444,972.7199932035691,11.92799708553455
signsuisse_test,sign_mt_v2,588,deu,sgg,0.17557666051187898,0.2731968571875098,23.620600603975767,15.246822435162013
signsuisse_test,sign_mt_v2,589,deu,sgg,0.3559692664866093,0.46791535364771913,25.90991762357606,11.789577240374514
signsuisse_test,sign_mt_v2,590,deu,sgg,0.16302129088020886,0.23877944568993198,23.448558341427855,10.976986069690616
signsuisse_test,sign_mt_v2,591,fra,fsl,0.3850789016277905,0.47186744003970327,49.6905749601298,20.86680998966533
signsuisse_test,sign_mt_v2,592,deu,sgg,0.2596410095010159,0.35281931478502265,30.32588398278307,14.960300510158644
signsuisse_test,sign_mt_v2,593,deu,sgg,3759.473505915223,8.578395460064693,3903.1522154990203,12.6051412046696
signsuisse_test,sign_mt_v2,594,deu,sgg,0.29653103684726845,0.43665951761022503,31.16961713781861,13.266198609037993
signsuisse_test,sign_mt_v2,595,deu,sgg,0.3152445954239645,0.4304914038331693,26.12848897445656,14.048172125832405
signsuisse_test,sign_mt_v2,596,ita,lse,0.31205637342260073,0.45932265407788414,83.0003603212237,59.133227029602516
signsuisse_test,sign_mt_v2,597,deu,sgg,0.2691443180935553,0.40073562147964814,38.153519358419246,18.48906678372807
signsuisse_test,sign_mt_v2,598,deu,sgg,0.24419634793188438,0.34230424340244503,20.691579754700346,13.204000623001491
signsuisse_test,sign_mt_v2,599,deu,sgg,4728.836499148704,10.80126166258529,1284.7416923046544,11.04385002094021
signsuisse_test,sign_mt_v2,600,ita,lse,0.27689955312276565,0.3942588198665717,37.13304232159718,15.60239013372048
signsuisse_test,sign_mt_v2,601,fra,fsl,2159.6659085992933,5.07467723441304,7260.448581847666,23.34062029531152
signsuisse_test,sign_mt_v2,602,deu,sgg,0.18655491246479725,0.29201739286061773,22.47598469508424,14.637387780814157
signsuisse_test,sign_mt_v2,603,ita,lse,0.34405222884641495,0.4712588942312052,67.63376078204628,36.37379241279712
signsuisse_test,sign_mt_v2,604,ita,lse,0.2698149378126544,0.399128172072219,18.238030014409535,8.55380100991746
signsuisse_test,sign_mt_v2,605,fra,fsl,0.3946477296669098,0.48653096893318787,73.86020899674972,30.634738026980497
signsuisse_test,sign_mt_v2,606,deu,sgg,7811.458246995112,17.90791735063545,29.344488454251646,28.482270830768588
signsuisse_test,sign_mt_v2,607,fra,fsl,0.3691663365118356,0.4663638828004964,49.93092762971693,18.93276459784204
signsuisse_test,sign_mt_v2,608,deu,sgg,952.2006939689453,2.2358099864433014,1336.418531185638,7.3149687864111534
signsuisse_test,sign_mt_v2,609,deu,sgg,0.31929266349102237,0.39058254123531505,37.48933036517276,12.118020526388435
signsuisse_test,sign_mt_v2,610,ita,lse,0.3213531820999479,0.4668181131714089,32.83232101233719,15.342959094728155
signsuisse_test,sign_mt_v2,611,deu,sgg,0.32557265179145795,0.41446661803652357,39.5314661704982,20.147489423291532
signsuisse_test,sign_mt_v2,612,deu,sgg,6838.848597322878,15.475345115669832,2058.959383285699,9.96680455975751
signsuisse_test,sign_mt_v2,613,ita,lse,0.32612933552772505,0.41517427167216553,41.87763787640561,17.045042689403697
signsuisse_test,sign_mt_v2,614,deu,sgg,0.27922738000934977,0.3598116639742951,24.964964678969423,14.249251417696707
signsuisse_test,sign_mt_v2,615,fra,fsl,0.3327617302294834,0.3563496908121142,63.432280663253664,35.90352242581565
signsuisse_test,sign_mt_v2,616,deu,sgg,0.10747118735095645,0.17518473881336516,5.153703945356166,2.9293134025095444
signsuisse_test,sign_mt_v2,617,fra,fsl,0.36839630376424887,0.43221704046862275,70.1466989085977,30.188430537759217
signsuisse_test,sign_mt_v2,618,fra,fsl,0.415881619062394,0.5259664526937211,69.41052722873617,30.879638196142935
signsuisse_test,sign_mt_v2,619,deu,sgg,0.14691646952161228,0.22868504379001736,22.700582778766897,15.533199137786218
signsuisse_test,sign_mt_v2,620,deu,sgg,0.23744550935714243,0.2800169064519249,13.519832962755263,8.615129383633473
signsuisse_test,sign_mt_v2,621,ita,lse,0.22293450118960412,0.31928123018841564,30.692965954346594,17.103070841248755
signsuisse_test,sign_mt_v2,622,ita,lse,0.27489181086879166,0.37869969117896995,44.700454961833486,28.525976458858445
signsuisse_test,sign_mt_v2,623,deu,sgg,5656.221438297404,12.867063195014866,2906.8403088872597,10.797164461724499
signsuisse_test,sign_mt_v2,624,fra,fsl,0.3088730564031109,0.4340271248375461,85.25220075333473,46.180530223033244
signsuisse_test,sign_mt_v2,625,ita,lse,0.2674419006485428,0.40326055002472644,23.482000044154248,13.51990581554565
signsuisse_test,sign_mt_v2,626,ita,lse,0.2740187874754103,0.37814367477887584,38.82994021601999,19.825700433557177
signsuisse_test,sign_mt_v2,627,ita,lse,0.3102278476777976,0.44391305778109,33.77062799429194,15.043276476602534
signsuisse_test,sign_mt_v2,628,ita,lse,0.35769897634882036,0.5020264199158319,86.8909637805331,38.62758896204384
signsuisse_test,sign_mt_v2,629,fra,fsl,0.24130914688265467,0.32143994414049665,62.992439994449185,33.178223685808
signsuisse_test,sign_mt_v2,630,ita,lse,0.21870987167523157,0.33040487898170573,17.416706001991496,8.128465364437169
signsuisse_test,sign_mt_v2,631,ita,lse,0.31861164984681006,0.4554361086669852,46.02422368312321,21.476594487452243
signsuisse_test,sign_mt_v2,632,ita,lse,0.38798365135090984,0.5208074557692457,39.58491265172921,15.82023422989211
signsuisse_test,sign_mt_v2,633,deu,sgg,0.22835289186535807,0.3119981579262,22.64874738413455,13.5468301557291
signsuisse_test,sign_mt_v2,634,ita,lse,0.28432980835459726,0.41266629874980704,29.02672620967662,13.529115902267186
signsuisse_test,sign_mt_v2,635,deu,sgg,0.23076299265193528,0.31780100937496536,24.165406557957798,14.850213730077478
signsuisse_test,sign_mt_v2,636,fra,fsl,0.26309681015695446,0.3543896112212833,72.42146012454992,38.02754707711075
signsuisse_test,sign_mt_v2,637,fra,fsl,0.16048406672959903,0.2710984969037633,57.66177548065023,40.09560214465198
signsuisse_test,sign_mt_v2,638,deu,sgg,0.22037691515983127,0.27703853126314754,16.228634569486047,7.658493012712516
signsuisse_test,sign_mt_v2,639,ita,lse,0.24159859153210295,0.3797488577170065,27.347381150399983,18.14962479267055
signsuisse_test,sign_mt_v2,640,deu,sgg,0.2603150175327553,0.37063786901676954,15.504996018243835,10.234916050145564
signsuisse_test,sign_mt_v2,641,deu,sgg,0.2523877939048983,0.38452399923328295,28.381185237640736,10.40326270752151
signsuisse_test,sign_mt_v2,642,fra,fsl,0.4190642894963748,0.49164751829406966,96.53959163820353,46.52841014576948
signsuisse_test,sign_mt_v2,643,deu,sgg,0.2008009864913449,0.30481630156881656,10.98506641998208,9.664942267667621
signsuisse_test,sign_mt_v2,644,fra,fsl,0.37209216625400315,0.49539787578767075,59.64744130968356,28.435913674926
signsuisse_test,sign_mt_v2,645,deu,sgg,8362.445875917201,19.07521063781682,8660.622132106491,23.052794459306366
signsuisse_test,sign_mt_v2,646,fra,fsl,0.3597287553273624,0.4462726626508849,56.27634078148097,30.760974373924196
signsuisse_test,sign_mt_v2,647,ita,lse,0.3302436492054944,0.46540538463734615,56.8796210532313,17.714222185484402
signsuisse_test,sign_mt_v2,648,fra,fsl,0.25004709066032405,0.3324761402264044,49.499386445647154,24.942752862443072
signsuisse_test,sign_mt_v2,649,ita,lse,0.27387181033034036,0.3944637251347533,27.74690190167649,14.55898522592004
signsuisse_test,sign_mt_v2,650,deu,sgg,0.20014791310109378,0.30614989918320024,22.07337796725278,11.69856116294565
signsuisse_test,sign_mt_v2,651,ita,lse,0.3862830149957919,0.5218645945551807,52.1418135282411,25.611210832262913
signsuisse_test,sign_mt_v2,652,ita,lse,0.3049479406070667,0.4399004391716249,28.61340959123407,14.150887158492692
signsuisse_test,sign_mt_v2,653,fra,fsl,0.35626290835323904,0.3292199786617493,48.8402779988628,23.82475599077436
signsuisse_test,sign_mt_v2,654,fra,fsl,0.42639001754905226,0.5250945485474064,102.74062364545851,40.949334050866476
signsuisse_test,sign_mt_v2,655,deu,sgg,0.1496420156715364,0.2326564669852561,11.002000353840895,9.057246444428324
signsuisse_test,sign_mt_v2,656,fra,fsl,0.3409127959910331,0.41195984488118254,54.82450909643063,19.819268521865826
signsuisse_test,sign_mt_v2,657,deu,sgg,0.26108467861273255,0.37121995476438957,39.02340738141758,18.80221898533047
signsuisse_test,sign_mt_v2,658,deu,sgg,0.14924285716214175,0.22491683486267589,16.13039577191169,10.518090532223612
signsuisse_test,sign_mt_v2,659,deu,sgg,0.12511984878841304,0.19207386410721417,20.85010785377405,10.116970585300622
signsuisse_test,sign_mt_v2,660,fra,fsl,0.3368441971426755,0.43871925061751027,99.6306790796141,51.826264856550175
signsuisse_test,sign_mt_v2,661,deu,sgg,0.21395729198623079,0.30525812324740964,18.34846107793368,11.87279818246557
signsuisse_test,sign_mt_v2,662,deu,sgg,0.25799861596584883,0.39823081118432646,42.58685849204746,28.285039712505853
signsuisse_test,sign_mt_v2,663,fra,fsl,0.30805042804090155,0.3734513031669557,45.50520089596456,24.468328195973886
signsuisse_test,sign_mt_v2,664,deu,sgg,0.28549885004611714,0.40853510397724846,36.2250414669642,15.984452658621043
signsuisse_test,sign_mt_v2,665,fra,fsl,0.3716259043984811,0.45933046003038863,54.61536138769522,19.654634471238253
signsuisse_test,sign_mt_v2,666,deu,sgg,0.2386069295099938,0.3480259110304675,19.112281042778704,10.41953791282937
signsuisse_test,sign_mt_v2,667,deu,sgg,0.15171238392969566,0.23034349728160874,25.30114532861172,13.40430356214587
signsuisse_test,sign_mt_v2,668,deu,sgg,6999.583475465278,15.924495484553097,88.43827318832783,22.965141440455465
signsuisse_test,sign_mt_v2,669,ita,lse,0.2934345067653327,0.41422241990714503,39.34538264228374,26.510483003022806
signsuisse_test,sign_mt_v2,670,deu,sgg,0.29863898718041415,0.4186877471778063,47.75526341246409,21.40090734792496
signsuisse_test,sign_mt_v2,671,deu,sgg,0.32420139926233976,0.479484687274025,60.935429478832404,34.3627276137293
signsuisse_test,sign_mt_v2,672,deu,sgg,0.16459340435814296,0.26374741707287913,21.182096565450042,16.275478688906347
signsuisse_test,sign_mt_v2,673,deu,sgg,0.20691718292155897,0.2801739377183236,19.100034656054863,12.468481794352748
signsuisse_test,sign_mt_v2,674,fra,fsl,0.483805098169264,0.4524382701177745,35.515641190922864,21.384681497949835
signsuisse_test,sign_mt_v2,675,fra,fsl,0.422403882512496,0.5045474666211655,97.41313067933254,39.45516508880434
signsuisse_test,sign_mt_v2,676,ita,lse,0.3373529983167504,0.46953760452243076,52.00200697175242,19.65599600949378
signsuisse_test,sign_mt_v2,677,fra,fsl,0.3242413554600646,0.43448006002375816,34.76060558512704,15.470510792301836
signsuisse_test,sign_mt_v2,678,deu,sgg,8027.520557805824,18.112702044653382,1382.9960794309181,8.259679277357389
signsuisse_test,sign_mt_v2,679,deu,sgg,0.26733739807652523,0.3932821511789582,28.57752430745601,11.502080841342865
signsuisse_test,sign_mt_v2,680,deu,sgg,0.26382153780534673,0.3976805544410641,28.1222889764638,14.341184475589413
signsuisse_test,sign_mt_v2,681,deu,sgg,0.14976535344026307,0.22282169515358882,19.81462668226342,10.975228087287121
signsuisse_test,sign_mt_v2,682,ita,lse,0.2524992441385748,0.3718237637267638,23.885687749957352,11.441882424713402
signsuisse_test,sign_mt_v2,683,deu,sgg,0.2664587978170008,0.3792369007707304,31.461290256551504,20.052270541312215
signsuisse_test,sign_mt_v2,684,fra,fsl,0.21547518165135673,0.29317550611567067,46.86851688368454,29.409527648397148
signsuisse_test,sign_mt_v2,685,fra,fsl,0.3576551610310465,0.43104712486074814,61.466927369931355,22.411965395499656
signsuisse_test,sign_mt_v2,686,fra,fsl,0.3334385183938385,0.42226705020328875,55.60693154374801,25.67399109707044
signsuisse_test,sign_mt_v2,687,deu,sgg,4881.936537840682,11.076575698694121,3477.818123563926,9.026611662011566
signsuisse_test,sign_mt_v2,688,deu,sgg,0.3278783021126126,0.45356311861184906,30.88132203930699,8.17306195257917
signsuisse_test,sign_mt_v2,689,deu,sgg,5865.018074418985,13.490941016354526,7225.616018303405,16.158749619249136
signsuisse_test,sign_mt_v2,690,deu,sgg,0.2609332436512035,0.39068339375203787,32.22224205338474,19.93235000255972
signsuisse_test,sign_mt_v2,691,deu,sgg,3113.171338544923,7.270499506138558,2187.764755080446,15.806685583337854
signsuisse_test,sign_mt_v2,692,deu,sgg,0.2702762496893136,0.38792352550350323,30.202172129484108,13.831256188205812
signsuisse_test,sign_mt_v2,693,fra,fsl,0.39068308217251513,0.5350413871886702,89.41387999701638,30.09462909593822
signsuisse_test,sign_mt_v2,694,deu,sgg,0.3184601402942149,0.47265596020331835,29.727662773884198,12.561227529581563
signsuisse_test,sign_mt_v2,695,deu,sgg,0.22018130417047896,0.3102656418963635,26.96322474674524,13.813905567901243
signsuisse_test,sign_mt_v2,696,ita,lse,0.30831903501865227,0.44939548732556894,40.85223924989511,18.982707388501428
signsuisse_test,sign_mt_v2,697,fra,fsl,0.5187122390574185,0.6130113686318228,71.27967361344241,9.676776608364879
signsuisse_test,sign_mt_v2,698,fra,fsl,0.3911524892022811,0.49012074605767064,66.967823799992,31.048774666969262
signsuisse_test,sign_mt_v2,699,deu,sgg,0.2881898727463541,0.36712143776661776,40.66145549140676,25.000587267342453
signsuisse_test,sign_mt_v2,700,deu,sgg,4799.969655050372,10.945751165961351,2022.2563013793558,13.285028202284256
signsuisse_test,sign_mt_v2,701,fra,fsl,0.33055915173368144,0.44747722699928383,28.168296732921284,15.01735369546545
signsuisse_test,sign_mt_v2,702,deu,sgg,0.11805859603431938,0.18607727116814826,21.750260377103977,11.518550367734049
signsuisse_test,sign_mt_v2,703,ita,lse,0.2582794151354994,0.36231801543185305,31.207628633787486,13.765967646006594
signsuisse_test,sign_mt_v2,704,deu,sgg,0.2184039011522393,0.3147011536523763,31.228532266388214,16.433699587186897
signsuisse_test,sign_mt_v2,705,deu,sgg,0.19971307864586746,0.2934910887060531,55.77519653102499,21.501326217838454
signsuisse_test,sign_mt_v2,706,fra,fsl,9432.35585151161,21.3564236165855,4488.97143929589,19.035446075623558
signsuisse_test,sign_mt_v2,707,ita,lse,0.22940649353348197,0.3328945824887882,22.188738215552206,12.11987335118885
signsuisse_test,sign_mt_v2,708,ita,lse,0.2937325448160838,0.419511236729296,55.80045798136568,28.55901872971846
signsuisse_test,sign_mt_v2,709,ita,lse,0.3396855312226096,0.42278887305717444,25.34166086017633,14.25468308136091
signsuisse_test,sign_mt_v2,710,deu,sgg,0.26691172314496375,0.3975407426745348,38.49700660703001,26.54177936933031
signsuisse_test,sign_mt_v2,711,ita,lse,0.32578175255726227,0.46122382835664105,57.56682090553974,24.145825840452385
signsuisse_test,sign_mt_v2,712,deu,sgg,0.2872471633352538,0.4107684766459194,51.932366706053266,29.73870948630388
signsuisse_test,sign_mt_v2,713,fra,fsl,0.31602640564742424,0.3818456190244086,51.376570015549866,25.838353217936632
signsuisse_test,sign_mt_v2,714,deu,sgg,0.11807530475964116,0.18490240428765486,12.435599180161553,7.986078131791074
signsuisse_test,sign_mt_v2,715,fra,fsl,0.37463248981063835,0.4611311757233218,58.90063913386556,36.499771708236
signsuisse_test,sign_mt_v2,716,fra,fsl,0.3739070705858467,0.43080911144530437,44.87454936845214,25.38941698157514
signsuisse_test,sign_mt_v2,717,deu,sgg,0.2232993809933072,0.3153787088089141,18.535786636106362,12.968107934673107
signsuisse_test,sign_mt_v2,718,fra,fsl,11448.986230895993,25.824706837437756,1649.2479746963697,16.31056239303555
signsuisse_test,sign_mt_v2,719,deu,sgg,0.1213795504232211,0.19356793686645768,28.288329874888557,18.09854468195492
signsuisse_test,sign_mt_v2,720,deu,sgg,0.2587176410125212,0.3461730890511715,417.74372371522156,14.03015612421338
signsuisse_test,sign_mt_v2,721,ita,lse,0.364325815184332,0.5100964893544588,69.86888350992378,25.530556207611095
signsuisse_test,sign_mt_v2,722,ita,lse,0.3120398452442115,0.46879464660678594,49.49016178868593,22.03179431097324
signsuisse_test,sign_mt_v2,723,fra,fsl,0.3577286104849772,0.4278790859334863,30.486985275725658,15.449998068308442
signsuisse_test,sign_mt_v2,724,ita,lse,0.28510732990077864,0.42611352513761785,44.38643808501965,27.689094989908714
signsuisse_test,sign_mt_v2,725,fra,fsl,0.43321003595993396,0.4931737094702239,50.48207426227859,15.363869000434518
signsuisse_test,sign_mt_v2,726,fra,fsl,0.37366496723366194,0.45582797964338884,73.59580090690766,34.90224823079199
signsuisse_test,sign_mt_v2,727,ita,lse,0.3355791579553453,0.47701468477287645,50.90861987641438,26.389555978687103
signsuisse_test,sign_mt_v2,728,deu,sgg,9689.136299497077,21.97801808140035,2081.2740839456756,12.83077454311585
signsuisse_test,sign_mt_v2,729,ita,lse,0.3428083284957658,0.4945087883355394,61.98842937263474,24.676643064414872
signsuisse_test,sign_mt_v2,730,fra,fsl,0.3430941725541598,0.43934274832451464,51.11034919392289,24.01432058097152
signsuisse_test,sign_mt_v2,731,deu,sgg,0.24855276915527322,0.3544302974705111,22.699648867484825,9.583930269775088
signsuisse_test,sign_mt_v2,732,deu,sgg,0.2738625840734368,0.38655746839772115,16.48918074672291,10.548194234093192
signsuisse_test,sign_mt_v2,733,deu,sgg,0.4328204304232386,0.5283794750346479,16.549478665583443,12.568449281143522
signsuisse_test,sign_mt_v2,734,fra,fsl,0.31189952731931436,0.30166704366301383,55.48796064602146,35.12872290985887
signsuisse_test,sign_mt_v2,735,fra,fsl,0.2669262282545357,0.36124299219737344,35.47358663085927,13.679604954013323
signsuisse_test,sign_mt_v2,736,deu,sgg,1086.6308711282568,2.596298743480953,1504.23168037328,16.608720477039654
signsuisse_test,sign_mt_v2,737,deu,sgg,0.07278307268719429,0.14715380148806587,13.981840937715793,8.679541118537479
signsuisse_test,sign_mt_v2,738,fra,fsl,0.32912626460284755,0.4193981700808106,87.46770724273864,36.289972221922596
signsuisse_test,sign_mt_v2,739,deu,sgg,0.23256476466750242,0.3595602558965602,29.721412329611088,16.80545306673815
signsuisse_test,sign_mt_v2,740,fra,fsl,0.28294568484298216,0.3671652936896142,83.75757373169002,53.168948276306516
signsuisse_test,sign_mt_v2,741,deu,sgg,0.1483197377451019,0.2395149689086609,17.358899921001363,10.719611929653189
signsuisse_test,sign_mt_v2,742,deu,sgg,5637.981537326636,12.999907313135243,1923.487037581066,18.589682913369085
signsuisse_test,sign_mt_v2,743,ita,lse,0.26474693031237434,0.4001235740812315,20.853010624217315,13.516966921186897
signsuisse_test,sign_mt_v2,744,deu,sgg,1878.3639456110145,4.451859989377102,1656.1686378524828,14.765766060758411
signsuisse_test,sign_mt_v2,745,fra,fsl,0.4470152214400111,0.5654624173201525,150.90823693894552,55.356515288725944
signsuisse_test,sign_mt_v2,746,deu,sgg,0.09724189867808887,0.17610488762959903,11.635412212602839,10.46980400069357
signsuisse_test,sign_mt_v2,747,deu,sgg,0.15611782612797456,0.2427693241882505,10.37112039172491,8.76041878084257
signsuisse_test,sign_mt_v2,748,deu,sgg,0.26531938358853435,0.4021962412001097,13.065962707489659,10.11290672521001
signsuisse_test,sign_mt_v2,749,deu,sgg,5571.83400350535,12.63621544233277,2583.1618104715917,14.960132960290327
signsuisse_test,sign_mt_v2,750,deu,sgg,0.1250636055820876,0.20825511212394623,23.152356385558747,14.196870257182617
signsuisse_test,sign_mt_v2,751,ita,lse,0.2898000613355732,0.4317416272765249,40.52328617213647,18.393165857244462
signsuisse_test,sign_mt_v2,752,deu,sgg,0.19768678218556246,0.27525736162789577,15.267932361080128,8.82033930743608
signsuisse_test,sign_mt_v2,753,ita,lse,0.279025013224024,0.3947164094129292,31.65441141689957,16.736628066957326
signsuisse_test,sign_mt_v2,754,ita,lse,0.32824395010777224,0.4517919364357076,39.3171492670502,14.628104668961385
signsuisse_test,sign_mt_v2,755,fra,fsl,0.47572219539179733,0.5858270459227513,108.18872800610015,42.4475082705454
signsuisse_test,sign_mt_v2,756,ita,lse,0.2648726494186555,0.39516397364816547,29.39215606039514,16.6935348246334
signsuisse_test,sign_mt_v2,757,deu,sgg,3832.5171446627755,8.766806193291428,1923.587837353857,12.062460498315284
signsuisse_test,sign_mt_v2,758,fra,fsl,0.34688771718525246,0.4573528925478711,59.27429535097096,22.70481209485231
signsuisse_test,sign_mt_v2,759,deu,sgg,8544.986856220385,19.40635291474669,3482.0090782390234,21.98866546536564
signsuisse_test,sign_mt_v2,760,deu,sgg,0.12629762570838662,0.19899929912663428,19.931476060566663,14.815975051901166
signsuisse_test,sign_mt_v2,761,fra,fsl,0.2891610436823562,0.3424313223115563,66.09614947929836,20.629840759225644
signsuisse_test,sign_mt_v2,762,deu,sgg,0.1764528343752364,0.28024223832713935,31.08953792031284,13.972001229303244
signsuisse_test,sign_mt_v2,763,deu,sgg,0.23865655783735482,0.3419264000359972,29.961405418619602,20.362736939812798
signsuisse_test,sign_mt_v2,764,deu,sgg,1716.1970695589632,3.8895148716148835,1281.9571315576497,9.162551540317136
signsuisse_test,sign_mt_v2,765,deu,sgg,0.17216519296321553,0.2771869824919508,38.00192430620011,22.778739776188974
signsuisse_test,sign_mt_v2,766,deu,sgg,0.12237714563271805,0.20857867714067121,11.541694288990334,7.96734127237037
signsuisse_test,sign_mt_v2,767,fra,fsl,0.419461092557656,0.4962459935798755,75.87072729208458,23.3892549356573
signsuisse_test,sign_mt_v2,768,fra,fsl,0.4044974590326446,0.5248884125130648,200.95425886235142,72.49849902730419
signsuisse_test,sign_mt_v2,769,deu,sgg,2746.0524521858624,6.451868172661806,2333.7647082107915,13.47422295519213
signsuisse_test,sign_mt_v2,770,deu,sgg,0.31535150234137976,0.45832515180127387,43.386110445871296,12.728487028991514
signsuisse_test,sign_mt_v2,771,deu,sgg,9498.88087259868,21.671811746629544,3889.581496678837,8.248082469572568
signsuisse_test,sign_mt_v2,772,ita,lse,0.32380826519609807,0.44628092078603,27.5528828392772,8.548429689529971
signsuisse_test,sign_mt_v2,773,deu,sgg,0.21584900228751028,0.3250727166871588,16.890647301109333,9.240590526427443
signsuisse_test,sign_mt_v2,774,deu,sgg,0.18432056262889318,0.2675200642898051,21.83202715364503,13.131072970269788
signsuisse_test,sign_mt_v2,775,fra,fsl,0.3672954479325993,0.40731455022732116,63.232064916740754,23.326630261565988
signsuisse_test,sign_mt_v2,776,fra,fsl,0.3574653261799336,0.4783197323473393,64.5004570612118,24.386970374240704
signsuisse_test,sign_mt_v2,777,ita,lse,0.2955708920183079,0.4336458339024843,36.14672590357911,17.73341557649986
signsuisse_test,sign_mt_v2,778,ita,lse,0.3483928375506615,0.4724715076116241,50.39920996231852,17.394439099522536
signsuisse_test,sign_mt_v2,779,deu,sgg,0.22153920962663678,0.26254663235044456,37.724830495481044,23.7497831964027
signsuisse_test,sign_mt_v2,780,ita,lse,0.3299645210390442,0.446976551929025,42.24670128611464,20.56332654099051
signsuisse_test,sign_mt_v2,781,deu,sgg,0.2522456178029248,0.3373865784285528,32.67932362496063,17.417491014597477
signsuisse_test,sign_mt_v2,782,fra,fsl,0.4318383000918083,0.5032755481779531,36.78672757303588,18.509626760896886
signsuisse_test,sign_mt_v2,783,ita,lse,0.10792714917570159,0.20642535254701164,15.726575160080854,13.278410950862256
signsuisse_test,sign_mt_v2,784,fra,fsl,0.40686119743470184,0.5009853750716384,82.19940858471242,33.52062521586837
signsuisse_test,sign_mt_v2,785,fra,fsl,0.2703944487292205,0.3416974407033843,33.4368031565863,15.89284877899284
signsuisse_test,sign_mt_v2,786,deu,sgg,0.3738840185096296,0.5119465791697293,38.25380215857129,11.133713041184649
signsuisse_test,sign_mt_v2,787,deu,sgg,0.29415535230395246,0.38219417841191616,32.46119548749708,18.06527176208186
signsuisse_test,sign_mt_v2,788,fra,fsl,0.3217306042661605,0.4461673188385639,37.91850981159849,24.469390339321905
signsuisse_test,sign_mt_v2,789,deu,sgg,0.20295621414691686,0.25035521052837933,22.76769423092841,13.461946132703458
signsuisse_test,sign_mt_v2,790,fra,fsl,0.399667725748748,0.4551557410723252,110.11691296632998,42.706314373879124
signsuisse_test,sign_mt_v2,791,fra,fsl,0.29772907417213124,0.3952018448966155,45.54862219494926,33.092946686029926
signsuisse_test,sign_mt_v2,792,deu,sgg,0.20464211147502082,0.3097523775041712,29.892131649298392,14.295224064570828
signsuisse_test,sign_mt_v2,793,fra,fsl,0.2425252067816162,0.33118556146857775,60.470186864872275,35.800894859512134
signsuisse_test,sign_mt_v2,794,deu,sgg,0.09669493122413686,0.17049907775510453,6.318934727764564,3.846375049010527
signsuisse_test,sign_mt_v2,795,ita,lse,0.23774567295145008,0.3555557930201531,31.37913632666687,16.895118998642605
signsuisse_test,sign_mt_v2,796,deu,sgg,0.28648919469170875,0.39544401184242184,11.99905908438224,9.976635741111577
signsuisse_test,sign_mt_v2,797,deu,sgg,0.18004576043903306,0.2880602288279861,13.02601224209192,7.562367551524809
signsuisse_test,sign_mt_v2,798,deu,sgg,0.27381720192125963,0.3821693395646718,29.528955649990834,9.688654291836874
signsuisse_test,sign_mt_v2,799,ita,lse,0.28721829946377886,0.37419614496778436,51.641046099066884,26.5186928509545
signsuisse_test,sign_mt_v2,800,deu,sgg,0.2599052206651947,0.3595302759884697,12.774241691424793,9.580727442639963
signsuisse_test,sign_mt_v2,801,deu,sgg,10255.739833259335,23.295964626748415,873.1707515059209,21.89534772538812
signsuisse_test,sign_mt_v2,802,deu,sgg,0.2438303226964062,0.33806741944882523,31.329334106589943,13.397774462867911
signsuisse_test,sign_mt_v2,803,deu,sgg,0.10203229117356577,0.17194718743401122,14.62453629098451,8.260523151189862
signsuisse_test,sign_mt_v2,804,ita,lse,0.3876702601186473,0.5228476416297534,63.77684535912758,21.753647939353378
signsuisse_test,sign_mt_v2,805,deu,sgg,0.18878084697044573,0.262715482423717,34.19344277264748,19.49654671072136
signsuisse_test,sign_mt_v2,806,deu,sgg,0.17813582505105977,0.260604426739549,25.3176130738966,13.537881296702123
signsuisse_test,sign_mt_v2,807,deu,sgg,959.159201786011,2.3602414740830553,1418.0874245853847,18.01401049264858
signsuisse_test,sign_mt_v2,808,ita,lse,0.26759197468318585,0.3995939641246872,45.303380405676315,26.34104785854585
signsuisse_test,sign_mt_v2,809,deu,sgg,11901.03964343944,26.876108909938207,2172.885189949948,10.185339498732171
signsuisse_test,sign_mt_v2,810,deu,sgg,0.1338008483570167,0.18797875979300124,13.61495409340674,10.372719216100297
signsuisse_test,sign_mt_v2,811,fra,fsl,782.3464456467807,1.9888765997724724,1339.184936166262,40.54868394788858
signsuisse_test,sign_mt_v2,812,deu,sgg,14305.181882835232,32.47496547351722,3629.064712150578,12.275652143722812
signsuisse_test,sign_mt_v2,813,ita,lse,0.3385938011916533,0.486853069637119,44.83414598318738,18.212026564412714
signsuisse_test,sign_mt_v2,814,ita,lse,0.33877681923278996,0.4691239244390298,61.85425689586338,25.1794847609301
signsuisse_test,sign_mt_v2,815,deu,sgg,0.21686528018623275,0.3118621805055789,34.40390102490909,14.159176453610545
signsuisse_test,sign_mt_v2,816,deu,sgg,0.2456459342948231,0.3067997727605075,24.771942375948296,12.574870507471994
signsuisse_test,sign_mt_v2,817,fra,fsl,0.5157789825559199,0.6006897667948939,48.491726384914,18.423633045220463
signsuisse_test,sign_mt_v2,818,fra,fsl,0.23802171710603304,0.3162108071770992,20.667925446454316,11.809688253922962
signsuisse_test,sign_mt_v2,819,ita,lse,0.34452420344288437,0.4827854780046891,53.24297465987024,21.169675302600236
signsuisse_test,sign_mt_v2,820,fra,fsl,0.43215749328207137,0.5265613510778332,60.985725797555396,18.481559970080557
signsuisse_test,sign_mt_v2,821,deu,sgg,10120.000034448158,23.10788361427495,4423.5685842704,21.47613699146493
signsuisse_test,sign_mt_v2,822,deu,sgg,0.25409001864544073,0.3571528408331519,37.37344384949793,15.866509073951926
signsuisse_test,sign_mt_v2,823,deu,sgg,0.25942133177564797,0.3505330283129456,34.760546930570634,21.62887017337313
signsuisse_test,sign_mt_v2,824,ita,lse,0.2704139937103701,0.40674710928363256,36.647919608191685,13.77389337996711
signsuisse_test,sign_mt_v2,825,fra,fsl,0.24165695008637006,0.3033003660748963,416.44422419021635,21.741113151453803
signsuisse_test,sign_mt_v2,826,ita,lse,0.34913285171251646,0.46462095453942365,43.22941216197878,19.281936159516224
signsuisse_test,sign_mt_v2,827,ita,lse,0.27928225702381476,0.40785006363120224,53.93836638183846,24.098449795768268
signsuisse_test,sign_mt_v2,828,deu,sgg,0.2939646290773686,0.4417408962912706,31.584748960751174,13.52627846281647
signsuisse_test,sign_mt_v2,829,fra,fsl,0.2539753217651343,0.34577308999816286,59.071384499719244,37.7175106329597
signsuisse_test,sign_mt_v2,830,deu,sgg,0.19662213412460464,0.26566914257268626,14.651420256479172,8.599415991149034
signsuisse_test,sign_mt_v2,831,fra,fsl,0.4138765846568384,0.45923284963232797,66.80070083125553,40.15291997766586
signsuisse_test,sign_mt_v2,832,fra,fsl,0.416039733016731,0.5134833974348741,74.10710587450784,34.00531924111293
signsuisse_test,sign_mt_v2,833,ita,lse,0.36350146940853606,0.502806666482375,51.9213161994082,20.554230598222702
signsuisse_test,sign_mt_v2,834,fra,fsl,0.360348810900242,0.44722672842256644,75.42418557458026,38.594274606249144
signsuisse_test,sign_mt_v2,835,ita,lse,0.2487921385789397,0.37421408994016886,36.78172309568167,17.330364660381054
signsuisse_test,sign_mt_v2,836,ita,lse,0.3320795190666276,0.44791429936648036,61.39985716966597,23.86165196709088
signsuisse_test,sign_mt_v2,837,deu,sgg,0.1121476309046587,0.2021593070797682,8.18081436621874,7.13446570002236
signsuisse_test,sign_mt_v2,838,fra,fsl,0.2766167140848993,0.34885668669320374,129.35327582253046,72.98885446354184
signsuisse_test,sign_mt_v2,839,deu,sgg,0.3345644443362329,0.47679974264474134,59.4820278033517,21.93857432302197
signsuisse_test,sign_mt_v2,840,fra,fsl,0.42538028704584513,0.5023354243722522,72.87769520207337,36.7487117112561
signsuisse_test,sign_mt_v2,841,deu,sgg,0.29747347616479153,0.4145208680066583,13.56822382993608,9.633590263159688
signsuisse_test,sign_mt_v2,842,deu,sgg,396.05787738894173,1.0272109388832147,1713.804441375103,17.692464719246754
signsuisse_test,sign_mt_v2,843,deu,sgg,0.37847980734618314,0.4759968508224391,37.99645253221884,16.988301286591174
signsuisse_test,sign_mt_v2,844,fra,fsl,1640.450177781692,3.8915902252012486,1591.7758417104064,35.62596811847364
signsuisse_test,sign_mt_v2,845,fra,fsl,0.24446674846608218,0.3195796628803403,48.62787223949427,31.775141825784598
signsuisse_test,sign_mt_v2,846,fra,fsl,0.34889855352926924,0.38343664582209175,73.96974069063371,31.413595736381733
signsuisse_test,sign_mt_v2,847,fra,fsl,0.44237168393203335,0.49889906710195453,74.06548231067244,21.408171762525992
signsuisse_test,sign_mt_v2,848,fra,fsl,0.3463912854708265,0.43056611493403874,92.89650726257177,52.8536627733699
signsuisse_test,sign_mt_v2,849,fra,fsl,0.3248640420685102,0.396199355397651,54.56243556313576,21.64216433768576
signsuisse_test,sign_mt_v2,850,deu,sgg,0.24078422265212976,0.3448157597348219,22.998449577833178,13.511492305025142
signsuisse_test,sign_mt_v2,851,fra,fsl,0.4087406765557417,0.4996799443446914,45.53561285157007,13.653560430023163
signsuisse_test,sign_mt_v2,852,deu,sgg,0.33865478574297275,0.46751040483844386,37.58315174266312,12.667510732076606
signsuisse_test,sign_mt_v2,853,ita,lse,0.3587530792982168,0.5101643155825727,65.18680751239864,27.31278302776851
signsuisse_test,sign_mt_v2,854,deu,sgg,0.23293987543581268,0.29386803425606467,15.84773467153432,12.736397386497815
signsuisse_test,sign_mt_v2,855,ita,lse,0.2229977075328054,0.3277665156920243,21.818827775127062,12.616081552108652
signsuisse_test,sign_mt_v2,856,deu,sgg,0.2667129584644508,0.36804938689539474,15.343256033938207,4.6804834837916784
signsuisse_test,sign_mt_v2,857,deu,sgg,0.256912271174764,0.36422165480701146,35.476332636037036,19.512460199007574
signsuisse_test,sign_mt_v2,858,ita,lse,0.27679020329773707,0.4019357894165297,33.8891224028548,16.954582785002536
signsuisse_test,sign_mt_v2,859,fra,fsl,0.411121200718599,0.4153499561726685,55.81510108473002,20.451616758144745
signsuisse_test,sign_mt_v2,860,deu,sgg,0.27823219707360897,0.39682957882921627,18.374129484745506,12.03551371831399
signsuisse_test,sign_mt_v2,861,ita,lse,0.2786586582522352,0.4188511350344147,21.74926893092095,12.22987652314267
signsuisse_test,sign_mt_v2,862,deu,sgg,0.2771423558410394,0.398183013611548,29.325631580833758,13.217800723542503
signsuisse_test,sign_mt_v2,863,deu,sgg,0.2473506744350118,0.35192122773783957,21.142077387672252,13.722455178245502
signsuisse_test,sign_mt_v2,864,ita,lse,0.28984075553740285,0.4074171458110647,34.34062691055252,19.136240615989824
signsuisse_test,sign_mt_v2,865,deu,sgg,0.09638058950830738,0.17373034914430843,16.9814781197361,12.519096226179443
signsuisse_test,sign_mt_v2,866,ita,lse,0.22195867078189022,0.33883305339162056,30.83191821062826,17.768889980566115
signsuisse_test,sign_mt_v2,867,deu,sgg,10964.306404081248,24.790796389166577,1353.4974213670953,16.862648397561152
signsuisse_test,sign_mt_v2,868,fra,fsl,0.2842139413410606,0.34503122010574466,29.696638020599543,14.217062095346153
signsuisse_test,sign_mt_v2,869,deu,sgg,0.3039957619080932,0.42914920239566917,22.909725385106732,9.857251434797453
signsuisse_test,sign_mt_v2,870,deu,sgg,0.1516165103748944,0.2539502841100315,11.292829730382921,8.0732919956245
signsuisse_test,sign_mt_v2,871,ita,lse,0.3028150100993325,0.4173350416482874,41.71065653903743,21.117298289474235
signsuisse_test,sign_mt_v2,872,fra,fsl,0.17241135592577958,0.27289097391957307,44.75121411030871,25.518189068621243
signsuisse_test,sign_mt_v2,873,fra,fsl,0.38192388698803353,0.4413482409597174,49.36726033138798,33.20445463298113
signsuisse_test,sign_mt_v2,874,deu,sgg,0.32593301367314,0.4556356738651782,38.08738190228711,19.849645096697614
signsuisse_test,sign_mt_v2,875,deu,sgg,0.19765322193428514,0.30801483261098084,17.275282498630727,10.794513849443383
signsuisse_test,sign_mt_v2,876,ita,lse,0.2499455800864612,0.3797886245609881,27.06506162277336,14.810405055860672
signsuisse_test,sign_mt_v2,877,fra,fsl,0.2816339434218505,0.37367797240052075,90.93762282182489,53.64317514002222
signsuisse_test,sign_mt_v2,878,deu,sgg,0.1958691413562618,0.2618333290872398,22.85285434740091,13.310987268265867
signsuisse_test,sign_mt_v2,879,deu,sgg,0.18209243426549465,0.2702366335291305,18.454506351734455,10.420817240516042
signsuisse_test,sign_mt_v2,880,fra,fsl,0.34962078205574454,0.40576007037326584,23.478318060778047,10.19846443820042
signsuisse_test,sign_mt_v2,881,deu,sgg,0.10417086043436972,0.17773504832445336,18.36387320849255,11.098053671447495
signsuisse_test,sign_mt_v2,882,fra,fsl,2864.9544027513443,6.734481776476271,1401.2170927719749,18.11362259932756
signsuisse_test,sign_mt_v2,883,ita,lse,0.3347942264082957,0.44684980179867934,44.702897064734614,17.99556030216711
signsuisse_test,sign_mt_v2,884,ita,lse,0.297561200329141,0.4309363285796594,33.8882617263969,17.15747826310065
signsuisse_test,sign_mt_v2,885,ita,lse,0.3616297440579941,0.5093855009938193,40.75492735646916,16.02670359723135
signsuisse_test,sign_mt_v2,886,deu,sgg,0.23470222184739514,0.35155976555417584,16.49795103089766,8.558515322373303
signsuisse_test,sign_mt_v2,887,deu,sgg,0.22899996282688878,0.34543949586325434,16.29048144321372,12.162861988109965
signsuisse_test,sign_mt_v2,888,fra,fsl,0.3623506575398727,0.4917895179189062,63.780984153086585,22.287286078546366
signsuisse_test,sign_mt_v2,889,deu,sgg,0.1057690949966171,0.18360000926472705,15.656127658541816,8.537835502927079
signsuisse_test,sign_mt_v2,890,deu,sgg,0.15785229565377623,0.25636988965010354,23.370355830560417,12.931402939613706
signsuisse_test,sign_mt_v2,891,deu,sgg,0.25920628524557,0.36544680834417725,14.640081071439083,9.436974523152132
signsuisse_test,sign_mt_v2,892,ita,lse,0.29072353320019606,0.38926353237950506,40.082248033674816,16.763870262938916
signsuisse_test,sign_mt_v2,893,deu,sgg,0.12561032388472013,0.19990003482253418,14.833929536795324,6.945404450673153
signsuisse_test,sign_mt_v2,894,fra,fsl,0.23482963659808004,0.31028571656926957,34.83858963447906,18.21031854094734
signsuisse_test,sign_mt_v2,895,fra,fsl,0.4005732221570646,0.4929386544366598,20.74300419882099,14.867158366623505
signsuisse_test,sign_mt_v2,896,deu,sgg,0.21556735569056185,0.32216006207537784,16.71355139486961,9.563922456214682
signsuisse_test,sign_mt_v2,897,deu,sgg,0.29317711360500887,0.3463560099032629,31.2323216360943,13.413878762829416
signsuisse_test,sign_mt_v2,898,deu,sgg,0.3163625386254825,0.45082639207110226,34.21845973325545,14.52010062609056
signsuisse_test,sign_mt_v2,899,ita,lse,0.31851709569995873,0.4470320332241328,58.04098022253961,24.555841630139252
signsuisse_test,sign_mt_v2,900,deu,sgg,0.3268975335475412,0.43119721021320034,24.25619647645691,13.962329745858368
signsuisse_test,sign_mt_v2,901,deu,sgg,0.29148082489945404,0.42553384500382807,21.12742948841618,10.263023687128573
signsuisse_test,sign_mt_v2,902,deu,sgg,0.24341773791702412,0.34732020634455707,41.67352341850455,29.245018427785453
signsuisse_test,sign_mt_v2,903,deu,sgg,0.26975491550537306,0.3750712747454731,25.39635259373513,11.372893926869226
signsuisse_test,sign_mt_v2,904,ita,lse,0.2750726502269119,0.40088649717279257,49.21515413104396,23.317302480137748
signsuisse_test,sign_mt_v2,905,ita,lse,0.10077389097749188,0.18575087717726427,13.328576429527041,8.178564395379624
signsuisse_test,sign_mt_v2,906,deu,sgg,0.22770551282159066,0.3532459290431051,29.573032108302378,14.8787059152084
signsuisse_test,sign_mt_v2,907,deu,sgg,0.23921167496456056,0.35442604842584946,11.851592073241202,9.623351686942799
signsuisse_test,sign_mt_v2,908,deu,sgg,7632.446028014993,17.50607067026215,181.99214395081924,16.955643286289916
signsuisse_test,sign_mt_v2,909,fra,fsl,0.31594620044849336,0.3963356244925387,127.09389916899175,64.96227314717936
signsuisse_test,sign_mt_v2,910,ita,lse,0.3284242727224741,0.462836299735044,36.46231220914512,14.59035276706868
signsuisse_test,sign_mt_v2,911,deu,sgg,4533.402559351587,10.202223589827275,2105.2177287573186,5.341321624000062
signsuisse_test,sign_mt_v2,912,ita,lse,0.34600041107361373,0.498931887250568,50.85046560970051,21.63080408195866
signsuisse_test,sign_mt_v2,913,ita,lse,0.21686109504140533,0.31280859832050545,27.029213261607598,13.549125060061808
signsuisse_test,sign_mt_v2,914,deu,sgg,0.304369703713982,0.412325671145497,39.730012736737834,21.871714397288393
signsuisse_test,sign_mt_v2,915,deu,sgg,2075.2407482570015,4.870352465627872,30.092505853408046,26.00919916314581
signsuisse_test,sign_mt_v2,916,deu,sgg,0.16497715439442648,0.25020516613974797,7.74547548399476,5.4995950768825415
signsuisse_test,sign_mt_v2,917,deu,sgg,0.3446560190804131,0.4523919190082187,34.759332072021756,15.52152110210416
signsuisse_test,sign_mt_v2,918,deu,sgg,0.16343834085301664,0.25275281199859,39.91452779762231,20.350661163208763
signsuisse_test,sign_mt_v2,919,fra,fsl,0.3985963549017162,0.4921581126124772,60.405761421074686,26.01253956843337
signsuisse_test,sign_mt_v2,920,ita,lse,0.28935819653643857,0.42657879114739905,52.33567839959554,32.93528820672739
signsuisse_test,sign_mt_v2,921,deu,sgg,0.15523275788891056,0.23937127949238968,28.50855774199774,16.622464699057776
signsuisse_test,sign_mt_v2,922,deu,sgg,0.2061548042138879,0.29942401690194387,31.79442197285064,14.186993011630205
signsuisse_test,sign_mt_v2,923,deu,sgg,0.28377487907128335,0.3889593923073884,40.02862261706047,17.44357417476015
signsuisse_test,sign_mt_v2,924,fra,fsl,0.297446296974369,0.40156057410730667,49.541885578858846,20.909754315539104
signsuisse_test,sign_mt_v2,925,fra,fsl,0.3290432849028513,0.4303675877619767,40.504208502996526,18.903859625233366
signsuisse_test,sign_mt_v2,926,ita,lse,0.33169709497055844,0.4733262425001315,32.92857050326272,14.55304551895042
signsuisse_test,sign_mt_v2,927,fra,fsl,0.27506045072772956,0.3877979159368233,25.069973065333123,13.991067614887115
signsuisse_test,sign_mt_v2,928,fra,fsl,0.33757666362464916,0.4064733737340095,76.94237328139462,34.49029948059816
signsuisse_test,sign_mt_v2,929,ita,lse,0.21066105565187632,0.35990714956430997,38.32343225063597,25.749692355382837
signsuisse_test,sign_mt_v2,930,fra,fsl,5171.649150830669,11.892848127817427,5062.8010607169745,53.887030165108015
signsuisse_test,sign_mt_v2,931,deu,sgg,0.20021179414402138,0.30907444502151976,29.258817311553976,22.029001382391012
signsuisse_test,sign_mt_v2,932,ita,lse,0.28199886113091516,0.3962867578079478,26.01959555662638,12.435379544782977
signsuisse_test,sign_mt_v2,933,fra,fsl,5399.773517787559,12.298686950785015,2068.612439071362,18.18264362447051
signsuisse_test,sign_mt_v2,934,ita,lse,0.34283562199988676,0.4664271259181472,33.78251363878136,18.609510074465206
signsuisse_test,sign_mt_v2,935,fra,fsl,521.4353259207849,1.4411328398877126,2828.4719047320164,56.04620425769645
signsuisse_test,sign_mt_v2,936,deu,sgg,0.28735999228014014,0.4045303575718486,29.0351633659523,7.6629990991554635
signsuisse_test,sign_mt_v2,937,deu,sgg,1048.4224076582689,2.520430018629546,1349.782428671775,17.962207474641836
signsuisse_test,sign_mt_v2,938,ita,lse,0.32195801392396983,0.4572804814537901,26.199604233755423,15.85589814836506
signsuisse_test,sign_mt_v2,939,ita,lse,0.37945134441441825,0.4987768295992041,52.30863603854001,22.846503198392238
signsuisse_test,sign_mt_v2,940,deu,sgg,0.2855575284341392,0.41458203440599156,33.565341216202754,13.328351647145912
signsuisse_test,sign_mt_v2,941,fra,fsl,6355.754377201411,14.584111064683135,778.1398347031216,20.833513584345404
signsuisse_test,sign_mt_v2,942,deu,sgg,0.2366590625490274,0.3440155569077698,24.89870497865477,16.83277076592392
signsuisse_test,sign_mt_v2,943,deu,sgg,0.16128057582330993,0.24612965997431796,18.332587669237586,11.71887674844874
signsuisse_test,sign_mt_v2,944,fra,fsl,0.4299755649909626,0.5125508888916399,49.72027754131602,19.2174857621022
signsuisse_test,sign_mt_v2,945,fra,fsl,0.3608454632233864,0.4384259665267654,104.90301990781312,55.69455851553591
signsuisse_test,sign_mt_v2,946,deu,sgg,0.31275123200570204,0.45780177564023045,27.011001128171102,12.363780792603968
signsuisse_test,sign_mt_v2,947,deu,sgg,0.2935446756560945,0.4300799457362061,45.65392281845705,19.672853158504275
signsuisse_test,sign_mt_v2,948,ita,lse,0.28047627948336834,0.4136193617954593,37.35314337568846,19.349330104592077
signsuisse_test,sign_mt_v2,949,deu,sgg,0.3149647347999792,0.44576266138574083,63.307402755340284,20.985552306241903
signsuisse_test,sign_mt_v2,950,ita,lse,0.3119672944691743,0.4499818363756189,43.64745243093985,22.599280509558692
signsuisse_test,sign_mt_v2,951,deu,sgg,0.34709042610033636,0.4920708873483861,47.28999479727192,19.33428659500659
signsuisse_test,sign_mt_v2,952,ita,lse,0.3446209864852859,0.4823301559916792,48.2134511896969,21.745407451665137
signsuisse_test,sign_mt_v2,953,deu,sgg,0.14985713019506622,0.22446297129522125,25.742561790268375,8.981958002105083
signsuisse_test,sign_mt_v2,954,ita,lse,0.33191903715374155,0.4722683072766828,68.78567680191173,33.22649995898473
signsuisse_test,sign_mt_v2,955,deu,sgg,0.16594064123713737,0.22510521943947637,22.07172021801729,14.25556995649956
signsuisse_test,sign_mt_v2,956,deu,sgg,0.1574535675377807,0.17804982538643946,22.195088450732243,15.867528252945489
signsuisse_test,sign_mt_v2,957,deu,sgg,0.10039306255391937,0.19261324685799638,21.29991371608374,16.7435539473012
signsuisse_test,sign_mt_v2,958,deu,sgg,0.18709508251002616,0.2826390231728831,19.500204807909608,12.482516015394388
signsuisse_test,sign_mt_v2,959,deu,sgg,0.2523079301693103,0.30400987368468063,23.423667456130502,10.540076380146727
signsuisse_test,sign_mt_v2,960,deu,sgg,0.11165398049690198,0.1961980557593522,14.942540102622381,10.312397919599418
signsuisse_test,sign_mt_v2,961,ita,lse,0.1385759663477857,0.2412483840805074,22.028475616393745,14.73523518940825
signsuisse_test,sign_mt_v2,962,deu,sgg,0.09446659491553265,0.18037821998684106,14.047916858084971,10.643926567737056
signsuisse_test,sign_mt_v2,963,deu,sgg,0.18570954342292503,0.2884625529162359,22.9070687054252,11.77676189196484
signsuisse_test,sign_mt_v2,964,deu,sgg,1573.8207483788174,3.7933594562392936,4458.103719409751,38.51721257042369
signsuisse_test,sign_mt_v2,965,fra,fsl,2160.619039816736,5.117997691208178,1649.634096054323,59.174121196724236
signsuisse_test,sign_mt_v2,966,fra,fsl,10355.302527070604,23.6406645163145,1788.1851419847653,30.20718299135589
signsuisse_test,sign_mt_v2,967,fra,fsl,1453.7190169545877,3.50523579761451,1644.5852544607108,28.58190518743852
signsuisse_test,sign_mt_v2,968,ita,lse,0.2246397019700445,0.35513513172278266,36.440711937696065,19.972752161702726
signsuisse_test,sign_mt_v2,969,deu,sgg,0.23148401347344735,0.3436685503775426,16.370609334999475,7.781295130307206
signsuisse_test,sign_mt_v2,970,fra,fsl,0.4471569979442064,0.5223947712680128,46.83748465320299,13.656957921235552
signsuisse_test,sign_mt_v2,971,deu,sgg,0.18473092926652282,0.28680277978111957,28.634962011823433,15.664360299303512
signsuisse_test,sign_mt_v2,972,ita,lse,0.23488979253809364,0.3420095815920674,21.20727984158545,13.436976773649187
signsuisse_test,sign_mt_v2,973,ita,lse,0.34006825159269055,0.4817033951870771,40.00577141393762,16.89436516352136
signsuisse_test,sign_mt_v2,974,deu,sgg,4878.074682735187,11.196658543762291,3229.757598853239,13.617189219055856
signsuisse_test,sign_mt_v2,975,ita,lse,0.32428499747906886,0.44220097377080314,44.29382235263917,17.793871694872436
signsuisse_test,sign_mt_v2,976,deu,sgg,0.26600718875408,0.3574192690243374,59.6859754319514,33.14155869098092
signsuisse_test,sign_mt_v2,977,deu,sgg,0.28832996332675154,0.37473524284510723,38.99151933568337,23.275429783340908
signsuisse_test,sign_mt_v2,978,deu,sgg,0.21524099528884186,0.3093351326915599,19.578478955565746,8.836706362590997
signsuisse_test,sign_mt_v2,979,deu,sgg,0.2878889383010159,0.36823684189196365,23.40015835577152,15.955675081303163
signsuisse_test,sign_mt_v2,980,deu,sgg,0.2106346184382068,0.3045688090998438,20.306043058488207,12.801643340161583
signsuisse_test,sign_mt_v2,981,deu,sgg,4872.0801202366565,11.02299433842026,1851.0758281218475,7.362858659898978
signsuisse_test,sign_mt_v2,982,deu,sgg,2832.419580700767,6.6118247005876345,42.23118280261546,30.846498079888057
signsuisse_test,sign_mt_v2,983,ita,lse,0.30456285839661895,0.452512734186768,34.153647258123044,14.46042448529696
signsuisse_test,sign_mt_v2,984,fra,fsl,0.41911085036355605,0.48265745421743644,61.59801406882681,28.375069957471965
signsuisse_test,sign_mt_v2,985,deu,sgg,0.10311876087712459,0.16560537740028275,24.321697774735036,14.55695005408946
signsuisse_test,sign_mt_v2,986,deu,sgg,0.1973553798372998,0.29662389371710945,31.746256350422303,22.612523949847642
signsuisse_test,sign_mt_v2,987,deu,sgg,0.22051024475007974,0.2985928555092169,33.09438613185166,18.975550599900945
signsuisse_test,sign_mt_v2,988,ita,lse,0.34698803683206914,0.4871124818205206,47.18066033800637,22.842765527054354
signsuisse_test,sign_mt_v2,989,ita,lse,0.29019376340134917,0.43550889692825884,42.569472945692034,18.658857233381415
signsuisse_test,sign_mt_v2,990,deu,sgg,0.13196214652385235,0.18428879488624095,17.70207609330664,10.955889553554282
signsuisse_test,sign_mt_v2,991,deu,sgg,0.16776182404723972,0.2642878500475733,21.861357049489747,11.328176913825565
signsuisse_test,sign_mt_v2,992,fra,fsl,0.3204389054959973,0.4273666482623759,40.74560281435337,16.959159398029747
signsuisse_test,sign_mt_v2,993,fra,fsl,0.40466358180643336,0.4790077045285631,86.5077880677215,43.61035706647421
signsuisse_test,sign_mt_v2,994,fra,fsl,0.41054357666864116,0.5164960234296547,80.31471038543582,27.60307901915006
signsuisse_test,sign_mt_v2,995,ita,lse,0.295433944485564,0.4393206662598923,49.99335523801866,29.189638078268285
signsuisse_test,sign_mt_v2,996,fra,fsl,154.443164056078,0.716163090131605,762.9365505989128,13.134764584527847
signsuisse_test,sign_mt_v2,997,fra,fsl,0.35162532687433073,0.44555818981823886,62.66112166539145,30.708598292908803
signsuisse_test,sign_mt_v2,998,ita,lse,0.25130967549729255,0.3750276548140774,40.53486193672088,26.468119194708496
signsuisse_test,sign_mt_v2,999,fra,fsl,0.36863903004505794,0.4659803522198895,42.68982198894905,18.769165248494232
