data,system,example_id,source,target,nMSE,nAPE,DTW,nDTW,SegDiff,SegnAPERecall,SegnDTWRecall
signsuisse_test,sockeye,0,fra,fsl,0.3225634920589726,0.39379906119470043,47.843888630663216,22.027410839247242,1,0.3631249464247858,2.9631361986436064
signsuisse_test,sockeye,1,ita,lse,0.04941083969068305,0.13225528232303982,25.166154930263474,12.980563210586006,3,0.3129984112189369,2.0036725680038976
signsuisse_test,sockeye,2,fra,fsl,0.16263821515715557,0.2661607762307237,26.87684853738116,18.392437770559862,1,0.3921480855324001,3.4287577385080765
signsuisse_test,sockeye,3,fra,fsl,0.23842444969518375,0.357934287458967,51.69978849538772,44.845791970587854,6,0.4489722941000528,15.818995669152592
signsuisse_test,sockeye,4,ita,lse,0.1652639302909308,0.26110200821892604,27.323676497803348,20.413449398036246,5,0.4431762461876914,7.412793763765425
signsuisse_test,sockeye,5,ita,lse,0.1698911566203368,0.2544552946033779,14.632786183637178,7.215774402311759,3,0.5231985747714314,12.047904865676092
signsuisse_test,sockeye,6,deu,sgg,0.2793342694433576,0.38627279232642253,20.46451003044086,9.77223039635559,3,0.4491479089015892,1.9911356825552848
signsuisse_test,sockeye,7,deu,sgg,0.16824786954173346,0.22563265164291424,25.56053801262553,9.175256591647987,3,0.3272236912079709,1.5873084448892885
signsuisse_test,sockeye,8,ita,lse,0.3511675767459946,0.416567923284048,26.158209878200882,11.61708849948267,5,0.5714445013998549,18.13739127771417
signsuisse_test,sockeye,9,deu,sgg,0.1231226028506385,0.1890239028409319,21.759859103606843,11.48945374742488,7,0.3800150070471024,2.444212438201622
signsuisse_test,sockeye,10,deu,sgg,0.27807193523844576,0.3253455913537288,20.29067063833573,8.709360715950913,1,0.3536305832039851,3.713940626768575
signsuisse_test,sockeye,11,fra,fsl,0.14010870059604164,0.18555034330855627,21.650765776449393,14.685927666027515,2,0.4316457350314324,13.994062108325258
signsuisse_test,sockeye,12,ita,lse,0.1854593541899378,0.2721133116608264,23.599310180605475,20.095434343786224,5,0.3601545793676027,5.124692087176306
signsuisse_test,sockeye,13,deu,sgg,0.2731494225061118,0.3206901796989421,48.3746148191076,29.048001770753412,12,0.3438539134653737,2.696236790926684
signsuisse_test,sockeye,14,deu,sgg,0.23802333718119137,0.2766797878036794,23.13485664186898,10.247433543137252,1,0.429587136801526,4.813906595408171
signsuisse_test,sockeye,15,deu,sgg,0.4491184049047238,0.5083203695310982,48.25502069386694,31.072912607026822,3,0.4739848941735549,4.560066887951256
signsuisse_test,sockeye,16,deu,sgg,0.14129408818056735,0.22242946757288576,24.532884005503224,17.54930159280149,5,0.3821055102169986,2.7416812613925403
signsuisse_test,sockeye,17,deu,sgg,0.502067984153122,0.49535445643125664,35.13699772033681,14.022855322272434,3,0.4696062359696212,4.41042071660875
signsuisse_test,sockeye,18,fra,fsl,0.14566068748937785,0.24182089203347001,18.25081724736356,8.47633674619072,1,0.3712717359432899,3.487271966573981
signsuisse_test,sockeye,19,ita,lse,0.27997205820694865,0.3211672533288698,19.305107755770994,9.669677314128077,0,0.3845958462344503,3.291446163299696
signsuisse_test,sockeye,20,fra,fsl,0.0822585445965869,0.17389654236895796,20.940350208949077,14.863100523107937,4,0.3654321307614069,8.664273213561978
signsuisse_test,sockeye,21,ita,lse,0.43890763560489454,0.4402225175986755,55.881613903994435,17.18493085150969,2,0.2704586336331719,2.615618964711202
signsuisse_test,sockeye,22,deu,sgg,0.2623644739335625,0.3288724093668753,16.792729712182403,7.56191335877315,1,0.4160812368353499,2.4783581438361817
signsuisse_test,sockeye,23,deu,sgg,0.220733311175601,0.26385075760655,32.622833015274104,11.730815547725918,9,0.351847371149192,2.03203273712371
signsuisse_test,sockeye,24,deu,sgg,0.25554812273239763,0.34368367554039847,38.90920726041334,21.745667875367246,5,0.441747970667774,6.786151968369701
signsuisse_test,sockeye,25,deu,sgg,0.3505125454991852,0.3636736920134377,14.101972075568092,5.915212875773238,3,0.3232230691761093,2.067303876130374
signsuisse_test,sockeye,26,deu,sgg,0.37799358705796215,0.40304997374274143,41.29765058968594,20.659899929943446,11,0.4604423859373838,2.7637790674850344
signsuisse_test,sockeye,27,deu,sgg,0.37749647414327225,0.4004435400046809,50.8612199109394,15.916245921965395,12,0.4071438978991025,3.924282859009937
signsuisse_test,sockeye,28,ita,lse,0.2073058713840435,0.3003624468216493,20.226105282130195,8.296560557847268,2,0.4818221370751196,2.054697854861612
signsuisse_test,sockeye,29,ita,lse,0.40549694472750564,0.40353598157571996,29.3806048115958,13.918636941212714,5,0.3685910087245994,2.6395751394148284
signsuisse_test,sockeye,30,deu,sgg,0.13829281217817643,0.23593761775001848,18.606210009767878,13.017679477334864,6,0.4074233826547094,5.545687113022135
signsuisse_test,sockeye,31,fra,fsl,0.376020831838809,0.41738094475411663,55.78228191419229,31.439210629470054,4,0.463521959532446,3.692982004656029
signsuisse_test,sockeye,32,fra,fsl,0.3541927249705921,0.43362942283288625,23.716153849320946,10.89340654861449,5,0.3211937092534405,8.489293322839936
signsuisse_test,sockeye,33,deu,sgg,0.22415994671965936,0.2618204360627351,31.369467588471018,20.77889561965634,9,44.696276872143486,44.696276872143486
signsuisse_test,sockeye,34,deu,sgg,0.21485903885844476,0.27621414627232943,21.686835926115922,7.7506765496484515,6,0.4865640693514756,2.333138824770496
signsuisse_test,sockeye,35,deu,sgg,0.23006775676479263,0.2904659577090332,24.488210073099907,10.488556611908086,2,0.2929618882223725,1.948169857266097
signsuisse_test,sockeye,36,deu,sgg,0.17462056432166922,0.251321906917286,22.80302118156223,11.871268536872396,3,0.3277525033036946,1.4708190511618175
signsuisse_test,sockeye,37,fra,fsl,0.14018151859555852,0.19826105068502795,31.234831049659793,12.153815673853094,11,28.378614376343343,28.378614376343343
signsuisse_test,sockeye,38,deu,sgg,0.20811446089322505,0.2511813735241191,21.18691131099045,11.957665989731304,1,0.4191677740360203,2.747415730232786
signsuisse_test,sockeye,39,deu,sgg,0.23129744819974415,0.2986845720692287,20.386452009949203,9.801794068719438,1,0.4446352288973238,6.56303610467434
signsuisse_test,sockeye,40,fra,fsl,0.1528043484041312,0.24446698680388115,27.67779085175513,17.97551402014279,1,0.4432679394958658,12.868054627733914
signsuisse_test,sockeye,41,ita,lse,0.20460452372339633,0.2812024251331688,49.28454526038942,29.756904922842654,7,0.3532150217879369,3.365789316765782
signsuisse_test,sockeye,42,ita,lse,0.15246614907130487,0.22493409439452322,14.142208755079345,7.956234655552209,1,0.2934275591758877,1.8727430092369224
signsuisse_test,sockeye,43,deu,sgg,0.10484961486635123,0.17149414190747558,16.858871124488328,7.252244326374065,0,0.4604448304753415,1.1754771001871809
signsuisse_test,sockeye,44,ita,lse,0.23784041623153293,0.24865298487827778,38.74510283721517,21.49685014694241,6,0.3972951696621377,3.070609902085538
signsuisse_test,sockeye,45,ita,lse,0.32003016393224837,0.4115792901186345,21.047346171306913,10.496425517573114,3,0.3447535089314464,1.5216654663855296
signsuisse_test,sockeye,46,fra,fsl,0.17773810158483114,0.2744931017619427,41.47308337824919,29.577945662695914,6,0.3238279492335731,5.30563934053311
signsuisse_test,sockeye,47,deu,sgg,0.3181976166779396,0.30800888659961045,22.032601330637043,5.451168845264466,1,0.3571817079286667,1.6434135210062135
signsuisse_test,sockeye,48,deu,sgg,0.3340886315496681,0.3871473227456857,22.8653267037416,10.180691825484313,2,0.3695094432525067,2.5646826070995457
signsuisse_test,sockeye,49,deu,sgg,0.334770527563561,0.3905988581514474,38.238571643845724,21.045276204238913,14,0.5005279618771497,3.4196276787188014
signsuisse_test,sockeye,50,ita,lse,0.36561162370781825,0.40764921089706063,29.31252881816426,17.023436099831848,0,0.3752565716954866,5.107833701241828
signsuisse_test,sockeye,51,deu,sgg,0.20213092820801987,0.26454236100100953,23.53280134612732,12.455698338053814,6,0.5054938831743024,2.731001389187288
signsuisse_test,sockeye,52,deu,sgg,0.22656147274404886,0.2929065876908449,21.87481059999444,12.760307815372395,7,0.503227044132559,6.525273152586352
signsuisse_test,sockeye,53,ita,lse,0.2501927863296179,0.27723769759885425,41.1166963215672,27.139764569549964,6,0.3762211495063233,5.986920780248198
signsuisse_test,sockeye,54,ita,lse,0.26859070296272874,0.30594594873911907,37.83992240323772,12.06482853445487,3,0.2754156561147615,2.3216695339342417
signsuisse_test,sockeye,55,fra,fsl,0.23256446711253204,0.29073647665998714,34.42148820197268,25.663858921243957,5,0.3750983316368595,4.445547116189824
signsuisse_test,sockeye,56,ita,lse,0.3588244974860938,0.39011631699325217,39.41731879674008,13.012363413017505,6,0.3401227053084945,2.1602029688649584
signsuisse_test,sockeye,57,deu,sgg,0.18403546515173266,0.20713580764748302,34.64446975211359,11.511208309408426,4,0.2316092323343032,1.661875394641848
signsuisse_test,sockeye,58,fra,fsl,0.22500271916220316,0.3231909005062967,61.77390106304478,42.37914616085226,10,0.4043775080115512,4.231358260348338
signsuisse_test,sockeye,59,ita,lse,0.09587093653393142,0.18317999241062294,25.284738766820187,15.7200929785708,3,0.4073057173797341,4.758763577376884
signsuisse_test,sockeye,60,deu,sgg,0.19211796095786507,0.2612392700396938,30.044894943979266,15.731825084363743,1,0.3864421584033456,3.695744838552801
signsuisse_test,sockeye,61,deu,sgg,0.12291496077838575,0.1748720145612756,19.235241375839394,9.220245841422578,5,0.3289364950946585,2.53183880081995
signsuisse_test,sockeye,62,deu,sgg,0.25584568575576283,0.3189647730185577,34.59548838904662,19.042237296387142,6,0.2706938066720846,1.9440502680540328
signsuisse_test,sockeye,63,fra,fsl,0.20414221286528428,0.24760938686704373,25.449946971016267,11.803020000687068,3,0.4130571172983336,4.503973286586735
signsuisse_test,sockeye,64,ita,lse,0.363667357816741,0.4264674144041325,27.317041944920707,12.008895671330947,4,0.405904843338878,4.800584675182192
signsuisse_test,sockeye,65,fra,fsl,0.27277820878216996,0.3381393001384979,63.32848583616909,46.580651200241654,4,0.3556318825448051,3.715717486711057
signsuisse_test,sockeye,66,fra,fsl,0.18617992835185998,0.2787714453887717,19.239046973695935,8.661116878553525,2,0.2850047511498507,2.0168464947066918
signsuisse_test,sockeye,67,deu,sgg,0.18254962063062397,0.2368547315820811,19.832245872610304,9.653141318870262,2,0.3181869343455972,1.7444320338836956
signsuisse_test,sockeye,68,deu,sgg,0.11970675209399737,0.1804254676177124,15.212917869011347,6.189986364465725,2,0.2615778819214303,1.354447613971567
signsuisse_test,sockeye,69,fra,fsl,0.45629890407837814,0.5008305535131978,34.381867306731436,18.736230440084334,3,0.6707906288746486,7.292997977570165
signsuisse_test,sockeye,70,ita,lse,0.0646990640334114,0.13505388146457523,16.923036304431577,11.821823135788044,1,0.3585251257896476,3.1237465602501864
signsuisse_test,sockeye,71,deu,sgg,0.17516522042167296,0.23196213206227814,30.10274264862842,16.650686642753207,11,0.2841160091491116,1.4982047207736433
signsuisse_test,sockeye,72,deu,sgg,0.30825032139217434,0.32791745254300203,27.796268237647595,10.708654650070246,3,0.5072724630746898,2.9044424910254443
signsuisse_test,sockeye,73,deu,sgg,0.30548142990819105,0.33587599981480515,50.068789682943766,27.344768712880104,4,0.3887248578656039,4.627055795446712
signsuisse_test,sockeye,74,fra,fsl,0.15210720234593797,0.23737145148496588,40.32365327447399,26.105870906241762,5,0.3684821527266909,5.030954228722142
signsuisse_test,sockeye,75,fra,fsl,0.30294927438449964,0.33485213832053395,29.30294491563959,16.11172797985024,4,0.3616901409376508,2.915485136958388
signsuisse_test,sockeye,76,deu,sgg,0.4108576000060501,0.3885454498013332,28.786906545489888,8.795569519438633,5,0.3553805315888992,2.171634705582855
signsuisse_test,sockeye,77,fra,fsl,0.19736359162695286,0.3117051312359573,18.50865276529848,16.02937355176643,2,0.4181969212899707,20.249355666941923
signsuisse_test,sockeye,78,ita,lse,0.26943453122204897,0.27314710054098723,37.86532107462085,16.036100403559107,4,0.3252781097482318,3.0591201361390308
signsuisse_test,sockeye,79,ita,lse,0.10355522321279381,0.1960691568392546,16.854324369057476,10.932647786718773,1,0.3341490656451896,3.4635993671373244
signsuisse_test,sockeye,80,deu,sgg,0.1870519463614748,0.22951109852259807,14.920654283743144,8.384059542386797,2,0.3261960501379422,2.2208791306056117
signsuisse_test,sockeye,81,deu,sgg,0.21901969176441471,0.27775093511585985,20.19455454278482,8.845068990138683,5,0.2817628871520976,1.5010272735486976
signsuisse_test,sockeye,82,ita,lse,0.33641878461063796,0.3748945232583196,38.43010698925466,15.398960228921949,3,0.3706837995245853,3.836151832487324
signsuisse_test,sockeye,83,ita,lse,0.19628052020605233,0.24386937169790457,20.603867138980775,9.542775562668815,2,0.4532326087343376,4.420724719472319
signsuisse_test,sockeye,84,ita,lse,0.3962137090580636,0.46940993775619905,43.28643446851909,13.581321726294782,1,0.3857628601257297,2.00715194771564
signsuisse_test,sockeye,85,deu,sgg,0.21345076220757586,0.27860317322213624,25.38377779154735,17.667130238046017,5,0.3125465018218189,1.8878770394290896
signsuisse_test,sockeye,86,deu,sgg,0.10889146059057772,0.19498358640149832,22.73974079021083,12.526854571571356,8,0.5209950887567827,6.00148461289143
signsuisse_test,sockeye,87,ita,lse,0.18719371939349783,0.2547877108577514,23.99413371851534,14.337543620664416,2,0.4249572119497101,5.692863714371788
signsuisse_test,sockeye,88,fra,fsl,0.2237933411915937,0.3304455854212867,18.243847430840336,13.599810969950312,4,0.4046840954391949,9.876080069630891
signsuisse_test,sockeye,89,deu,sgg,0.24981686069003234,0.3191000270443616,28.75564031435705,11.34613469982672,0,0.2850552036807865,1.0694210263839568
signsuisse_test,sockeye,90,deu,sgg,0.2380867708570692,0.28375752951768174,43.45181829886327,25.810898569300257,11,0.4647064396281397,2.8646446503731418
signsuisse_test,sockeye,91,fra,fsl,0.12290752366755775,0.2434820200919687,25.126764430679977,21.9347555530463,2,0.3245133982038544,5.061783181035184
signsuisse_test,sockeye,92,fra,fsl,0.1826192772379409,0.3137309705001052,16.39083023577195,12.218170401013124,1,0.2638871845454227,4.503741174017329
signsuisse_test,sockeye,93,deu,sgg,0.1502025012080315,0.20663078702912246,28.464984429184618,15.490001095712453,7,0.2781807016709224,2.1516983294988057
signsuisse_test,sockeye,94,fra,fsl,0.2947710006239101,0.28461375456419796,29.187056336166954,25.418190964421925,1,0.5157118894561404,7.276177863256633
signsuisse_test,sockeye,95,deu,sgg,0.08642266577467057,0.15140208588952495,22.117438532374493,13.708417284060877,13,0.2887954691642189,1.8630724622417132
signsuisse_test,sockeye,96,ita,lse,0.07337179789387788,0.14507015614299837,24.90570392614188,11.636449564057832,0,0.3478157973479904,2.1147103150250457
signsuisse_test,sockeye,97,deu,sgg,0.2876963210979209,0.36157163567404854,31.94707821899733,14.171123738082658,1,0.2867015165883792,2.13440693042684
signsuisse_test,sockeye,98,deu,sgg,0.09317385329378544,0.13610325146182908,20.547271509953237,7.69466802339275,2,0.3322605635379307,1.4142027786469364
signsuisse_test,sockeye,99,deu,sgg,0.08468809580448207,0.14988440724064755,12.096457163450395,7.458374990544666,6,0.4506683882524617,3.118396676860134
signsuisse_test,sockeye,100,fra,fsl,0.16113843051384222,0.2408784727631406,37.36595132814671,21.084946563391814,3,0.452323251186759,4.284652470086319
signsuisse_test,sockeye,101,deu,sgg,0.2378279906614504,0.3405407512625596,43.5558219607666,23.97571156331376,7,0.3673754441506469,3.779642237318377
signsuisse_test,sockeye,102,deu,sgg,0.2379468062082575,0.3510458486419943,26.886090007746184,21.575863231004757,6,0.5185567891706491,6.654704583950908
signsuisse_test,sockeye,103,deu,sgg,0.3001744538135375,0.31313791290243753,21.511357602418354,8.02940639068115,3,0.3098894337750337,2.119805812831991
signsuisse_test,sockeye,104,fra,fsl,0.41356278459765883,0.36106675913777986,39.38325004955648,24.21464150083375,6,0.457968315345546,5.271550909068646
signsuisse_test,sockeye,105,fra,fsl,0.13781102439018927,0.2333553412993307,29.08075398783309,18.346501723922593,6,0.3814405943955128,3.483241411882113
signsuisse_test,sockeye,106,deu,sgg,0.20660452788189493,0.2375174702594663,36.74672106622927,21.258465876044774,3,0.2898040300216526,2.1232067556681424
signsuisse_test,sockeye,107,fra,fsl,0.3502473577017461,0.4194462599428224,46.058257223570514,24.53321559819867,0,0.3985453824658375,2.0260509187635
signsuisse_test,sockeye,108,deu,sgg,0.1812470707079398,0.28206075133202807,29.496283621654314,21.287709206113398,6,0.3873292519726957,2.897056841514024
signsuisse_test,sockeye,109,deu,sgg,0.14824983466483263,0.1883008754766994,29.457274378177505,16.346698528512093,8,0.3541767723287001,3.220741366785989
signsuisse_test,sockeye,110,deu,sgg,0.13125764328869624,0.21317230449982494,24.352389807080684,17.933950106903975,8,0.3119657785801263,2.7411993863068718
signsuisse_test,sockeye,111,ita,lse,0.2011224741079172,0.2914742877100971,16.9492226087229,8.377026731574338,4,0.3985493481983393,2.7476501333556627
signsuisse_test,sockeye,112,ita,lse,0.22907062380565993,0.32067799193740304,15.562437543267418,4.7463916360577585,2,12.742599565140276,12.742599565140276
signsuisse_test,sockeye,113,deu,sgg,0.23386699876735562,0.29237196627839446,26.277648828682675,9.830974171271926,1,0.3147084482341462,2.763585253951478
signsuisse_test,sockeye,114,deu,sgg,0.3858772938279195,0.38879103382715463,30.47095370706,14.142828789191737,4,0.4805588549890272,2.794039747645779
signsuisse_test,sockeye,115,deu,sgg,0.28081894091498144,0.3248350955843087,17.572435043536398,7.8153151334624065,2,0.2410357162355826,1.4126873500447763
signsuisse_test,sockeye,116,deu,sgg,0.24471523835960046,0.2895890776307207,12.796958497443299,4.7233515097772,0,0.3836014753277738,2.780640318629159
signsuisse_test,sockeye,117,deu,sgg,0.20300396376690108,0.26934373604487016,35.64008388224994,24.414922835148115,9,0.2958718878214412,2.115728272147805
signsuisse_test,sockeye,118,deu,sgg,0.13757442052206642,0.20694214067620892,16.732754327824747,8.815169955935765,8,11.60118525258342,11.60118525258342
signsuisse_test,sockeye,119,ita,lse,0.27204318433198843,0.3451607150715378,39.8559929897843,16.586502572719464,2,0.2628195801377159,3.410835480203792
signsuisse_test,sockeye,120,fra,fsl,0.12115066211886033,0.16617573516871104,26.47124944200011,17.854417360216512,5,0.4088025965366151,4.330498077602353
signsuisse_test,sockeye,121,fra,fsl,0.1801574091437715,0.2536909333329947,32.91938863580653,19.515456032023128,2,0.4267976828558827,10.020924224694513
signsuisse_test,sockeye,122,ita,lse,0.3140340318547297,0.34897317698871894,24.15775579883425,12.492513533707577,2,0.337808374778945,2.645543981703008
signsuisse_test,sockeye,123,fra,fsl,0.18693309884971682,0.26540623002467184,61.2461454688573,45.755256109377555,16,0.3357752848348225,1.9133640207060143
signsuisse_test,sockeye,124,deu,sgg,0.335708964351906,0.36999388723569415,35.38271914713491,17.456473619817615,8,0.3540894073895392,3.3096884058121447
signsuisse_test,sockeye,125,deu,sgg,0.0685028930364482,0.14593470134451123,16.8314899383124,11.409152339495265,2,0.3206523033100175,2.933201570912581
signsuisse_test,sockeye,126,ita,lse,0.23834035295235229,0.34289894324099823,24.870149072996995,16.045582321103474,3,0.3777758311938938,2.00530979143888
signsuisse_test,sockeye,127,ita,lse,0.13200197835426958,0.19123315993910078,24.548133926050934,11.844233598386696,6,0.4222538341171737,7.746346863953091
signsuisse_test,sockeye,128,fra,fsl,0.061889557692521545,0.1379094244443485,19.797890726984082,11.351209827084125,1,0.4066335513376195,5.525322613129284
signsuisse_test,sockeye,129,ita,lse,0.29095265278555965,0.41449278924453703,29.653800696188842,14.49277459577873,1,0.3117086903651561,2.573733819766929
signsuisse_test,sockeye,130,deu,sgg,0.3046913710940808,0.31023234427027824,39.43203296824319,26.112856993013697,11,0.395609338116734,3.3510847346270527
signsuisse_test,sockeye,131,ita,lse,0.3918520759896153,0.4359437511776224,27.23406800263322,8.702439089904216,4,0.3715985392784623,3.1194970920563536
signsuisse_test,sockeye,132,fra,fsl,0.2820604229395201,0.3906931303640035,33.555641670847024,27.726956573360102,7,0.4681326905992126,37.42422157404687
signsuisse_test,sockeye,133,ita,lse,0.04111328392718073,0.09558196630187873,12.510796266885546,11.252733347619897,0,0.2788122798375764,1.3180599603288614
signsuisse_test,sockeye,134,deu,sgg,0.20520618119286585,0.2864318802948422,32.19462446466842,18.45828760005068,9,0.3811858051694267,2.4784330007897646
signsuisse_test,sockeye,135,ita,lse,0.3284220783209599,0.3644477036035922,31.652253907175904,17.48560596630941,5,0.3824894025404657,4.5465928490087375
signsuisse_test,sockeye,136,deu,sgg,0.16738706679395265,0.19408709606440122,14.508817445247482,7.412994558697082,2,0.4358758792881446,3.064930917032834
signsuisse_test,sockeye,137,fra,fsl,0.20025047715253105,0.29817022684518624,68.40364908177405,51.70457505057474,1,0.3998784732846027,3.8900345103938903
signsuisse_test,sockeye,138,ita,lse,0.17250175271631246,0.25426462076745904,27.437056848482978,20.24087364278757,3,0.3301889617035771,3.188821661069535
signsuisse_test,sockeye,139,deu,sgg,0.2850469364347642,0.3091079455691697,33.90800248176855,16.64894787450177,7,0.3250368992088683,2.2273551327632544
signsuisse_test,sockeye,140,fra,fsl,0.10855593186671277,0.2236079754193565,20.7771455680907,16.32158739702371,2,0.368543020675491,7.437745918723477
signsuisse_test,sockeye,141,deu,sgg,0.20804250294636234,0.24286284361933086,23.164335349044755,10.327625541321392,3,0.3028443156967372,2.116140565677559
signsuisse_test,sockeye,142,fra,fsl,0.261346381521815,0.30403668686524976,69.2859306273698,45.96601382860449,2,0.5523420764829968,8.301266275839684
signsuisse_test,sockeye,143,fra,fsl,0.2350258640491389,0.34371981978154,27.91664870671113,15.951536028962453,3,0.3922963530701588,4.519804737988861
signsuisse_test,sockeye,144,deu,sgg,0.14258672376139178,0.1812034624413978,21.715466077865415,16.391544507908307,3,0.3150632600850649,1.5851794079203427
signsuisse_test,sockeye,145,deu,sgg,0.19210070156750875,0.2671751921532403,23.403244705602226,13.1056573843533,1,0.5100457455058179,4.397108022863082
signsuisse_test,sockeye,146,deu,sgg,0.12250593405278819,0.2108088541676282,20.30488637032182,13.75326606695483,6,0.3982237339804614,3.225564066757979
signsuisse_test,sockeye,147,deu,sgg,0.21963980860398688,0.2743959114175786,33.45443325216752,19.933271229764202,2,0.3302028628713473,2.6568463743247803
signsuisse_test,sockeye,148,deu,sgg,0.38852922908638804,0.4377573282405525,20.192493235835954,18.910666226760338,1,0.2800140010220013,1.604034608901609
signsuisse_test,sockeye,149,deu,sgg,0.1405506545089701,0.23486261903195702,19.49214697924937,14.033136635439888,6,0.4019380433760542,6.6083707610411215
signsuisse_test,sockeye,150,deu,sgg,0.24662689216693368,0.2569192942739563,37.70775740591288,17.795046320692357,7,0.3689332799452751,3.17213561313854
signsuisse_test,sockeye,151,fra,fsl,0.18052183825104842,0.2620653409381044,39.35735977448598,21.866163465641076,3,0.3634468883541153,2.600730205185374
signsuisse_test,sockeye,152,deu,sgg,0.22795813453690902,0.29983117099138973,22.102550048143176,11.066237958662933,1,0.2793420907445265,2.9268930185627284
signsuisse_test,sockeye,153,ita,lse,0.3114741020811775,0.4052529072880301,22.189974344225114,9.42132842014347,1,0.2830570896847644,2.462169226128788
signsuisse_test,sockeye,154,ita,lse,0.25708847357865594,0.3438299469533781,28.38513718442987,13.721710648196934,2,0.2060449283259587,1.944419498712848
signsuisse_test,sockeye,155,fra,fsl,0.15793137918830524,0.2210043036989894,41.08150634024407,25.876307929923172,4,0.3838814609140164,4.507461565140091
signsuisse_test,sockeye,156,fra,fsl,0.12115075962200582,0.2219490708671768,29.286478034780497,15.229633140231842,7,0.4295154493770592,21.48759957841806
signsuisse_test,sockeye,157,fra,fsl,0.24960405328682503,0.2885961304913721,39.21461863778905,24.921047393783365,5,0.4151715107829798,3.836781271535728
signsuisse_test,sockeye,158,ita,lse,0.42355756942436895,0.46136209542342993,48.37126585021601,19.037706357662174,6,0.3335161966596138,3.06438754040784
signsuisse_test,sockeye,159,ita,lse,0.3583862063738744,0.3729045783822023,31.53257410971171,14.172381788746964,2,0.5262102092714785,6.933974949369052
signsuisse_test,sockeye,160,ita,lse,0.3033529953200442,0.34865770242107996,22.331118951939995,11.389767205303105,6,0.3182706628980253,2.8399779521470987
signsuisse_test,sockeye,161,deu,sgg,0.17012619734183945,0.22276671719214655,22.34208149451352,12.881078891253198,4,0.3663585851828799,4.24147801072932
signsuisse_test,sockeye,162,ita,lse,0.2065674899703657,0.24979931793201463,35.31196222796974,21.938549109338695,5,0.3139081343450052,3.9275922441622657
signsuisse_test,sockeye,163,ita,lse,0.22276641789370163,0.2748415663120825,22.54274213258648,10.202479157128858,4,0.3301687308726656,1.8106630717977372
signsuisse_test,sockeye,164,deu,sgg,0.19875999924115298,0.29384864841811414,25.579102587352985,11.950641300752034,8,0.3635649925471416,1.4207114568571049
signsuisse_test,sockeye,165,deu,sgg,0.08770398689746818,0.1885886473472928,26.147626696024915,15.821462496430858,2,0.380510483614533,2.2712650147991886
signsuisse_test,sockeye,166,ita,lse,0.3274738816435655,0.3827633210837102,29.273420443415066,15.201841737659471,1,0.3297985513814625,3.662727777891464
signsuisse_test,sockeye,167,fra,fsl,0.19057106821110456,0.32035625912687316,29.990144056818593,25.391476432576194,11,54.33450672892369,54.33450672892369
signsuisse_test,sockeye,168,deu,sgg,0.17138318653126672,0.22808772470165295,26.0900841970398,12.103143920674555,5,0.3403933687263205,2.1645492058037843
signsuisse_test,sockeye,169,deu,sgg,0.46912373945604874,0.49195990716332666,25.030460156482636,7.495560277271207,1,0.2507815995462981,1.5490600566048494
signsuisse_test,sockeye,170,deu,sgg,0.09023556935918153,0.16825484220000464,18.63632467961811,12.259323627040196,5,0.4268337332056648,9.648848438388823
signsuisse_test,sockeye,171,ita,lse,0.2274982429222848,0.2733615313839956,21.576872072414716,12.175006355135647,3,0.3489959765927913,2.933103770762352
signsuisse_test,sockeye,172,fra,fsl,0.10979815699109205,0.18445503080473596,46.75158252914309,18.298475633400606,3,0.4258944749704939,3.791607854225157
signsuisse_test,sockeye,173,deu,sgg,0.2763733224172857,0.2551378437871289,34.76842628581184,18.984591976979885,6,0.4171131548739118,2.7045380861188284
signsuisse_test,sockeye,174,deu,sgg,0.25350462179418265,0.2605941055259996,22.182694869034567,9.572387462651616,1,0.4918385781329289,4.92141354465957
signsuisse_test,sockeye,175,fra,fsl,0.2523911275986796,0.30589877875888777,86.01194815497098,43.283992490899536,5,0.3523462687043504,4.456031498437744
signsuisse_test,sockeye,176,deu,sgg,0.09761156841675145,0.16895182557476324,25.273374661314254,12.930853528241453,0,0.3081715513979943,3.22244202588746
signsuisse_test,sockeye,177,deu,sgg,0.23649805528498608,0.2106010950460923,23.084495172544404,10.637849302538857,4,0.4235953127013878,3.3068124624044657
signsuisse_test,sockeye,178,fra,fsl,0.08950919146212764,0.16752961026138613,27.07634822790977,16.38460560217795,2,0.3424564756300766,3.733680914660896
signsuisse_test,sockeye,179,deu,sgg,0.10049367625726838,0.1698822867186326,15.705217977526369,14.232119970829403,1,0.3386795726327705,2.694062622132059
signsuisse_test,sockeye,180,fra,fsl,0.16864906390901718,0.21436801279068637,19.949688291196168,9.982767842417982,1,0.2994479798320081,1.7417670939076182
signsuisse_test,sockeye,181,fra,fsl,0.14426631275737217,0.22740619514015495,22.92393192489119,13.350641844673826,9,0.3915402380356568,9.281399841017569
signsuisse_test,sockeye,182,deu,sgg,0.34662900301282984,0.4307039809000478,30.272806305278742,29.055467261782038,5,0.361040273513636,2.939437127942339
signsuisse_test,sockeye,183,deu,sgg,0.10985724297839902,0.18122317360745566,20.836060805623,11.541678444411287,10,0.3013930054033064,1.0955464887904145
signsuisse_test,sockeye,184,deu,sgg,0.1434314740406844,0.20645349622525627,19.67209406254599,7.766895426053335,4,0.4021345064797919,3.174117656927587
signsuisse_test,sockeye,185,ita,lse,0.14544583822632684,0.2066007756325424,15.75359072331191,8.197071351994884,2,0.3055219611140642,2.204352752767944
signsuisse_test,sockeye,186,deu,sgg,0.31999308656548536,0.3422361623713755,14.839936893953459,7.0422673588810065,2,0.2650164492136403,1.5895521137038224
signsuisse_test,sockeye,187,deu,sgg,0.2572807645099107,0.34140047055380784,18.69435708108279,10.381115769769478,4,0.4061478631758849,7.062336616774281
signsuisse_test,sockeye,188,deu,sgg,0.12380395860962212,0.2445861799119871,36.67834640414877,29.074052789747604,0,0.3235088133921141,3.5869903150331024
signsuisse_test,sockeye,189,ita,lse,0.04619094114425971,0.10226908323332255,17.215537902756235,6.730919704250864,2,0.3309695796020671,2.129955657991487
signsuisse_test,sockeye,190,ita,lse,0.346403688569459,0.38458338551202004,23.947574399459707,7.277145698426775,4,0.4961276863653476,3.25056962636237
signsuisse_test,sockeye,191,fra,fsl,0.15177890542193317,0.26576310164719746,39.55201802781917,28.934805294973287,12,0.4058368052366787,3.715517162946927
signsuisse_test,sockeye,192,ita,lse,0.06405511134988172,0.13038095404200067,24.965305813798714,12.05491325811957,5,0.3273131531820639,3.0189227749146137
signsuisse_test,sockeye,193,ita,lse,0.17665073869828657,0.24782247285801615,28.31698655292284,17.358836310363138,5,0.3320214099799264,4.109886156398188
signsuisse_test,sockeye,194,deu,sgg,0.178701788304672,0.2698626993059495,40.56074073982535,34.04642325334299,9,0.4037365530440236,4.937762936102035
signsuisse_test,sockeye,195,ita,lse,0.2602346096189978,0.30453873423850875,20.842751241942754,11.793968175353164,3,18.43160205907096,18.43160205907096
signsuisse_test,sockeye,196,deu,sgg,0.07576205885387438,0.15400746537181068,20.41263808458078,10.403069636654779,7,0.5267519134821437,19.105903873569176
signsuisse_test,sockeye,197,deu,sgg,0.2168123994338513,0.2658726956917876,20.74051574642416,12.123276158953676,3,0.3660726403683251,2.0568902628258616
signsuisse_test,sockeye,198,deu,sgg,0.23346672078802333,0.28415200833564225,26.16383193822109,14.05572263011776,5,0.4489291955921032,5.810873146393593
signsuisse_test,sockeye,199,deu,sgg,0.4378371196639323,0.44328425503771673,22.112426492924584,5.297526805687602,2,0.3161502942254257,1.430078580150611
signsuisse_test,sockeye,200,deu,sgg,0.1766945457425617,0.22131773881478037,19.14928335796901,10.263801695891736,5,0.3608232650212659,4.116883799854972
signsuisse_test,sockeye,201,fra,fsl,0.22987969028117505,0.2992254324529451,34.204809961156805,25.68501349599263,0,0.3667196400242097,4.929353710397714
signsuisse_test,sockeye,202,deu,sgg,0.4410772361701808,0.4455999023992868,29.422117397394416,10.191258113287713,3,0.4625268361420621,2.731545732810215
signsuisse_test,sockeye,203,fra,fsl,0.15837061036278166,0.24826749340458984,20.036182421273054,15.097097969108995,1,0.3424766018005319,4.845576637464656
signsuisse_test,sockeye,204,fra,fsl,0.3533388757248136,0.38345796725878356,15.330883841420235,9.219247657830563,5,0.5584156702331763,32.61770104612554
signsuisse_test,sockeye,205,deu,sgg,0.23026680935291277,0.28764110357000755,23.640145482563767,15.40577082803846,9,0.4415214385964114,4.125598271018647
signsuisse_test,sockeye,206,fra,fsl,0.20290945534601346,0.26733944988888153,28.900674891010112,18.03846615790118,4,0.3624474697893845,3.5198217256288484
signsuisse_test,sockeye,207,fra,fsl,0.40920620201575536,0.4767939593796818,61.790638692347386,32.89179968856161,0,0.3711170205894166,3.1251163479817063
signsuisse_test,sockeye,208,fra,fsl,0.2621661906349202,0.34402311552622955,45.78251137899525,23.707245910044453,5,0.4133363790677299,4.957529095361841
signsuisse_test,sockeye,209,ita,lse,0.3609356947025223,0.4413391814034602,28.126096203062193,15.331463835492956,4,0.3759781274896565,3.4529868093333174
signsuisse_test,sockeye,210,deu,sgg,0.27203059205540736,0.3251772538710808,28.76045051331702,12.363834607005181,4,0.2515394453773198,1.8472372841587965
signsuisse_test,sockeye,211,ita,lse,0.1282067542409774,0.1810894704910535,23.572046354452166,14.951176825969217,0,0.6597913638359999,18.394878041077604
signsuisse_test,sockeye,212,deu,sgg,0.23862589257475483,0.29347960708189735,23.24568037522823,16.00256995935552,4,0.3914910157595425,3.674480401163705
signsuisse_test,sockeye,213,ita,lse,0.2138828687568019,0.2566064151828092,16.885996573658762,3.4350611829444624,0,0.3292742534898787,1.0043634129601364
signsuisse_test,sockeye,214,ita,lse,0.11422661556310729,0.17847039955952151,16.14926068057303,9.543999467817914,2,0.3372123488895563,1.8677107250821705
signsuisse_test,sockeye,215,fra,fsl,0.1568382741115692,0.26260876547759177,18.444517091530887,13.602165194724119,3,0.4327081945135831,11.302318243452609
signsuisse_test,sockeye,216,deu,sgg,0.1645135489278604,0.2338444203568412,22.37048932385125,12.18939662019896,0,0.3274841413630756,2.826582337277814
signsuisse_test,sockeye,217,fra,fsl,0.23054091222270845,0.3466103096097946,28.842838267182973,24.227573319164755,0,0.4345517128291439,4.706442019732678
signsuisse_test,sockeye,218,fra,fsl,0.25693120937536745,0.3115993017943646,89.18011331019395,62.83955861390055,11,0.4290737497046121,5.190422061381788
signsuisse_test,sockeye,219,ita,lse,0.2688131647127137,0.3431963095747363,20.165388762106513,9.802736276272848,1,0.413339281093897,2.45857975169406
signsuisse_test,sockeye,220,deu,sgg,0.28259611973536564,0.3734735388979426,29.40625043450797,23.18697040229243,1,0.4851910086149146,8.39280707193972
signsuisse_test,sockeye,221,deu,sgg,0.3555829657917177,0.4160257515615178,22.754114244326793,8.287743659569474,0,0.3291395080044707,1.4404505311854194
signsuisse_test,sockeye,222,ita,lse,0.31945797800479886,0.31570969356384776,39.01170787655108,11.694762754693393,5,0.1791154118843778,0.996042480579703
signsuisse_test,sockeye,223,deu,sgg,0.13058085373109696,0.24679003606438987,25.561976503903466,22.21676107610938,4,0.3938620560495707,4.801605642926985
signsuisse_test,sockeye,224,deu,sgg,0.3360376616642241,0.3960571758927541,34.07909772688718,15.154673687125507,6,0.3422541699430266,1.878479818675944
signsuisse_test,sockeye,225,fra,fsl,0.34924074913965136,0.37011799152629826,21.193503368705894,18.545390309522087,2,0.5388572852923246,6.91856934377812
signsuisse_test,sockeye,226,fra,fsl,0.4107400717148838,0.5040766264235151,41.90855520334063,23.44104569297048,1,0.5188770536548083,5.192618025185509
signsuisse_test,sockeye,227,fra,fsl,0.189997889287422,0.2601355856335899,32.888876415774725,23.738582346416,5,0.4190886322589942,3.8237423134868473
signsuisse_test,sockeye,228,deu,sgg,0.07698700259043205,0.14399302910332962,22.544392959824258,14.24840202466317,6,0.3697534559285156,3.0371827568540355
signsuisse_test,sockeye,229,ita,lse,0.28024529543351673,0.37175024292647885,31.592525515477554,14.24101197429661,5,0.3447357404395677,2.539137894072925
signsuisse_test,sockeye,230,fra,fsl,0.2764014595090877,0.377348243223681,47.53618035887522,40.132990147047906,3,0.4592289761861417,9.52863107768682
signsuisse_test,sockeye,231,deu,sgg,0.42862159007239686,0.40220223002594385,32.938021589920226,15.568203757849362,3,0.3941815835213526,2.84466450746733
signsuisse_test,sockeye,232,ita,lse,0.3940322423626673,0.42987022943977554,32.515579524369436,14.120727997321532,3,0.371235055597528,2.2888577758337734
signsuisse_test,sockeye,233,deu,sgg,0.1343575708079268,0.20546874672923207,14.239802013149239,8.270976028064949,2,0.3327299337428432,2.034911613459064
signsuisse_test,sockeye,234,ita,lse,0.2793404818376451,0.32905694068029984,27.333422709114867,11.172012756651021,5,0.4066641041114781,2.0788384566826443
signsuisse_test,sockeye,235,deu,sgg,0.08284151080989828,0.1656283089468863,28.408394949786313,18.38622268796162,7,0.4988911894868372,5.590600800769516
signsuisse_test,sockeye,236,fra,fsl,0.16037369005539157,0.22893148452138115,20.532231187976407,14.210574120765775,1,0.4032863579148653,2.940288922110343
signsuisse_test,sockeye,237,ita,lse,0.25848994703563927,0.32373584175021,22.050770236700313,9.898607534472305,4,0.4734846028264098,3.891393223521756
signsuisse_test,sockeye,238,ita,lse,0.23643910088847356,0.3666312695972515,23.872420203044207,11.265533336817183,2,0.2695334800526692,1.4398467079557338
signsuisse_test,sockeye,239,deu,sgg,0.1529370288714924,0.2343647448358684,18.420031145710123,12.135216438204079,4,0.2886306990168849,1.469704277468976
signsuisse_test,sockeye,240,fra,fsl,0.3906600540238249,0.3486811313366467,26.82170762179464,9.811631143706961,1,0.401137782186547,3.9411170369421793
signsuisse_test,sockeye,241,deu,sgg,0.4132389515472981,0.44181090612127605,33.64390087883076,14.064542821826313,3,0.3090426937513656,1.8301302840120757
signsuisse_test,sockeye,242,ita,lse,0.17666580811501978,0.2697365755577323,15.399246872116779,10.621988840358291,2,0.4206757747117472,2.3126081406332464
signsuisse_test,sockeye,243,deu,sgg,0.1674064215782431,0.2633764400327872,24.595545901474182,15.644515874498822,4,0.3998054565595013,2.4729083023110205
signsuisse_test,sockeye,244,deu,sgg,0.06897793618072537,0.12615662417992166,12.869271699730728,6.8381560292965995,2,0.33243268043799,1.960984443485826
signsuisse_test,sockeye,245,deu,sgg,0.21322638227540447,0.30111563487217713,24.90429615413814,12.6781319937913,4,0.3553383508960783,1.925931023631946
signsuisse_test,sockeye,246,ita,lse,0.12862287392099694,0.2212861171907081,18.091342271306175,9.966892989945086,3,0.4562033213245035,21.82678969586892
signsuisse_test,sockeye,247,deu,sgg,0.18759007944403816,0.2790191421313809,16.884104004672068,11.646865414019956,8,21.55443168733385,21.55443168733385
signsuisse_test,sockeye,248,ita,lse,0.1252446387539725,0.21567915106839736,35.36481869421198,21.888710911107335,1,0.3464178318610107,4.997597771138651
signsuisse_test,sockeye,249,fra,fsl,0.17208475433318443,0.26400484547471426,39.19313971671516,25.580927415480744,12,0.3848677706411358,3.263841734723131
signsuisse_test,sockeye,250,deu,sgg,0.370562191813328,0.362726902185643,25.221470597772367,9.054549559260902,2,0.3679196229196645,2.636092071331809
signsuisse_test,sockeye,251,deu,sgg,0.050054951400230745,0.09823086188775786,21.51719067266886,9.278253525955481,3,0.4688387350038037,3.504153107785432
signsuisse_test,sockeye,252,deu,sgg,0.17173266610795668,0.2588928040976739,17.466662430739365,16.35488733090634,1,0.4232212155355503,5.428066512057439
signsuisse_test,sockeye,253,deu,sgg,0.17391392983728235,0.26764323199566253,22.859343150126875,12.555011918840108,3,0.3540241381682722,2.846639718793751
signsuisse_test,sockeye,254,fra,fsl,0.166675961435228,0.22107303717716167,33.39561175587354,24.058117963746717,3,0.4377731998119955,6.010180657464267
signsuisse_test,sockeye,255,fra,fsl,0.29494525663986687,0.3889429979611393,23.71744440523016,9.588090806160473,1,0.3839916014842136,3.981058749878248
signsuisse_test,sockeye,256,deu,sgg,0.14316822843176907,0.20254672006712363,24.428122325194504,15.615199027272002,4,0.3724923464052029,2.4529813358261188
signsuisse_test,sockeye,257,ita,lse,0.34300630613343264,0.3512997311878326,24.40774956526115,8.133237295785666,2,0.3177338769041191,2.251293456545508
signsuisse_test,sockeye,258,deu,sgg,0.28754281243098967,0.3104485891717675,41.894180561465994,25.79442658475604,4,0.4343347923459668,4.7272409935088335
signsuisse_test,sockeye,259,deu,sgg,0.1556785444545049,0.244621813924392,22.726862555066067,14.305635803091338,5,0.3449226039612941,2.0486819458427026
signsuisse_test,sockeye,260,fra,fsl,0.21606360687784504,0.26966591853586613,30.592377824141167,20.821281474140545,2,0.5014709060167211,43.48992450954156
signsuisse_test,sockeye,261,deu,sgg,0.23248735959092615,0.27606846209548513,21.151902679690014,12.50306777404708,3,0.3296115279968504,2.0841811170846536
signsuisse_test,sockeye,262,fra,fsl,0.22329609411014162,0.3809548346769924,33.53742858756678,30.25520421096502,8,0.415553458781955,18.028631948107677
signsuisse_test,sockeye,263,deu,sgg,0.14381525283619317,0.20127677288782253,18.099376688243545,10.770880315643227,3,0.3413471143133991,2.346292103859111
signsuisse_test,sockeye,264,deu,sgg,0.1944784740439901,0.2699542043950163,19.484732220426682,8.21860084268087,5,0.3420804182817061,2.2830734286893746
signsuisse_test,sockeye,265,deu,sgg,0.2681990758870026,0.32123604749381357,21.330355489234762,9.706236410098704,9,0.6779628394477124,4.116947541423862
signsuisse_test,sockeye,266,deu,sgg,0.25211266601422705,0.28956251490729834,31.165230186141812,13.904368031780962,1,0.3503991155655919,3.0255267320613632
signsuisse_test,sockeye,267,ita,lse,0.18056007864161264,0.2652721870339328,18.99054275736511,9.5778955278528,6,0.2895641456256173,1.57077184997264
signsuisse_test,sockeye,268,ita,lse,0.30210373967604576,0.3411192924482782,25.499621324516397,15.43282000148132,4,0.4054964789788551,4.215876110975147
signsuisse_test,sockeye,269,deu,sgg,0.23184120213236353,0.27832102661361147,28.81814085110808,13.247053500282368,5,0.4714362319870411,3.647689126477175
signsuisse_test,sockeye,270,fra,fsl,0.22819376288296614,0.30332368583898256,48.06329400568325,31.879863540214878,4,0.3872966330287495,5.230257558826693
signsuisse_test,sockeye,271,fra,fsl,0.13943623779412348,0.20737424000658697,16.649179060130756,12.384805753283219,3,0.4158183394959489,10.187087822731666
signsuisse_test,sockeye,272,ita,lse,0.16134886754406863,0.22699767527902154,12.82393330768277,6.364912393327274,2,0.4350272502373382,5.209528277180525
signsuisse_test,sockeye,273,deu,sgg,0.20631649467181462,0.2327072426349218,19.055204677776267,8.208100453570284,5,0.3990697920919587,3.5797567182666308
signsuisse_test,sockeye,274,fra,fsl,0.27857870718830946,0.3990297085449175,120.52712099522162,104.73106680334874,13,0.409244163246577,7.536124412187992
signsuisse_test,sockeye,275,deu,sgg,0.06185418214425623,0.12590312744557136,21.968613581236404,12.487595802415482,7,0.7937933747261938,3.2603461506402245
signsuisse_test,sockeye,276,deu,sgg,0.16873305508917522,0.213583554024593,32.87111233932553,21.573614301488146,13,0.2859768011317884,2.3251634619163424
signsuisse_test,sockeye,277,deu,sgg,0.2453982187243036,0.31739645392567206,27.603397269138874,11.17905449777915,4,0.3744775696268632,1.630847665709602
signsuisse_test,sockeye,278,deu,sgg,0.35874557251294165,0.3683917396396774,55.38696021359185,22.69008511718355,5,0.3944748529908572,3.1811674866557125
signsuisse_test,sockeye,279,deu,sgg,0.23759264835769062,0.31054218589763893,17.12037112206829,9.568286104891122,1,0.418601449379828,2.3851608671904123
signsuisse_test,sockeye,280,fra,fsl,0.11924847648030097,0.23078316680925173,16.187443216159615,13.075375541932852,2,0.420259000356765,16.42241280153087
signsuisse_test,sockeye,281,deu,sgg,0.4073678422219069,0.43654962812190157,38.802996309267755,19.810941611192817,1,0.2788506605558357,2.390572484125475
signsuisse_test,sockeye,282,ita,lse,0.34953577909350747,0.3729928718790298,23.380787587688175,8.23666045051922,3,0.570270211512629,5.28543735259643
signsuisse_test,sockeye,283,deu,sgg,0.09231313916717578,0.16501624057228867,22.990840812726614,13.560674715239681,10,0.3837284589933333,4.1791388619098
signsuisse_test,sockeye,284,ita,lse,0.2639594249271935,0.30164043173247246,20.619071265577155,10.679871657771889,3,0.2618224511691915,1.775934231353416
signsuisse_test,sockeye,285,deu,sgg,0.3528968179510431,0.35355168063232767,43.20021780096299,18.649963660500966,8,0.3198053645973544,2.6855465062237607
signsuisse_test,sockeye,286,ita,lse,0.2230455407557452,0.2683041851730842,27.677795674703624,16.987335150270525,10,36.135415748075886,36.135415748075886
signsuisse_test,sockeye,287,deu,sgg,0.204916382377059,0.30266044613893023,29.375548925647855,19.66473138850619,5,0.3405955367990857,3.773822805473018
signsuisse_test,sockeye,288,deu,sgg,0.20046497936572155,0.31337191303748424,20.08003346278339,13.876050865200066,5,0.3360808565947221,2.3197837638160683
signsuisse_test,sockeye,289,ita,lse,0.47366155287980954,0.48693882956945084,47.06634700618547,18.378083633875406,0,0.3169666015771994,2.0980469666503
signsuisse_test,sockeye,290,deu,sgg,0.16357417167303182,0.2427193960639287,24.91381927223242,11.864594868335859,3,0.28870069339789,1.8995865535936671
signsuisse_test,sockeye,291,fra,fsl,0.1880312942170323,0.3018593137472582,28.82543510533882,24.123076250254282,7,0.3281155684411766,3.705060465662976
signsuisse_test,sockeye,292,deu,sgg,0.12441437603477501,0.21911200819700116,20.214063214819838,13.114635571775421,4,0.2967678385621699,1.7850431115075078
signsuisse_test,sockeye,293,fra,fsl,0.10803564970759001,0.20597967241598214,41.98501110327967,26.139537435496717,1,0.3845528810180072,7.467007918687159
signsuisse_test,sockeye,294,deu,sgg,0.323350583272695,0.39027514181335865,34.96367006854883,11.533108504708537,0,0.2588562192367156,2.691817443605339
signsuisse_test,sockeye,295,ita,lse,0.35670929943506935,0.4069047951902672,34.86962768576034,19.082134102938795,4,0.4325954525736855,4.700681618906976
signsuisse_test,sockeye,296,deu,sgg,0.36348722669555733,0.3796043648114411,32.47444302631076,18.441417645487842,3,0.2991182061731817,2.1303979576409398
signsuisse_test,sockeye,297,deu,sgg,0.08550027463246876,0.15504863811092828,25.698989918501155,13.251018288338104,7,0.3332865130517047,1.758521457696452
signsuisse_test,sockeye,298,deu,sgg,0.20631663631992606,0.23029070397390874,34.582684349075116,17.849319309697982,4,0.467189023755188,4.746953844588273
signsuisse_test,sockeye,299,deu,sgg,0.3868474303734816,0.41391662834653453,24.584553659712423,5.698662188727665,1,0.2830203050846291,1.3387106966399305
signsuisse_test,sockeye,300,fra,fsl,0.27561053031893856,0.31486369487819144,34.43538374305014,19.74698034836387,6,0.3945208801467529,4.027045241993479
signsuisse_test,sockeye,301,deu,sgg,0.2432415272688588,0.2632763870185897,25.3812831992351,15.39235368175335,11,0.4231517696740342,2.125032540975139
signsuisse_test,sockeye,302,fra,fsl,0.35188479258888306,0.4400464544332715,40.916973257561516,21.38405477343531,5,0.344072486591428,4.175154748110983
signsuisse_test,sockeye,303,fra,fsl,0.22285250419215694,0.32249435487535,36.903408040297236,32.32680761654798,9,0.375454168742781,5.105850683327503
signsuisse_test,sockeye,304,deu,sgg,0.20970814847556268,0.2649746072959986,23.587298776887707,16.489095006271036,9,0.6073947779118001,4.1412503193382015
signsuisse_test,sockeye,305,fra,fsl,0.2438196230825974,0.2732222713343999,27.652698818528407,17.268869201070135,7,0.4009427647318898,32.82287851889986
signsuisse_test,sockeye,306,ita,lse,0.09926228312770431,0.17437974365519993,23.062703821900225,18.31387588079948,4,0.3706535174902136,5.927061289239719
signsuisse_test,sockeye,307,fra,fsl,0.12671535353258567,0.22601515068765501,30.333898224040915,15.829434299150728,2,0.2436346927882621,2.733126676770317
signsuisse_test,sockeye,308,ita,lse,0.35382822316420554,0.41458790275081325,22.190961175986125,10.780110821161063,3,0.4735827569619499,4.710179249086202
signsuisse_test,sockeye,309,ita,lse,0.33042139341801274,0.38025180059207375,29.769903388359243,8.305550227542739,6,0.3035142346011297,1.7796818389335662
signsuisse_test,sockeye,310,ita,lse,0.05366551640294961,0.10828685372118244,21.729902741643947,9.249692541295174,3,0.3733341951807349,3.6359087519672255
signsuisse_test,sockeye,311,ita,lse,0.382345689530507,0.4263444759575603,24.146716033694528,10.578427484338363,4,0.4045083136362173,4.69496669899904
signsuisse_test,sockeye,312,fra,fsl,0.36176081211391475,0.47695981757347317,44.99347418609291,39.05521573886614,0,0.4503074451833135,3.858696777118868
signsuisse_test,sockeye,313,ita,lse,0.352744191205599,0.3702044727041852,39.50952726712234,15.26155838671718,4,0.3553220497746001,2.232904237258676
signsuisse_test,sockeye,314,deu,sgg,0.20275195660261477,0.24018167532961268,54.69644331612003,28.93903389912117,17,0.3497194751269156,2.655020992495421
signsuisse_test,sockeye,315,deu,sgg,0.21835430614935303,0.2592310201980276,26.35337570221946,13.54315734316078,5,0.3919565295315516,5.246672818474737
signsuisse_test,sockeye,316,deu,sgg,0.16425579589283928,0.2258656057459159,24.87107918100285,14.10760351440984,5,0.4499291323326875,4.752948911931487
signsuisse_test,sockeye,317,deu,sgg,0.14330343117371985,0.23509496750051415,36.958285213881375,25.02491661413727,14,0.2719264420563689,1.5032337535849165
signsuisse_test,sockeye,318,fra,fsl,0.2028777211185214,0.3012440111598063,36.64108612757326,28.268611967693115,11,0.4324269254088727,4.291367529117534
signsuisse_test,sockeye,319,fra,fsl,0.2214769130771577,0.321707388041142,30.684881560090165,26.157243142293115,4,0.4000604436153016,11.241314936365816
signsuisse_test,sockeye,320,fra,fsl,0.22963225635474013,0.30456435229933265,28.477495010788868,16.4348292774422,6,0.3889448442304706,4.156887782429248
signsuisse_test,sockeye,321,ita,lse,0.25303594970392945,0.28189535488736367,30.349043418637187,10.42675985279884,7,0.3452178692204405,1.9063344111568583
signsuisse_test,sockeye,322,deu,sgg,0.43604408148617557,0.43632173044612443,50.44051085947127,16.620316245154513,6,0.3975881523885309,3.015313229459917
signsuisse_test,sockeye,323,fra,fsl,0.34464001461781696,0.36818539085578256,39.12030578487532,34.53839571478852,1,0.4652687057306034,8.949258315328944
signsuisse_test,sockeye,324,deu,sgg,0.17264264498612686,0.21933731282303906,29.165062144865445,15.971662921879618,6,0.3447705867928031,4.349697684850511
signsuisse_test,sockeye,325,deu,sgg,0.08533308748685742,0.1580020589669547,13.805806609255763,9.136293094311636,4,0.253761197098129,1.5153300533780918
signsuisse_test,sockeye,326,ita,lse,0.3423341358249478,0.3782602527630783,49.64801772876166,40.65166172649152,0,0.5500694642158392,12.87311195669236
signsuisse_test,sockeye,327,deu,sgg,0.3041466184156326,0.38487456383156504,35.00508645437976,14.676846381776746,1,0.2920001873375941,2.290690328561865
signsuisse_test,sockeye,328,fra,fsl,0.42301324162723064,0.48949560554364324,58.43789193564196,20.999041696986154,1,0.3717525025512868,3.806849282343923
signsuisse_test,sockeye,329,deu,sgg,0.22820327917830088,0.2779125411487759,27.1714251807858,13.706381750984185,9,0.3191326114080232,2.1169346959322293
signsuisse_test,sockeye,330,deu,sgg,0.3875411284012245,0.4304475238462079,38.72539165080627,15.645087024518494,5,0.3218552093488846,2.9290160007067017
signsuisse_test,sockeye,331,deu,sgg,0.12911599373482244,0.1616217111907334,23.92828828015476,18.058944926482397,9,0.6524762999705194,3.79467358407135
signsuisse_test,sockeye,332,ita,lse,0.20517853076678477,0.29379364381105916,54.4993229927146,37.424072578192764,7,0.3951368166043363,5.001619769588148
signsuisse_test,sockeye,333,ita,lse,0.26301662399904324,0.3191061954982091,32.876304124402026,15.56459885444175,7,0.3068270690472051,1.85857375322806
signsuisse_test,sockeye,334,deu,sgg,0.3115426537374578,0.36539995706015255,29.436003945814495,15.391645457689712,11,36.31761573998797,36.31761573998797
signsuisse_test,sockeye,335,deu,sgg,0.03313649664662599,0.09130034794525348,11.651041302902629,4.761100788704331,1,0.2854280623124807,1.9249239158160811
signsuisse_test,sockeye,336,fra,fsl,0.12953798243674255,0.23176635418712738,25.18383334292887,19.11244901412376,1,0.3801858766401702,4.125970385910876
signsuisse_test,sockeye,337,fra,fsl,0.20647805552212897,0.31902580579041206,35.855233792043144,26.302008747186452,12,0.4121754290247277,8.066833233836238
signsuisse_test,sockeye,338,deu,sgg,0.22641436019685554,0.3104935575971988,12.149606812833186,12.474626857720999,4,0.3788563000780131,2.5156017197376244
signsuisse_test,sockeye,339,fra,fsl,0.1400795536151877,0.21381611176824822,18.497840900723975,13.236897769343024,4,0.3842234573932634,6.769602709468717
signsuisse_test,sockeye,340,deu,sgg,0.11807434711241664,0.19862897545343539,22.02720981747444,13.643794971011513,6,0.295140938418698,1.736706765207701
signsuisse_test,sockeye,341,ita,lse,0.061961961942592965,0.14223386275641883,29.0105811255854,13.617468841031537,7,0.4885187181750026,3.886113804299634
signsuisse_test,sockeye,342,deu,sgg,0.31486457434090365,0.36977470938410434,21.720965817964203,7.641474329795802,1,0.4087737009365187,6.496549883751061
signsuisse_test,sockeye,343,deu,sgg,0.10667317433484166,0.21754312325426792,37.69170828299798,31.281915955320578,8,53.17167618159405,53.17167618159405
signsuisse_test,sockeye,344,fra,fsl,0.22290300691224774,0.32947912003481533,63.141311582947466,50.38997960496037,12,0.3061910037720898,3.4899200776581925
signsuisse_test,sockeye,345,deu,sgg,0.3775088426213201,0.368936502770574,21.784892504907987,6.804996877149104,3,0.2893198257189944,1.353283615332411
signsuisse_test,sockeye,346,deu,sgg,0.38817941405893575,0.42251374331948965,23.224917350691282,17.02460546328283,6,0.3509467266786888,1.5355922328995524
signsuisse_test,sockeye,347,deu,sgg,0.3330694118951406,0.4315518816473904,50.752836360037556,34.47194251821325,3,0.362349557409965,3.379307501964904
signsuisse_test,sockeye,348,fra,fsl,0.11200382293527611,0.18967065164699487,15.703747498647802,12.547745258774356,3,0.2950264581993334,2.681959999692954
signsuisse_test,sockeye,349,fra,fsl,0.2855968522473253,0.3436473533159849,41.27074746446561,31.530893821384502,4,0.416818535138743,16.25078120320393
signsuisse_test,sockeye,350,ita,lse,0.1773141781972303,0.2571905491531682,23.921042407294795,11.5355638081799,6,0.3613668406050637,2.0580704871059736
signsuisse_test,sockeye,351,ita,lse,0.10967226857563835,0.1983217845019392,17.741150335262486,8.752943719209128,7,0.3794820467251096,3.6587294154447614
signsuisse_test,sockeye,352,deu,sgg,0.22979624041985705,0.27761915406821663,32.1946587373254,13.504602400342632,6,0.2922761351795614,1.6163787907360765
signsuisse_test,sockeye,353,ita,lse,0.201288981135495,0.2450938141634818,29.99617340692213,11.110394896926937,8,0.4959886640086099,2.5409661034577398
signsuisse_test,sockeye,354,deu,sgg,0.11308924372562928,0.1650918192414183,14.601946982095221,7.706318875620892,1,0.2703103905830754,2.232046878936827
signsuisse_test,sockeye,355,ita,lse,0.3739761577004396,0.3782620074287765,49.78006203584683,9.28556744590667,2,0.2018298035226812,1.228020966785988
signsuisse_test,sockeye,356,ita,lse,0.18152368851070752,0.280033452146224,14.544204403377627,5.504680628043937,5,0.4590663708384468,12.907314182933602
signsuisse_test,sockeye,357,deu,sgg,0.10753534757750494,0.18264087552711927,17.738610494534978,11.02656189102182,2,0.4252945945489988,3.0952571749673763
signsuisse_test,sockeye,358,ita,lse,0.13112410078673184,0.18653385854482535,20.960744239967152,12.002754598115965,3,0.3375230893002056,2.5067929630841843
signsuisse_test,sockeye,359,deu,sgg,0.20514485596097284,0.27107623157124683,20.982765623100953,18.783406909213067,4,0.4693512823113359,6.526334730436524
signsuisse_test,sockeye,360,ita,lse,0.13038470480709768,0.19965390388296325,22.326496773435974,13.343890901511573,9,0.3400757517289342,1.7572108156919142
signsuisse_test,sockeye,361,ita,lse,0.18982342114860354,0.27898642297264115,36.33838539314346,27.794066960567214,7,0.4197652464573046,4.971180007708371
signsuisse_test,sockeye,362,ita,lse,0.17887828745934317,0.26091134073750455,15.952117754495955,5.9853159084734004,3,0.7162717985482953,2.593474727815104
signsuisse_test,sockeye,363,fra,fsl,0.24407415082439368,0.2714640761503949,37.910644384621385,23.264674737443144,11,0.373137611596523,13.93327988646368
signsuisse_test,sockeye,364,fra,fsl,0.24227726274551759,0.27433996946988315,36.43509699939308,14.921570425088477,10,0.4890991982991576,5.753688791687091
signsuisse_test,sockeye,365,ita,lse,0.1306072036766911,0.22144584152509714,18.814634189816026,14.776886942449618,1,0.3568252019123558,5.178320978140169
signsuisse_test,sockeye,366,deu,sgg,0.16290197581159288,0.23080020268521897,27.477680313705932,21.71029217274727,5,0.3569441172908703,4.4794297786656045
signsuisse_test,sockeye,367,deu,sgg,0.226193546873812,0.31065655928850305,20.001262584777106,15.90499251106181,2,0.3417276227081388,2.5980960893615617
signsuisse_test,sockeye,368,deu,sgg,0.27773401093789446,0.35666047314695637,24.616327053598138,8.775339212876592,1,0.3714534450050579,1.783075847228603
signsuisse_test,sockeye,369,ita,lse,0.11223673316274048,0.1931919947493331,21.51952505903681,13.559911843943924,6,0.4676828063915386,4.063764951510055
signsuisse_test,sockeye,370,fra,fsl,0.23024669780319848,0.27077043144053864,18.268602826945028,11.017873592134137,2,0.4300039473515607,14.53205031194611
signsuisse_test,sockeye,371,deu,sgg,0.41024544478662245,0.43316665590946535,74.53837474214463,34.84186075872479,14,0.3597591057131998,2.032462458186152
signsuisse_test,sockeye,372,deu,sgg,0.2509564324161917,0.3353594291921377,33.04031397355005,25.19576859829877,1,0.3454711743179627,2.6454562711230323
signsuisse_test,sockeye,373,deu,sgg,0.03625812837348075,0.11169426655293928,12.353851885150148,10.651554424664285,5,0.5181223844176603,7.57988242152507
signsuisse_test,sockeye,374,deu,sgg,0.4120773198241625,0.38747148374769885,78.74760737003098,40.48846944287334,11,0.3828426349574353,4.218121963559055
signsuisse_test,sockeye,375,deu,sgg,0.21419370833596363,0.3024053025391795,31.138483393599238,24.965109999482568,8,0.4237529988001116,5.479285864013564
signsuisse_test,sockeye,376,fra,fsl,0.1509063487497267,0.2604529702847594,19.976980229082788,12.748453176160252,2,0.3716511476615028,3.295545778735059
signsuisse_test,sockeye,377,ita,lse,0.2519650816885765,0.32582171374741775,18.287127750188517,6.5923457355370365,2,0.2876769769319552,1.8621021348944968
signsuisse_test,sockeye,378,deu,sgg,0.0704655162071465,0.12674687103349472,13.922028401171712,9.285195872711943,6,0.3813660817621804,2.742738814295065
signsuisse_test,sockeye,379,fra,fsl,0.1897730175081855,0.2919968159932774,41.21879929764756,30.20104744900406,8,0.4170477987581784,9.019352453221469
signsuisse_test,sockeye,380,ita,lse,0.24457549852663546,0.24752911311696768,49.10261285505425,26.307144563716506,8,0.3829689968426262,3.8352575436225753
signsuisse_test,sockeye,381,ita,lse,0.3229169807128933,0.36760198782485354,23.07350144966875,8.192965521317744,2,0.3247140151994217,1.5184573368823169
signsuisse_test,sockeye,382,deu,sgg,0.3082337053303094,0.3318827201678135,52.34980612335669,21.97923971979284,10,0.3776289552124802,3.2933091476390928
signsuisse_test,sockeye,383,fra,fsl,0.20317950232569076,0.29787287309888605,34.24527914886342,24.42382588918157,5,0.4157516802173004,6.685306464105377
signsuisse_test,sockeye,384,ita,lse,0.18742911599329715,0.2795791884455677,20.570976070288133,10.732005129840426,3,0.4039132367979558,3.7373365348132097
signsuisse_test,sockeye,385,deu,sgg,0.34469308666210063,0.37234401680566304,22.504830646345326,8.03008677958707,4,0.325600317603052,1.6042408107496773
signsuisse_test,sockeye,386,ita,lse,0.4155718749768578,0.49855264540892597,32.361123515816416,16.37421566173441,1,0.27566865985625,2.3186700149461186
signsuisse_test,sockeye,387,ita,lse,0.13896107019832757,0.22437829490827374,15.744607568380818,5.452306704221712,3,0.4236997513108348,4.97706835824204
signsuisse_test,sockeye,388,deu,sgg,0.27856060752422607,0.318659605134513,32.12740622777513,14.314336205347784,11,0.5041476474673763,4.541593273999555
signsuisse_test,sockeye,389,ita,lse,0.0761873511100461,0.1325577983746744,13.473562945069919,11.30202174389917,3,0.3451697407514999,2.7881603320508206
signsuisse_test,sockeye,390,deu,sgg,0.21471242556741185,0.30547531486248747,19.342850720464433,11.968017319260007,3,0.493001406960236,6.504869568901976
signsuisse_test,sockeye,391,fra,fsl,0.14707555797457433,0.22334282110778,19.714656887925504,12.309825168102627,2,0.3381919088043918,4.095278796876807
signsuisse_test,sockeye,392,deu,sgg,0.24868306503962498,0.32495708744561147,21.811330935053817,9.770473626129101,1,0.3370184847016235,2.39575327285954
signsuisse_test,sockeye,393,ita,lse,0.2202141021766381,0.26888273177633093,25.255366937729086,13.031875015357338,4,0.3421092911933565,2.365664363381371
signsuisse_test,sockeye,394,deu,sgg,0.31358919919487216,0.3512046261825382,38.84680375598135,20.892396918570654,11,0.3752258762002569,7.266902118853149
signsuisse_test,sockeye,395,fra,fsl,0.3406263583406727,0.3903935934595739,40.95672461407052,25.27188827503262,3,0.5000339048219876,4.6739257954472935
signsuisse_test,sockeye,396,deu,sgg,0.37438084278462036,0.4595272315453444,20.805481345618503,8.010188793557193,1,0.3502941403310444,3.2586053491207694
signsuisse_test,sockeye,397,deu,sgg,0.17256597088291803,0.2893976730028982,30.056918217611184,26.322237773191286,5,0.4437068229178977,4.123518698309967
signsuisse_test,sockeye,398,ita,lse,0.34822636390975,0.3289678595875447,30.639072484287603,16.830918574795373,1,0.382257653304969,5.883640106712375
signsuisse_test,sockeye,399,deu,sgg,0.13556385203581967,0.18832459397295895,27.213992443725424,16.3865346335161,5,0.4107862427859418,5.2888965210756735
signsuisse_test,sockeye,400,deu,sgg,0.1102024336465667,0.17893665604610878,27.75341627069668,14.400466032860416,9,0.3674362177448618,1.692889421586221
signsuisse_test,sockeye,401,deu,sgg,0.15933801043908186,0.2594305648173802,21.924356439137313,17.538485224660814,4,0.409291481983031,3.346260275948732
signsuisse_test,sockeye,402,fra,fsl,0.24766134806624268,0.36559886145063264,44.90595960022338,43.35942090761809,16,0.3955439275933846,3.6812715803229943
signsuisse_test,sockeye,403,fra,fsl,0.18974951413914862,0.2496500205960982,29.848508246654788,22.15958515863757,5,0.3723128016560029,3.577968308672645
signsuisse_test,sockeye,404,deu,sgg,0.304259805263068,0.36155658944950286,21.52041137229355,4.491773442967116,1,0.3058589083069369,1.1147587721881844
signsuisse_test,sockeye,405,deu,sgg,0.3674230537432989,0.42645392180758623,19.685739563926948,9.714570865642736,4,0.3292759740965745,1.7392130149919796
signsuisse_test,sockeye,406,deu,sgg,0.3479871457960607,0.3948564721619076,24.681290450594645,8.420417344324735,4,0.5990111869449327,5.809239627159891
signsuisse_test,sockeye,407,fra,fsl,0.25181657017233305,0.35722627909615207,25.863510913104967,14.801012425313239,3,0.4338044629020061,2.928844610746032
signsuisse_test,sockeye,408,ita,lse,0.4235123396417063,0.4489868540436538,38.83298674244188,19.08112178795712,2,0.4280333607934321,2.928869746697803
signsuisse_test,sockeye,409,deu,sgg,0.10656970286922834,0.17679617768169772,20.723287182876366,11.988773500263097,5,0.3679839934829868,5.550035432889172
signsuisse_test,sockeye,410,deu,sgg,0.2962108376265888,0.34434170374712314,26.425144503617318,10.93204903314227,1,0.3581510106121305,1.7889421401334205
signsuisse_test,sockeye,411,deu,sgg,0.2825813253734749,0.3623245309009331,18.43965993484751,10.809540751477968,2,0.4293042096596484,5.585321432919993
signsuisse_test,sockeye,412,deu,sgg,0.14734137467850963,0.229501257122824,20.59345403254461,16.4908438830297,2,0.379605529249186,3.8267367676374047
signsuisse_test,sockeye,413,deu,sgg,0.18697910353576747,0.24541603403902137,23.837406679829993,12.130646026195889,7,0.3978869934037299,2.912019069928243
signsuisse_test,sockeye,414,deu,sgg,0.18464346903996504,0.26373829317757597,19.802130137183745,9.795737043757379,2,0.3269225683006366,2.768967997144755
signsuisse_test,sockeye,415,deu,sgg,0.398317116724261,0.4237963348059015,33.998746965330724,14.373318325048738,1,0.3400296027113018,2.0804932176545514
signsuisse_test,sockeye,416,fra,fsl,0.14920794728241998,0.23735412827806995,26.43407991393248,19.269905378543594,7,0.405880334198383,3.3410063717331564
signsuisse_test,sockeye,417,fra,fsl,0.3183864865123912,0.2966485614989581,112.18337302327404,80.25366074369845,21,0.3727199155518115,3.3460583584879706
signsuisse_test,sockeye,418,deu,sgg,0.21125526371972203,0.2897676329876052,17.825718493848903,7.172782869054216,2,0.3881679144484741,1.9526398074732787
signsuisse_test,sockeye,419,deu,sgg,0.18441585110397934,0.2287028561421836,21.839224632849515,8.383632935591942,1,0.2178773323647947,1.3381237417746434
signsuisse_test,sockeye,420,deu,sgg,0.2845982113492352,0.33559826924071534,26.028945887628982,11.065488193744278,7,0.341819455540424,2.407224944500864
signsuisse_test,sockeye,421,fra,fsl,0.23891698323250476,0.31174150558157326,44.802515983615336,32.82511339498075,1,0.4049364678113587,5.516159364604999
signsuisse_test,sockeye,422,fra,fsl,0.13156379412278613,0.2091127304240527,17.35078480042586,9.055307421354566,2,0.2828811307836228,5.722624143990555
signsuisse_test,sockeye,423,deu,sgg,0.2187765465408986,0.2531047184434697,42.1067214911239,17.324882329774077,9,0.2603968373716199,1.7233890284907698
signsuisse_test,sockeye,424,fra,fsl,0.13449192186158282,0.19105869699342182,24.658675660040196,16.9428117102119,1,0.2994246367799028,1.9939900175186611
signsuisse_test,sockeye,425,fra,fsl,0.21807085833280662,0.302882623139308,21.38819619230101,10.616514327614048,5,0.4208109948491855,6.8878236954331085
signsuisse_test,sockeye,426,deu,sgg,0.23241219229960602,0.3230905267067964,27.816233296088317,21.146196703929416,4,0.4174612738338519,7.240268884789775
signsuisse_test,sockeye,427,ita,lse,0.24033848475626496,0.32759192886991223,30.915236093597404,16.36312968363464,6,0.3315757835316567,1.6143667083457292
signsuisse_test,sockeye,428,deu,sgg,0.18675123878502467,0.2542220204762711,15.684398991449248,7.125961120482742,3,0.3370187970676057,1.405345597462584
signsuisse_test,sockeye,429,deu,sgg,0.27145329854412076,0.31672124919883793,15.475485553557384,6.4844765698189635,2,0.2022142638292283,1.6148503968912484
signsuisse_test,sockeye,430,deu,sgg,0.3634572968285847,0.3263363268362108,27.587323340935903,9.134941193384513,1,0.2958277984407202,2.1036440889732453
signsuisse_test,sockeye,431,deu,sgg,0.1562689272672027,0.24528378641367676,22.507048209492524,13.746584891293507,2,0.3587294787606773,3.236032791730557
signsuisse_test,sockeye,432,deu,sgg,0.14522300339104288,0.2316949458843046,15.632803058906696,9.805285856984673,3,0.2867823579172606,1.921006835221646
signsuisse_test,sockeye,433,deu,sgg,0.24544667303574097,0.3099278270129677,33.07399316274146,17.509631062961997,3,0.3438415150444445,2.0787405524564333
signsuisse_test,sockeye,434,deu,sgg,0.04883208006526358,0.11836750748576216,14.884938963708485,8.382140654563056,2,0.3530031900121658,2.8693889487230764
signsuisse_test,sockeye,435,deu,sgg,0.4711821378582942,0.43077378247841236,30.966448523109996,9.6774937951886,1,0.4211701368363694,4.421613473116797
signsuisse_test,sockeye,436,fra,fsl,0.2407607307680203,0.30929671204816994,39.88623960852579,30.038713737879966,4,0.3942653222359773,5.748632836016087
signsuisse_test,sockeye,437,deu,sgg,0.05473776488023243,0.10411475046099371,12.27722934569672,8.306113427790617,3,0.2836153270087008,2.2856712162325183
signsuisse_test,sockeye,438,deu,sgg,0.07990670844841849,0.15533443939702468,20.792408390477284,13.46686458242698,4,0.3967630707353106,3.8207088730487135
signsuisse_test,sockeye,439,deu,sgg,0.14445463402416361,0.18546661049045643,18.879227769152422,13.684246080715958,0,0.4897927170101029,4.253068976186379
signsuisse_test,sockeye,440,deu,sgg,0.21583194854238794,0.2639230012281424,29.9288388440204,11.506810069570408,2,0.3987769591080095,3.473587785437504
signsuisse_test,sockeye,441,ita,lse,0.053003904158983095,0.1271022836277633,25.997458147559524,11.17310138970382,3,0.3000833115075668,2.8920352498652697
signsuisse_test,sockeye,442,ita,lse,0.22781247995751713,0.3304492963863291,18.791371475778206,10.21994537339509,2,0.4304696434984731,4.048314876934507
signsuisse_test,sockeye,443,fra,fsl,0.13662153134197047,0.21639939087271332,43.68929463663262,30.59047808340199,5,0.3484409714397944,3.629815468760045
signsuisse_test,sockeye,444,deu,sgg,0.275166368473595,0.2870761649609277,17.035084373792767,5.2649029080137995,1,0.5301359863992741,3.69777119020626
signsuisse_test,sockeye,445,deu,sgg,0.0511155719843293,0.11998497864113498,14.565046365045022,12.734552007993205,4,0.3860694942101794,2.5566688241455986
signsuisse_test,sockeye,446,deu,sgg,0.11607272462491687,0.1703136988846929,18.904227158354264,11.012420416333947,3,0.2974502498442047,1.713037297576582
signsuisse_test,sockeye,447,fra,fsl,0.2522791455328527,0.29861670199223306,50.39064081024611,27.312464063212833,3,0.3507978077271537,3.187841179731928
signsuisse_test,sockeye,448,deu,sgg,0.061344178118702186,0.12073588649681975,12.545671381341545,10.555576840259786,2,0.4054393679336755,4.273812921208732
signsuisse_test,sockeye,449,deu,sgg,0.2244502200360191,0.292623181392455,28.509665091880926,18.225609215002336,10,0.6444759853573573,11.113072625120662
signsuisse_test,sockeye,450,ita,lse,0.22000989274399493,0.29232839313001896,24.61342644130384,13.551361152447777,3,0.4536321034325298,4.666248568622105
signsuisse_test,sockeye,451,deu,sgg,0.3023792294550742,0.3107048974354932,28.82792284967031,10.952423338599836,3,0.261402162355508,1.5866091429373297
signsuisse_test,sockeye,452,deu,sgg,0.34355522955679446,0.3345221074936015,33.82193522929972,8.401395288996028,6,0.7808643866787605,3.507345895722198
signsuisse_test,sockeye,453,deu,sgg,0.38912270604533294,0.4508896045468594,47.5860360807031,22.068923641567384,2,0.3456955729229464,2.465997075935825
signsuisse_test,sockeye,454,deu,sgg,0.12850606965459438,0.2124878477311734,25.697470088997356,17.030238331412534,1,0.332518832540907,3.181411025874216
signsuisse_test,sockeye,455,deu,sgg,0.2152877877314761,0.29554136571164724,19.523504501367842,9.731708628945244,0,0.2987211639400814,2.3497322972363057
signsuisse_test,sockeye,456,deu,sgg,0.04704755990429987,0.11281202576617959,24.776752013892093,11.300675151168354,9,0.3987671875375225,4.725953768605048
signsuisse_test,sockeye,457,deu,sgg,0.25525274223147265,0.30933830809804436,26.024709761764456,12.870859116942734,3,0.3404432157633573,1.854626270391285
signsuisse_test,sockeye,458,deu,sgg,0.3215912108023193,0.345017205134665,23.293275798853475,4.648752696311903,4,0.414134922962908,0.4300047473358441
signsuisse_test,sockeye,459,deu,sgg,0.2814963998495367,0.3380107095013086,19.968026990674232,14.531189572041447,7,0.4300044180975779,1.8996213368072823
signsuisse_test,sockeye,460,fra,fsl,0.2999933186723573,0.3407518906325915,62.347441935658395,36.671117025905616,4,0.3945333922050741,5.314511051340572
signsuisse_test,sockeye,461,deu,sgg,0.1632363983026683,0.19366760273531244,41.994512602343754,23.734257254928337,11,0.3252878646999207,2.5251025733571835
signsuisse_test,sockeye,462,fra,fsl,0.3522488164480735,0.3792168599645696,28.013881949636183,17.660344204469038,2,0.5235136486885406,3.4643699435516204
signsuisse_test,sockeye,463,fra,fsl,0.4733556270017287,0.5596800269339732,84.84200598263381,41.431523679831685,0,0.4593367332040294,3.3270669785318603
signsuisse_test,sockeye,464,deu,sgg,0.18257639561950648,0.3233555497680894,25.30330987234144,23.268934486719594,3,0.3469288647447229,3.037068355359013
signsuisse_test,sockeye,465,deu,sgg,0.36297857191848626,0.37496626988967785,27.51000772271532,12.339550482655074,4,0.3690073791669137,1.780875161007789
signsuisse_test,sockeye,466,deu,sgg,0.17340296845625286,0.27693850260182956,26.538767278455012,17.67014174987073,8,0.3133137971466397,2.3690530421796603
signsuisse_test,sockeye,467,deu,sgg,0.19514653734034565,0.2982110806831086,31.192474913763796,22.024866939813457,8,0.4370677404089041,7.86779987621467
signsuisse_test,sockeye,468,deu,sgg,0.16391502723123583,0.21104316417755672,25.526598651400562,13.083629968035135,8,0.3792324758113898,1.8312793964500589
signsuisse_test,sockeye,469,fra,fsl,0.15326540220294427,0.24609301174159978,60.976924331178246,28.992393536882226,2,55.10394535353529,55.10394535353529
signsuisse_test,sockeye,470,ita,lse,0.30350343445808464,0.3899309864389383,26.570528492378905,8.2966231747695,2,14.230052337360476,14.230052337360476
signsuisse_test,sockeye,471,fra,fsl,0.0945348511114044,0.1552877127477808,16.36005435350401,10.588159325702346,2,0.3320515550393512,4.485265501687167
signsuisse_test,sockeye,472,ita,lse,0.30743981540029686,0.34903863290850146,44.05828733963322,19.759502414961528,4,0.4121084220014096,4.518490293901522
signsuisse_test,sockeye,473,fra,fsl,0.2740447090733249,0.358813566204772,72.71608905886596,44.87826031736014,7,0.4157077760493641,4.714521892651905
signsuisse_test,sockeye,474,ita,lse,0.08214470943684107,0.15307889146674578,14.679993514375791,9.507922418797824,2,0.3543667702806402,2.3016851515789525
signsuisse_test,sockeye,475,fra,fsl,0.20629345841871075,0.3166672650999519,32.367138146017815,21.972485894947813,1,0.4429834498464682,9.900191983289403
signsuisse_test,sockeye,476,ita,lse,0.41566063142380605,0.4689869273964259,20.865762536778426,8.914563534409442,2,0.3655269042891699,3.209576670490848
signsuisse_test,sockeye,477,ita,lse,0.07184040617486392,0.1445474046058279,20.65703122338937,8.737297437927742,1,0.2745510078475345,1.5159941473477352
signsuisse_test,sockeye,478,fra,fsl,0.4170342324718044,0.4591432646014129,36.004347574294805,19.155116814003755,1,0.3264701604759865,3.691288892137072
signsuisse_test,sockeye,479,ita,lse,0.33921095908656707,0.4085901075195404,31.845499404451544,9.971331817896397,3,0.327080262652917,1.7534045955616326
signsuisse_test,sockeye,480,deu,sgg,0.23951181510873926,0.3205850940354247,26.356049126740324,11.689014096495287,5,0.3722230084531793,2.264256085644037
signsuisse_test,sockeye,481,deu,sgg,0.3830720507310996,0.4254770871228988,23.60465999406611,9.517131486721194,1,0.3313589965458353,2.588600223044063
signsuisse_test,sockeye,482,ita,lse,0.2491187664467299,0.32693997305655337,27.769820413944355,12.963851097912487,4,0.439556135838037,5.193845002789734
signsuisse_test,sockeye,483,deu,sgg,0.12972295930247985,0.19267101382226198,19.32410665949015,11.077452973440673,3,0.3412388927052566,2.395680312125072
signsuisse_test,sockeye,484,ita,lse,0.22539432377179353,0.32280763862544654,38.84019692185111,21.933295123112966,0,0.3396414785679094,3.1612630170546585
signsuisse_test,sockeye,485,deu,sgg,0.0994940980541569,0.16992950357482275,15.44900523582546,8.264278517694672,6,0.5226056820125118,9.187371797953906
signsuisse_test,sockeye,486,deu,sgg,0.1782310340095483,0.2368059655535135,28.853137814815813,14.500712418071195,7,0.3088164511901903,2.147123670711306
signsuisse_test,sockeye,487,deu,sgg,0.10997412750225266,0.1968219151857531,33.23943977311415,16.374813442897505,3,0.3176220524861606,2.960329439382908
signsuisse_test,sockeye,488,ita,lse,0.27609758129846695,0.29818435149889383,29.314399322458357,6.013188756707703,2,0.2688998850466514,0.9849605684317372
signsuisse_test,sockeye,489,deu,sgg,0.1530434978752936,0.23136567822261514,14.975403227167414,10.720188952161413,3,0.3939549494709653,2.96497556752186
signsuisse_test,sockeye,490,deu,sgg,0.34619268294274924,0.37862786006276855,35.646817167755245,11.915243588005913,2,0.3753157603391932,2.36235028512526
signsuisse_test,sockeye,491,deu,sgg,0.24179960768060785,0.2873273087062356,22.615959612215036,11.28863579213053,5,0.2778255558226216,1.2057257594015902
signsuisse_test,sockeye,492,ita,lse,0.20936269042071987,0.2480540766383574,13.721300031557675,6.198040166179888,1,0.3549210029351631,1.2103992184402723
signsuisse_test,sockeye,493,deu,sgg,0.19744565274960987,0.256012839949116,23.24572040953751,11.903584146641652,5,0.51537361350623,3.977171806106836
signsuisse_test,sockeye,494,fra,fsl,0.30757903556002275,0.3418487277790747,22.920089340655952,9.302664538218012,1,0.4413673781323587,5.271796657170443
signsuisse_test,sockeye,495,ita,lse,0.26527336992614586,0.31789539780256637,20.391910673788832,9.74950971194252,3,0.5475891017827699,7.969744197956342
signsuisse_test,sockeye,496,deu,sgg,0.13536399415402994,0.2778521248807976,23.454709516713056,22.2477639766,4,0.3467475540554242,3.3468240015409587
signsuisse_test,sockeye,497,ita,lse,0.11115997209257933,0.1988279326554672,29.656532973669,18.9179414689953,2,0.3654005620930967,3.890461162682144
signsuisse_test,sockeye,498,ita,lse,0.33214243019619394,0.35730253466143297,30.832187156765592,9.696884919448424,7,0.3260306670196193,3.253409257061378
signsuisse_test,sockeye,499,ita,lse,0.2737737915359951,0.322868378929657,27.192333086648702,12.778973182071457,3,0.3465573457146292,2.053244966755264
signsuisse_test,sockeye,500,deu,sgg,0.11774669083408751,0.19107519417694352,28.334828349527015,16.304713617827375,10,0.4321482329731965,3.1310239152885493
signsuisse_test,sockeye,501,deu,sgg,0.0692137824123135,0.13913578455872402,14.14670741502313,7.494030413857439,2,0.2311562639911671,1.00716036602564
signsuisse_test,sockeye,502,ita,lse,0.12459411068197863,0.20072312995514172,18.250876217590974,6.670929413919522,6,0.3470334704463521,2.404381875622254
signsuisse_test,sockeye,503,fra,fsl,0.5604549221224895,0.5557756778676162,25.73992805398841,13.661342649036904,2,0.3846309345727809,2.5476211736377365
signsuisse_test,sockeye,504,fra,fsl,0.09348019523056474,0.1779027805717244,38.253342563583416,33.98053913349194,8,0.364619459803302,2.495993724641535
signsuisse_test,sockeye,505,ita,lse,0.34815890312382713,0.3040061374996443,52.06297584745966,24.70780108938628,6,0.5702595995158537,7.750538382449627
signsuisse_test,sockeye,506,deu,sgg,0.1425034927654659,0.21879946826955401,28.944992681714226,18.764448630673034,11,0.3204166501493822,2.137160770375793
signsuisse_test,sockeye,507,fra,fsl,0.2834150284366438,0.32636892783819005,33.163819377639214,13.187992121944763,6,0.3459375327170199,2.6429826041283024
signsuisse_test,sockeye,508,ita,lse,0.09845924539093,0.1515281574437156,23.700590461005284,8.506890310253594,1,0.4999756871987529,6.785298641339638
signsuisse_test,sockeye,509,fra,fsl,0.2645589383187452,0.37789668716661906,75.60293946367445,63.64469209693214,7,0.3410978914378664,4.44131663185385
signsuisse_test,sockeye,510,fra,fsl,0.15832160531131323,0.27943894976024947,25.234999864116524,19.203081703034837,9,0.4987480057616933,4.5538351361061125
signsuisse_test,sockeye,511,ita,lse,0.15759052821156602,0.23312905347331145,17.915565373521094,9.19572000457631,2,0.4793449210594257,4.2576279605535765
signsuisse_test,sockeye,512,deu,sgg,0.19466644653772244,0.22904686954010936,34.020053777398175,23.054001775073093,7,0.3076620334456805,2.364042807399408
signsuisse_test,sockeye,513,deu,sgg,0.2824000760344891,0.2937440237640762,53.74951243614956,26.646970005939508,9,0.310628088438583,2.603895154843624
signsuisse_test,sockeye,514,ita,lse,0.18817898487199586,0.23613734162104896,20.631442947430003,8.264744465582194,8,0.7199364922547007,5.286555697195874
signsuisse_test,sockeye,515,ita,lse,0.17436621965397275,0.24404946187613585,16.932781936957678,8.056872553204947,4,0.3666663753891274,2.392123561312324
signsuisse_test,sockeye,516,fra,fsl,0.4262684113136866,0.4002513030147332,44.68146426922908,28.904373087500485,5,0.6730585362573059,14.70470085074318
signsuisse_test,sockeye,517,deu,sgg,0.23671764395894512,0.3098929507763287,18.850280939066465,10.064073473584978,8,0.3475019712467783,1.724756295256605
signsuisse_test,sockeye,518,fra,fsl,0.21257198758967166,0.31585118292282066,47.08866569522443,41.52125144673956,11,0.3708746215693407,4.338103033207619
signsuisse_test,sockeye,519,ita,lse,0.3750552977385114,0.3930948004318764,16.157850494404332,7.928382841695023,4,0.542028459218065,2.5271653447572437
signsuisse_test,sockeye,520,deu,sgg,0.24850111819898948,0.29275141459037496,23.537918656022693,9.624805316380064,4,0.3617014742327829,3.6807551244582895
signsuisse_test,sockeye,521,ita,lse,0.10491681493837132,0.17277557792635473,20.309968809036032,10.221820421583546,2,0.2856634657825224,2.033722144083476
signsuisse_test,sockeye,522,deu,sgg,0.18980147406419426,0.28683786415455303,22.770714942255935,18.089031766436584,7,0.4051575367386009,3.479309844306548
signsuisse_test,sockeye,523,fra,fsl,0.20819468707536753,0.2802885313582692,28.051375699494606,16.411784576431586,8,0.3368905195400276,7.121347868783248
signsuisse_test,sockeye,524,ita,lse,0.17713962538995864,0.29238619348206596,22.82197921731859,12.442649879568174,3,0.404286938321527,2.845132621167886
signsuisse_test,sockeye,525,deu,sgg,0.10320514322256386,0.19295618495756117,17.973112385762878,13.263177213788822,1,0.2716768216078887,2.0665230001762493
signsuisse_test,sockeye,526,deu,sgg,0.2697918944287788,0.367412900345822,25.428242338808467,11.23227871261742,0,0.3162548521497231,1.606705774718899
signsuisse_test,sockeye,527,deu,sgg,0.15143155242872727,0.25049010420769413,29.98929537886728,26.882916984909315,5,0.3922072970575335,4.328773182946461
signsuisse_test,sockeye,528,deu,sgg,0.36511124599328487,0.4016733552079977,25.54731441681595,10.729264988320345,1,0.2717835916565144,2.0467461881101623
signsuisse_test,sockeye,529,deu,sgg,0.07341050021586548,0.13915685130622418,18.134962298393607,12.443025831562291,4,0.2888400692061033,2.200291780466252
signsuisse_test,sockeye,530,deu,sgg,0.2591681364746058,0.326977280970191,20.427768492796282,9.146108072318128,2,0.319048974247317,2.262336856685159
signsuisse_test,sockeye,531,deu,sgg,0.09903365754013267,0.15922940346516865,21.06699938169152,10.83011338748083,5,0.3744857585055329,2.61025923151399
signsuisse_test,sockeye,532,deu,sgg,0.0959192420089601,0.16364355719523832,22.916227068162698,16.19010415677821,11,0.8731553555620587,7.368521692041288
signsuisse_test,sockeye,533,deu,sgg,0.040739538115149854,0.132382743800921,16.289187938825982,13.896650994033735,3,0.3412711195596887,2.01926374316804
signsuisse_test,sockeye,534,deu,sgg,0.2172956654669165,0.2709285072735289,28.527396115581546,16.78030243455332,12,0.3987316917387294,2.9590880473786787
signsuisse_test,sockeye,535,deu,sgg,0.15749426794398416,0.2516888571502922,24.621914539852337,20.998146675467947,2,0.3769455401958862,3.097740979385236
signsuisse_test,sockeye,536,fra,fsl,0.2722358626838279,0.3586731169615548,78.30431197729527,65.57366483328869,10,0.3428081691698123,5.246784294332088
signsuisse_test,sockeye,537,deu,sgg,0.1897368338959816,0.26997113240324555,19.88254224903821,9.365005122705428,2,0.3803597450430672,2.051758775820993
signsuisse_test,sockeye,538,ita,lse,0.16908617707323742,0.240901318839127,16.180813541193228,8.500645583202415,3,0.3136651258942513,2.1216666967372357
signsuisse_test,sockeye,539,ita,lse,0.0690928579018021,0.16321102932943307,20.31404475782514,15.19142658713584,3,0.37976790259057,3.461745438284724
signsuisse_test,sockeye,540,deu,sgg,0.14900618190029577,0.21938972122373035,29.081139140803096,15.992296123983586,9,0.2926841588994613,2.342636069891725
signsuisse_test,sockeye,541,deu,sgg,0.400868931526729,0.3904942559682022,61.030556702881015,22.61449528736541,12,0.3658371881565502,2.3896352042410824
signsuisse_test,sockeye,542,deu,sgg,0.14527085341968982,0.23015146216927693,23.147209191062267,14.191882456240267,12,0.4051264988958518,2.391447088646659
signsuisse_test,sockeye,543,ita,lse,0.3701041873458235,0.3940076197117879,36.495217471088964,15.50428704077589,3,0.3191705426420475,1.9198402102734973
signsuisse_test,sockeye,544,deu,sgg,0.054380032778389376,0.1253916908346979,16.32128671160977,6.967392311842501,0,0.2032230400282254,1.3943594825698369
signsuisse_test,sockeye,545,deu,sgg,0.17137294447712695,0.24807778098806896,13.702351282881082,6.487666357514709,0,0.3528461688427471,4.263415987704395
signsuisse_test,sockeye,546,fra,fsl,0.2981258885609228,0.3481968953842061,38.904258133195015,25.425346776935807,6,0.6030181719074391,9.604393309015409
signsuisse_test,sockeye,547,deu,sgg,0.1937588916526934,0.2554698892070687,25.759680170396454,10.418988699657417,1,0.3940494721540108,2.9762290439625336
signsuisse_test,sockeye,548,ita,lse,0.1327457905790013,0.2069394221144304,15.366807814396632,6.665888802149087,2,0.2209344827538826,0.9539523895963372
signsuisse_test,sockeye,549,deu,sgg,0.15011618055696369,0.2136210621699006,23.143333153669595,14.807068350403904,9,0.3972621635338849,1.872395264500328
signsuisse_test,sockeye,550,deu,sgg,0.39110649454442564,0.4390087689772732,41.4976240107532,16.290207769612902,4,0.3421659675939844,2.0349652692679294
signsuisse_test,sockeye,551,deu,sgg,0.22939758755085204,0.2555863636973444,35.566044718880995,18.064517582057746,7,0.3920180059961468,3.227827538425267
signsuisse_test,sockeye,552,fra,fsl,0.14245986232536015,0.26022052468763524,16.2376259207865,13.26525069047273,5,0.4240638852313345,13.737807979340309
signsuisse_test,sockeye,553,deu,sgg,0.3493480711520381,0.39146299944967033,31.268891110463194,18.184927620616516,6,0.3764460526073871,2.504702134542585
signsuisse_test,sockeye,554,deu,sgg,0.06646473008235104,0.13671356036406052,21.729867704470422,9.814193124921744,6,0.3520503106433137,3.055577770496662
signsuisse_test,sockeye,555,fra,fsl,0.16693386527692927,0.2884440777660748,23.540141632503016,19.037924506883186,9,0.3989975847896986,18.02668916718376
signsuisse_test,sockeye,556,ita,lse,0.3405839314043432,0.3505686749287927,44.458943153566366,18.84023923176809,10,0.5650241750785704,5.597791938878348
signsuisse_test,sockeye,557,ita,lse,0.143930505963617,0.1837064015766152,16.92545513101343,9.639453974604375,3,0.5359170544259668,7.240879887052104
signsuisse_test,sockeye,558,deu,sgg,0.23312226854735257,0.262625684643274,37.429574082796904,18.245656993715397,6,0.3879429637697879,2.503815077232816
signsuisse_test,sockeye,559,ita,lse,0.15246060129718575,0.24957862976187184,24.99401810993894,16.333055162639997,2,0.3654438386675811,6.111041440550776
signsuisse_test,sockeye,560,fra,fsl,0.22499047664668925,0.3155795979219747,48.14888113597564,33.856020539973734,13,0.5834370208643502,11.990605718262143
signsuisse_test,sockeye,561,ita,lse,0.20512169904206215,0.2570958514927694,24.436805035131446,12.922088268782616,2,0.3126888991701132,2.7767973913883326
signsuisse_test,sockeye,562,ita,lse,0.10962915562511072,0.1671784479100727,20.661970285905987,9.185176381606354,4,0.3161250744577727,3.15168594678852
signsuisse_test,sockeye,563,deu,sgg,0.11266489511388823,0.16598350491698372,19.04896074062288,11.2913483011213,2,0.2387749727797961,1.810970417811344
signsuisse_test,sockeye,564,deu,sgg,0.22116255344038624,0.26514121644560884,17.284023307967324,8.721809062355685,2,0.4735043962979591,3.135772600381139
signsuisse_test,sockeye,565,ita,lse,0.1161193397634153,0.19609980628763263,31.130265030341658,16.313672607233748,10,0.3100668854399762,2.264374851175878
signsuisse_test,sockeye,566,ita,lse,0.44441457389907396,0.4098191706516859,38.13334590428708,13.571962968771325,2,0.534845044907341,4.841364559553217
signsuisse_test,sockeye,567,ita,lse,0.17801522932621305,0.29844967912753495,26.897082967111928,22.582819336430543,5,0.4203333064478644,3.818280757607511
signsuisse_test,sockeye,568,ita,lse,0.17022884712245162,0.2359879678413621,22.938763295498138,9.28591658682792,2,0.296167514483851,2.6580560667812194
signsuisse_test,sockeye,569,fra,fsl,0.42786841570828854,0.4527679844172486,25.329497184140678,13.999399339827262,5,0.415248006826343,3.0178000589791014
signsuisse_test,sockeye,570,ita,lse,0.3694832282571414,0.3607499846771524,50.358719296751175,19.441119471106436,4,0.2423079907304436,1.586289237523384
signsuisse_test,sockeye,571,fra,fsl,0.29952410094376597,0.38851128956751285,51.325521859132756,35.19456119440688,6,0.657109901764055,4.926252180745836
signsuisse_test,sockeye,572,ita,lse,0.1448566337859019,0.22293045538271916,21.764628934338774,12.995595997769694,1,0.40885076093304,4.205541619874766
signsuisse_test,sockeye,573,fra,fsl,0.26808271511965676,0.34951217494353437,63.282287291565765,55.31553633588555,5,0.4477851678552967,6.06455367386839
signsuisse_test,sockeye,574,deu,sgg,0.23879883467537583,0.2930168359313891,26.249609907917606,20.786530063682576,0,0.4144628658644358,2.471149540856201
signsuisse_test,sockeye,575,fra,fsl,0.17248317011176595,0.26083748747660657,31.940926260256557,20.022031028602473,0,0.4030162029176547,6.428280760711561
signsuisse_test,sockeye,576,ita,lse,0.35601972256271686,0.36482781089692684,41.55920991980398,17.60522790988366,4,0.3844021723807714,2.8727503799087715
signsuisse_test,sockeye,577,deu,sgg,0.096893620411717,0.14640989311992203,24.298521032160888,11.434485091412322,3,0.308771867394102,3.338717300822564
signsuisse_test,sockeye,578,deu,sgg,0.15883500663235076,0.2483935137661242,38.07412967387216,25.20375035943044,7,0.4911543246083093,4.425705548940094
signsuisse_test,sockeye,579,fra,fsl,0.22407209462158723,0.2838454127745934,34.519415915914145,19.72721750525175,3,0.3741723494358207,4.377104665083712
signsuisse_test,sockeye,580,deu,sgg,0.04900193181043339,0.0993166731026975,18.318480788480834,7.376765867438901,1,0.3764273519903269,5.725256548530053
signsuisse_test,sockeye,581,ita,lse,0.3180158578633906,0.33874718413996197,33.68884407228357,14.349682569208742,8,0.5213856247655327,7.402047663059605
signsuisse_test,sockeye,582,fra,fsl,0.31661231691850167,0.38082563365681776,28.943527949251926,20.273344419686918,4,0.4275994542884928,2.3025219176719576
signsuisse_test,sockeye,583,deu,sgg,0.2839921380996345,0.3549910373374127,31.55271920887711,26.682225284683494,5,0.3548477036535575,3.280279017680064
signsuisse_test,sockeye,584,fra,fsl,0.19591838256515487,0.3087748168963717,27.44053889964141,23.757969162271753,4,0.4710624733894528,8.040543562271237
signsuisse_test,sockeye,585,deu,sgg,0.3654849941068526,0.39331794396502595,38.43516706648576,24.11861319704246,5,0.3825480238458008,2.8941775173714874
signsuisse_test,sockeye,586,ita,lse,0.2763150275814863,0.3255544975617306,25.071493380205453,14.595812592424664,2,0.3861414804300235,3.2199027773493896
signsuisse_test,sockeye,587,deu,sgg,0.117401530601109,0.18852986350751488,22.558015888918806,14.872680868017929,4,0.4208352672180661,3.964228910465032
signsuisse_test,sockeye,588,deu,sgg,0.2714540033858234,0.30444053340195304,27.44834343605728,15.331130848257706,10,0.497895245016615,4.5073157060565725
signsuisse_test,sockeye,589,deu,sgg,0.22824256443118127,0.29939674915357367,23.938933115233,11.811574294411376,3,0.3582439975069541,2.2674595633255965
signsuisse_test,sockeye,590,deu,sgg,0.25992738802842363,0.26532791753910573,21.82182284926253,8.966915959933761,3,0.4735863178250099,2.492319742792254
signsuisse_test,sockeye,591,fra,fsl,0.2211791105071792,0.2403659217648602,28.523082528639883,20.972509482927286,4,0.627864154938424,7.479030410015373
signsuisse_test,sockeye,592,deu,sgg,0.36704357726128245,0.3782983452475956,38.51628710464321,13.928769815304907,5,0.3871400623175818,2.582932345314826
signsuisse_test,sockeye,593,deu,sgg,0.22140409487170698,0.2933260117068173,33.26373162926023,14.389471525382545,3,0.3320879403233067,2.2165157630655896
signsuisse_test,sockeye,594,deu,sgg,0.26992776158466447,0.3361291416562546,25.788303135823966,8.870855257938192,7,0.3661520265274058,2.518023728674109
signsuisse_test,sockeye,595,deu,sgg,0.2760344551740801,0.3348116205367547,20.78701019947478,9.913674307001893,6,0.7813057590588929,6.007313231888494
signsuisse_test,sockeye,596,ita,lse,0.23286010543049318,0.30101666861678866,66.5212429579984,53.239155218578254,8,0.3676941388920607,4.782065399098856
signsuisse_test,sockeye,597,deu,sgg,0.35958299922629067,0.3298055040559013,37.211006081314565,12.44731571531925,5,0.3450948167121848,1.9562458605647464
signsuisse_test,sockeye,598,deu,sgg,0.1276323958104293,0.20845881867466584,21.327603025571594,13.834804336684625,5,0.3854140737882644,2.130347324808469
signsuisse_test,sockeye,599,deu,sgg,0.15562665453297594,0.2238405168442013,18.339507362181934,10.549662527045136,3,0.3193105354793796,2.151958413090944
signsuisse_test,sockeye,600,ita,lse,0.17457239946759576,0.25145228420347077,25.941975540706284,15.689441117228169,5,0.4301709471427592,19.85980129723935
signsuisse_test,sockeye,601,fra,fsl,0.19130639181398718,0.3113990923045733,38.86706737930226,23.81193034554516,8,0.4391918689892449,2.689554949093246
signsuisse_test,sockeye,602,deu,sgg,0.27315497277266876,0.31512070019480254,25.556776305080717,12.19031815560799,4,0.357920585262172,3.315867772675968
signsuisse_test,sockeye,603,ita,lse,0.25031115482347,0.28053708809327055,40.058544434321256,20.161235715146724,4,0.2837182521487704,3.0378128622237126
signsuisse_test,sockeye,604,ita,lse,0.0565009857846307,0.11954551274040194,14.546469461144545,7.698565214245388,1,0.304144558636388,2.299950058812965
signsuisse_test,sockeye,605,fra,fsl,0.39693118698283203,0.4064648774315146,55.82141486195686,23.83251917940856,11,0.3797237895808822,4.153678708880448
signsuisse_test,sockeye,606,deu,sgg,0.2408000540285326,0.31536046798713757,29.184195797573405,27.205322289725164,8,0.4425335908938861,3.1931207362535035
signsuisse_test,sockeye,607,fra,fsl,0.24405009831679272,0.28037560652648214,37.90184565908214,25.80070608512741,1,0.4954597582855615,7.962639755034303
signsuisse_test,sockeye,608,deu,sgg,0.04659529094263932,0.11942730889853712,13.829133569335758,8.922953040768633,3,0.4004466434853754,4.945120570100791
signsuisse_test,sockeye,609,deu,sgg,0.16152400196173183,0.21027628032695733,24.591611431109357,12.23980814086911,5,0.3265175718249195,2.271979810228885
signsuisse_test,sockeye,610,ita,lse,0.21991771689862907,0.31140166085720855,15.699284019371467,8.909820213372516,2,0.3572437878760009,2.567390753301912
signsuisse_test,sockeye,611,deu,sgg,0.37918246349515633,0.3985565945560041,41.291353523667155,20.239979609162795,6,0.3851317971342134,4.447452580415441
signsuisse_test,sockeye,612,deu,sgg,0.11035287429113745,0.19502122639431557,17.86974963563316,11.64994081467031,4,0.3739055715187283,2.683142949013277
signsuisse_test,sockeye,613,ita,lse,0.11912579036815324,0.1852371756963542,20.252079568351075,11.290801596756994,2,0.2237291409577517,2.364846790599302
signsuisse_test,sockeye,614,deu,sgg,0.36985406391245557,0.4086463645232568,30.99045356558477,15.983817317621627,9,0.5488784574880892,3.4256633761708937
signsuisse_test,sockeye,615,fra,fsl,0.24971175735567033,0.2965566498864653,39.93766166625812,35.72125777341985,1,0.4792156237108037,9.41777934736312
signsuisse_test,sockeye,616,deu,sgg,0.21011680767412153,0.2674912694360005,14.590784129693942,4.170238863051235,1,0.408495627560113,3.5710038335755243
signsuisse_test,sockeye,617,fra,fsl,0.2603734492961528,0.35509008312501666,41.86081453675625,26.120242927169944,4,0.5412900540269603,7.800134509185336
signsuisse_test,sockeye,618,fra,fsl,0.33191146257673604,0.4368448107401955,37.533930548350696,19.622150728467883,1,0.3521420460087295,3.5951756547105407
signsuisse_test,sockeye,619,deu,sgg,0.2548999911208856,0.27013639695595737,27.184081868178904,13.781767329882452,4,0.3898678955054437,4.106096382872277
signsuisse_test,sockeye,620,deu,sgg,0.14145670391841317,0.18664243334490105,14.005374314391014,7.8909044293676835,4,0.4019249878771104,2.4970905691700027
signsuisse_test,sockeye,621,ita,lse,0.09143780625325791,0.1932476269632584,26.161819179309,18.665580637758016,4,0.4078494797970962,14.35098596100426
signsuisse_test,sockeye,622,ita,lse,0.29575529178417675,0.3620686274177686,40.96076008194417,28.94860872509747,6,0.4303811908343529,6.091497863125903
signsuisse_test,sockeye,623,deu,sgg,0.1547644152859169,0.2014061591255938,20.385700458494394,10.573157845239223,5,0.3135084992209203,1.5041758111758172
signsuisse_test,sockeye,624,fra,fsl,0.19015099970365185,0.2940550270781818,39.74974563999575,29.724253784974458,5,0.4575423834686943,5.868552902501336
signsuisse_test,sockeye,625,ita,lse,0.30561584369725886,0.3646431373263618,21.93795319213879,11.22402431470364,1,0.2943479213626516,1.7875900919116998
signsuisse_test,sockeye,626,ita,lse,0.22822405439084745,0.30595919699301766,27.227297686615085,23.39812945185263,5,0.4101102622155673,7.811936816082605
signsuisse_test,sockeye,627,ita,lse,0.20758284959806195,0.2800813724903428,19.635694111650565,8.183759770430719,5,0.3480204124011732,2.177125874044896
signsuisse_test,sockeye,628,ita,lse,0.2433253633428503,0.3202001019934226,42.60943272057817,19.22843261099259,7,0.2698420916888862,1.8952398083640876
signsuisse_test,sockeye,629,fra,fsl,0.14919414554666216,0.2651979241209117,34.61531584805485,31.864068020281813,16,0.4085128279634687,3.2876715417921183
signsuisse_test,sockeye,630,ita,lse,0.15756338777639864,0.26073119475473144,16.557261787275294,9.613893137348333,4,0.392070697125108,6.1499327528014485
signsuisse_test,sockeye,631,ita,lse,0.327073821356857,0.36428759201311256,20.626002144073205,11.613592665276494,8,0.3674356147535492,2.580322799328798
signsuisse_test,sockeye,632,ita,lse,0.16069336946742263,0.2434930923327926,16.430878426926647,12.464235453834055,0,0.4070237402810748,7.49638634031902
signsuisse_test,sockeye,633,deu,sgg,0.13487741250878196,0.17978894204631446,24.371504651915146,15.886743825277293,8,0.7013663044313616,6.271248620413425
signsuisse_test,sockeye,634,ita,lse,0.184754279010394,0.2783490889904794,19.931206550261603,12.802016838573245,4,0.3122489788464317,1.841457475678308
signsuisse_test,sockeye,635,deu,sgg,0.23513595495155418,0.29967197590731137,16.66694761901931,11.243789900797832,1,0.3302044217370072,3.1497112397910145
signsuisse_test,sockeye,636,fra,fsl,0.17158520093370622,0.25955365575655864,62.01881415651442,39.96793752548989,12,0.3478148146232228,2.894072180936344
signsuisse_test,sockeye,637,fra,fsl,0.17594859868319535,0.3017340594418738,61.4303398959666,44.105137136004075,0,0.3955849017537177,6.3436831047862725
signsuisse_test,sockeye,638,deu,sgg,0.16560680312796655,0.2509785330078925,16.795042715066767,9.958764161403654,8,0.5069210911016767,3.7601565313392
signsuisse_test,sockeye,639,ita,lse,0.35120678691418583,0.33757725152869306,33.325323333404775,16.28029772773737,2,0.6270013097229888,5.307769598714362
signsuisse_test,sockeye,640,deu,sgg,0.13648685511884256,0.21162654541647252,15.415066298102497,9.516071866522823,4,0.4591558389794902,2.8833779441371528
signsuisse_test,sockeye,641,deu,sgg,0.3273756031389173,0.3740912511714097,24.717749957299052,9.614012571725445,5,0.3137503505125945,1.6476368863615654
signsuisse_test,sockeye,642,fra,fsl,0.17321702558683383,0.24990630953904666,60.76956412426185,40.87900334607041,7,0.357424296728022,10.688574010654431
signsuisse_test,sockeye,643,deu,sgg,0.1366535076701266,0.24223266499955645,25.065009514539728,18.350970007392252,5,0.4235624072304272,3.2316993005037333
signsuisse_test,sockeye,644,fra,fsl,0.2147582039513503,0.3145175521703316,29.088867074328977,18.34397917261072,7,0.2777648075709987,1.518411309481978
signsuisse_test,sockeye,645,deu,sgg,0.21354602857561034,0.24886026284762808,48.909262053170465,30.477107268318026,15,0.365066398131395,2.530656034570004
signsuisse_test,sockeye,646,fra,fsl,0.2196067905299805,0.3105410724862872,39.934728055812926,31.70288133691929,7,0.4150804494440315,4.6927876429567785
signsuisse_test,sockeye,647,ita,lse,0.10229685393941496,0.16117811933989198,26.0394520623178,11.008937466220424,2,0.3120286547936608,3.189733696981174
signsuisse_test,sockeye,648,fra,fsl,0.17037277071353962,0.25113401143660247,31.564753780787065,25.479788475086192,5,0.5103270107645594,7.032005876447833
signsuisse_test,sockeye,649,ita,lse,0.11899449822381099,0.19558582731328128,28.663245693456034,17.843897923897053,2,0.5504347001678036,6.431145959124908
signsuisse_test,sockeye,650,deu,sgg,0.24202118059071406,0.3363245697492722,27.388885242133153,12.445117889251653,0,0.3558432598701028,3.024078955386946
signsuisse_test,sockeye,651,ita,lse,0.3511400811511297,0.3801100040986985,26.37443099010484,13.581336750253444,3,0.3593461024421718,3.088267876135565
signsuisse_test,sockeye,652,ita,lse,0.25998005342338887,0.2706252842458822,16.265473417425678,6.946067411429931,0,0.3646606168855092,2.491574052657569
signsuisse_test,sockeye,653,fra,fsl,0.213906444574307,0.31393143904242726,34.85150750009997,29.004320774094516,8,0.4030088031484284,6.3281679750665
signsuisse_test,sockeye,654,fra,fsl,0.3990597908670034,0.4230707770916442,75.89914542065132,35.12291317923836,2,0.4045720793342543,4.264605089585253
signsuisse_test,sockeye,655,deu,sgg,0.20055174386978333,0.30358184485107764,21.877657544460504,11.917918185428237,2,0.3492586171688957,1.904105418987304
signsuisse_test,sockeye,656,fra,fsl,0.24299401979969487,0.3280786830772926,34.36613002346784,20.048318884213487,5,0.314887137025289,2.516129918421492
signsuisse_test,sockeye,657,deu,sgg,0.3391678149407494,0.37269145351591154,24.933840623298376,13.0096231126723,2,0.5327634596848853,3.177878413625818
signsuisse_test,sockeye,658,deu,sgg,0.22234053902071466,0.21020533998848503,29.366896781659822,8.635124162257329,4,0.3479352059345535,2.646048641234028
signsuisse_test,sockeye,659,deu,sgg,0.31518554513326386,0.3491745419588741,32.78726381369117,12.51767616137357,5,0.4336328215999324,3.673112875258555
signsuisse_test,sockeye,660,fra,fsl,0.17311389794298276,0.24734522788757493,60.17154235045708,40.88693997349406,9,0.6271560883611369,5.385908696676032
signsuisse_test,sockeye,661,deu,sgg,0.06783066868075485,0.12529527542599936,18.414569282114122,10.166569147787861,4,0.3119169903962485,1.5123091650709553
signsuisse_test,sockeye,662,deu,sgg,0.19402986170225098,0.31513549047597056,39.5134884457411,23.867847354651822,0,0.376426649852059,3.198634957812205
signsuisse_test,sockeye,663,fra,fsl,0.1301964477311809,0.192413546037362,28.322149065462792,18.465165202941634,7,0.3605489237300292,4.874952235539359
signsuisse_test,sockeye,664,deu,sgg,0.5650345689845916,0.5452351338713067,36.01680422774923,14.702429459668966,8,0.419843001145454,2.035846425941582
signsuisse_test,sockeye,665,fra,fsl,0.19168100797624113,0.26744933102769297,33.87319044198931,23.512509568452657,5,0.5503783076779618,5.03651766458967
signsuisse_test,sockeye,666,deu,sgg,0.27587071303783695,0.3402726796609695,21.852997734035675,7.507050519735697,1,0.2263180638152534,1.0788452134298585
signsuisse_test,sockeye,667,deu,sgg,0.22766945676241,0.26528584897282276,22.94191377709638,13.121049002042508,9,0.275935787298781,1.2473610072301158
signsuisse_test,sockeye,668,deu,sgg,0.1947746242308377,0.3076706916666476,28.955567488688676,23.28509206251088,0,0.4075987178154612,6.028327555061716
signsuisse_test,sockeye,669,ita,lse,0.211806335713329,0.2799808347848875,23.57223097478591,17.354607972146802,2,0.3524603778125877,3.083197756292982
signsuisse_test,sockeye,670,deu,sgg,0.3861473066141917,0.419024739382928,56.26702750553317,20.770518412523952,4,0.3313212126822664,2.280390427469691
signsuisse_test,sockeye,671,deu,sgg,0.38521496572061903,0.45348131606360476,44.38074474841139,30.60279788120489,7,0.4233211414778198,4.47134798521731
signsuisse_test,sockeye,672,deu,sgg,0.16054867337866655,0.20487755507498653,19.064203869806708,12.512445787775183,6,0.4200487694531347,3.8875882619146376
signsuisse_test,sockeye,673,deu,sgg,0.1727811322997389,0.2739797275513422,24.859960868402236,15.718194926612284,2,0.2341335953667922,1.395642820942166
signsuisse_test,sockeye,674,fra,fsl,0.21433668266465014,0.2952861310588475,20.395834996701733,11.949793993595817,3,0.4698511104342934,6.098187629115344
signsuisse_test,sockeye,675,fra,fsl,0.27711987265785487,0.30799740660312286,46.114373786257715,25.307158951518467,16,0.4661217201034342,4.526493036004392
signsuisse_test,sockeye,676,ita,lse,0.30899164215513947,0.3446864426747915,26.039224162780688,16.05806822480152,8,27.48149547552136,27.48149547552136
signsuisse_test,sockeye,677,fra,fsl,0.23756721898957586,0.3287630882486386,22.833657739611862,13.229755833236784,4,0.3435433295183112,2.952225642578258
signsuisse_test,sockeye,678,deu,sgg,0.24428998265063964,0.27895600113437485,24.095143464549253,8.98095807787638,2,0.4829925035547477,3.593903652416578
signsuisse_test,sockeye,679,deu,sgg,0.28680183092172346,0.3270726126986113,23.244654831572426,10.882329429276675,8,0.4388737626684419,2.7760714918636684
signsuisse_test,sockeye,680,deu,sgg,0.3095114296773361,0.37622368066026474,22.761325034068854,9.955935479425948,1,0.2882470315732594,1.6513711594566012
signsuisse_test,sockeye,681,deu,sgg,0.38762412049941525,0.37487770896886796,46.500619469138144,16.94749387259731,5,0.3671780280899848,3.0117649157986923
signsuisse_test,sockeye,682,ita,lse,0.27753493076472346,0.348352106518598,21.693219187681034,7.385912374358737,2,0.3556021131162827,2.7233534123027225
signsuisse_test,sockeye,683,deu,sgg,0.08727407684503652,0.16332124254887648,36.07308593537508,16.525170458316484,5,0.3539493387411308,1.851976837882737
signsuisse_test,sockeye,684,fra,fsl,0.27758486268793275,0.329281414945118,52.60218576380159,37.006950406866615,7,0.4042963257371282,2.673673093974584
signsuisse_test,sockeye,685,fra,fsl,0.34128384830471625,0.3634525718277235,29.040013899875433,17.390543224869198,6,0.3415143516211912,2.477358448812646
signsuisse_test,sockeye,686,fra,fsl,0.15511660395836244,0.2179332068433591,30.262001798212378,28.186030722116964,7,0.4079142584162964,5.15699665233194
signsuisse_test,sockeye,687,deu,sgg,0.11403745823882248,0.1833986850491444,25.007173541563322,9.50469767325702,1,0.2988067499054411,2.2640612491768883
signsuisse_test,sockeye,688,deu,sgg,0.1501299985686923,0.1977718141620522,14.98020325737436,5.720315231714766,0,0.2928257722184318,1.2456591066661782
signsuisse_test,sockeye,689,deu,sgg,0.14125520600317548,0.21428419336793864,24.800649793668864,14.474098163770567,3,0.2908561515159786,1.7510587701519436
signsuisse_test,sockeye,690,deu,sgg,0.14279274485418053,0.2562240201262448,20.95131319919589,18.52448823788336,5,0.4054764531333416,4.365485109078319
signsuisse_test,sockeye,691,deu,sgg,0.24778744350093315,0.290752033723802,41.32682391045003,18.83732857473616,9,36.33019379675839,36.33019379675839
signsuisse_test,sockeye,692,deu,sgg,0.38273983444513054,0.4083441012476032,42.01514626482542,11.423468438747017,8,0.3477587535645294,1.5355611150448494
signsuisse_test,sockeye,693,fra,fsl,0.28659020073568015,0.39426218482637826,35.399993199805856,19.91747477917166,2,0.3313885416850926,2.464314873586224
signsuisse_test,sockeye,694,deu,sgg,0.34383256470816087,0.43172174169846006,22.03415132801667,11.507896836523752,7,0.381690694060083,4.590986621162776
signsuisse_test,sockeye,695,deu,sgg,0.17853917935468053,0.2767153221352155,24.273571900625726,12.772379248788363,0,0.4022669835466776,2.470148273279372
signsuisse_test,sockeye,696,ita,lse,0.2115490061250765,0.2568263191345669,20.331616102998346,14.213653470772968,7,0.3876756074129752,12.446194843188405
signsuisse_test,sockeye,697,fra,fsl,0.3512740987480753,0.465112716064503,22.197792623447622,10.049065788279815,2,0.3597899159253379,5.247465430345047
signsuisse_test,sockeye,698,fra,fsl,0.2579609718322017,0.30775841171014945,43.8944352566446,30.402033798892298,10,0.5037252945430207,12.441057003907678
signsuisse_test,sockeye,699,deu,sgg,0.27925662004560203,0.32196685621467575,32.76083564368217,15.992628846360638,7,0.3351406304146551,1.950974388586784
signsuisse_test,sockeye,700,deu,sgg,0.15268723089599595,0.2386292918317764,20.74923198893396,16.039438598867196,2,0.3818473007574017,3.6337912344058703
signsuisse_test,sockeye,701,fra,fsl,0.3174462000374946,0.3809288186308384,19.605455056249994,12.04677980356768,1,0.3737584429787501,4.393418493531311
signsuisse_test,sockeye,702,deu,sgg,0.07167239209460168,0.13351960620719805,20.91499623479284,11.353029636986943,6,0.3336867165584028,2.027759730170408
signsuisse_test,sockeye,703,ita,lse,0.39864192082467104,0.4135473418927811,37.50592160534615,15.043741323366678,3,0.3253223420498698,3.5898219552874657
signsuisse_test,sockeye,704,deu,sgg,0.24773861398503963,0.2839363596426089,22.29212142289371,14.511448248404607,5,0.3366824925446414,2.385611169697535
signsuisse_test,sockeye,705,deu,sgg,0.20496205001453477,0.2679516555985447,32.36410783332648,22.516919751507196,12,0.3421990130026781,2.633466614453274
signsuisse_test,sockeye,706,fra,fsl,0.17515864912381482,0.292768874383883,27.32375365692786,21.667491583049234,4,0.4181195036290546,16.073289203551166
signsuisse_test,sockeye,707,ita,lse,0.17991807290908407,0.24816153502434235,24.41820905869751,11.741984636645839,1,0.3819914565359633,7.788098666808678
signsuisse_test,sockeye,708,ita,lse,0.2571043955479918,0.2858462613846948,39.54222925825857,19.98677828738943,6,0.3555784319593475,2.012978172525641
signsuisse_test,sockeye,709,ita,lse,0.17209770207438518,0.23930584894241763,19.590129725446218,10.441034273787833,7,0.4329703677641606,1.7376592102382185
signsuisse_test,sockeye,710,deu,sgg,0.19296931394830988,0.2643197431838147,33.40469146299742,27.336324554533487,4,0.3420075241761252,3.0740430580528297
signsuisse_test,sockeye,711,ita,lse,0.20166715565927043,0.24229243282325963,23.573890475847872,12.089968617760139,1,0.3210344433785242,2.330121591837775
signsuisse_test,sockeye,712,deu,sgg,0.2285919775021494,0.33042022883820543,44.58780143666698,28.289439966232887,13,0.4226681395708447,3.415585838789722
signsuisse_test,sockeye,713,fra,fsl,0.18898541842286712,0.2653452427360938,33.32209742275819,22.507754547363817,4,0.4007529402409427,3.8544854420127166
signsuisse_test,sockeye,714,deu,sgg,0.07170524333817649,0.1353333805656268,12.89772700546466,8.295346962035246,2,0.3549642998635735,2.469447650707762
signsuisse_test,sockeye,715,fra,fsl,0.19307666028112527,0.29077514222915035,34.95290280668677,27.643699236166434,4,0.320361737645252,3.737591733303623
signsuisse_test,sockeye,716,fra,fsl,0.1678925033695517,0.27378199952754073,28.685623411345617,22.525648055509663,5,0.3542075980883746,5.126073935426865
signsuisse_test,sockeye,717,deu,sgg,0.08095282826530689,0.1302644933064268,18.674411819690647,10.342449350728815,5,0.363935681527481,2.7231785303372504
signsuisse_test,sockeye,718,fra,fsl,0.17234842109629975,0.23780644777362492,21.063497725233383,13.848284099331247,1,0.5024175741270808,9.72754693927658
signsuisse_test,sockeye,719,deu,sgg,0.2717375481213849,0.31750543216467486,31.054895024831552,18.015105660688825,6,0.3596668321688366,2.775338414600282
signsuisse_test,sockeye,720,deu,sgg,0.16591371172867933,0.2513108134740047,32.22953756466275,15.03941706262419,7,0.2926772753503833,1.2010755633503256
signsuisse_test,sockeye,721,ita,lse,0.35728946925561184,0.4410759506772275,32.73242562147832,13.22899586827846,1,0.359010823781929,3.198006378728772
signsuisse_test,sockeye,722,ita,lse,0.36140076732733073,0.3859089594276502,36.61397494355928,9.268455167080763,2,0.2046093868421976,2.2270300483941123
signsuisse_test,sockeye,723,fra,fsl,0.26548211779735403,0.2788793213885683,18.363800933957815,13.545021999959609,3,0.4366799630718367,3.419189820119178
signsuisse_test,sockeye,724,ita,lse,0.31940113292305733,0.3576439184453002,44.23957244550808,21.564416544178204,3,0.3738352824414526,4.275626003758064
signsuisse_test,sockeye,725,fra,fsl,0.21908651519481845,0.2926194085585414,24.186876063311395,14.938363043549415,2,0.4489575615317288,8.295122518241383
signsuisse_test,sockeye,726,fra,fsl,0.28456861811269163,0.30808498475882296,66.50574132788272,47.69198103572801,11,0.4690726247299862,6.772781793989055
signsuisse_test,sockeye,727,ita,lse,0.35306423324860503,0.39271733405662174,33.414494711821334,12.260554385359665,8,0.3879328136974868,2.6570985467548973
signsuisse_test,sockeye,728,deu,sgg,0.15420142751351823,0.20555916987784592,24.89076376151571,13.71734773769627,4,0.2918959004963899,2.5039969934506794
signsuisse_test,sockeye,729,ita,lse,0.3152955042745617,0.38469672394762344,29.50081578344963,11.348459201695466,2,0.2435281393761944,1.713098586627441
signsuisse_test,sockeye,730,fra,fsl,0.19427320819444208,0.2381109227856963,38.69254662310953,19.216777214133497,4,0.4491154812706798,6.127605585932664
signsuisse_test,sockeye,731,deu,sgg,0.20478530137910747,0.27130251472457606,20.819829041330472,10.684277954200365,4,0.2607355129706817,1.9571575621869888
signsuisse_test,sockeye,732,deu,sgg,0.136921678906449,0.1996656963718218,17.81974427076843,9.910020069559266,3,0.4068756031052665,5.24226134145078
signsuisse_test,sockeye,733,deu,sgg,0.1895677187299063,0.24099561480373638,17.405539302188814,13.456961332086365,1,0.3244610171441938,2.9085391573371715
signsuisse_test,sockeye,734,fra,fsl,0.31907560335152135,0.3702805209749807,50.64360802530982,35.56821292852402,1,0.4486931838603088,4.8483540128872376
signsuisse_test,sockeye,735,fra,fsl,0.22176831209544642,0.2957401111163776,27.956514282438633,14.072027103585528,6,0.4033548880781892,6.985279876268844
signsuisse_test,sockeye,736,deu,sgg,0.23815271721399722,0.23665379931660435,25.30615433545915,16.13366091365113,2,0.4779710827781626,8.001701030951825
signsuisse_test,sockeye,737,deu,sgg,0.20619747315421869,0.2893292609436026,18.78784872498849,7.762364345100304,2,0.3875687255651376,4.363747786300398
signsuisse_test,sockeye,738,fra,fsl,0.23726050521290046,0.28507614656406355,52.80640525805829,38.316092999762326,7,0.3804130589912143,5.675680770197776
signsuisse_test,sockeye,739,deu,sgg,0.2313329678265001,0.2801155237064645,20.04100421124341,11.450069412022847,4,0.3149933900178117,1.598717756285154
signsuisse_test,sockeye,740,fra,fsl,0.20686767342069085,0.33361460165232315,52.818133444599454,48.06211739495276,8,0.3518680943523783,4.65303837070154
signsuisse_test,sockeye,741,deu,sgg,0.2820570706273056,0.33353101918777317,28.908956075285474,10.379885931266735,7,0.3055916862630597,1.676030226996725
signsuisse_test,sockeye,742,deu,sgg,0.23607377841861168,0.29284457870559993,44.70764515477839,25.014320798404594,11,0.2896738746811744,1.9076002421833755
signsuisse_test,sockeye,743,ita,lse,0.3974477428752261,0.4438154869177996,20.26131526422429,8.901367641917112,2,0.2861206313317431,1.9007667593951871
signsuisse_test,sockeye,744,deu,sgg,0.1764015553797254,0.24745853931850573,23.40487240413292,17.047183532579705,9,0.3184653022675072,1.7909296385218862
signsuisse_test,sockeye,745,fra,fsl,0.23029145910383658,0.32225915650894965,50.74431365396231,28.102935727190456,2,0.2871460250251227,2.473274279335302
signsuisse_test,sockeye,746,deu,sgg,0.15461925709165442,0.23248553240451902,14.307214526123206,10.024660288130937,3,0.4081459182707357,3.2360900274939675
signsuisse_test,sockeye,747,deu,sgg,0.16024946888702088,0.2225280576137305,17.152477553633044,7.348753802707174,4,0.5074648528303147,3.631719693308111
signsuisse_test,sockeye,748,deu,sgg,0.1261264350789803,0.1865621001543208,19.377453152257825,10.25494105184956,1,0.409671896444839,4.923240474412638
signsuisse_test,sockeye,749,deu,sgg,0.13002940196829155,0.19964649226196712,23.30191008000912,14.302774445091746,4,0.4214589083268421,2.6564024790240124
signsuisse_test,sockeye,750,deu,sgg,0.1223116354350408,0.17154141304203918,31.153756430480204,13.556618276939233,7,0.361282761716744,2.6527424993966537
signsuisse_test,sockeye,751,ita,lse,0.10345866420953614,0.18597535456766962,15.633713714782312,9.696444643857138,0,0.3007694979843248,2.561190297514151
signsuisse_test,sockeye,752,deu,sgg,0.29515208097462375,0.28987553705670066,28.937984252818904,8.74472698638503,5,0.2572583972645444,1.3039944469512992
signsuisse_test,sockeye,753,ita,lse,0.05219206019984804,0.1271579411730642,17.586723976078734,11.986781954086544,1,0.3239401919493641,1.5742380627316217
signsuisse_test,sockeye,754,ita,lse,0.1165057041115412,0.2082874956618861,16.66152815969164,9.991381816917244,7,0.3887396031079069,1.976420414969512
signsuisse_test,sockeye,755,fra,fsl,0.4275335334328552,0.5067734907559499,53.96461634089145,26.958693552598092,2,0.3929093613677842,2.577301168224611
signsuisse_test,sockeye,756,ita,lse,0.2791222534656442,0.3516817619784602,28.00600841622342,16.77195369573,3,0.3710856259688884,5.924565886512465
signsuisse_test,sockeye,757,deu,sgg,0.07201694599238605,0.13660916171258955,18.608221298281276,15.206418778793717,8,0.306120227457931,1.8771401603640656
signsuisse_test,sockeye,758,fra,fsl,0.1892418725486334,0.28022848886092666,36.268481385094226,19.28125614280582,1,0.3946082964371681,3.3734612617675737
signsuisse_test,sockeye,759,deu,sgg,0.2530860370644836,0.3273934628797531,41.50056089537771,30.231305405190387,2,0.3296713164761921,2.666112474128144
signsuisse_test,sockeye,760,deu,sgg,0.08129162351077109,0.14031557641729622,30.968126971158913,13.84674169967707,2,0.3554613813832254,2.3538850696811875
signsuisse_test,sockeye,761,fra,fsl,0.23780801114152902,0.3194648294039547,36.79173744565531,21.604094352089792,4,0.3152706741476755,3.791544223329411
signsuisse_test,sockeye,762,deu,sgg,0.26289057155142,0.3069641690206668,28.245246929774567,14.731529316854653,10,0.3634393904625374,2.056712147870048
signsuisse_test,sockeye,763,deu,sgg,0.14637068817223833,0.2411023714151968,22.255188717438948,15.728734896408625,0,0.3453539623230903,3.049631920783729
signsuisse_test,sockeye,764,deu,sgg,0.1954564525240931,0.2749217175076819,20.019328894696645,10.920004119050574,5,0.5320639107492195,4.43150545026827
signsuisse_test,sockeye,765,deu,sgg,0.3364169472779303,0.34756887889631966,54.72492599766273,25.823549066361625,12,0.3030647913489742,1.8612381523652577
signsuisse_test,sockeye,766,deu,sgg,0.2837525417992437,0.34417850629293917,19.89050004210773,8.375341267446386,5,0.3856683376801989,1.8862757445209133
signsuisse_test,sockeye,767,fra,fsl,0.16100971048361074,0.2300032502890023,26.26944826923956,15.481936731662163,4,0.2684865591082396,1.6385871887284515
signsuisse_test,sockeye,768,fra,fsl,0.4355606981823298,0.48506195478440106,118.5284973676508,69.51110190066869,1,0.4245117188243968,3.929603002724048
signsuisse_test,sockeye,769,deu,sgg,0.18009156350453126,0.21842769239098675,32.198494922442144,16.010396075875818,11,0.298430333253748,1.835885285601199
signsuisse_test,sockeye,770,deu,sgg,0.40638454304188093,0.4561627243466442,34.669991425280756,14.057963563028881,4,0.3439414382637965,3.5009332942299625
signsuisse_test,sockeye,771,deu,sgg,0.35715707230524196,0.37341513141551835,23.568378907554525,9.809587848079024,1,0.2577439247522257,1.713167326900073
signsuisse_test,sockeye,772,ita,lse,0.17102604180500716,0.26382709936810406,10.220559718571218,6.289500645651469,1,0.3400607644836144,3.150270893006588
signsuisse_test,sockeye,773,deu,sgg,0.19662381490845895,0.2794861135876934,21.800478975917866,11.864585060444336,5,0.4345018451676741,10.968492963441294
signsuisse_test,sockeye,774,deu,sgg,0.09054270373123986,0.17139706354279893,21.40056613035425,15.827274684563566,4,0.3675174952032658,2.770246547662232
signsuisse_test,sockeye,775,fra,fsl,0.12398506980169872,0.2040107980079407,27.90065977878607,19.37858613136467,2,0.3948334377193614,5.635677649968218
signsuisse_test,sockeye,776,fra,fsl,0.23502876802820766,0.30167852717037147,26.510291639620696,16.02887553903582,1,0.2749537393003787,3.1615871207930795
signsuisse_test,sockeye,777,ita,lse,0.2730003993220228,0.30932738796446435,25.075358506541306,10.009747916407646,2,0.2879215469975292,2.258108190798122
signsuisse_test,sockeye,778,ita,lse,0.1436085737093135,0.23769054855560592,21.23738131389207,11.255488494096717,2,0.3474467584893614,2.356743369770933
signsuisse_test,sockeye,779,deu,sgg,0.2338052403703325,0.30968553774521185,19.51555290614275,13.339352652452117,3,0.4233279579450479,2.6367642574315933
signsuisse_test,sockeye,780,ita,lse,0.27138383808540545,0.3001677448017038,24.807464875268625,11.153928928396633,4,0.3628399100834271,2.860944281921756
signsuisse_test,sockeye,781,deu,sgg,0.14284469511315934,0.23622345450138635,18.127915907835003,12.923692348138346,1,0.2862760177154444,2.6512251346820053
signsuisse_test,sockeye,782,fra,fsl,0.2369660852925963,0.28676990706975664,27.545396075116827,14.80885178237188,1,0.4197492281424702,2.928804136368751
signsuisse_test,sockeye,783,ita,lse,0.036375179937463475,0.10427336740875262,23.81628344345406,8.659528936141554,0,0.7900290921319602,1.8590983061320672
signsuisse_test,sockeye,784,fra,fsl,0.1722477634941371,0.2815691731850588,28.920711899140166,23.35777486123599,2,0.3927131449317597,3.4490796346716395
signsuisse_test,sockeye,785,fra,fsl,0.07726203526507562,0.15055899477262524,18.88899616176249,12.191801077669767,4,0.4472422731747401,26.989355656688844
signsuisse_test,sockeye,786,deu,sgg,0.42724890344298616,0.44463113937251075,21.89762322398969,8.170270054889949,2,0.45400334089932,1.8609118455829916
signsuisse_test,sockeye,787,deu,sgg,0.16533260923794874,0.26685272130080995,30.011458817655917,21.68310190631353,1,0.3926891553226281,3.221935394866636
signsuisse_test,sockeye,788,fra,fsl,0.1672058807345587,0.27169284677125033,22.561660174257515,16.35724970735896,1,0.3553255847138566,3.6921530675532535
signsuisse_test,sockeye,789,deu,sgg,0.219203455854368,0.25014852623096756,26.368011751702856,14.092285756400413,5,0.436590967847164,2.6590818469711985
signsuisse_test,sockeye,790,fra,fsl,0.23570711107311398,0.26289519876551454,75.4048521851572,45.306048734570034,14,0.4318282803147532,5.25751022803183
signsuisse_test,sockeye,791,fra,fsl,0.3725888253408962,0.3889238213297371,49.176974614426534,33.98295223989046,5,0.5079569812804123,4.98079665425447
signsuisse_test,sockeye,792,deu,sgg,0.23768195835283418,0.29477679315523664,30.996057741518026,14.655548267215856,4,0.3737201028322653,2.9119023933270327
signsuisse_test,sockeye,793,fra,fsl,0.28196760712269175,0.34720041594588913,36.62605283162958,28.917776281065947,9,0.3326161423758668,5.333979475386768
signsuisse_test,sockeye,794,deu,sgg,0.4386591236596327,0.44033662922293354,20.03459775486293,4.936015799632013,3,0.4626108782664966,2.49443339448016
signsuisse_test,sockeye,795,ita,lse,0.2072716868961409,0.3109894560482228,25.835565243784536,13.20330278770068,5,0.3423457368290353,2.7182607073028806
signsuisse_test,sockeye,796,deu,sgg,0.19713483856408953,0.29335093155786174,16.973481462607165,10.133671908305631,4,0.3433011268823602,2.250449276437265
signsuisse_test,sockeye,797,deu,sgg,0.15101654354289235,0.21702750979629312,18.174900435333903,7.958152614891825,3,0.2750343773364011,1.3246284282934682
signsuisse_test,sockeye,798,deu,sgg,0.3304908341544775,0.33960457180842035,31.36811160191384,9.139544259358447,0,0.285956243764252,0.7091299368577562
signsuisse_test,sockeye,799,ita,lse,0.25139513616492637,0.32220423662743064,29.60783199929708,18.983628916501942,7,0.3561523673880742,2.574597753948346
signsuisse_test,sockeye,800,deu,sgg,0.28155959880794473,0.3360282982573025,14.726806675840004,7.520980384264341,1,0.5094691483005491,4.392088024927025
signsuisse_test,sockeye,801,deu,sgg,0.13997399020115317,0.23561566194162142,38.167862611234234,29.165212609643838,6,0.3613514541725895,3.589391251046892
signsuisse_test,sockeye,802,deu,sgg,0.16278977651523616,0.2055882517795717,20.45037043201324,11.09295674974608,8,0.324022950738678,2.1311053180503823
signsuisse_test,sockeye,803,deu,sgg,0.13576125706598044,0.21808914992723377,14.613752637162836,7.787874737646307,1,0.2841877252343832,1.921704260318124
signsuisse_test,sockeye,804,ita,lse,0.27302975198083906,0.3418213776263067,21.821539062648718,8.846238056985033,6,0.4076822563507033,11.851029760433876
signsuisse_test,sockeye,805,deu,sgg,0.20403291045932048,0.2576083452939136,25.32797054867115,18.388656823607946,11,0.3987497018075784,3.565018592730247
signsuisse_test,sockeye,806,deu,sgg,0.18718062393299367,0.22102914895135345,28.91994881586512,16.44370404597987,9,0.3343868515055683,2.1488685003889656
signsuisse_test,sockeye,807,deu,sgg,0.19226457262432878,0.2894879805849977,40.11195176261801,23.418050847750926,8,0.3011161919454352,2.786253393501507
signsuisse_test,sockeye,808,ita,lse,0.24434739885782092,0.2878351878889488,30.208326952288168,16.907661639867868,5,0.3248183782073905,1.9162328095386656
signsuisse_test,sockeye,809,deu,sgg,0.2987501378248927,0.26307539703067984,20.576639211343267,9.013402070895111,3,0.3605963758540305,1.9506782475869344
signsuisse_test,sockeye,810,deu,sgg,0.23552315872910484,0.25899484137254913,24.805178902872353,10.872617334573713,4,0.2720381806071667,2.197530985275211
signsuisse_test,sockeye,811,fra,fsl,0.30075679636384506,0.32905516306167765,88.07428591387885,49.696635522951595,5,0.4055735189754613,5.515021717202641
signsuisse_test,sockeye,812,deu,sgg,0.21639701269592979,0.20145455252049016,33.384089843641036,10.684250826233999,6,0.3925144113240656,1.918922785326701
signsuisse_test,sockeye,813,ita,lse,0.12663654491227125,0.20416120551308656,13.099845467035044,8.514866984367702,5,0.4864145200095289,4.498972417379726
signsuisse_test,sockeye,814,ita,lse,0.2570777343282776,0.2835961139064561,33.55298437614435,18.871234251651686,2,0.3497576457133312,3.108072352481852
signsuisse_test,sockeye,815,deu,sgg,0.29323755719538275,0.37388431296886143,45.74436770209209,15.18317336670158,9,0.3573671908357933,2.1816975417075186
signsuisse_test,sockeye,816,deu,sgg,0.21702734862787929,0.2770227002847502,22.296768067069646,12.522514082473476,5,0.3848219775482882,3.470609113097493
signsuisse_test,sockeye,817,fra,fsl,0.20581766160056228,0.3155087375619986,18.658521355292816,8.735826719143887,3,0.3542512292790077,7.719188151812199
signsuisse_test,sockeye,818,fra,fsl,0.1897742676951308,0.23595478218764565,19.601480925625925,10.200986629206197,5,0.3297639578292126,2.266670531916456
signsuisse_test,sockeye,819,ita,lse,0.399391251629462,0.37718824802689294,34.41469028578794,14.543257914812987,1,0.4601302526680655,5.210868136127158
signsuisse_test,sockeye,820,fra,fsl,0.19563957893884865,0.25347434517302464,30.522131957510865,18.297753331526824,1,0.3813429146985288,8.119679357080178
signsuisse_test,sockeye,821,deu,sgg,0.26909822442474185,0.2634247119923543,39.43163128337062,23.996246373583013,7,0.3747841906851391,2.7267282634166223
signsuisse_test,sockeye,822,deu,sgg,0.15839461579402908,0.23769834485106764,21.931231564128673,13.461749940248113,1,0.3674940667930571,3.665010010793899
signsuisse_test,sockeye,823,deu,sgg,0.2223193982929813,0.33899475530275625,26.282322355673546,22.676040180064795,3,0.4549394779311595,5.566087982561879
signsuisse_test,sockeye,824,ita,lse,0.25687263331687693,0.3215678147865734,33.047669755171924,11.09253272121144,5,0.2875596964840242,1.0492429052277608
signsuisse_test,sockeye,825,fra,fsl,0.26569479408253227,0.3400535604282977,27.20475968205057,20.37525979063197,5,0.4069294438970441,3.815812255965208
signsuisse_test,sockeye,826,ita,lse,0.2693079441663267,0.3356172496188609,26.86574928115182,15.021638090282966,4,0.4644223643743365,2.4431708112715604
signsuisse_test,sockeye,827,ita,lse,0.23780767774530795,0.29919378094098464,33.87179845239222,13.437024557223548,8,0.3394300043130813,1.940583662690169
signsuisse_test,sockeye,828,deu,sgg,0.3856609866383279,0.46017774507184633,32.248408228152975,11.30534340855796,1,0.3361058685904046,2.326990716706383
signsuisse_test,sockeye,829,fra,fsl,0.24301801789235344,0.332214428297194,40.535581943526495,25.376767633894502,9,0.4478329363801807,9.930963798420308
signsuisse_test,sockeye,830,deu,sgg,0.23239912168448254,0.25395990914335664,21.704650194829956,12.619478271839222,4,0.3707365664690417,2.926216841716472
signsuisse_test,sockeye,831,fra,fsl,0.2597169670713722,0.34784124104458336,49.17481798538408,39.71145054929089,7,0.3865757094996318,6.767305086627569
signsuisse_test,sockeye,832,fra,fsl,0.10502630423563826,0.23283701361022846,44.90121954063562,31.225998491164738,5,0.4453693814598068,6.630150457299829
signsuisse_test,sockeye,833,ita,lse,0.36405644005784515,0.35945368346773693,27.277629754982453,9.604968518737865,4,0.4276965073563403,2.954662070194369
signsuisse_test,sockeye,834,fra,fsl,0.24025228427964504,0.3193286730302536,37.17454414110145,25.717256705339572,9,0.442177092296634,5.107179533202692
signsuisse_test,sockeye,835,ita,lse,0.13604196560439427,0.18671758134177688,19.159672599111403,9.361288035807917,3,0.3017607062695296,3.1994770149621776
signsuisse_test,sockeye,836,ita,lse,0.37068736631513205,0.3741716337669664,41.445268610706954,16.568651223131994,3,0.3105827973119751,2.8738846543438914
signsuisse_test,sockeye,837,deu,sgg,0.035264744907560215,0.08778165565284622,16.844425698719593,6.337208996006417,4,0.3491890592516686,1.2514581716154074
signsuisse_test,sockeye,838,fra,fsl,0.18057606181430602,0.2696157999726257,91.71485589275879,63.75113614365945,14,0.3757031157643464,3.709729554352102
signsuisse_test,sockeye,839,deu,sgg,0.33724280522043437,0.3783526227961963,33.314792363027166,16.091979950096867,3,0.3263604810157736,2.539974859737124
signsuisse_test,sockeye,840,fra,fsl,0.2312877144186945,0.2907966551911108,46.7502645862709,37.84652872118908,8,0.4446173122099867,5.104791089832409
signsuisse_test,sockeye,841,deu,sgg,0.15211972573188537,0.23225451772026356,18.355036798172385,10.271584043688698,5,0.351201047516807,2.66390797963141
signsuisse_test,sockeye,842,deu,sgg,0.1639798579801677,0.21926826415973147,40.37424731551756,26.535342223807188,8,0.4023796773043738,4.637811877863834
signsuisse_test,sockeye,843,deu,sgg,0.2453560397694146,0.3091930628995429,29.041532346138375,13.308208605756835,7,0.4115834599107547,2.325866668983699
signsuisse_test,sockeye,844,fra,fsl,0.3157113285382041,0.44890937478539666,48.909806857858904,45.1113602866311,8,0.4564136986105828,10.74955606901124
signsuisse_test,sockeye,845,fra,fsl,0.2424042684456921,0.38420662869333344,27.59089544167209,23.310032760333392,8,0.4604636873284039,21.738649548758094
signsuisse_test,sockeye,846,fra,fsl,0.17076121001156205,0.26655852481407843,45.02505401983916,25.815691156965872,2,0.3421841416054828,1.4508194022861431
signsuisse_test,sockeye,847,fra,fsl,0.15763797120638204,0.21252830289431965,30.019462964550144,15.920991136908661,2,0.3912228718540029,3.511937650656191
signsuisse_test,sockeye,848,fra,fsl,0.25417478663804666,0.3852053241731741,72.23305770261909,54.99553187925315,14,0.4982453518587467,18.26524598505243
signsuisse_test,sockeye,849,fra,fsl,0.17518025012335314,0.22651586585883446,31.123889066960807,20.12976606410992,3,0.2935016408932182,3.1938623296784434
signsuisse_test,sockeye,850,deu,sgg,0.19860512562777907,0.2622258648553201,27.354526497003132,12.319177699380072,9,0.4278736277789542,2.5381145435214383
signsuisse_test,sockeye,851,fra,fsl,0.16884257896712454,0.2523243677485745,19.41716575231182,10.823591073859541,1,0.4630750869090748,2.9850617372782926
signsuisse_test,sockeye,852,deu,sgg,0.3966528619708868,0.4267202975247586,23.402628924256963,11.087036632382809,1,0.4092935360016671,3.1257160863994624
signsuisse_test,sockeye,853,ita,lse,0.2744204537877927,0.35338126727814007,32.66283784528693,14.514198362187004,7,0.5039727327929141,3.694310161289765
signsuisse_test,sockeye,854,deu,sgg,0.10201530524251728,0.16893055633125997,18.847891616463336,12.242547822731387,5,0.4195458827947671,2.8025898266727256
signsuisse_test,sockeye,855,ita,lse,0.047207300497071975,0.11871058698016616,13.094453016525565,10.276317401591564,1,0.3832355462158843,5.611113953159722
signsuisse_test,sockeye,856,deu,sgg,0.19743336242500129,0.26819968861251503,12.268382341317192,4.44497495326066,1,0.3462607309072602,2.574029016757645
signsuisse_test,sockeye,857,deu,sgg,0.20539347664209912,0.2345572413335338,38.022839331378684,15.995691239449718,7,0.3332694049505548,2.641134698389189
signsuisse_test,sockeye,858,ita,lse,0.045845421248701154,0.11513917961126666,20.84522931280611,7.411749736094932,2,0.2262726144702506,2.134155732240885
signsuisse_test,sockeye,859,fra,fsl,0.40703186760935806,0.3828494716035191,40.73426441410803,20.244936893812007,4,0.6394692477494173,10.197695850751597
signsuisse_test,sockeye,860,deu,sgg,0.19953420439298436,0.25886752024482473,19.960040920894087,8.568127138963742,3,0.2816689914401744,3.549121742322573
signsuisse_test,sockeye,861,ita,lse,0.18877738326265653,0.28156321471501095,17.015503778740428,10.459243569551344,3,0.4183963093534475,5.920727811073634
signsuisse_test,sockeye,862,deu,sgg,0.4645536118604724,0.5221010431068979,55.089308064005586,18.177537507529326,0,0.306880736204766,3.7001853172566
signsuisse_test,sockeye,863,deu,sgg,0.07077203171337972,0.14474871822345847,18.079329334167838,13.030147813051977,3,0.3170603041867679,3.044469959529825
signsuisse_test,sockeye,864,ita,lse,0.2678882006795978,0.32531717352188605,23.819547293712606,12.827359773401406,5,0.3968817580231977,4.781225169745091
signsuisse_test,sockeye,865,deu,sgg,0.16484228368879844,0.2542740705490976,17.40516234567986,12.46927995686872,3,0.3365783873927928,1.8073289616626933
signsuisse_test,sockeye,866,ita,lse,0.2557518571078784,0.31899631065245354,29.563656017869654,12.455359655112872,6,0.3844894265150997,3.1802689512700897
signsuisse_test,sockeye,867,deu,sgg,0.13008393370420615,0.1660458183797162,22.511116798625586,16.24685362837605,2,0.3483468880419238,2.0342888614864822
signsuisse_test,sockeye,868,fra,fsl,0.1674568980760014,0.25796085527035023,21.612686654363504,15.84062864148103,4,0.3677741027047936,6.712064997854992
signsuisse_test,sockeye,869,deu,sgg,0.24562434825137816,0.3268114068699403,18.854332652747157,7.257053753584708,5,0.5388213044302101,5.133729493842364
signsuisse_test,sockeye,870,deu,sgg,0.2283422870081027,0.264718927566748,17.94050622652608,8.402193049690394,2,0.5532503329216371,7.713800007698258
signsuisse_test,sockeye,871,ita,lse,0.19837565297363663,0.27942334811956204,27.69547673465472,16.457231397487767,3,0.3903133416132819,3.335944485014756
signsuisse_test,sockeye,872,fra,fsl,0.19415662021868893,0.2942925124508368,33.44913542368836,17.156496308708288,7,0.5287286931345438,8.426656124968595
signsuisse_test,sockeye,873,fra,fsl,0.2985452246048483,0.3346351987705496,36.28338620861025,27.403613539290642,4,0.4661474829635649,7.182190275438965
signsuisse_test,sockeye,874,deu,sgg,0.4273945674925008,0.43948928742088705,35.23118430925688,25.800035036777796,2,0.407550409262893,2.882646355913092
signsuisse_test,sockeye,875,deu,sgg,0.27408483342037604,0.35755940112184104,27.721513209588416,9.569459939771384,4,0.3714558546082628,2.56418093141287
signsuisse_test,sockeye,876,ita,lse,0.30042109550529883,0.3362487459548064,31.30554239451048,16.24354668282524,3,0.3332089069080955,2.097328989705808
signsuisse_test,sockeye,877,fra,fsl,0.30000845635062284,0.3363345441496165,83.92986255335047,49.804721166605745,1,0.4138727021795126,4.868686119774018
signsuisse_test,sockeye,878,deu,sgg,0.2463413381157712,0.27486230504808346,26.824742475622607,10.936652451059675,5,0.4156341861559405,1.9038289936997523
signsuisse_test,sockeye,879,deu,sgg,0.13819996955609415,0.18235910868802466,18.601344593752746,7.577297045966143,4,0.6775399283212333,5.366638973729735
signsuisse_test,sockeye,880,fra,fsl,0.16854962764884185,0.2455811286057994,16.816529014887706,8.594107845665055,2,0.3017478127694555,5.895392467382883
signsuisse_test,sockeye,881,deu,sgg,0.14140931037158355,0.23222100708538992,15.953180820554035,11.530644808656678,6,0.427644112273921,5.066777517700839
signsuisse_test,sockeye,882,fra,fsl,0.22887272969737726,0.3750646713192001,24.510752152394367,20.67142235621,10,0.4788229635599268,3.5656176780991973
signsuisse_test,sockeye,883,ita,lse,0.04728560440424003,0.1114186210591433,20.824895064337614,8.726364081579717,6,0.343686986985987,2.706995292081457
signsuisse_test,sockeye,884,ita,lse,0.4248795465479048,0.44589033811290735,44.02130022672655,12.851350202098752,0,0.2860135049427953,1.5927947453310118
signsuisse_test,sockeye,885,ita,lse,0.47309374339457316,0.520794151749356,28.886403532587824,9.742116516682643,0,0.3612464575549858,5.869900012819581
signsuisse_test,sockeye,886,deu,sgg,0.18092008848796637,0.24491584929714433,18.3991642899833,7.143006611957882,1,0.2410972976665994,1.485963056797611
signsuisse_test,sockeye,887,deu,sgg,0.29855100687385816,0.3785003434886314,28.32807533582744,19.0122921874425,0,0.4339492005555163,5.504334683603152
signsuisse_test,sockeye,888,fra,fsl,0.32527343055876895,0.42736131492774265,48.03410254254588,21.686710753113775,2,0.3735935423517523,8.803942679364996
signsuisse_test,sockeye,889,deu,sgg,0.14189912784359013,0.20758979613072734,20.821321228744413,10.26293326476004,7,0.2913565296284768,1.6814359434924588
signsuisse_test,sockeye,890,deu,sgg,0.11236400267237881,0.1625735666191548,24.994056354372088,10.920706027544616,9,0.3709461443560872,1.5043776820289692
signsuisse_test,sockeye,891,deu,sgg,0.21041708578095158,0.26954368238513904,23.975628824025172,9.434172937063872,4,0.303537909892961,1.804209192488276
signsuisse_test,sockeye,892,ita,lse,0.354298516441581,0.34789705530060255,27.316139779397584,9.68927979129477,3,0.4664190898425621,3.076457493870744
signsuisse_test,sockeye,893,deu,sgg,0.057637735759966696,0.12145629303559585,13.582097943795162,7.325624795842428,2,0.3389722823763246,1.937257748981818
signsuisse_test,sockeye,894,fra,fsl,0.23956466280447675,0.35169384786409796,35.015472663143,26.412919713425275,3,0.4524939128595437,3.012492194184988
signsuisse_test,sockeye,895,fra,fsl,0.45707760446984785,0.37023097909841796,20.69593839231759,10.185190016354369,0,0.5942725445510516,6.327592717183968
signsuisse_test,sockeye,896,deu,sgg,0.07807454194124779,0.15103976380111983,17.57486592781595,9.1794461181884,4,0.3538544265560875,2.50215001226249
signsuisse_test,sockeye,897,deu,sgg,0.15298172049347353,0.2155749955901722,25.802029122054837,15.79526471858752,4,0.3807869534982965,2.5454787635633096
signsuisse_test,sockeye,898,deu,sgg,0.45602802991551095,0.4808912587916739,35.86622736790345,11.50322059983553,4,0.3555979960787337,2.160849977959598
signsuisse_test,sockeye,899,ita,lse,0.36886111485754014,0.3947097849589951,51.67066030604565,14.87154709089256,11,0.2631721725601363,1.801937094923316
signsuisse_test,sockeye,900,deu,sgg,0.1943242343726251,0.3254799367027265,20.008253328513625,14.364931683837519,1,0.4969268082338016,4.8371314182991405
signsuisse_test,sockeye,901,deu,sgg,0.40100105387109497,0.43858550210968655,27.462243713629963,10.379464269379689,4,0.4212256588388041,3.745869534225588
signsuisse_test,sockeye,902,deu,sgg,0.24015144490910545,0.3135341425992953,23.621250336218495,21.56019355085864,8,0.473338440914106,4.742354664123496
signsuisse_test,sockeye,903,deu,sgg,0.3391218974362452,0.37600314689066444,24.753540072241453,11.111515823673638,3,0.3737475433672623,2.18006066321908
signsuisse_test,sockeye,904,ita,lse,0.07136789730377124,0.1557706065163913,32.317316758756775,16.656483857683476,4,0.3730437648580822,3.844272693384138
signsuisse_test,sockeye,905,ita,lse,0.07595421755550993,0.12813596404538036,14.865711712925544,7.808990876159804,1,0.289419590479186,3.370306780993376
signsuisse_test,sockeye,906,deu,sgg,0.2153705380490296,0.2585277574196639,24.77223531896208,11.095228910149528,5,0.327174093814496,2.219197150204754
signsuisse_test,sockeye,907,deu,sgg,0.057637200071473035,0.14265487187681763,16.04760111618491,10.574001782973621,3,0.354862150066291,2.609618508796235
signsuisse_test,sockeye,908,deu,sgg,0.11145540708109837,0.22012175145966167,28.255032933697585,23.174310475205147,2,0.4207074833483877,5.00784867913199
signsuisse_test,sockeye,909,fra,fsl,0.24021016783237722,0.2793168555174377,84.80230829334828,61.95505802963858,9,0.3910832688008399,4.079602948800893
signsuisse_test,sockeye,910,ita,lse,0.10008847426338933,0.15720559874682533,13.151994335479774,10.626061210243728,2,0.4221276444701248,3.3255202990761794
signsuisse_test,sockeye,911,deu,sgg,0.13732812619352106,0.20737908492108678,15.075508195386362,6.4518616285164025,3,0.3229842165807394,2.453870280532224
signsuisse_test,sockeye,912,ita,lse,0.24932788963739663,0.30917031444512405,24.258771866193296,10.43519734595337,4,0.3483756624370501,2.5332197093715854
signsuisse_test,sockeye,913,ita,lse,0.14548162377883225,0.19282968240945078,30.73475840224403,12.665083964462239,2,0.3949027347600057,4.605952743673006
signsuisse_test,sockeye,914,deu,sgg,0.31866091197560176,0.33544614353118163,34.19674882441735,20.605316869764128,7,0.3710907872500796,3.390518446794892
signsuisse_test,sockeye,915,deu,sgg,0.167297122680496,0.28755695102918094,30.38044179526553,28.04697514776233,8,0.4072181308595353,4.669413314028139
signsuisse_test,sockeye,916,deu,sgg,0.1495715823454953,0.21032234025434424,13.797335803636704,6.826974213485236,1,0.3780878377807451,2.0041919559423427
signsuisse_test,sockeye,917,deu,sgg,0.30404218034123054,0.3779310707103858,23.772519199146547,11.938219421930437,2,0.3816562420933731,1.9044053774267031
signsuisse_test,sockeye,918,deu,sgg,0.17052939591545846,0.2592208600114462,29.88054988219898,19.65038025496282,14,0.3235470694318214,2.0444023263809554
signsuisse_test,sockeye,919,fra,fsl,0.368462513576157,0.41147244029403235,36.46923660994792,30.041830789839004,0,0.5071309647551776,29.500825268183476
signsuisse_test,sockeye,920,ita,lse,0.14223723535721913,0.21963408599965983,48.181079953341566,23.531032341980254,1,0.3649429196307796,5.0865841215637815
signsuisse_test,sockeye,921,deu,sgg,0.27439289737500017,0.28308527336846606,31.850084626670416,19.069264346669357,9,0.3269561857631327,2.463576685362003
signsuisse_test,sockeye,922,deu,sgg,0.12356051513308089,0.20123078290210097,30.241054506251366,17.798726419602357,5,0.4513054060112441,3.0290724408884477
signsuisse_test,sockeye,923,deu,sgg,0.10201584018449694,0.18814555131178068,24.013059801791616,14.585367458432408,7,0.3397972903694251,2.87511151533522
signsuisse_test,sockeye,924,fra,fsl,0.36255237528734874,0.4227176728630358,29.01833717995774,15.735440555448383,3,0.3452069010485635,2.688174866046892
signsuisse_test,sockeye,925,fra,fsl,0.20381940082288058,0.27013950047678426,29.296698314415572,16.447739811001235,4,0.406183590847262,3.000493003357504
signsuisse_test,sockeye,926,ita,lse,0.30678795273568216,0.37114631337721826,25.9615192138846,9.226348021067787,1,0.4072209529083869,2.1129607029614648
signsuisse_test,sockeye,927,fra,fsl,0.1346032530693249,0.21398371549011483,19.12861291663638,15.03501856898676,2,0.3861156898906262,10.89399745339865
signsuisse_test,sockeye,928,fra,fsl,0.1515865155146149,0.2637523443351939,40.41063585549361,31.908422627440242,9,0.4204199409302182,5.585387398319623
signsuisse_test,sockeye,929,ita,lse,0.2106365305515178,0.31078571608394195,38.73821024466594,16.459903026042596,6,0.3371716463707231,2.782675815512091
signsuisse_test,sockeye,930,fra,fsl,0.24846619124848793,0.3688371917524219,67.439716849074,58.19357120903404,12,0.4358922405425988,5.349634182503007
signsuisse_test,sockeye,931,deu,sgg,0.1905300718371991,0.307456314912608,38.72421776198685,29.27443514388366,6,0.3380132657729831,2.715239432646338
signsuisse_test,sockeye,932,ita,lse,0.2729924087878702,0.3348352358479687,19.647579830213065,7.249953785027422,1,0.2610861007429597,1.333324374090775
signsuisse_test,sockeye,933,fra,fsl,0.15918747406371136,0.30552293100371636,22.48487317654987,19.266421869675472,5,0.3498240769957729,8.188951263619742
signsuisse_test,sockeye,934,ita,lse,0.05680846740994595,0.11522978285737373,12.486923833858524,10.09826231906195,6,0.4974057997741599,3.218143124032305
signsuisse_test,sockeye,935,fra,fsl,0.23239795336268151,0.36451317916070647,101.77303512684567,77.29548654400247,18,0.4197577144383607,3.820442205730008
signsuisse_test,sockeye,936,deu,sgg,0.4329819389231364,0.37606474725968175,30.876604750957483,7.815168721182948,4,0.4458055783707396,2.7733465213781665
signsuisse_test,sockeye,937,deu,sgg,0.3385258324234571,0.3231108492386498,42.287838401978235,31.864213964934667,10,0.3932831628623063,3.609330159565594
signsuisse_test,sockeye,938,ita,lse,0.25185021949623865,0.3592950349694768,19.17537753371325,9.201383154645887,2,0.3549423015954271,1.4423249743616946
signsuisse_test,sockeye,939,ita,lse,0.2142748189096658,0.2836583092773997,22.41571343007502,14.433093316740795,6,0.4384212267095043,2.947146277999389
signsuisse_test,sockeye,940,deu,sgg,0.32791611779039237,0.40019373965624333,31.12477087306521,14.619812436793861,4,0.2418660428216425,1.2036745404673146
signsuisse_test,sockeye,941,fra,fsl,0.20371712976023976,0.3359455150749079,25.52474108263478,18.15758420154677,9,0.3927299224318384,6.805389471045549
signsuisse_test,sockeye,942,deu,sgg,0.12244527514011472,0.2075998126729498,17.79775187233262,17.343192399894953,7,0.4106618741265979,3.688753005844979
signsuisse_test,sockeye,943,deu,sgg,0.031863455879588,0.10714475152693881,20.94827605274973,11.230221157427335,6,0.3863161351568782,2.7658998544919573
signsuisse_test,sockeye,944,fra,fsl,0.22851524433635095,0.2957285243493562,28.881505235265163,23.70231205774469,3,0.4520461920264451,6.142250734945577
signsuisse_test,sockeye,945,fra,fsl,0.14910473387134351,0.2608558414234543,48.72082175243175,37.28022992509797,9,0.3419106528032412,2.9940538724251557
signsuisse_test,sockeye,946,deu,sgg,0.3964532609369521,0.43772446224088596,26.34334566615215,10.362708864975813,3,0.3284058333724129,2.113096602975699
signsuisse_test,sockeye,947,deu,sgg,0.22882846908198856,0.2547968170529199,27.414234519429886,12.336228769824721,5,0.278338937981312,1.770634161619962
signsuisse_test,sockeye,948,ita,lse,0.3543319507288991,0.37789888732015936,43.51042911755165,13.758837820098297,2,0.3346694825914782,2.878019441532397
signsuisse_test,sockeye,949,deu,sgg,0.3899114322401907,0.414323281425982,61.1640166004131,36.083763298084754,7,0.3258620351041791,3.165190845343586
signsuisse_test,sockeye,950,ita,lse,0.12363074995177518,0.21077467691600316,17.896680242761082,11.500023819180079,0,0.3031993384980063,2.530606469113528
signsuisse_test,sockeye,951,deu,sgg,0.484578758599043,0.5287422399915555,50.32691936553093,12.779592971409125,5,0.3677040295247457,1.980977441835005
signsuisse_test,sockeye,952,ita,lse,0.30908044108432287,0.3519092623041975,27.426611616243918,11.841993305925447,9,0.3600281360902823,2.0843425966243325
signsuisse_test,sockeye,953,deu,sgg,0.09074065319558328,0.15663584069645897,24.628702544605563,10.246622664941086,4,0.3040306868240131,1.8535281672072168
signsuisse_test,sockeye,954,ita,lse,0.279914375080752,0.316353752308634,33.00424941730841,13.224164307233249,6,0.3743324198489433,2.786489381815536
signsuisse_test,sockeye,955,deu,sgg,0.1843678475621511,0.2443986120355076,27.057967240099664,17.69732776561624,6,0.4261265231169566,27.420260250608635
signsuisse_test,sockeye,956,deu,sgg,0.2770439627701773,0.32306271903225503,31.278728618715046,15.624280387273219,5,0.4114493367024928,1.7653605312823242
signsuisse_test,sockeye,957,deu,sgg,0.09787616493110965,0.20532757900780196,22.692262844668885,20.853170942177215,2,0.369412644456585,4.415056629288932
signsuisse_test,sockeye,958,deu,sgg,0.036204719351274776,0.10195166119995208,22.709487714579623,10.973533051328069,7,0.4473411778616104,3.5485491488772025
signsuisse_test,sockeye,959,deu,sgg,0.07763119940202157,0.13782330861971065,17.43605186848069,9.0907351759761,6,0.3917866615779709,2.1464503729793427
signsuisse_test,sockeye,960,deu,sgg,0.16193269282160133,0.2311309370088645,17.7706607321598,10.370545706689182,7,0.4300462890811959,3.3355395754086867
signsuisse_test,sockeye,961,ita,lse,0.19662699566189237,0.29954820004425253,25.610616511285816,14.981270916588084,4,0.4924321373151383,6.687209286117245
signsuisse_test,sockeye,962,deu,sgg,0.1938793485536837,0.2539538686199449,17.656507442891566,8.180295902461562,5,0.3972605842522241,3.415077802397526
signsuisse_test,sockeye,963,deu,sgg,0.05128411160600589,0.11970636455220332,26.146023099783083,14.176287783975626,8,0.3732141313253156,2.6801445333051794
signsuisse_test,sockeye,964,deu,sgg,0.31067927179449595,0.38539376628514477,65.00358164977266,46.184609629405834,15,0.4384793284964325,4.092574029327295
signsuisse_test,sockeye,965,fra,fsl,0.20213721306289117,0.3249573483280117,60.213229415534066,50.89808418523786,14,0.3543986611688966,3.8869924129565017
signsuisse_test,sockeye,966,fra,fsl,0.2653116071216705,0.35883957416571777,43.61376006958167,36.29183758240553,10,0.5577054506567033,6.175695948192549
signsuisse_test,sockeye,967,fra,fsl,0.22811204818572106,0.34536699527601383,40.624299297379615,28.170285042645013,10,0.4414731267471503,20.895265120671635
signsuisse_test,sockeye,968,ita,lse,0.09644885606187883,0.18442181791103704,26.681426599516968,14.377120986701344,2,0.27238887028272,3.6428351921688256
signsuisse_test,sockeye,969,deu,sgg,0.05915359578608163,0.11990301540413012,13.952528206601421,8.000493371037363,5,0.3962217898492227,2.590202168790704
signsuisse_test,sockeye,970,fra,fsl,0.21406474338954692,0.3222199691856641,23.108022465621545,12.42151445501566,5,0.4073618967408285,9.540840233923674
signsuisse_test,sockeye,971,deu,sgg,0.19418770820609102,0.24401533043859108,29.98379777919264,14.628228889063083,4,0.3416385432397117,2.4177725293508283
signsuisse_test,sockeye,972,ita,lse,0.22619448960898947,0.2808022384406638,22.230957923260036,10.567673123318938,3,0.327130291238784,2.5912055094443707
signsuisse_test,sockeye,973,ita,lse,0.25828474610314833,0.3413305129940226,20.974831950443882,13.695394124851335,0,0.289545482183514,2.8099702747955715
signsuisse_test,sockeye,974,deu,sgg,0.19257748158566412,0.29594946588108423,26.401362756133608,17.86755086362415,5,0.4010303972896912,4.808383230822485
signsuisse_test,sockeye,975,ita,lse,0.07272435804028446,0.14000494001481145,17.00401383098094,6.907042045325357,2,0.3173337891542762,1.988999963019641
signsuisse_test,sockeye,976,deu,sgg,0.2669159250306482,0.3105588748642762,54.9530087932639,39.860092876390524,17,0.3836502274025257,3.035218895048067
signsuisse_test,sockeye,977,deu,sgg,0.34377414927896716,0.3768738684836986,49.58840947701304,35.56676704301851,7,0.3997978466995491,4.296016660324283
signsuisse_test,sockeye,978,deu,sgg,0.30792144922684317,0.352809474947685,27.524105075983492,10.107480019177876,3,0.441714871316789,3.772949463170789
signsuisse_test,sockeye,979,deu,sgg,0.2000368656747008,0.29099582008843605,15.707244600557598,9.020417399799564,1,0.4499311265231596,6.267504700384047
signsuisse_test,sockeye,980,deu,sgg,0.19864835021856345,0.24896685799014404,18.937435108438873,11.34877297361056,9,0.3663542062295171,2.3129908116662428
signsuisse_test,sockeye,981,deu,sgg,0.1888630197854314,0.2609554982538335,18.29762040239688,9.8243865906377,4,0.3901223658789416,3.177898303295804
signsuisse_test,sockeye,982,deu,sgg,0.1423696227574486,0.23848637583080087,47.78998726718816,36.92001777165275,10,0.3785027398855776,3.818122678486673
signsuisse_test,sockeye,983,ita,lse,0.30664162577739185,0.38119454477079984,21.91197757149137,6.204271926454882,4,0.2973934107220125,1.9068616959955824
signsuisse_test,sockeye,984,fra,fsl,0.13187675031580023,0.240961196084129,22.673139375000716,14.321402496387966,4,0.369308424939136,9.445078524592596
signsuisse_test,sockeye,985,deu,sgg,0.19093802278181,0.2795058160305197,22.88735164203541,15.186427207309336,3,0.2467781021403857,1.4246890305387594
signsuisse_test,sockeye,986,deu,sgg,0.15298690209712917,0.21656432239225126,34.45186348655122,20.000909300560657,12,0.3866312032897642,2.564928197091777
signsuisse_test,sockeye,987,deu,sgg,0.23650370084888717,0.25129702069427134,35.66803458833884,14.002690889761123,10,0.3535673557754498,1.9598201762582768
signsuisse_test,sockeye,988,ita,lse,0.24335195145546704,0.30893828478867186,20.29353200318497,11.294331203322248,0,0.4073490379122217,2.88158904907711
signsuisse_test,sockeye,989,ita,lse,0.14649548823458852,0.19305899672817206,19.71606859963493,9.018989961010316,2,0.3096673793249049,2.0414231322975445
signsuisse_test,sockeye,990,deu,sgg,0.15733508256569545,0.255503297478965,20.649310524666927,13.79422023801983,7,0.3951825201629136,3.9685219903241817
signsuisse_test,sockeye,991,deu,sgg,0.29121113405687893,0.34266972474075724,28.502910209447574,8.381996346848258,4,0.376339852345145,1.8066389448744085
signsuisse_test,sockeye,992,fra,fsl,0.0774496107621869,0.13885974768540787,22.18160681963911,12.74617448302309,6,0.37554322450083,14.071054994097551
signsuisse_test,sockeye,993,fra,fsl,0.20242809883717128,0.28627548858379676,35.94064833515281,28.518931780487655,10,0.4095051675523889,10.952460039010058
signsuisse_test,sockeye,994,fra,fsl,0.3393125308285187,0.407722419054819,38.0927179842624,22.18653444749287,9,0.6178320882862851,5.628725074670157
signsuisse_test,sockeye,995,ita,lse,0.3409517337268606,0.357240932885628,44.83365219338352,25.363487540614347,4,0.3999850336073183,4.844266480366827
signsuisse_test,sockeye,996,fra,fsl,0.22726981401270926,0.34031684937655904,23.81715113321217,16.665259804781037,4,0.5312137830740277,5.360788612857322
signsuisse_test,sockeye,997,fra,fsl,0.21077357984468573,0.294324230464125,34.3133583600743,22.851080700650744,7,0.3931256464600103,5.656320775327243
signsuisse_test,sockeye,998,ita,lse,0.14292553979973743,0.2291765509619928,33.82104707833084,16.799241316301792,5,0.4379402761176683,3.704607596875446
signsuisse_test,sockeye,999,fra,fsl,0.2382302313011701,0.32070248943191393,26.284965357067648,14.978976363300765,3,0.2879232560082671,3.48091167683642
