data,system,example_id,source,target,SignCLIP-P-P,SignCLIP-P-T,SignCLIP-Suisse-P-P,SignCLIP-Suisse-P-T
signsuisse_test,sign_mt_v2,0,fra,fsl,100.22161102294922,82.21232604980469,112.93852233886719,83.4493408203125
signsuisse_test,sign_mt_v2,1,ita,ise,86.02201843261719,68.79590606689453,95.73580169677734,77.5031967163086
signsuisse_test,sign_mt_v2,2,fra,fsl,80.47612762451172,75.02790832519531,95.49974822998047,78.18057250976562
signsuisse_test,sign_mt_v2,3,fra,fsl,103.63444519042969,72.78189849853516,103.68492126464844,84.68502044677734
signsuisse_test,sign_mt_v2,4,ita,ise,94.46520233154297,76.33423614501953,98.25997924804688,76.25627899169922
signsuisse_test,sign_mt_v2,5,ita,ise,83.23395538330078,77.39598083496094,81.9780044555664,75.15799713134766
signsuisse_test,sign_mt_v2,6,deu,sgg,76.99140167236328,72.8914794921875,82.36248016357422,69.41008758544922
signsuisse_test,sign_mt_v2,7,deu,sgg,80.1754150390625,80.3098373413086,93.59961700439453,78.36929321289062
signsuisse_test,sign_mt_v2,8,ita,ise,89.61582946777344,71.19912719726562,77.78118133544922,72.98519134521484
signsuisse_test,sign_mt_v2,9,deu,sgg,92.53441619873047,75.32515716552734,85.34430694580078,75.71504211425781
signsuisse_test,sign_mt_v2,10,deu,sgg,94.01094055175781,78.51675415039062,95.8226318359375,83.33850860595703
signsuisse_test,sign_mt_v2,11,fra,fsl,86.30763244628906,74.89955139160156,95.43285369873047,81.03549194335938
signsuisse_test,sign_mt_v2,12,ita,ise,89.95628356933594,69.81898498535156,90.540771484375,79.17138671875
signsuisse_test,sign_mt_v2,13,deu,sgg,110.12239074707031,78.89241027832031,98.39857482910156,78.28479766845703
signsuisse_test,sign_mt_v2,14,deu,sgg,91.67192840576172,82.81773376464844,88.42467498779297,77.62134552001953
signsuisse_test,sign_mt_v2,15,deu,sgg,92.65530395507812,73.03176879882812,88.83997344970703,80.27529907226562
signsuisse_test,sign_mt_v2,16,deu,sgg,81.6817855834961,77.36408996582031,79.66027069091797,72.69868469238281
signsuisse_test,sign_mt_v2,17,deu,sgg,102.59169006347656,78.60598754882812,98.29400634765625,84.2115707397461
signsuisse_test,sign_mt_v2,18,fra,fsl,83.0174560546875,72.10684204101562,95.78996276855469,85.66204071044922
signsuisse_test,sign_mt_v2,19,ita,ise,82.24526977539062,79.4314193725586,86.98365783691406,81.44686889648438
signsuisse_test,sign_mt_v2,20,fra,fsl,82.75729370117188,73.32329559326172,94.24967193603516,81.0789794921875
signsuisse_test,sign_mt_v2,21,ita,ise,81.88890075683594,75.64346313476562,90.4178237915039,81.27349853515625
signsuisse_test,sign_mt_v2,22,deu,sgg,84.35738372802734,72.2166976928711,94.65150451660156,84.11408233642578
signsuisse_test,sign_mt_v2,23,deu,sgg,81.57238006591797,77.48072814941406,83.60403442382812,70.76255798339844
signsuisse_test,sign_mt_v2,24,deu,sgg,105.5195083618164,72.25785827636719,95.61248779296875,77.00518035888672
signsuisse_test,sign_mt_v2,25,deu,sgg,105.50382995605469,72.50653076171875,96.91961669921875,80.6635971069336
signsuisse_test,sign_mt_v2,26,deu,sgg,111.48649597167969,81.21955871582031,97.94206237792969,79.484130859375
signsuisse_test,sign_mt_v2,27,deu,sgg,95.05572509765625,80.42829895019531,94.07495880126953,75.64037322998047
signsuisse_test,sign_mt_v2,28,ita,ise,81.21328735351562,68.7822494506836,91.55316162109375,74.4400634765625
signsuisse_test,sign_mt_v2,29,ita,ise,88.04156494140625,72.9287109375,85.70816802978516,72.13516235351562
signsuisse_test,sign_mt_v2,30,deu,sgg,89.19530487060547,65.9627914428711,74.601806640625,71.02690887451172
signsuisse_test,sign_mt_v2,31,fra,fsl,87.72190856933594,81.73835754394531,107.09681701660156,80.38751220703125
signsuisse_test,sign_mt_v2,32,fra,fsl,93.05107116699219,79.62403106689453,100.47984313964844,79.97555541992188
signsuisse_test,sign_mt_v2,33,deu,sgg,116.68186950683594,68.58963775634766,90.43075561523438,70.75455474853516
signsuisse_test,sign_mt_v2,34,deu,sgg,76.20418548583984,70.2403793334961,81.67977142333984,70.99736785888672
signsuisse_test,sign_mt_v2,35,deu,sgg,73.79996490478516,70.86493682861328,77.88198852539062,67.35978698730469
signsuisse_test,sign_mt_v2,36,deu,sgg,94.82148742675781,74.06774139404297,85.1778564453125,78.39230346679688
signsuisse_test,sign_mt_v2,37,fra,fsl,98.44529724121094,81.64213562011719,109.65934753417969,89.32063293457031
signsuisse_test,sign_mt_v2,38,deu,sgg,97.65093994140625,67.48959350585938,80.03288269042969,69.11302185058594
signsuisse_test,sign_mt_v2,39,deu,sgg,73.21692657470703,72.63238525390625,84.98707580566406,73.00465393066406
signsuisse_test,sign_mt_v2,40,fra,fsl,76.30704498291016,72.3035659790039,93.2068862915039,80.67462921142578
signsuisse_test,sign_mt_v2,41,ita,ise,115.10429382324219,76.03866577148438,99.94549560546875,78.37875366210938
signsuisse_test,sign_mt_v2,42,ita,ise,83.31980895996094,74.96736145019531,90.1445541381836,78.17059326171875
signsuisse_test,sign_mt_v2,43,deu,sgg,67.7240982055664,72.27501678466797,85.29200744628906,73.99664306640625
signsuisse_test,sign_mt_v2,44,ita,ise,99.71501922607422,78.02601623535156,98.414794921875,80.4466781616211
signsuisse_test,sign_mt_v2,45,ita,ise,85.51143646240234,76.26564025878906,80.85932159423828,77.11678314208984
signsuisse_test,sign_mt_v2,46,fra,fsl,96.55303955078125,81.78682708740234,104.21896362304688,84.14018249511719
signsuisse_test,sign_mt_v2,47,deu,sgg,87.49667358398438,71.20491027832031,88.00079345703125,74.25187683105469
signsuisse_test,sign_mt_v2,48,deu,sgg,96.89891815185547,76.20783996582031,93.16815185546875,82.46318054199219
signsuisse_test,sign_mt_v2,49,deu,sgg,106.463623046875,83.52408599853516,101.21945190429688,87.83509826660156
signsuisse_test,sign_mt_v2,50,ita,ise,87.56161499023438,77.5506820678711,79.71681213378906,76.58404541015625
signsuisse_test,sign_mt_v2,51,deu,sgg,78.79129791259766,78.19740295410156,77.27734375,75.27485656738281
signsuisse_test,sign_mt_v2,52,deu,sgg,76.52916717529297,73.93309020996094,81.87260437011719,74.01671600341797
signsuisse_test,sign_mt_v2,53,ita,ise,94.9852066040039,77.02638244628906,95.41107940673828,76.53337097167969
signsuisse_test,sign_mt_v2,54,ita,ise,91.49442291259766,80.10391998291016,94.43743133544922,76.38862609863281
signsuisse_test,sign_mt_v2,55,fra,fsl,99.06288146972656,87.05329895019531,107.69775390625,84.0431137084961
signsuisse_test,sign_mt_v2,56,ita,ise,85.3929214477539,76.47181701660156,94.20986938476562,74.64926147460938
signsuisse_test,sign_mt_v2,57,deu,sgg,70.00003814697266,77.82240295410156,84.68551635742188,72.32390594482422
signsuisse_test,sign_mt_v2,58,fra,fsl,93.71863555908203,82.19694519042969,98.28820037841797,79.05931091308594
signsuisse_test,sign_mt_v2,59,ita,ise,89.72410583496094,76.81498718261719,85.08650207519531,75.99240112304688
signsuisse_test,sign_mt_v2,60,deu,sgg,72.03657531738281,64.57797241210938,69.28829956054688,64.7203140258789
signsuisse_test,sign_mt_v2,61,deu,sgg,106.64118957519531,81.53467559814453,103.52842712402344,82.04783630371094
signsuisse_test,sign_mt_v2,62,deu,sgg,77.09728240966797,76.05752563476562,73.32736206054688,71.39702606201172
signsuisse_test,sign_mt_v2,63,fra,fsl,89.76160430908203,81.49642944335938,103.28954315185547,82.11053466796875
signsuisse_test,sign_mt_v2,64,ita,ise,83.64067077636719,73.1494140625,87.15760803222656,76.40342712402344
signsuisse_test,sign_mt_v2,65,fra,fsl,96.03688049316406,79.05847930908203,103.43782806396484,79.8394775390625
signsuisse_test,sign_mt_v2,66,fra,fsl,89.28136444091797,75.39152526855469,100.39836120605469,83.46041870117188
signsuisse_test,sign_mt_v2,67,deu,sgg,77.60392761230469,76.0457534790039,74.80304718017578,72.33233642578125
signsuisse_test,sign_mt_v2,68,deu,sgg,66.6541976928711,74.59566497802734,82.92543029785156,75.5158462524414
signsuisse_test,sign_mt_v2,69,fra,fsl,91.4100570678711,86.26693725585938,111.71932220458984,93.3785400390625
signsuisse_test,sign_mt_v2,70,ita,ise,92.18807220458984,74.9679183959961,94.55198669433594,79.54833984375
signsuisse_test,sign_mt_v2,71,deu,sgg,73.81986999511719,64.56390380859375,72.57138061523438,54.52883529663086
signsuisse_test,sign_mt_v2,72,deu,sgg,101.65770721435547,75.75883483886719,93.09339904785156,80.7190170288086
signsuisse_test,sign_mt_v2,73,deu,sgg,110.52619934082031,81.2618408203125,108.59512329101562,84.96012878417969
signsuisse_test,sign_mt_v2,74,fra,fsl,93.71965026855469,80.96804809570312,112.38855743408203,91.11776733398438
signsuisse_test,sign_mt_v2,75,fra,fsl,104.08233642578125,80.07720947265625,99.50199127197266,80.58086395263672
signsuisse_test,sign_mt_v2,76,deu,sgg,73.73641204833984,71.71731567382812,77.51441955566406,65.08099365234375
signsuisse_test,sign_mt_v2,77,fra,fsl,85.93650817871094,74.84037017822266,98.29319763183594,84.491455078125
signsuisse_test,sign_mt_v2,78,ita,ise,85.6452865600586,79.66585540771484,90.54668426513672,78.65967559814453
signsuisse_test,sign_mt_v2,79,ita,ise,81.50186920166016,76.85359954833984,84.408935546875,80.02667999267578
signsuisse_test,sign_mt_v2,80,deu,sgg,87.42447662353516,76.68013763427734,87.5498275756836,80.16327667236328
signsuisse_test,sign_mt_v2,81,deu,sgg,63.78856658935547,67.10224914550781,69.40547943115234,69.333984375
signsuisse_test,sign_mt_v2,82,ita,ise,91.64459991455078,77.18692016601562,91.63107299804688,80.20819854736328
signsuisse_test,sign_mt_v2,83,ita,ise,93.48170471191406,71.33250427246094,84.35008239746094,76.13245391845703
signsuisse_test,sign_mt_v2,84,ita,ise,99.25553131103516,82.723876953125,86.24943542480469,79.44544219970703
signsuisse_test,sign_mt_v2,85,deu,sgg,97.01664733886719,77.10955810546875,93.5326156616211,73.1307373046875
signsuisse_test,sign_mt_v2,86,deu,sgg,92.0694808959961,78.57379913330078,94.1872329711914,77.76704406738281
signsuisse_test,sign_mt_v2,87,ita,ise,69.10022735595703,75.59072875976562,85.85758972167969,79.24026489257812
signsuisse_test,sign_mt_v2,88,fra,fsl,92.19554138183594,72.73573303222656,106.949462890625,88.07267761230469
signsuisse_test,sign_mt_v2,89,deu,sgg,67.30305480957031,63.950294494628906,80.44091033935547,72.06629943847656
signsuisse_test,sign_mt_v2,90,deu,sgg,104.48100280761719,80.61895751953125,91.22450256347656,82.59417724609375
signsuisse_test,sign_mt_v2,91,fra,fsl,80.14756774902344,82.08747863769531,96.69877624511719,84.6236801147461
signsuisse_test,sign_mt_v2,92,fra,fsl,82.49717712402344,74.61919403076172,93.90583801269531,79.94290161132812
signsuisse_test,sign_mt_v2,93,deu,sgg,120.64990234375,82.19862365722656,106.43751525878906,83.12799835205078
signsuisse_test,sign_mt_v2,94,fra,fsl,108.83305358886719,82.02786254882812,117.58670806884766,85.48689270019531
signsuisse_test,sign_mt_v2,95,deu,sgg,93.12085723876953,74.8696517944336,86.68177032470703,74.72945404052734
signsuisse_test,sign_mt_v2,96,ita,ise,88.06470489501953,74.73722839355469,96.2166748046875,76.96097564697266
signsuisse_test,sign_mt_v2,97,deu,sgg,79.0724868774414,77.12303924560547,79.31684875488281,74.53985595703125
signsuisse_test,sign_mt_v2,98,deu,sgg,61.51356506347656,66.25859069824219,71.03861236572266,67.93061828613281
signsuisse_test,sign_mt_v2,99,deu,sgg,98.36134338378906,74.62574768066406,90.85904693603516,80.35016632080078
signsuisse_test,sign_mt_v2,100,fra,fsl,82.0533218383789,74.74345397949219,93.60791015625,83.59379577636719
signsuisse_test,sign_mt_v2,101,deu,sgg,105.30996704101562,80.78336334228516,100.44206237792969,82.66281127929688
signsuisse_test,sign_mt_v2,102,deu,sgg,103.54329681396484,84.09895324707031,103.51835632324219,83.67792510986328
signsuisse_test,sign_mt_v2,103,deu,sgg,71.49947357177734,68.050537109375,74.07416534423828,71.84861755371094
signsuisse_test,sign_mt_v2,104,fra,fsl,86.45619201660156,79.06724548339844,100.88784790039062,81.7789077758789
signsuisse_test,sign_mt_v2,105,fra,fsl,93.91825103759766,78.32466888427734,104.99076080322266,82.27971649169922
signsuisse_test,sign_mt_v2,106,deu,sgg,110.59141540527344,83.26941680908203,102.60780334472656,82.94038391113281
signsuisse_test,sign_mt_v2,107,fra,fsl,101.560302734375,79.47300720214844,111.49259948730469,87.45169830322266
signsuisse_test,sign_mt_v2,108,deu,sgg,105.85108947753906,78.5628433227539,92.85237121582031,80.49459838867188
signsuisse_test,sign_mt_v2,109,deu,sgg,108.8721923828125,78.01224517822266,99.76953125,80.95360565185547
signsuisse_test,sign_mt_v2,110,deu,sgg,108.70924377441406,75.01705932617188,101.95992279052734,79.39653015136719
signsuisse_test,sign_mt_v2,111,ita,ise,82.8333969116211,73.24494934082031,82.10103607177734,77.79366302490234
signsuisse_test,sign_mt_v2,112,ita,ise,79.18238067626953,73.28594970703125,89.51127624511719,79.89349365234375
signsuisse_test,sign_mt_v2,113,deu,sgg,72.35465240478516,72.89448547363281,82.56159973144531,64.4248046875
signsuisse_test,sign_mt_v2,114,deu,sgg,88.12007904052734,80.66792297363281,86.07511901855469,73.65380096435547
signsuisse_test,sign_mt_v2,115,deu,sgg,87.13317108154297,77.51109313964844,86.66162109375,72.20138549804688
signsuisse_test,sign_mt_v2,116,deu,sgg,95.21380615234375,78.78598022460938,95.94532775878906,81.67568969726562
signsuisse_test,sign_mt_v2,117,deu,sgg,129.59567260742188,75.21077728271484,103.32839965820312,82.54905700683594
signsuisse_test,sign_mt_v2,118,deu,sgg,88.58494567871094,81.74809265136719,91.11640167236328,81.42156219482422
signsuisse_test,sign_mt_v2,119,ita,ise,80.95630645751953,77.01509857177734,87.11528015136719,80.68347930908203
signsuisse_test,sign_mt_v2,120,fra,fsl,102.16246795654297,79.39801025390625,108.27204895019531,85.35404205322266
signsuisse_test,sign_mt_v2,121,fra,fsl,77.1053695678711,75.95321655273438,91.8219223022461,85.49504089355469
signsuisse_test,sign_mt_v2,122,ita,ise,71.15177154541016,73.88414001464844,83.34571838378906,76.4668197631836
signsuisse_test,sign_mt_v2,123,fra,fsl,102.51556396484375,84.16822814941406,120.84965515136719,87.60247802734375
signsuisse_test,sign_mt_v2,124,deu,sgg,81.99422454833984,76.34540557861328,88.87183380126953,74.94719696044922
signsuisse_test,sign_mt_v2,125,deu,sgg,100.34455871582031,80.09221649169922,93.94992065429688,79.4834976196289
signsuisse_test,sign_mt_v2,126,ita,ise,86.13016510009766,70.01045227050781,90.64259338378906,77.6691665649414
signsuisse_test,sign_mt_v2,127,ita,ise,82.2246322631836,80.65640258789062,88.72750854492188,78.60053253173828
signsuisse_test,sign_mt_v2,128,fra,fsl,80.41552734375,78.57477569580078,90.55670166015625,81.4250717163086
signsuisse_test,sign_mt_v2,129,ita,ise,89.5958251953125,75.03643035888672,87.1664810180664,78.68094635009766
signsuisse_test,sign_mt_v2,130,deu,sgg,118.47855377197266,76.60591888427734,103.5457763671875,82.09590148925781
signsuisse_test,sign_mt_v2,131,ita,ise,88.91171264648438,78.94285583496094,78.22407531738281,75.77532196044922
signsuisse_test,sign_mt_v2,132,fra,fsl,82.61427307128906,74.85030364990234,97.78704071044922,82.66403198242188
signsuisse_test,sign_mt_v2,133,ita,ise,75.73650360107422,71.61438751220703,87.87635803222656,76.97718811035156
signsuisse_test,sign_mt_v2,134,deu,sgg,93.37354278564453,78.41386413574219,92.45046997070312,76.93003845214844
signsuisse_test,sign_mt_v2,135,ita,ise,92.80606079101562,76.38166046142578,85.5966567993164,81.12744903564453
signsuisse_test,sign_mt_v2,136,deu,sgg,94.55846405029297,70.67894744873047,83.83131408691406,76.20613861083984
signsuisse_test,sign_mt_v2,137,fra,fsl,95.5523452758789,84.24848175048828,109.64472961425781,90.7626724243164
signsuisse_test,sign_mt_v2,138,ita,ise,84.17762756347656,73.3669204711914,92.8783187866211,73.32933807373047
signsuisse_test,sign_mt_v2,139,deu,sgg,100.8232421875,82.17647552490234,98.70207214355469,81.36045837402344
signsuisse_test,sign_mt_v2,140,fra,fsl,89.86460876464844,76.24737548828125,103.65457153320312,86.163330078125
signsuisse_test,sign_mt_v2,141,deu,sgg,61.037532806396484,69.4150619506836,71.55366516113281,66.06948852539062
signsuisse_test,sign_mt_v2,142,fra,fsl,95.80694580078125,82.0683822631836,105.00196075439453,83.75860595703125
signsuisse_test,sign_mt_v2,143,fra,fsl,82.58731842041016,77.4222183227539,103.59994506835938,86.71106719970703
signsuisse_test,sign_mt_v2,144,deu,sgg,111.0477066040039,77.60704040527344,95.85148620605469,80.04507446289062
signsuisse_test,sign_mt_v2,145,deu,sgg,71.09858703613281,70.59544372558594,67.77253723144531,66.20120239257812
signsuisse_test,sign_mt_v2,146,deu,sgg,63.70903778076172,70.60942077636719,72.09365844726562,64.13372802734375
signsuisse_test,sign_mt_v2,147,deu,sgg,95.09137725830078,79.7926025390625,91.01986694335938,77.51110076904297
signsuisse_test,sign_mt_v2,148,deu,sgg,107.84498596191406,79.510009765625,105.06615447998047,83.55882263183594
signsuisse_test,sign_mt_v2,149,deu,sgg,102.01091003417969,80.10006713867188,98.52692413330078,82.14643859863281
signsuisse_test,sign_mt_v2,150,deu,sgg,98.60420227050781,79.74958801269531,96.61649322509766,80.11915588378906
signsuisse_test,sign_mt_v2,151,fra,fsl,88.933837890625,82.98001098632812,101.57524108886719,84.35584259033203
signsuisse_test,sign_mt_v2,152,deu,sgg,70.99091339111328,69.5948486328125,82.8240737915039,72.31751251220703
signsuisse_test,sign_mt_v2,153,ita,ise,76.33192443847656,76.48902130126953,79.2134780883789,78.5100326538086
signsuisse_test,sign_mt_v2,154,ita,ise,87.52000427246094,74.98577880859375,88.95262145996094,76.7308120727539
signsuisse_test,sign_mt_v2,155,fra,fsl,91.22022247314453,79.83991241455078,104.70993041992188,82.85855865478516
signsuisse_test,sign_mt_v2,156,fra,fsl,94.325927734375,80.41600036621094,106.67552185058594,81.4810791015625
signsuisse_test,sign_mt_v2,157,fra,fsl,86.0258560180664,80.06370544433594,105.46187591552734,83.13622283935547
signsuisse_test,sign_mt_v2,158,ita,ise,98.34486389160156,78.03600311279297,92.69278717041016,76.16889190673828
signsuisse_test,sign_mt_v2,159,ita,ise,79.82846069335938,75.3618392944336,86.30493927001953,73.98847198486328
signsuisse_test,sign_mt_v2,160,ita,ise,84.42567443847656,77.71109771728516,85.8907470703125,71.98834991455078
signsuisse_test,sign_mt_v2,161,deu,sgg,81.62802124023438,75.71759033203125,79.411865234375,71.786376953125
signsuisse_test,sign_mt_v2,162,ita,ise,105.57611846923828,81.80367279052734,96.84519958496094,84.46551513671875
signsuisse_test,sign_mt_v2,163,ita,ise,87.30377960205078,75.6676254272461,89.71865844726562,76.33982849121094
signsuisse_test,sign_mt_v2,164,deu,sgg,78.27032470703125,75.0161361694336,80.7821273803711,65.35795593261719
signsuisse_test,sign_mt_v2,165,deu,sgg,74.71226501464844,76.96376037597656,82.4563980102539,72.21734619140625
signsuisse_test,sign_mt_v2,166,ita,ise,85.99091339111328,73.83503723144531,89.94772338867188,78.20902252197266
signsuisse_test,sign_mt_v2,167,fra,fsl,91.54114532470703,81.05003356933594,96.98101043701172,83.3871841430664
signsuisse_test,sign_mt_v2,168,deu,sgg,98.64217376708984,76.20013427734375,100.17557525634766,84.1938247680664
signsuisse_test,sign_mt_v2,169,deu,sgg,80.96033477783203,75.43899536132812,87.07073974609375,76.55928039550781
signsuisse_test,sign_mt_v2,170,deu,sgg,98.4789047241211,68.66696166992188,76.95757293701172,65.627197265625
signsuisse_test,sign_mt_v2,171,ita,ise,80.1021728515625,70.17179107666016,88.06729888916016,75.66996765136719
signsuisse_test,sign_mt_v2,172,fra,fsl,89.12256622314453,85.08587646484375,102.13744354248047,80.57695007324219
signsuisse_test,sign_mt_v2,173,deu,sgg,95.85386657714844,81.06389617919922,93.1130599975586,81.82587432861328
signsuisse_test,sign_mt_v2,174,deu,sgg,92.33492279052734,78.02177429199219,89.00302124023438,88.40755462646484
signsuisse_test,sign_mt_v2,175,fra,fsl,103.3224868774414,82.12511444091797,118.34465789794922,83.77540588378906
signsuisse_test,sign_mt_v2,176,deu,sgg,96.12838745117188,81.87415313720703,87.1357421875,82.17068481445312
signsuisse_test,sign_mt_v2,177,deu,sgg,74.0173110961914,72.90135955810547,79.98429870605469,74.39364624023438
signsuisse_test,sign_mt_v2,178,fra,fsl,92.04704284667969,78.26309204101562,102.54788970947266,80.45767211914062
signsuisse_test,sign_mt_v2,179,deu,sgg,88.89375305175781,63.94186019897461,88.77198791503906,67.94603729248047
signsuisse_test,sign_mt_v2,180,fra,fsl,82.8767318725586,77.40179443359375,103.88948059082031,83.8940658569336
signsuisse_test,sign_mt_v2,181,fra,fsl,82.48435974121094,78.28751373291016,99.77180480957031,81.02272033691406
signsuisse_test,sign_mt_v2,182,deu,sgg,108.06266784667969,78.54696655273438,103.18659973144531,84.18878936767578
signsuisse_test,sign_mt_v2,183,deu,sgg,90.509033203125,82.48922729492188,92.25042724609375,80.78764343261719
signsuisse_test,sign_mt_v2,184,deu,sgg,69.10722351074219,70.45289611816406,83.96477508544922,71.91888427734375
signsuisse_test,sign_mt_v2,185,ita,ise,86.01325225830078,75.47441101074219,86.54647827148438,75.65766906738281
signsuisse_test,sign_mt_v2,186,deu,sgg,96.33660125732422,73.06912231445312,89.41490173339844,79.0855941772461
signsuisse_test,sign_mt_v2,187,deu,sgg,72.59747314453125,70.88846588134766,88.15031433105469,74.22490692138672
signsuisse_test,sign_mt_v2,188,deu,sgg,92.24225616455078,81.45673370361328,95.67578887939453,81.79609680175781
signsuisse_test,sign_mt_v2,189,ita,ise,76.31787109375,70.31038665771484,89.32328796386719,79.71829223632812
signsuisse_test,sign_mt_v2,190,ita,ise,100.65858459472656,72.45885467529297,89.41909790039062,74.7264404296875
signsuisse_test,sign_mt_v2,191,fra,fsl,88.72332763671875,77.78810119628906,110.31455993652344,82.15167236328125
signsuisse_test,sign_mt_v2,192,ita,ise,111.18517303466797,77.96182250976562,103.7787857055664,80.55403137207031
signsuisse_test,sign_mt_v2,193,ita,ise,82.3935546875,74.6058578491211,89.73252868652344,79.9505615234375
signsuisse_test,sign_mt_v2,194,deu,sgg,109.23448181152344,73.65995025634766,101.01625061035156,82.07977294921875
signsuisse_test,sign_mt_v2,195,ita,ise,90.6290512084961,75.07929229736328,88.42697143554688,72.54779815673828
signsuisse_test,sign_mt_v2,196,deu,sgg,64.67669677734375,60.861698150634766,73.40312194824219,65.60874938964844
signsuisse_test,sign_mt_v2,197,deu,sgg,73.97442626953125,70.600830078125,76.56571197509766,70.59357452392578
signsuisse_test,sign_mt_v2,198,deu,sgg,90.3989486694336,74.44857788085938,82.82430267333984,70.33129119873047
signsuisse_test,sign_mt_v2,199,deu,sgg,68.32183837890625,75.18123626708984,74.77033233642578,73.14303588867188
signsuisse_test,sign_mt_v2,200,deu,sgg,69.5470962524414,71.2961196899414,84.22183990478516,71.15715026855469
signsuisse_test,sign_mt_v2,201,fra,fsl,90.05313873291016,85.34857177734375,91.38074493408203,86.3008041381836
signsuisse_test,sign_mt_v2,202,deu,sgg,96.0564956665039,80.77729797363281,88.96807861328125,80.07299041748047
signsuisse_test,sign_mt_v2,203,fra,fsl,78.62454223632812,80.89478302001953,94.24498748779297,81.43507385253906
signsuisse_test,sign_mt_v2,204,fra,fsl,106.11408996582031,80.47590637207031,109.27275848388672,86.56906127929688
signsuisse_test,sign_mt_v2,205,deu,sgg,126.4180908203125,77.55560302734375,108.2603759765625,82.5776596069336
signsuisse_test,sign_mt_v2,206,fra,fsl,89.34723663330078,81.96389770507812,99.17130279541016,83.12714385986328
signsuisse_test,sign_mt_v2,207,fra,fsl,108.07743835449219,83.9334945678711,111.90934753417969,84.30976867675781
signsuisse_test,sign_mt_v2,208,fra,fsl,110.4703369140625,81.91673278808594,110.62728118896484,85.89908599853516
signsuisse_test,sign_mt_v2,209,ita,ise,110.36990356445312,77.95327758789062,87.93936157226562,81.79127502441406
signsuisse_test,sign_mt_v2,210,deu,sgg,102.77528381347656,76.68978118896484,102.50238037109375,78.01947784423828
signsuisse_test,sign_mt_v2,211,ita,ise,86.0400390625,75.6487045288086,90.06859588623047,79.99990844726562
signsuisse_test,sign_mt_v2,212,deu,sgg,74.04075622558594,67.11276245117188,75.05098724365234,70.14429473876953
signsuisse_test,sign_mt_v2,213,ita,ise,76.11205291748047,71.9747085571289,90.67736053466797,76.44538879394531
signsuisse_test,sign_mt_v2,214,ita,ise,76.52706909179688,73.93002319335938,82.19486999511719,73.60848236083984
signsuisse_test,sign_mt_v2,215,fra,fsl,88.59911346435547,72.5206298828125,93.6362533569336,81.29694366455078
signsuisse_test,sign_mt_v2,216,deu,sgg,98.67002868652344,82.83133697509766,118.19676208496094,82.08468627929688
signsuisse_test,sign_mt_v2,217,fra,fsl,105.97079467773438,77.1106185913086,113.83015441894531,90.01811218261719
signsuisse_test,sign_mt_v2,218,fra,fsl,102.04637908935547,82.02588653564453,116.2850341796875,87.53678131103516
signsuisse_test,sign_mt_v2,219,ita,ise,91.31255340576172,77.1741714477539,85.97779083251953,76.83020782470703
signsuisse_test,sign_mt_v2,220,deu,sgg,87.27525329589844,73.59768676757812,89.09022521972656,72.47757720947266
signsuisse_test,sign_mt_v2,221,deu,sgg,66.142333984375,66.52320098876953,76.77064514160156,69.08232116699219
signsuisse_test,sign_mt_v2,222,ita,ise,86.52941131591797,75.88697814941406,89.97232055664062,79.3829574584961
signsuisse_test,sign_mt_v2,223,deu,sgg,100.75656127929688,78.90019226074219,95.763916015625,77.915771484375
signsuisse_test,sign_mt_v2,224,deu,sgg,93.33370971679688,80.36660766601562,86.88217163085938,77.5561294555664
signsuisse_test,sign_mt_v2,225,fra,fsl,107.91407775878906,74.26049041748047,102.83087158203125,79.30668640136719
signsuisse_test,sign_mt_v2,226,fra,fsl,81.1579818725586,82.64031982421875,99.88441467285156,84.181640625
signsuisse_test,sign_mt_v2,227,fra,fsl,92.91067504882812,81.36396789550781,97.3248062133789,83.63269805908203
signsuisse_test,sign_mt_v2,228,deu,sgg,84.46676635742188,70.9748306274414,87.15060424804688,77.46746063232422
signsuisse_test,sign_mt_v2,229,ita,ise,86.1387939453125,74.68959045410156,88.34234619140625,76.45955657958984
signsuisse_test,sign_mt_v2,230,fra,fsl,87.73043823242188,74.57038116455078,98.57945251464844,78.89595031738281
signsuisse_test,sign_mt_v2,231,deu,sgg,91.80537414550781,79.08092498779297,85.14044189453125,71.0921401977539
signsuisse_test,sign_mt_v2,232,ita,ise,99.73103332519531,76.14127349853516,79.97688293457031,72.82274627685547
signsuisse_test,sign_mt_v2,233,deu,sgg,115.70153045654297,64.60423278808594,93.19110870361328,75.44586181640625
signsuisse_test,sign_mt_v2,234,ita,ise,86.2688980102539,75.96448516845703,88.77350616455078,78.59712982177734
signsuisse_test,sign_mt_v2,235,deu,sgg,96.96886444091797,74.55782318115234,95.91964721679688,78.90625
signsuisse_test,sign_mt_v2,236,fra,fsl,83.21492004394531,80.01742553710938,97.20755767822266,82.5070571899414
signsuisse_test,sign_mt_v2,237,ita,ise,85.28321838378906,69.97949981689453,93.64341735839844,78.00655364990234
signsuisse_test,sign_mt_v2,238,ita,ise,83.1685791015625,70.6887435913086,80.10115814208984,73.47455596923828
signsuisse_test,sign_mt_v2,239,deu,sgg,64.60546112060547,70.51158142089844,73.29934692382812,75.94571685791016
signsuisse_test,sign_mt_v2,240,fra,fsl,81.56705474853516,79.16492462158203,95.05537414550781,76.38764190673828
signsuisse_test,sign_mt_v2,241,deu,sgg,100.88565826416016,77.96257781982422,92.52328491210938,82.338134765625
signsuisse_test,sign_mt_v2,242,ita,ise,92.76100158691406,69.99439239501953,84.82857513427734,77.5516357421875
signsuisse_test,sign_mt_v2,243,deu,sgg,101.46297454833984,80.17755889892578,92.57244110107422,76.04411315917969
signsuisse_test,sign_mt_v2,244,deu,sgg,71.74999237060547,70.75566864013672,89.2513427734375,77.2534408569336
signsuisse_test,sign_mt_v2,245,deu,sgg,74.81050872802734,72.95314025878906,80.90125274658203,65.42283630371094
signsuisse_test,sign_mt_v2,246,ita,ise,80.21289825439453,71.16912841796875,86.59959411621094,71.57182312011719
signsuisse_test,sign_mt_v2,247,deu,sgg,90.13323974609375,85.69541931152344,91.8074722290039,80.36196899414062
signsuisse_test,sign_mt_v2,248,ita,ise,92.00648498535156,78.04173278808594,97.11466217041016,81.7259292602539
signsuisse_test,sign_mt_v2,249,fra,fsl,92.96331024169922,77.07412719726562,101.20335388183594,82.87692260742188
signsuisse_test,sign_mt_v2,250,deu,sgg,85.172607421875,74.95707702636719,86.26091766357422,75.98609161376953
signsuisse_test,sign_mt_v2,251,deu,sgg,65.27490997314453,69.38204956054688,73.85053253173828,72.96491241455078
signsuisse_test,sign_mt_v2,252,deu,sgg,109.84776306152344,78.779296875,92.86640930175781,78.69451141357422
signsuisse_test,sign_mt_v2,253,deu,sgg,78.92265319824219,65.77499389648438,74.2338638305664,71.24768829345703
signsuisse_test,sign_mt_v2,254,fra,fsl,106.31640625,80.09101867675781,106.6372299194336,83.2269058227539
signsuisse_test,sign_mt_v2,255,fra,fsl,81.46331024169922,77.40011596679688,91.81481170654297,83.81961059570312
signsuisse_test,sign_mt_v2,256,deu,sgg,90.93251037597656,75.95536041259766,95.27180480957031,75.60028839111328
signsuisse_test,sign_mt_v2,257,ita,ise,77.1624984741211,74.87920379638672,87.17618560791016,75.35780334472656
signsuisse_test,sign_mt_v2,258,deu,sgg,89.60466003417969,73.64874267578125,86.33936309814453,70.60711669921875
signsuisse_test,sign_mt_v2,259,deu,sgg,100.52055358886719,71.89612579345703,98.47469329833984,79.06324005126953
signsuisse_test,sign_mt_v2,260,fra,fsl,89.85467529296875,76.08605194091797,100.0121078491211,82.26179504394531
signsuisse_test,sign_mt_v2,261,deu,sgg,92.2733154296875,77.44247436523438,91.76415252685547,78.87862396240234
signsuisse_test,sign_mt_v2,262,fra,fsl,99.29826354980469,70.73884582519531,101.60905456542969,80.60269165039062
signsuisse_test,sign_mt_v2,263,deu,sgg,100.0111083984375,76.41754150390625,87.09099578857422,77.6034164428711
signsuisse_test,sign_mt_v2,264,deu,sgg,70.08837890625,73.49968719482422,76.96746826171875,72.68647766113281
signsuisse_test,sign_mt_v2,265,deu,sgg,94.09339904785156,79.75637817382812,89.45028686523438,78.21121215820312
signsuisse_test,sign_mt_v2,266,deu,sgg,106.58321380615234,81.47325897216797,95.14900970458984,77.05178833007812
signsuisse_test,sign_mt_v2,267,ita,ise,96.68890380859375,74.02047729492188,96.61474609375,78.3277816772461
signsuisse_test,sign_mt_v2,268,ita,ise,105.17424011230469,71.4967269897461,91.5914306640625,80.08238983154297
signsuisse_test,sign_mt_v2,269,deu,sgg,82.17959594726562,79.7994384765625,81.8802719116211,76.2186279296875
signsuisse_test,sign_mt_v2,270,fra,fsl,92.97746276855469,81.79927825927734,105.85619354248047,81.468017578125
signsuisse_test,sign_mt_v2,271,fra,fsl,80.26364135742188,68.53108978271484,92.25424194335938,79.83849334716797
signsuisse_test,sign_mt_v2,272,ita,ise,103.14773559570312,72.77759552001953,93.63687896728516,82.25171661376953
signsuisse_test,sign_mt_v2,273,deu,sgg,88.96878051757812,74.86874389648438,85.19699096679688,74.79220581054688
signsuisse_test,sign_mt_v2,274,fra,fsl,95.60977172851562,79.98530578613281,113.13369750976562,86.17262268066406
signsuisse_test,sign_mt_v2,275,deu,sgg,63.61740493774414,67.24346923828125,72.48299407958984,67.66613006591797
signsuisse_test,sign_mt_v2,276,deu,sgg,100.52799987792969,78.3913803100586,91.90360260009766,81.09928894042969
signsuisse_test,sign_mt_v2,277,deu,sgg,71.75139617919922,70.35527801513672,78.66503143310547,73.59069061279297
signsuisse_test,sign_mt_v2,278,deu,sgg,115.97069549560547,77.78398132324219,114.4493179321289,84.28571319580078
signsuisse_test,sign_mt_v2,279,deu,sgg,97.40155029296875,84.35496520996094,90.67610168457031,81.12014770507812
signsuisse_test,sign_mt_v2,280,fra,fsl,86.422119140625,76.31072998046875,95.98316955566406,86.48314666748047
signsuisse_test,sign_mt_v2,281,deu,sgg,112.94686126708984,82.9241943359375,107.56974792480469,85.65425109863281
signsuisse_test,sign_mt_v2,282,ita,ise,88.18637084960938,74.18997192382812,82.59728240966797,80.71185302734375
signsuisse_test,sign_mt_v2,283,deu,sgg,90.74846649169922,80.24888610839844,84.2650375366211,79.93511962890625
signsuisse_test,sign_mt_v2,284,ita,ise,77.75448608398438,71.87889862060547,85.84212493896484,77.59359741210938
signsuisse_test,sign_mt_v2,285,deu,sgg,126.5616683959961,77.40064239501953,98.61106872558594,88.38858032226562
signsuisse_test,sign_mt_v2,286,ita,ise,98.76764678955078,72.65679168701172,85.83734130859375,75.95232391357422
signsuisse_test,sign_mt_v2,287,deu,sgg,88.700927734375,79.42808532714844,89.56268310546875,79.5301284790039
signsuisse_test,sign_mt_v2,288,deu,sgg,105.27286529541016,74.01122283935547,90.29777526855469,77.74237823486328
signsuisse_test,sign_mt_v2,289,ita,ise,82.88040924072266,78.06731414794922,95.49461364746094,80.53474426269531
signsuisse_test,sign_mt_v2,290,deu,sgg,68.50836944580078,69.91706085205078,76.37162780761719,75.31103515625
signsuisse_test,sign_mt_v2,291,fra,fsl,89.98197174072266,75.16932678222656,95.73054504394531,85.7265625
signsuisse_test,sign_mt_v2,292,deu,sgg,100.93309783935547,74.7911605834961,93.11239624023438,82.37322235107422
signsuisse_test,sign_mt_v2,293,fra,fsl,102.22480773925781,78.99917602539062,106.82640075683594,85.26144409179688
signsuisse_test,sign_mt_v2,294,deu,sgg,81.25817108154297,75.80110931396484,79.42582702636719,75.58685302734375
signsuisse_test,sign_mt_v2,295,ita,ise,99.92644500732422,75.64205932617188,99.50059509277344,83.4249267578125
signsuisse_test,sign_mt_v2,296,deu,sgg,73.42701721191406,77.12299346923828,73.93870544433594,65.30775451660156
signsuisse_test,sign_mt_v2,297,deu,sgg,70.5210952758789,63.44621658325195,72.89192199707031,47.24504089355469
signsuisse_test,sign_mt_v2,298,deu,sgg,98.57527160644531,74.58914947509766,91.89266204833984,80.21709442138672
signsuisse_test,sign_mt_v2,299,deu,sgg,67.08340454101562,72.4761734008789,78.13652038574219,68.4339828491211
signsuisse_test,sign_mt_v2,300,fra,fsl,83.08207702636719,78.3812484741211,102.53704833984375,82.40943908691406
signsuisse_test,sign_mt_v2,301,deu,sgg,110.09016418457031,82.6659927368164,100.18193817138672,87.01883697509766
signsuisse_test,sign_mt_v2,302,fra,fsl,104.6723403930664,82.54768371582031,116.54728698730469,85.7714614868164
signsuisse_test,sign_mt_v2,303,fra,fsl,97.16694641113281,75.31681060791016,107.23074340820312,79.33832550048828
signsuisse_test,sign_mt_v2,304,deu,sgg,91.57295227050781,79.1239242553711,87.0895004272461,76.91566467285156
signsuisse_test,sign_mt_v2,305,fra,fsl,76.49978637695312,67.24781799316406,92.84952545166016,74.23243713378906
signsuisse_test,sign_mt_v2,306,ita,ise,93.03300476074219,74.14348602294922,95.68270111083984,75.6418685913086
signsuisse_test,sign_mt_v2,307,fra,fsl,99.5311050415039,82.85448455810547,106.0114517211914,83.18351745605469
signsuisse_test,sign_mt_v2,308,ita,ise,90.79434204101562,78.51892852783203,87.34020233154297,78.02095031738281
signsuisse_test,sign_mt_v2,309,ita,ise,86.77255249023438,80.36349487304688,91.01153564453125,75.81732177734375
signsuisse_test,sign_mt_v2,310,ita,ise,75.78870391845703,67.65003204345703,85.5669937133789,71.38938903808594
signsuisse_test,sign_mt_v2,311,ita,ise,98.08604431152344,76.86355590820312,85.06185913085938,79.49269104003906
signsuisse_test,sign_mt_v2,312,fra,fsl,89.03857421875,74.23268127441406,98.1085205078125,82.00534057617188
signsuisse_test,sign_mt_v2,313,ita,ise,96.04206848144531,74.19283294677734,91.56717681884766,79.08103942871094
signsuisse_test,sign_mt_v2,314,deu,sgg,91.73480987548828,80.43479919433594,91.943115234375,79.3638687133789
signsuisse_test,sign_mt_v2,315,deu,sgg,116.89596557617188,80.49333953857422,97.44871520996094,83.33756256103516
signsuisse_test,sign_mt_v2,316,deu,sgg,100.75532531738281,78.83047485351562,95.9549560546875,77.98503112792969
signsuisse_test,sign_mt_v2,317,deu,sgg,106.08622741699219,83.43150329589844,101.05976867675781,81.21553039550781
signsuisse_test,sign_mt_v2,318,fra,fsl,87.50122833251953,77.49996948242188,101.71099090576172,80.68608856201172
signsuisse_test,sign_mt_v2,319,fra,fsl,108.42926025390625,74.50791931152344,105.20771026611328,84.13233184814453
signsuisse_test,sign_mt_v2,320,fra,fsl,92.96517944335938,86.92170715332031,100.99223327636719,82.3126220703125
signsuisse_test,sign_mt_v2,321,ita,ise,76.25264739990234,77.52435302734375,93.06452941894531,78.9594497680664
signsuisse_test,sign_mt_v2,322,deu,sgg,92.70220947265625,77.44972229003906,98.012451171875,83.38077545166016
signsuisse_test,sign_mt_v2,323,fra,fsl,103.09786987304688,78.52486419677734,108.44844818115234,80.48255920410156
signsuisse_test,sign_mt_v2,324,deu,sgg,87.17787170410156,77.09156799316406,88.24324035644531,73.10674285888672
signsuisse_test,sign_mt_v2,325,deu,sgg,80.07577514648438,71.8405990600586,82.60396575927734,68.00588989257812
signsuisse_test,sign_mt_v2,326,ita,ise,109.03800964355469,79.0055160522461,96.33139038085938,82.25584411621094
signsuisse_test,sign_mt_v2,327,deu,sgg,98.49432373046875,80.94419860839844,88.19261932373047,80.30196380615234
signsuisse_test,sign_mt_v2,328,fra,fsl,101.16328430175781,89.49008178710938,111.9943618774414,89.81173706054688
signsuisse_test,sign_mt_v2,329,deu,sgg,87.86631774902344,78.64374542236328,81.10175323486328,73.99018859863281
signsuisse_test,sign_mt_v2,330,deu,sgg,91.18417358398438,79.92730712890625,87.71893310546875,76.20638275146484
signsuisse_test,sign_mt_v2,331,deu,sgg,99.88318634033203,75.12812042236328,88.03691101074219,77.77836608886719
signsuisse_test,sign_mt_v2,332,ita,ise,104.74464416503906,74.51321411132812,101.71836853027344,80.10951232910156
signsuisse_test,sign_mt_v2,333,ita,ise,95.77704620361328,73.93236541748047,89.10621643066406,73.73213195800781
signsuisse_test,sign_mt_v2,334,deu,sgg,86.30805969238281,72.03968048095703,87.68785095214844,75.32111358642578
signsuisse_test,sign_mt_v2,335,deu,sgg,100.25645446777344,84.97679138183594,98.95024108886719,83.93049621582031
signsuisse_test,sign_mt_v2,336,fra,fsl,105.76851654052734,73.59131622314453,105.17353820800781,84.25660705566406
signsuisse_test,sign_mt_v2,337,fra,fsl,88.00486755371094,74.72007751464844,92.42902374267578,78.81658172607422
signsuisse_test,sign_mt_v2,338,deu,sgg,91.5480728149414,78.97334289550781,93.87715911865234,79.0688247680664
signsuisse_test,sign_mt_v2,339,fra,fsl,76.65409088134766,76.73941040039062,89.46463775634766,78.87764739990234
signsuisse_test,sign_mt_v2,340,deu,sgg,97.19551086425781,76.35648345947266,90.71357727050781,79.44815063476562
signsuisse_test,sign_mt_v2,341,ita,ise,83.87883758544922,75.53425598144531,84.37571716308594,75.47381591796875
signsuisse_test,sign_mt_v2,342,deu,sgg,75.27970123291016,82.27882385253906,86.8768539428711,77.78033447265625
signsuisse_test,sign_mt_v2,343,deu,sgg,97.39376831054688,73.94850158691406,95.80208587646484,76.11205291748047
signsuisse_test,sign_mt_v2,344,fra,fsl,110.52210998535156,87.73075103759766,115.74246215820312,87.76251220703125
signsuisse_test,sign_mt_v2,345,deu,sgg,81.90646362304688,71.85726165771484,86.0196304321289,74.61412048339844
signsuisse_test,sign_mt_v2,346,deu,sgg,107.69770050048828,83.3597183227539,94.27665710449219,71.93856048583984
signsuisse_test,sign_mt_v2,347,deu,sgg,79.0962905883789,79.14240264892578,87.77719116210938,73.34673309326172
signsuisse_test,sign_mt_v2,348,fra,fsl,104.72400665283203,74.38619995117188,100.24340057373047,84.6641616821289
signsuisse_test,sign_mt_v2,349,fra,fsl,96.40531921386719,83.28094482421875,106.04341125488281,82.21611022949219
signsuisse_test,sign_mt_v2,350,ita,ise,94.28750610351562,72.73452758789062,98.09605407714844,78.96595764160156
signsuisse_test,sign_mt_v2,351,ita,ise,92.78069305419922,67.05675506591797,90.36569213867188,76.80018615722656
signsuisse_test,sign_mt_v2,352,deu,sgg,92.8611068725586,75.74836730957031,85.7698974609375,77.54256439208984
signsuisse_test,sign_mt_v2,353,ita,ise,83.22509002685547,76.72604370117188,89.94389343261719,76.64820861816406
signsuisse_test,sign_mt_v2,354,deu,sgg,73.02994537353516,74.45374298095703,73.51516723632812,66.1901626586914
signsuisse_test,sign_mt_v2,355,ita,ise,96.09282684326172,73.21858215332031,98.49983978271484,78.79249572753906
signsuisse_test,sign_mt_v2,356,ita,ise,85.93412017822266,75.90754699707031,89.5865707397461,78.08612060546875
signsuisse_test,sign_mt_v2,357,deu,sgg,95.90145111083984,67.40579986572266,83.27996063232422,79.515380859375
signsuisse_test,sign_mt_v2,358,ita,ise,70.71876525878906,74.17305755615234,87.91219329833984,79.89196014404297
signsuisse_test,sign_mt_v2,359,deu,sgg,72.05567169189453,75.5531234741211,83.78748321533203,75.81256866455078
signsuisse_test,sign_mt_v2,360,ita,ise,96.46998596191406,72.73023223876953,91.27357482910156,73.80472564697266
signsuisse_test,sign_mt_v2,361,ita,ise,94.11078643798828,77.19039154052734,90.61019134521484,76.84910583496094
signsuisse_test,sign_mt_v2,362,ita,ise,80.70494842529297,77.7873764038086,86.4957046508789,77.17743682861328
signsuisse_test,sign_mt_v2,363,fra,fsl,96.35130310058594,82.32471466064453,105.1206283569336,86.72608184814453
signsuisse_test,sign_mt_v2,364,fra,fsl,110.77381896972656,79.09579467773438,118.12898254394531,81.41966247558594
signsuisse_test,sign_mt_v2,365,ita,ise,77.0995864868164,76.8793716430664,83.1783218383789,79.33714294433594
signsuisse_test,sign_mt_v2,366,deu,sgg,78.59246063232422,79.89469909667969,80.44477844238281,70.17504119873047
signsuisse_test,sign_mt_v2,367,deu,sgg,118.38985443115234,74.88011169433594,90.58053588867188,78.06660461425781
signsuisse_test,sign_mt_v2,368,deu,sgg,70.47332763671875,72.88489532470703,77.32565307617188,67.7388687133789
signsuisse_test,sign_mt_v2,369,ita,ise,86.40812683105469,78.73772430419922,80.71283721923828,76.4564437866211
signsuisse_test,sign_mt_v2,370,fra,fsl,78.67485046386719,73.6875,95.74705505371094,78.71331787109375
signsuisse_test,sign_mt_v2,371,deu,sgg,112.52910614013672,80.69784545898438,102.46065521240234,85.3288345336914
signsuisse_test,sign_mt_v2,372,deu,sgg,89.17405700683594,79.64946746826172,92.41387939453125,81.58639526367188
signsuisse_test,sign_mt_v2,373,deu,sgg,79.3907241821289,72.32044219970703,82.99337768554688,71.7780990600586
signsuisse_test,sign_mt_v2,374,deu,sgg,96.87635803222656,79.43009948730469,90.54617309570312,78.73004913330078
signsuisse_test,sign_mt_v2,375,deu,sgg,97.16445922851562,77.43633270263672,93.73353576660156,83.534423828125
signsuisse_test,sign_mt_v2,376,fra,fsl,97.29109191894531,75.93846130371094,102.64175415039062,87.14054870605469
signsuisse_test,sign_mt_v2,377,ita,ise,88.8606185913086,75.36858367919922,90.09065246582031,78.81105041503906
signsuisse_test,sign_mt_v2,378,deu,sgg,106.12203216552734,80.23399353027344,107.73040008544922,83.44784545898438
signsuisse_test,sign_mt_v2,379,fra,fsl,99.39057922363281,79.06932067871094,102.45784759521484,83.19871520996094
signsuisse_test,sign_mt_v2,380,ita,ise,93.01129150390625,80.05110168457031,97.75778198242188,80.88639831542969
signsuisse_test,sign_mt_v2,381,ita,ise,84.53801727294922,71.28955078125,83.10758209228516,76.51486206054688
signsuisse_test,sign_mt_v2,382,deu,sgg,112.74588012695312,84.42231750488281,102.5837631225586,80.20329284667969
signsuisse_test,sign_mt_v2,383,fra,fsl,84.4544448852539,83.61654663085938,100.34912109375,79.94847869873047
signsuisse_test,sign_mt_v2,384,ita,ise,91.07970428466797,73.26213073730469,82.23954772949219,73.59725952148438
signsuisse_test,sign_mt_v2,385,deu,sgg,67.75281524658203,65.39965057373047,76.052734375,64.54878234863281
signsuisse_test,sign_mt_v2,386,ita,ise,84.44407653808594,79.87899017333984,74.71200561523438,79.9530029296875
signsuisse_test,sign_mt_v2,387,ita,ise,79.82471466064453,78.50260162353516,83.82349395751953,79.33332824707031
signsuisse_test,sign_mt_v2,388,deu,sgg,88.93632507324219,78.4111328125,90.01854705810547,78.70890045166016
signsuisse_test,sign_mt_v2,389,ita,ise,83.4730453491211,73.2072525024414,88.15045928955078,78.47723388671875
signsuisse_test,sign_mt_v2,390,deu,sgg,96.73045349121094,77.1335220336914,88.7742919921875,77.40213775634766
signsuisse_test,sign_mt_v2,391,fra,fsl,86.2865982055664,80.81562042236328,102.52267456054688,84.64077758789062
signsuisse_test,sign_mt_v2,392,deu,sgg,68.8671646118164,75.22906494140625,79.3467788696289,74.27827453613281
signsuisse_test,sign_mt_v2,393,ita,ise,100.44659423828125,84.64814758300781,98.12394714355469,83.7711410522461
signsuisse_test,sign_mt_v2,394,deu,sgg,64.16154479980469,72.24979400634766,68.34538269042969,65.77381896972656
signsuisse_test,sign_mt_v2,395,fra,fsl,97.28514099121094,82.20846557617188,108.78720092773438,85.0308837890625
signsuisse_test,sign_mt_v2,396,deu,sgg,93.84517669677734,80.18183898925781,92.80516052246094,78.08320617675781
signsuisse_test,sign_mt_v2,397,deu,sgg,109.57481384277344,75.10550689697266,104.23423767089844,82.01355743408203
signsuisse_test,sign_mt_v2,398,ita,ise,101.61123657226562,76.55486297607422,92.90179443359375,81.30013275146484
signsuisse_test,sign_mt_v2,399,deu,sgg,106.96821594238281,83.670654296875,100.22550964355469,83.73661041259766
signsuisse_test,sign_mt_v2,400,deu,sgg,96.22927856445312,63.39945983886719,77.33028411865234,69.77599334716797
signsuisse_test,sign_mt_v2,401,deu,sgg,74.89244842529297,74.73204803466797,77.8179931640625,72.2897720336914
signsuisse_test,sign_mt_v2,402,fra,fsl,77.1085205078125,75.65375518798828,90.83684539794922,81.6875228881836
signsuisse_test,sign_mt_v2,403,fra,fsl,90.42826080322266,73.77922058105469,101.410400390625,81.886962890625
signsuisse_test,sign_mt_v2,404,deu,sgg,68.15061950683594,70.71532440185547,82.71748352050781,73.73164367675781
signsuisse_test,sign_mt_v2,405,deu,sgg,90.9134750366211,84.49369812011719,94.78082275390625,79.62158203125
signsuisse_test,sign_mt_v2,406,deu,sgg,76.86660766601562,74.85005950927734,84.86263275146484,72.83808135986328
signsuisse_test,sign_mt_v2,407,fra,fsl,92.2475814819336,86.7003173828125,104.30308532714844,87.96578216552734
signsuisse_test,sign_mt_v2,408,ita,ise,95.890869140625,74.93058013916016,97.44678497314453,78.42778778076172
signsuisse_test,sign_mt_v2,409,deu,sgg,77.37312316894531,75.1455307006836,79.97396087646484,68.46043395996094
signsuisse_test,sign_mt_v2,410,deu,sgg,80.49470520019531,70.70491027832031,85.41423034667969,72.77888488769531
signsuisse_test,sign_mt_v2,411,deu,sgg,94.84971618652344,80.63765716552734,96.00334167480469,92.89888000488281
signsuisse_test,sign_mt_v2,412,deu,sgg,108.86326599121094,77.91029357910156,98.1659164428711,82.27190399169922
signsuisse_test,sign_mt_v2,413,deu,sgg,91.60955810546875,78.41307067871094,86.44285583496094,77.64376831054688
signsuisse_test,sign_mt_v2,414,deu,sgg,111.68806457519531,67.70165252685547,92.09247589111328,71.79088592529297
signsuisse_test,sign_mt_v2,415,deu,sgg,89.97663879394531,83.54806518554688,86.57744598388672,71.97378540039062
signsuisse_test,sign_mt_v2,416,fra,fsl,79.44075775146484,77.78873443603516,94.07037353515625,80.75675964355469
signsuisse_test,sign_mt_v2,417,fra,fsl,120.16017150878906,81.80988311767578,133.0099334716797,90.46769714355469
signsuisse_test,sign_mt_v2,418,deu,sgg,88.94248962402344,75.7815933227539,90.47856903076172,77.32872009277344
signsuisse_test,sign_mt_v2,419,deu,sgg,70.17960357666016,74.11553955078125,75.96699523925781,69.74600982666016
signsuisse_test,sign_mt_v2,420,deu,sgg,77.68099212646484,81.21879577636719,79.52212524414062,72.5936508178711
signsuisse_test,sign_mt_v2,421,fra,fsl,92.78516387939453,81.15463256835938,107.90353393554688,85.66603088378906
signsuisse_test,sign_mt_v2,422,fra,fsl,86.3316650390625,78.84757232666016,95.37407684326172,83.03028869628906
signsuisse_test,sign_mt_v2,423,deu,sgg,91.9139404296875,77.41471862792969,88.18429565429688,67.77919006347656
signsuisse_test,sign_mt_v2,424,fra,fsl,100.88180541992188,75.67748260498047,111.97032165527344,81.59685516357422
signsuisse_test,sign_mt_v2,425,fra,fsl,78.61666870117188,76.4548110961914,92.83071899414062,78.22144317626953
signsuisse_test,sign_mt_v2,426,deu,sgg,110.95719146728516,74.22248840332031,96.89324951171875,81.20105743408203
signsuisse_test,sign_mt_v2,427,ita,ise,81.97868347167969,72.52996826171875,91.78138732910156,71.26337432861328
signsuisse_test,sign_mt_v2,428,deu,sgg,64.37226104736328,69.15652465820312,74.36569213867188,71.15497589111328
signsuisse_test,sign_mt_v2,429,deu,sgg,88.22723388671875,77.35970306396484,83.838134765625,79.16596984863281
signsuisse_test,sign_mt_v2,430,deu,sgg,92.57697296142578,76.86192321777344,92.18456268310547,78.31468200683594
signsuisse_test,sign_mt_v2,431,deu,sgg,115.2935791015625,73.95686340332031,108.04918670654297,84.93334197998047
signsuisse_test,sign_mt_v2,432,deu,sgg,76.49858856201172,68.5254898071289,80.48287963867188,75.68677520751953
signsuisse_test,sign_mt_v2,433,deu,sgg,102.94915008544922,84.99372863769531,93.71073150634766,81.536376953125
signsuisse_test,sign_mt_v2,434,deu,sgg,96.8065185546875,79.65231323242188,91.15361022949219,75.5667953491211
signsuisse_test,sign_mt_v2,435,deu,sgg,71.41056823730469,72.41844177246094,80.73963165283203,64.29222106933594
signsuisse_test,sign_mt_v2,436,fra,fsl,90.03504943847656,81.66867065429688,102.93772888183594,85.17395782470703
signsuisse_test,sign_mt_v2,437,deu,sgg,101.99685668945312,78.1767807006836,96.9397201538086,79.93439483642578
signsuisse_test,sign_mt_v2,438,deu,sgg,63.034584045410156,65.14292907714844,69.9059066772461,66.31529235839844
signsuisse_test,sign_mt_v2,439,deu,sgg,92.25519561767578,74.07594299316406,86.6764144897461,78.78656005859375
signsuisse_test,sign_mt_v2,440,deu,sgg,89.3724594116211,73.26203155517578,89.27183532714844,77.3673324584961
signsuisse_test,sign_mt_v2,441,ita,ise,93.97109985351562,77.52091217041016,89.7773666381836,79.46862030029297
signsuisse_test,sign_mt_v2,442,ita,ise,82.26679992675781,71.86477661132812,83.224609375,77.70782470703125
signsuisse_test,sign_mt_v2,443,fra,fsl,96.27263641357422,78.84370422363281,108.51073455810547,82.14000701904297
signsuisse_test,sign_mt_v2,444,deu,sgg,65.5296630859375,70.13801574707031,83.5544204711914,73.7944564819336
signsuisse_test,sign_mt_v2,445,deu,sgg,96.95616149902344,79.93110656738281,95.89527893066406,79.23230743408203
signsuisse_test,sign_mt_v2,446,deu,sgg,88.4405517578125,73.37654876708984,83.8785171508789,76.02533721923828
signsuisse_test,sign_mt_v2,447,fra,fsl,102.47357940673828,84.60857391357422,116.5018539428711,82.4749526977539
signsuisse_test,sign_mt_v2,448,deu,sgg,78.45433807373047,69.96612548828125,84.51078796386719,71.46554565429688
signsuisse_test,sign_mt_v2,449,deu,sgg,108.06167602539062,76.16998291015625,110.87716674804688,83.28443908691406
signsuisse_test,sign_mt_v2,450,ita,ise,95.14842987060547,75.18214416503906,96.60199737548828,73.37323760986328
signsuisse_test,sign_mt_v2,451,deu,sgg,62.77836227416992,67.29084014892578,71.39693450927734,66.13379669189453
signsuisse_test,sign_mt_v2,452,deu,sgg,70.30294799804688,67.63777923583984,79.19508361816406,66.87004089355469
signsuisse_test,sign_mt_v2,453,deu,sgg,106.92152404785156,79.16773986816406,96.06874084472656,80.3272705078125
signsuisse_test,sign_mt_v2,454,deu,sgg,101.13398742675781,65.95673370361328,88.67575073242188,68.07302856445312
signsuisse_test,sign_mt_v2,455,deu,sgg,106.39822387695312,77.5936279296875,90.5362319946289,79.67533874511719
signsuisse_test,sign_mt_v2,456,deu,sgg,120.78961944580078,80.920654296875,107.60763549804688,80.15839385986328
signsuisse_test,sign_mt_v2,457,deu,sgg,91.37198638916016,80.91030883789062,88.0813980102539,77.38200378417969
signsuisse_test,sign_mt_v2,458,deu,sgg,69.58448791503906,71.27481842041016,86.03924560546875,70.64210510253906
signsuisse_test,sign_mt_v2,459,deu,sgg,69.75200653076172,67.05506896972656,70.25151824951172,65.41559600830078
signsuisse_test,sign_mt_v2,460,fra,fsl,97.71305847167969,82.44683074951172,109.16049194335938,84.23355102539062
signsuisse_test,sign_mt_v2,461,deu,sgg,70.24788665771484,68.73995971679688,68.42472839355469,66.33631896972656
signsuisse_test,sign_mt_v2,462,fra,fsl,116.71931457519531,80.92930603027344,115.04045867919922,82.79609680175781
signsuisse_test,sign_mt_v2,463,fra,fsl,99.27534484863281,80.97282409667969,110.12498474121094,85.40354919433594
signsuisse_test,sign_mt_v2,464,deu,sgg,70.38954162597656,72.08414459228516,80.85536193847656,70.59868621826172
signsuisse_test,sign_mt_v2,465,deu,sgg,99.38806915283203,83.81383514404297,91.4630126953125,78.50001525878906
signsuisse_test,sign_mt_v2,466,deu,sgg,73.79541015625,74.41656494140625,68.99190521240234,61.913150787353516
signsuisse_test,sign_mt_v2,467,deu,sgg,89.54510498046875,73.6153564453125,78.90961456298828,67.80843353271484
signsuisse_test,sign_mt_v2,468,deu,sgg,77.92316436767578,72.75222778320312,76.51496887207031,73.06591796875
signsuisse_test,sign_mt_v2,469,fra,fsl,82.96813201904297,85.54857635498047,94.34523010253906,76.43598175048828
signsuisse_test,sign_mt_v2,470,ita,ise,72.0164566040039,73.32249450683594,85.4813461303711,77.7595443725586
signsuisse_test,sign_mt_v2,471,fra,fsl,99.05427551269531,73.98766326904297,105.41221618652344,81.65873718261719
signsuisse_test,sign_mt_v2,472,ita,ise,88.76499938964844,77.06353759765625,96.03082275390625,77.39600372314453
signsuisse_test,sign_mt_v2,473,fra,fsl,102.89163208007812,85.72431182861328,107.68567657470703,87.97859191894531
signsuisse_test,sign_mt_v2,474,ita,ise,88.13134765625,77.4482192993164,83.44906616210938,73.08320617675781
signsuisse_test,sign_mt_v2,475,fra,fsl,80.9519271850586,69.87112426757812,94.32672882080078,85.90388488769531
signsuisse_test,sign_mt_v2,476,ita,ise,91.13934326171875,79.44847106933594,85.23612213134766,78.59991455078125
signsuisse_test,sign_mt_v2,477,ita,ise,72.68949890136719,73.97476196289062,84.92200469970703,77.08184814453125
signsuisse_test,sign_mt_v2,478,fra,fsl,80.37474060058594,77.70967864990234,100.20413970947266,78.5842514038086
signsuisse_test,sign_mt_v2,479,ita,ise,85.7874755859375,77.07334899902344,85.03338623046875,77.82406616210938
signsuisse_test,sign_mt_v2,480,deu,sgg,71.9988784790039,70.11225128173828,80.83170318603516,68.87106323242188
signsuisse_test,sign_mt_v2,481,deu,sgg,77.89887237548828,82.73406982421875,85.17503356933594,78.14131927490234
signsuisse_test,sign_mt_v2,482,ita,ise,80.0182876586914,74.89509582519531,78.91913604736328,77.98638153076172
signsuisse_test,sign_mt_v2,483,deu,sgg,102.12799072265625,74.73294830322266,97.93612670898438,72.5379867553711
signsuisse_test,sign_mt_v2,484,ita,ise,98.59956359863281,83.47990417480469,83.95914459228516,79.28871154785156
signsuisse_test,sign_mt_v2,485,deu,sgg,99.90144348144531,75.21358489990234,85.3285903930664,72.36493682861328
signsuisse_test,sign_mt_v2,486,deu,sgg,74.50003814697266,69.2098388671875,80.46299743652344,75.9410629272461
signsuisse_test,sign_mt_v2,487,deu,sgg,84.421630859375,76.08061218261719,97.23452758789062,73.43045043945312
signsuisse_test,sign_mt_v2,488,ita,ise,87.24789428710938,74.5647964477539,94.90726470947266,76.87895965576172
signsuisse_test,sign_mt_v2,489,deu,sgg,80.81563568115234,73.16228485107422,86.13750457763672,71.18453216552734
signsuisse_test,sign_mt_v2,490,deu,sgg,82.00802612304688,79.42048645019531,89.45195007324219,76.51705169677734
signsuisse_test,sign_mt_v2,491,deu,sgg,115.47270202636719,78.69734191894531,101.86840057373047,82.04884338378906
signsuisse_test,sign_mt_v2,492,ita,ise,78.90425872802734,73.50963592529297,88.34542846679688,79.15441131591797
signsuisse_test,sign_mt_v2,493,deu,sgg,61.51602554321289,64.70957946777344,72.34169006347656,65.21195220947266
signsuisse_test,sign_mt_v2,494,fra,fsl,86.33549499511719,73.1124496459961,98.19212341308594,83.6922378540039
signsuisse_test,sign_mt_v2,495,ita,ise,79.84688568115234,78.96595001220703,82.18614959716797,79.62164306640625
signsuisse_test,sign_mt_v2,496,deu,sgg,71.44491577148438,67.87073516845703,79.92202758789062,62.97613525390625
signsuisse_test,sign_mt_v2,497,ita,ise,95.1528549194336,82.13750457763672,92.74980163574219,78.87606048583984
signsuisse_test,sign_mt_v2,498,ita,ise,85.42483520507812,77.10811614990234,88.5773696899414,77.14190673828125
signsuisse_test,sign_mt_v2,499,ita,ise,86.63189697265625,71.0851058959961,92.74722290039062,76.90592193603516
signsuisse_test,sign_mt_v2,500,deu,sgg,73.12899780273438,72.58247375488281,75.00503540039062,63.79389572143555
signsuisse_test,sign_mt_v2,501,deu,sgg,82.52857971191406,73.62760162353516,86.48814392089844,71.11751556396484
signsuisse_test,sign_mt_v2,502,ita,ise,75.4684066772461,68.3690185546875,89.0239028930664,76.81633758544922
signsuisse_test,sign_mt_v2,503,fra,fsl,79.50366973876953,82.795166015625,91.7901611328125,83.84869384765625
signsuisse_test,sign_mt_v2,504,fra,fsl,100.30097961425781,84.70376586914062,103.05057525634766,85.67306518554688
signsuisse_test,sign_mt_v2,505,ita,ise,94.49365234375,74.59297180175781,95.83366394042969,80.52826690673828
signsuisse_test,sign_mt_v2,506,deu,sgg,91.97579956054688,77.10531616210938,88.57382202148438,68.62946319580078
signsuisse_test,sign_mt_v2,507,fra,fsl,93.9821548461914,74.361572265625,96.93914794921875,83.51948547363281
signsuisse_test,sign_mt_v2,508,ita,ise,94.09284973144531,76.64363098144531,93.97785949707031,80.65177154541016
signsuisse_test,sign_mt_v2,509,fra,fsl,93.20813751220703,78.29240417480469,105.62444305419922,81.86566162109375
signsuisse_test,sign_mt_v2,510,fra,fsl,76.50747680664062,72.48799896240234,84.31890106201172,70.1220703125
signsuisse_test,sign_mt_v2,511,ita,ise,71.45524597167969,68.57218933105469,90.76849365234375,73.93353271484375
signsuisse_test,sign_mt_v2,512,deu,sgg,115.99482727050781,74.45916748046875,102.05099487304688,80.85130310058594
signsuisse_test,sign_mt_v2,513,deu,sgg,83.40425109863281,80.99336242675781,90.2378158569336,79.91682434082031
signsuisse_test,sign_mt_v2,514,ita,ise,87.95770263671875,75.37547302246094,87.19935607910156,75.89449310302734
signsuisse_test,sign_mt_v2,515,ita,ise,78.23161315917969,75.11326599121094,87.34053039550781,79.60623931884766
signsuisse_test,sign_mt_v2,516,fra,fsl,90.81106567382812,84.48751068115234,108.4932861328125,83.91278839111328
signsuisse_test,sign_mt_v2,517,deu,sgg,91.28170013427734,73.1148910522461,94.91045379638672,84.22172546386719
signsuisse_test,sign_mt_v2,518,fra,fsl,98.03118896484375,80.07897186279297,109.5457763671875,86.03407287597656
signsuisse_test,sign_mt_v2,519,ita,ise,96.32723999023438,73.9081802368164,85.67183685302734,74.21516418457031
signsuisse_test,sign_mt_v2,520,deu,sgg,79.97216033935547,79.30218505859375,82.52802276611328,68.99089813232422
signsuisse_test,sign_mt_v2,521,ita,ise,88.69711303710938,74.16963195800781,89.63224792480469,76.39102172851562
signsuisse_test,sign_mt_v2,522,deu,sgg,105.67648315429688,79.53536987304688,95.24661254882812,78.89771270751953
signsuisse_test,sign_mt_v2,523,fra,fsl,95.98126220703125,82.6304931640625,101.29923248291016,84.45804595947266
signsuisse_test,sign_mt_v2,524,ita,ise,89.46011352539062,76.06492614746094,85.91016387939453,78.13485717773438
signsuisse_test,sign_mt_v2,525,deu,sgg,100.58806610107422,75.55111694335938,93.53783416748047,79.13639831542969
signsuisse_test,sign_mt_v2,526,deu,sgg,91.84742736816406,79.03466796875,89.48979187011719,75.14878845214844
signsuisse_test,sign_mt_v2,527,deu,sgg,93.50074768066406,82.16242980957031,92.59501647949219,83.82479095458984
signsuisse_test,sign_mt_v2,528,deu,sgg,95.52232360839844,83.11832427978516,85.36090850830078,80.17108917236328
signsuisse_test,sign_mt_v2,529,deu,sgg,93.10000610351562,77.0047378540039,93.02238464355469,77.2808609008789
signsuisse_test,sign_mt_v2,530,deu,sgg,107.78733825683594,80.32707977294922,101.4258041381836,78.9110336303711
signsuisse_test,sign_mt_v2,531,deu,sgg,83.15174102783203,75.24217224121094,87.20668029785156,70.57820892333984
signsuisse_test,sign_mt_v2,532,deu,sgg,65.87153625488281,71.79525756835938,66.43373107910156,70.08721923828125
signsuisse_test,sign_mt_v2,533,deu,sgg,69.6490707397461,74.2389144897461,64.90475463867188,71.68496704101562
signsuisse_test,sign_mt_v2,534,deu,sgg,68.0515365600586,61.503639221191406,75.70198822021484,55.172935485839844
signsuisse_test,sign_mt_v2,535,deu,sgg,98.95738220214844,62.075740814208984,88.54458618164062,73.13573455810547
signsuisse_test,sign_mt_v2,536,fra,fsl,103.06280517578125,79.83787536621094,118.59175109863281,84.36161041259766
signsuisse_test,sign_mt_v2,537,deu,sgg,75.37696838378906,73.01896667480469,79.65624237060547,73.50166320800781
signsuisse_test,sign_mt_v2,538,ita,ise,85.95806884765625,72.82206726074219,86.36976623535156,79.56299591064453
signsuisse_test,sign_mt_v2,539,ita,ise,92.61750793457031,68.69611358642578,90.15135192871094,72.45591735839844
signsuisse_test,sign_mt_v2,540,deu,sgg,90.78549194335938,83.14115905761719,89.00860595703125,75.74332427978516
signsuisse_test,sign_mt_v2,541,deu,sgg,108.57060241699219,79.7032470703125,100.87849426269531,80.00232696533203
signsuisse_test,sign_mt_v2,542,deu,sgg,107.80587768554688,75.16371154785156,94.24718475341797,80.7333755493164
signsuisse_test,sign_mt_v2,543,ita,ise,88.14614868164062,72.88490295410156,93.25349426269531,79.88877868652344
signsuisse_test,sign_mt_v2,544,deu,sgg,69.52079772949219,72.21089935302734,78.2829360961914,72.94071960449219
signsuisse_test,sign_mt_v2,545,deu,sgg,83.23198699951172,75.93006896972656,87.3759994506836,77.25741577148438
signsuisse_test,sign_mt_v2,546,fra,fsl,105.15425109863281,78.39274597167969,112.81390380859375,85.75847625732422
signsuisse_test,sign_mt_v2,547,deu,sgg,92.40402221679688,76.10028076171875,98.52978515625,86.0144271850586
signsuisse_test,sign_mt_v2,548,ita,ise,79.25833892822266,75.40695190429688,84.60894012451172,79.79298400878906
signsuisse_test,sign_mt_v2,549,deu,sgg,65.63116455078125,71.59719848632812,71.7720947265625,64.24081420898438
signsuisse_test,sign_mt_v2,550,deu,sgg,96.02922058105469,85.0897445678711,96.27647399902344,86.37369537353516
signsuisse_test,sign_mt_v2,551,deu,sgg,107.47071075439453,79.07470703125,99.70671844482422,83.36848449707031
signsuisse_test,sign_mt_v2,552,fra,fsl,87.77812957763672,71.61066436767578,88.97809600830078,78.56399536132812
signsuisse_test,sign_mt_v2,553,deu,sgg,67.85972595214844,72.44300079345703,73.31126403808594,70.19632720947266
signsuisse_test,sign_mt_v2,554,deu,sgg,97.71182250976562,79.45755004882812,91.3154296875,75.5088882446289
signsuisse_test,sign_mt_v2,555,fra,fsl,88.8414306640625,79.23388671875,106.56648254394531,79.22725677490234
signsuisse_test,sign_mt_v2,556,ita,ise,93.4278335571289,81.73584747314453,95.9052963256836,82.650390625
signsuisse_test,sign_mt_v2,557,ita,ise,87.84353637695312,70.5390625,90.96640014648438,75.97722625732422
signsuisse_test,sign_mt_v2,558,deu,sgg,92.34201049804688,73.01348876953125,84.68344116210938,70.15815734863281
signsuisse_test,sign_mt_v2,559,ita,ise,79.9905776977539,71.01842498779297,83.16973114013672,75.33629608154297
signsuisse_test,sign_mt_v2,560,fra,fsl,101.71650695800781,73.029296875,105.29057312011719,81.90033721923828
signsuisse_test,sign_mt_v2,561,ita,ise,80.40947723388672,71.9852294921875,92.98103332519531,79.14959716796875
signsuisse_test,sign_mt_v2,562,ita,ise,83.8490982055664,73.9924087524414,91.92710876464844,77.25373840332031
signsuisse_test,sign_mt_v2,563,deu,sgg,111.41597747802734,86.60760498046875,99.57128143310547,83.82434844970703
signsuisse_test,sign_mt_v2,564,deu,sgg,80.37483215332031,69.13056182861328,93.00111389160156,74.22804260253906
signsuisse_test,sign_mt_v2,565,ita,ise,68.9212417602539,70.63163757324219,79.96539306640625,70.53974151611328
signsuisse_test,sign_mt_v2,566,ita,ise,82.25596618652344,69.3846435546875,85.75159454345703,74.53959655761719
signsuisse_test,sign_mt_v2,567,ita,ise,84.42521667480469,71.05787658691406,88.49824523925781,78.42393493652344
signsuisse_test,sign_mt_v2,568,ita,ise,94.44601440429688,67.6482925415039,94.4891128540039,75.08367919921875
signsuisse_test,sign_mt_v2,569,fra,fsl,95.22096252441406,82.12001037597656,104.51861572265625,87.08697509765625
signsuisse_test,sign_mt_v2,570,ita,ise,84.03092193603516,74.14411163330078,94.73121643066406,77.65255737304688
signsuisse_test,sign_mt_v2,571,fra,fsl,74.27618408203125,80.62014770507812,83.80712890625,80.56279754638672
signsuisse_test,sign_mt_v2,572,ita,ise,89.02598571777344,76.91458892822266,95.55216979980469,79.47942352294922
signsuisse_test,sign_mt_v2,573,fra,fsl,83.37567901611328,80.32508087158203,102.48628997802734,82.6043701171875
signsuisse_test,sign_mt_v2,574,deu,sgg,74.81548309326172,73.5726318359375,76.64805603027344,54.275482177734375
signsuisse_test,sign_mt_v2,575,fra,fsl,93.0473861694336,74.2742919921875,105.3311767578125,84.6105728149414
signsuisse_test,sign_mt_v2,576,ita,ise,97.90218353271484,77.6097183227539,86.24146270751953,75.47642517089844
signsuisse_test,sign_mt_v2,577,deu,sgg,102.73500061035156,73.1510009765625,98.1634292602539,81.06449127197266
signsuisse_test,sign_mt_v2,578,deu,sgg,103.74089050292969,75.77995300292969,98.0612564086914,79.43358612060547
signsuisse_test,sign_mt_v2,579,fra,fsl,101.12281036376953,81.94686126708984,107.48199462890625,83.22343444824219
signsuisse_test,sign_mt_v2,580,deu,sgg,68.85549926757812,72.7071762084961,83.08193969726562,70.46673583984375
signsuisse_test,sign_mt_v2,581,ita,ise,90.89415740966797,73.86094665527344,87.96746063232422,75.56043243408203
signsuisse_test,sign_mt_v2,582,fra,fsl,114.64598083496094,86.32730102539062,119.5000228881836,91.40888214111328
signsuisse_test,sign_mt_v2,583,deu,sgg,80.60368347167969,73.34537506103516,85.72035217285156,70.96875
signsuisse_test,sign_mt_v2,584,fra,fsl,91.90765380859375,81.60208129882812,109.57772827148438,84.93058776855469
signsuisse_test,sign_mt_v2,585,deu,sgg,98.48173522949219,74.96176147460938,100.37966918945312,83.99374389648438
signsuisse_test,sign_mt_v2,586,ita,ise,94.26991271972656,76.96662139892578,93.72337341308594,77.97586059570312
signsuisse_test,sign_mt_v2,587,deu,sgg,97.99649047851562,75.76060485839844,94.47212982177734,79.06021118164062
signsuisse_test,sign_mt_v2,588,deu,sgg,71.34306335449219,72.47815704345703,76.65104675292969,68.61792755126953
signsuisse_test,sign_mt_v2,589,deu,sgg,97.74976348876953,75.50083923339844,95.63983154296875,77.72699737548828
signsuisse_test,sign_mt_v2,590,deu,sgg,87.5213623046875,77.83887481689453,83.02305603027344,72.75885772705078
signsuisse_test,sign_mt_v2,591,fra,fsl,87.22008514404297,77.01658630371094,97.57546997070312,84.68988037109375
signsuisse_test,sign_mt_v2,592,deu,sgg,72.43871307373047,72.02838897705078,74.28864288330078,68.14651489257812
signsuisse_test,sign_mt_v2,593,deu,sgg,84.04865264892578,74.09024047851562,80.49626922607422,74.57491302490234
signsuisse_test,sign_mt_v2,594,deu,sgg,96.73883819580078,81.80026245117188,95.43062591552734,78.78927612304688
signsuisse_test,sign_mt_v2,595,deu,sgg,96.16764831542969,83.75445556640625,88.13438415527344,72.20271301269531
signsuisse_test,sign_mt_v2,596,ita,ise,100.96864318847656,73.92740631103516,103.94669342041016,76.38888549804688
signsuisse_test,sign_mt_v2,597,deu,sgg,93.10527801513672,79.32412719726562,89.8642349243164,75.27163696289062
signsuisse_test,sign_mt_v2,598,deu,sgg,104.06193542480469,78.2060546875,105.15229797363281,83.95838928222656
signsuisse_test,sign_mt_v2,599,deu,sgg,72.6287841796875,73.33235931396484,76.53362274169922,71.26579284667969
signsuisse_test,sign_mt_v2,600,ita,ise,89.28479766845703,77.13711547851562,93.1954345703125,80.94318389892578
signsuisse_test,sign_mt_v2,601,fra,fsl,73.30936431884766,73.7696304321289,85.17643737792969,80.14501953125
signsuisse_test,sign_mt_v2,602,deu,sgg,83.32615661621094,77.76802825927734,82.73565673828125,73.1639404296875
signsuisse_test,sign_mt_v2,603,ita,ise,88.71429443359375,76.5064926147461,100.8111572265625,78.99024200439453
signsuisse_test,sign_mt_v2,604,ita,ise,83.80479431152344,75.64857482910156,88.99697875976562,76.79393005371094
signsuisse_test,sign_mt_v2,605,fra,fsl,96.33377838134766,82.50457000732422,110.09544372558594,84.75517272949219
signsuisse_test,sign_mt_v2,606,deu,sgg,70.8758544921875,74.60841369628906,75.51634216308594,66.61796569824219
signsuisse_test,sign_mt_v2,607,fra,fsl,89.3901596069336,80.70216369628906,106.1433334350586,84.3270034790039
signsuisse_test,sign_mt_v2,608,deu,sgg,96.7406005859375,77.17350006103516,90.99769592285156,80.88165283203125
signsuisse_test,sign_mt_v2,609,deu,sgg,112.22477722167969,78.36454772949219,102.96324920654297,80.81399536132812
signsuisse_test,sign_mt_v2,610,ita,ise,79.67411041259766,71.59879302978516,90.37857055664062,76.23371124267578
signsuisse_test,sign_mt_v2,611,deu,sgg,110.85193634033203,73.90888977050781,97.47449493408203,82.36677551269531
signsuisse_test,sign_mt_v2,612,deu,sgg,78.4364013671875,71.30870056152344,82.24256134033203,68.74879455566406
signsuisse_test,sign_mt_v2,613,ita,ise,84.14540100097656,75.4204330444336,95.84242248535156,73.55672454833984
signsuisse_test,sign_mt_v2,614,deu,sgg,98.88469696044922,80.63951110839844,86.51303100585938,73.0242691040039
signsuisse_test,sign_mt_v2,615,fra,fsl,112.38482666015625,76.74271392822266,116.39701843261719,79.4378433227539
signsuisse_test,sign_mt_v2,616,deu,sgg,77.28659057617188,67.8931655883789,93.51556396484375,73.53561401367188
signsuisse_test,sign_mt_v2,617,fra,fsl,88.08103942871094,83.97685241699219,100.85575866699219,79.14437866210938
signsuisse_test,sign_mt_v2,618,fra,fsl,81.68128967285156,79.97516632080078,96.5633773803711,83.9873275756836
signsuisse_test,sign_mt_v2,619,deu,sgg,64.14649200439453,65.66201782226562,71.8420639038086,62.72746658325195
signsuisse_test,sign_mt_v2,620,deu,sgg,119.95753479003906,72.2741928100586,105.3578109741211,85.39884948730469
signsuisse_test,sign_mt_v2,621,ita,ise,69.29116821289062,68.26707458496094,85.21771240234375,77.18952941894531
signsuisse_test,sign_mt_v2,622,ita,ise,97.25274658203125,77.19429016113281,94.85462188720703,77.08653259277344
signsuisse_test,sign_mt_v2,623,deu,sgg,76.66401672363281,73.30006408691406,73.7613754272461,69.45291900634766
signsuisse_test,sign_mt_v2,624,fra,fsl,95.03169250488281,78.80419158935547,108.48574829101562,86.99575805664062
signsuisse_test,sign_mt_v2,625,ita,ise,96.48770904541016,72.34100341796875,97.87968444824219,77.11988067626953
signsuisse_test,sign_mt_v2,626,ita,ise,107.91779327392578,75.08641052246094,92.01814270019531,77.29949951171875
signsuisse_test,sign_mt_v2,627,ita,ise,86.4110336303711,71.43821716308594,88.19154357910156,72.80733489990234
signsuisse_test,sign_mt_v2,628,ita,ise,84.8257064819336,76.93353271484375,91.86878204345703,78.97515106201172
signsuisse_test,sign_mt_v2,629,fra,fsl,84.86032104492188,82.1962661743164,101.2861328125,81.34024810791016
signsuisse_test,sign_mt_v2,630,ita,ise,98.69140625,76.01520538330078,89.05913543701172,78.55608367919922
signsuisse_test,sign_mt_v2,631,ita,ise,99.81454467773438,78.50019836425781,91.97891235351562,79.8119888305664
signsuisse_test,sign_mt_v2,632,ita,ise,88.5683822631836,73.62596893310547,79.14335632324219,69.9991455078125
signsuisse_test,sign_mt_v2,633,deu,sgg,87.83673095703125,73.46751403808594,84.75064086914062,78.64299011230469
signsuisse_test,sign_mt_v2,634,ita,ise,92.97454833984375,74.64041900634766,88.18278503417969,76.51002502441406
signsuisse_test,sign_mt_v2,635,deu,sgg,83.39511108398438,76.67568969726562,81.68350982666016,76.41835021972656
signsuisse_test,sign_mt_v2,636,fra,fsl,100.86490631103516,82.81987762451172,105.70101928710938,84.48725128173828
signsuisse_test,sign_mt_v2,637,fra,fsl,82.56603240966797,79.08375549316406,93.80500030517578,85.0309829711914
signsuisse_test,sign_mt_v2,638,deu,sgg,95.4594955444336,73.00469970703125,100.61585235595703,80.51513671875
signsuisse_test,sign_mt_v2,639,ita,ise,81.5988998413086,79.66899108886719,85.30482482910156,76.16547393798828
signsuisse_test,sign_mt_v2,640,deu,sgg,95.19300842285156,65.00204467773438,80.14850616455078,69.51363372802734
signsuisse_test,sign_mt_v2,641,deu,sgg,66.66465759277344,75.62191772460938,78.16441345214844,76.0226058959961
signsuisse_test,sign_mt_v2,642,fra,fsl,95.90924072265625,83.8365249633789,114.12930297851562,91.97096252441406
signsuisse_test,sign_mt_v2,643,deu,sgg,121.59282684326172,67.23597717285156,95.58051300048828,83.557373046875
signsuisse_test,sign_mt_v2,644,fra,fsl,79.92236328125,80.84561157226562,98.44731140136719,83.30670928955078
signsuisse_test,sign_mt_v2,645,deu,sgg,65.52826690673828,59.68706512451172,71.242919921875,51.0529670715332
signsuisse_test,sign_mt_v2,646,fra,fsl,99.49017333984375,83.27519226074219,105.68403625488281,85.65836334228516
signsuisse_test,sign_mt_v2,647,ita,ise,88.50342559814453,78.0599136352539,83.77739715576172,77.22634887695312
signsuisse_test,sign_mt_v2,648,fra,fsl,98.61333465576172,75.27103424072266,104.97068786621094,84.1220474243164
signsuisse_test,sign_mt_v2,649,ita,ise,85.93002319335938,71.76020812988281,80.8584213256836,71.60379028320312
signsuisse_test,sign_mt_v2,650,deu,sgg,82.4804916381836,73.15850067138672,83.77303314208984,71.91683959960938
signsuisse_test,sign_mt_v2,651,ita,ise,92.68223571777344,77.38589477539062,84.08787536621094,79.1336669921875
signsuisse_test,sign_mt_v2,652,ita,ise,90.52250671386719,73.91866302490234,89.15718841552734,76.0335693359375
signsuisse_test,sign_mt_v2,653,fra,fsl,96.17487335205078,79.40677642822266,107.17805480957031,78.8016586303711
signsuisse_test,sign_mt_v2,654,fra,fsl,100.81504821777344,83.94847106933594,108.4942626953125,83.02442932128906
signsuisse_test,sign_mt_v2,655,deu,sgg,69.69712829589844,70.43972778320312,74.50776672363281,69.20687103271484
signsuisse_test,sign_mt_v2,656,fra,fsl,91.55389404296875,80.55465698242188,105.02058410644531,86.91437530517578
signsuisse_test,sign_mt_v2,657,deu,sgg,71.7015380859375,70.98634338378906,78.34920501708984,73.88024139404297
signsuisse_test,sign_mt_v2,658,deu,sgg,75.27648162841797,68.31033325195312,81.17670440673828,67.68594360351562
signsuisse_test,sign_mt_v2,659,deu,sgg,101.26693725585938,80.44207000732422,95.67375946044922,83.6052017211914
signsuisse_test,sign_mt_v2,660,fra,fsl,104.06343841552734,81.26272583007812,117.19804382324219,87.56861877441406
signsuisse_test,sign_mt_v2,661,deu,sgg,92.19139099121094,74.44363403320312,87.31831359863281,78.03215026855469
signsuisse_test,sign_mt_v2,662,deu,sgg,90.91800689697266,82.20172882080078,86.56608581542969,77.30286407470703
signsuisse_test,sign_mt_v2,663,fra,fsl,102.13504028320312,81.31965637207031,107.01022338867188,84.5084457397461
signsuisse_test,sign_mt_v2,664,deu,sgg,69.11908721923828,77.73320007324219,75.47510528564453,72.14540100097656
signsuisse_test,sign_mt_v2,665,fra,fsl,104.8730697631836,81.98980712890625,116.74168395996094,85.62298583984375
signsuisse_test,sign_mt_v2,666,deu,sgg,92.53092193603516,79.26288604736328,85.87118530273438,79.33064270019531
signsuisse_test,sign_mt_v2,667,deu,sgg,97.81547546386719,80.14640808105469,94.13278198242188,78.38286590576172
signsuisse_test,sign_mt_v2,668,deu,sgg,85.92454528808594,82.1693115234375,95.00540161132812,79.99551391601562
signsuisse_test,sign_mt_v2,669,ita,ise,80.15774536132812,80.03357696533203,84.76814270019531,74.11565399169922
signsuisse_test,sign_mt_v2,670,deu,sgg,105.22296142578125,77.87982940673828,100.18252563476562,77.01429748535156
signsuisse_test,sign_mt_v2,671,deu,sgg,101.3678970336914,74.39839172363281,93.08056640625,84.41751098632812
signsuisse_test,sign_mt_v2,672,deu,sgg,103.39048767089844,76.41290283203125,92.04579162597656,81.12965393066406
signsuisse_test,sign_mt_v2,673,deu,sgg,91.72054290771484,81.50038146972656,87.37305450439453,76.9061050415039
signsuisse_test,sign_mt_v2,674,fra,fsl,83.28972625732422,70.28837585449219,100.64912414550781,81.27599334716797
signsuisse_test,sign_mt_v2,675,fra,fsl,109.65643310546875,86.68882751464844,113.50161743164062,89.57804870605469
signsuisse_test,sign_mt_v2,676,ita,ise,101.06024932861328,78.1351318359375,93.57342529296875,81.11842346191406
signsuisse_test,sign_mt_v2,677,fra,fsl,87.44400787353516,79.07247161865234,106.2625961303711,86.10566711425781
signsuisse_test,sign_mt_v2,678,deu,sgg,73.04979705810547,68.52262878417969,81.75770568847656,71.54891967773438
signsuisse_test,sign_mt_v2,679,deu,sgg,85.05384826660156,75.75444793701172,82.23624420166016,74.17166137695312
signsuisse_test,sign_mt_v2,680,deu,sgg,85.9493408203125,77.6319808959961,84.69216918945312,79.12240600585938
signsuisse_test,sign_mt_v2,681,deu,sgg,70.916748046875,70.70480346679688,72.8984603881836,60.22406005859375
signsuisse_test,sign_mt_v2,682,ita,ise,78.75016021728516,75.05734252929688,87.783203125,77.32295989990234
signsuisse_test,sign_mt_v2,683,deu,sgg,92.66568756103516,80.00882720947266,89.54534912109375,72.45175170898438
signsuisse_test,sign_mt_v2,684,fra,fsl,79.201171875,79.63134002685547,100.24127197265625,83.34452819824219
signsuisse_test,sign_mt_v2,685,fra,fsl,83.53050231933594,75.05848693847656,102.28587341308594,79.4117660522461
signsuisse_test,sign_mt_v2,686,fra,fsl,109.22285461425781,81.82472229003906,111.69775390625,83.96012878417969
signsuisse_test,sign_mt_v2,687,deu,sgg,71.79010009765625,71.70201110839844,77.8863296508789,72.18273162841797
signsuisse_test,sign_mt_v2,688,deu,sgg,104.19935607910156,80.51409912109375,87.86749267578125,69.94593811035156
signsuisse_test,sign_mt_v2,689,deu,sgg,69.12163543701172,67.08746337890625,69.80175018310547,56.34843444824219
signsuisse_test,sign_mt_v2,690,deu,sgg,70.93685150146484,77.3990249633789,82.77122497558594,75.27538299560547
signsuisse_test,sign_mt_v2,691,deu,sgg,91.25786590576172,81.13330078125,97.02470397949219,75.64391326904297
signsuisse_test,sign_mt_v2,692,deu,sgg,74.24324798583984,70.66572570800781,80.52841186523438,71.69452667236328
signsuisse_test,sign_mt_v2,693,fra,fsl,94.11557006835938,81.33543395996094,110.48301696777344,85.32334899902344
signsuisse_test,sign_mt_v2,694,deu,sgg,103.14542388916016,81.15753173828125,89.37615966796875,75.32846069335938
signsuisse_test,sign_mt_v2,695,deu,sgg,76.18170166015625,76.64878845214844,78.29232788085938,68.87188720703125
signsuisse_test,sign_mt_v2,696,ita,ise,97.66091918945312,80.65281677246094,92.41729736328125,76.70852661132812
signsuisse_test,sign_mt_v2,697,fra,fsl,79.79950714111328,83.25426483154297,83.61906433105469,83.58012390136719
signsuisse_test,sign_mt_v2,698,fra,fsl,101.41358947753906,79.22335052490234,110.88848114013672,85.56427764892578
signsuisse_test,sign_mt_v2,699,deu,sgg,116.53678131103516,75.61395263671875,101.327880859375,81.10326385498047
signsuisse_test,sign_mt_v2,700,deu,sgg,77.26531219482422,72.36544799804688,88.65583038330078,78.76239776611328
signsuisse_test,sign_mt_v2,701,fra,fsl,75.8531265258789,75.18150329589844,95.08142852783203,81.80973815917969
signsuisse_test,sign_mt_v2,702,deu,sgg,92.09903717041016,74.57321166992188,92.00164794921875,81.9490737915039
signsuisse_test,sign_mt_v2,703,ita,ise,94.00745391845703,76.17204284667969,86.89996337890625,76.72232055664062
signsuisse_test,sign_mt_v2,704,deu,sgg,104.22872924804688,78.98994445800781,95.55484771728516,76.76636505126953
signsuisse_test,sign_mt_v2,705,deu,sgg,118.5560531616211,84.68069458007812,116.57421875,87.1418685913086
signsuisse_test,sign_mt_v2,706,fra,fsl,69.7794189453125,73.85307312011719,83.98352813720703,78.49591827392578
signsuisse_test,sign_mt_v2,707,ita,ise,90.94727325439453,72.71517181396484,92.52003479003906,79.99314880371094
signsuisse_test,sign_mt_v2,708,ita,ise,85.73953247070312,78.91608428955078,93.09388732910156,78.43426513671875
signsuisse_test,sign_mt_v2,709,ita,ise,91.83370971679688,73.14572143554688,93.5297622680664,78.0827407836914
signsuisse_test,sign_mt_v2,710,deu,sgg,95.01652526855469,78.55952453613281,96.02222442626953,77.98477172851562
signsuisse_test,sign_mt_v2,711,ita,ise,90.62232971191406,77.69010925292969,89.23518371582031,78.39910125732422
signsuisse_test,sign_mt_v2,712,deu,sgg,131.7030487060547,79.90036010742188,112.1395492553711,87.9637451171875
signsuisse_test,sign_mt_v2,713,fra,fsl,81.9776611328125,77.3070068359375,101.40284729003906,78.65242767333984
signsuisse_test,sign_mt_v2,714,deu,sgg,73.41158294677734,70.15203857421875,83.75211334228516,73.54348754882812
signsuisse_test,sign_mt_v2,715,fra,fsl,89.86942291259766,79.27044677734375,111.72725677490234,85.24797058105469
signsuisse_test,sign_mt_v2,716,fra,fsl,94.2552719116211,82.29428100585938,102.06157684326172,84.57511901855469
signsuisse_test,sign_mt_v2,717,deu,sgg,88.91925811767578,79.31504821777344,95.61834716796875,77.1935806274414
signsuisse_test,sign_mt_v2,718,fra,fsl,87.02793884277344,71.20870971679688,92.6502685546875,80.32847595214844
signsuisse_test,sign_mt_v2,719,deu,sgg,91.90164184570312,79.0941162109375,83.96980285644531,70.33013153076172
signsuisse_test,sign_mt_v2,720,deu,sgg,88.39900207519531,73.06465148925781,77.7933120727539,64.57434844970703
signsuisse_test,sign_mt_v2,721,ita,ise,99.43919372558594,73.17064666748047,86.77703857421875,75.8619155883789
signsuisse_test,sign_mt_v2,722,ita,ise,74.17615509033203,81.07540130615234,79.28958892822266,79.87096405029297
signsuisse_test,sign_mt_v2,723,fra,fsl,97.4956283569336,79.94393157958984,102.83355712890625,84.18025970458984
signsuisse_test,sign_mt_v2,724,ita,ise,88.9260025024414,77.68694305419922,94.0847396850586,79.68585968017578
signsuisse_test,sign_mt_v2,725,fra,fsl,98.88968658447266,76.06678771972656,101.98016357421875,79.69709014892578
signsuisse_test,sign_mt_v2,726,fra,fsl,127.34474182128906,83.0334243774414,123.27286529541016,81.90201568603516
signsuisse_test,sign_mt_v2,727,ita,ise,84.15083312988281,78.12110900878906,88.25904846191406,79.32623291015625
signsuisse_test,sign_mt_v2,728,deu,sgg,79.79344177246094,71.10700988769531,83.45598602294922,69.80775451660156
signsuisse_test,sign_mt_v2,729,ita,ise,84.74108123779297,73.23347473144531,85.12679290771484,74.76753997802734
signsuisse_test,sign_mt_v2,730,fra,fsl,87.65144348144531,81.00714111328125,99.9666976928711,84.94898986816406
signsuisse_test,sign_mt_v2,731,deu,sgg,86.40455627441406,71.59603881835938,88.57294464111328,84.34221649169922
signsuisse_test,sign_mt_v2,732,deu,sgg,90.94285583496094,74.1107177734375,101.78093719482422,76.45848083496094
signsuisse_test,sign_mt_v2,733,deu,sgg,85.05901336669922,65.4714584350586,80.4942398071289,65.17523193359375
signsuisse_test,sign_mt_v2,734,fra,fsl,82.17772674560547,78.6088638305664,86.1548080444336,75.88343048095703
signsuisse_test,sign_mt_v2,735,fra,fsl,93.52471160888672,71.72630310058594,99.97633361816406,90.43952178955078
signsuisse_test,sign_mt_v2,736,deu,sgg,95.50027465820312,76.21834564208984,92.326171875,75.92203521728516
signsuisse_test,sign_mt_v2,737,deu,sgg,71.94709777832031,72.08737182617188,84.63261413574219,66.80715942382812
signsuisse_test,sign_mt_v2,738,fra,fsl,100.59031677246094,81.697998046875,106.63522338867188,81.70089721679688
signsuisse_test,sign_mt_v2,739,deu,sgg,93.84564971923828,74.83270263671875,93.09353637695312,80.23542785644531
signsuisse_test,sign_mt_v2,740,fra,fsl,99.06022644042969,79.55817413330078,115.44660949707031,88.582275390625
signsuisse_test,sign_mt_v2,741,deu,sgg,71.51948547363281,64.34264373779297,81.39373779296875,66.71702575683594
signsuisse_test,sign_mt_v2,742,deu,sgg,82.93292236328125,78.41729736328125,82.0870132446289,69.69202423095703
signsuisse_test,sign_mt_v2,743,ita,ise,85.49068450927734,72.23692321777344,92.10911560058594,75.81558990478516
signsuisse_test,sign_mt_v2,744,deu,sgg,94.47990417480469,79.11640167236328,88.82090759277344,78.01436614990234
signsuisse_test,sign_mt_v2,745,fra,fsl,93.95318603515625,81.3301010131836,109.38673400878906,86.10528564453125
signsuisse_test,sign_mt_v2,746,deu,sgg,109.47198486328125,78.1124496459961,93.1368179321289,79.6451416015625
signsuisse_test,sign_mt_v2,747,deu,sgg,67.33155059814453,65.43074035644531,82.75773620605469,72.4979476928711
signsuisse_test,sign_mt_v2,748,deu,sgg,92.57060241699219,65.1889877319336,87.28602600097656,75.30543518066406
signsuisse_test,sign_mt_v2,749,deu,sgg,73.12031555175781,72.33396911621094,74.35026550292969,69.94285583496094
signsuisse_test,sign_mt_v2,750,deu,sgg,103.43927764892578,79.76435089111328,97.42938995361328,77.53215026855469
signsuisse_test,sign_mt_v2,751,ita,ise,77.5101318359375,79.0335693359375,83.55943298339844,76.99293518066406
signsuisse_test,sign_mt_v2,752,deu,sgg,62.51251983642578,67.69007110595703,71.57242584228516,68.18073272705078
signsuisse_test,sign_mt_v2,753,ita,ise,89.34407043457031,73.87984466552734,91.92913055419922,78.20460510253906
signsuisse_test,sign_mt_v2,754,ita,ise,98.28511047363281,74.30059814453125,82.1331787109375,72.87792205810547
signsuisse_test,sign_mt_v2,755,fra,fsl,86.94573974609375,85.17892456054688,104.743896484375,88.9525146484375
signsuisse_test,sign_mt_v2,756,ita,ise,99.04185485839844,80.33064270019531,99.11140441894531,78.25763702392578
signsuisse_test,sign_mt_v2,757,deu,sgg,115.7752456665039,71.71359252929688,99.42670440673828,73.68720245361328
signsuisse_test,sign_mt_v2,758,fra,fsl,90.66789245605469,79.34390258789062,105.085693359375,84.28849792480469
signsuisse_test,sign_mt_v2,759,deu,sgg,68.91382598876953,64.86259460449219,76.19236755371094,67.64681243896484
signsuisse_test,sign_mt_v2,760,deu,sgg,101.82992553710938,82.37123107910156,102.46228790283203,84.50955200195312
signsuisse_test,sign_mt_v2,761,fra,fsl,100.8310546875,82.19697570800781,109.29923248291016,85.87010955810547
signsuisse_test,sign_mt_v2,762,deu,sgg,79.18075561523438,77.34757232666016,79.10527038574219,66.57151794433594
signsuisse_test,sign_mt_v2,763,deu,sgg,75.24223327636719,73.26933288574219,80.896484375,77.76617431640625
signsuisse_test,sign_mt_v2,764,deu,sgg,93.28138732910156,72.90229034423828,87.33905029296875,70.42022705078125
signsuisse_test,sign_mt_v2,765,deu,sgg,90.18255615234375,82.29218292236328,88.44944763183594,77.42477416992188
signsuisse_test,sign_mt_v2,766,deu,sgg,74.4998550415039,73.69159698486328,83.70101165771484,64.81717681884766
signsuisse_test,sign_mt_v2,767,fra,fsl,87.23171997070312,82.74237060546875,103.67321014404297,81.71800231933594
signsuisse_test,sign_mt_v2,768,fra,fsl,102.78059387207031,82.53272247314453,105.02748107910156,84.59336853027344
signsuisse_test,sign_mt_v2,769,deu,sgg,89.337890625,82.32658386230469,80.46831512451172,70.22171020507812
signsuisse_test,sign_mt_v2,770,deu,sgg,81.7922134399414,80.08837127685547,88.03945922851562,79.01083374023438
signsuisse_test,sign_mt_v2,771,deu,sgg,59.76451110839844,68.68488311767578,69.95367431640625,61.51811218261719
signsuisse_test,sign_mt_v2,772,ita,ise,70.43029022216797,74.74971771240234,74.9158935546875,74.21216583251953
signsuisse_test,sign_mt_v2,773,deu,sgg,77.60256958007812,75.199951171875,85.04901885986328,77.17464447021484
signsuisse_test,sign_mt_v2,774,deu,sgg,81.90078735351562,72.49810791015625,75.68215942382812,68.4384994506836
signsuisse_test,sign_mt_v2,775,fra,fsl,89.79179382324219,78.93885040283203,102.85078430175781,83.4944839477539
signsuisse_test,sign_mt_v2,776,fra,fsl,93.92882537841797,80.17597961425781,103.28173065185547,78.42489624023438
signsuisse_test,sign_mt_v2,777,ita,ise,99.54598999023438,80.11354064941406,95.87663269042969,79.68132781982422
signsuisse_test,sign_mt_v2,778,ita,ise,99.033203125,72.72380065917969,89.59927368164062,74.89775848388672
signsuisse_test,sign_mt_v2,779,deu,sgg,70.98191833496094,66.9382095336914,76.84344482421875,62.62873840332031
signsuisse_test,sign_mt_v2,780,ita,ise,94.4211196899414,73.86407470703125,94.15642547607422,73.3996810913086
signsuisse_test,sign_mt_v2,781,deu,sgg,86.05577087402344,77.19037628173828,84.05021667480469,75.08800506591797
signsuisse_test,sign_mt_v2,782,fra,fsl,91.13883972167969,77.30987548828125,99.60987854003906,82.59275817871094
signsuisse_test,sign_mt_v2,783,ita,ise,77.32706451416016,68.16149139404297,92.07814025878906,73.40879821777344
signsuisse_test,sign_mt_v2,784,fra,fsl,105.212158203125,79.42379760742188,110.53567504882812,86.0182113647461
signsuisse_test,sign_mt_v2,785,fra,fsl,81.50614929199219,76.30684661865234,98.06303405761719,85.59361267089844
signsuisse_test,sign_mt_v2,786,deu,sgg,95.54440307617188,83.9114761352539,87.41159057617188,73.96804809570312
signsuisse_test,sign_mt_v2,787,deu,sgg,91.7482681274414,74.58830261230469,101.4311294555664,80.06218719482422
signsuisse_test,sign_mt_v2,788,fra,fsl,87.78855895996094,82.98172760009766,101.07335662841797,83.89006042480469
signsuisse_test,sign_mt_v2,789,deu,sgg,100.91409301757812,76.86489868164062,92.05110931396484,80.98004150390625
signsuisse_test,sign_mt_v2,790,fra,fsl,94.88508605957031,81.337890625,113.77934265136719,87.78663635253906
signsuisse_test,sign_mt_v2,791,fra,fsl,91.93846130371094,79.68341827392578,109.67852783203125,83.1275634765625
signsuisse_test,sign_mt_v2,792,deu,sgg,76.0173568725586,72.86406707763672,78.96137237548828,72.56826782226562
signsuisse_test,sign_mt_v2,793,fra,fsl,92.5149917602539,81.21253204345703,107.08409118652344,87.60879516601562
signsuisse_test,sign_mt_v2,794,deu,sgg,63.75871276855469,71.94078826904297,82.18025207519531,70.45359802246094
signsuisse_test,sign_mt_v2,795,ita,ise,73.7918472290039,75.20811462402344,87.350830078125,73.14655303955078
signsuisse_test,sign_mt_v2,796,deu,sgg,103.25299835205078,70.80986022949219,89.827880859375,82.75366973876953
signsuisse_test,sign_mt_v2,797,deu,sgg,78.873779296875,74.12895202636719,85.29371643066406,73.03221893310547
signsuisse_test,sign_mt_v2,798,deu,sgg,79.16716003417969,77.40455627441406,88.45649719238281,82.21537017822266
signsuisse_test,sign_mt_v2,799,ita,ise,93.26573181152344,77.94725799560547,94.45101165771484,79.0203857421875
signsuisse_test,sign_mt_v2,800,deu,sgg,86.14805603027344,64.26030731201172,89.4492416381836,65.85820770263672
signsuisse_test,sign_mt_v2,801,deu,sgg,75.03777313232422,70.46591186523438,78.9983139038086,66.95354461669922
signsuisse_test,sign_mt_v2,802,deu,sgg,104.09516906738281,77.13520812988281,102.49394989013672,86.58645629882812
signsuisse_test,sign_mt_v2,803,deu,sgg,85.49825286865234,82.27435302734375,90.89039611816406,79.5801773071289
signsuisse_test,sign_mt_v2,804,ita,ise,93.08622741699219,78.568115234375,88.45166015625,76.1495590209961
signsuisse_test,sign_mt_v2,805,deu,sgg,108.10121154785156,72.41453552246094,85.8171615600586,79.18305206298828
signsuisse_test,sign_mt_v2,806,deu,sgg,64.60813903808594,71.06156921386719,73.17556762695312,64.25587463378906
signsuisse_test,sign_mt_v2,807,deu,sgg,121.7574691772461,82.2404556274414,105.86294555664062,84.24873352050781
signsuisse_test,sign_mt_v2,808,ita,ise,86.49122619628906,80.14319610595703,93.91295623779297,79.69662475585938
signsuisse_test,sign_mt_v2,809,deu,sgg,64.41472625732422,72.41971588134766,77.07725524902344,75.7095718383789
signsuisse_test,sign_mt_v2,810,deu,sgg,75.97171783447266,74.6748046875,80.23888397216797,73.64407348632812
signsuisse_test,sign_mt_v2,811,fra,fsl,94.25727081298828,78.65013885498047,102.58152770996094,80.0755386352539
signsuisse_test,sign_mt_v2,812,deu,sgg,61.760986328125,67.58109283447266,67.28639221191406,62.671932220458984
signsuisse_test,sign_mt_v2,813,ita,ise,85.29634094238281,77.48749542236328,79.35881042480469,78.59990692138672
signsuisse_test,sign_mt_v2,814,ita,ise,90.20828247070312,79.12786102294922,94.40149688720703,77.33301544189453
signsuisse_test,sign_mt_v2,815,deu,sgg,80.125732421875,78.35189819335938,80.94487762451172,69.51671600341797
signsuisse_test,sign_mt_v2,816,deu,sgg,92.60480499267578,69.23789978027344,90.55438995361328,76.41416931152344
signsuisse_test,sign_mt_v2,817,fra,fsl,84.73312377929688,78.54174041748047,92.31608581542969,75.59370422363281
signsuisse_test,sign_mt_v2,818,fra,fsl,81.761962890625,72.74835968017578,98.96382141113281,81.12985229492188
signsuisse_test,sign_mt_v2,819,ita,ise,94.99378204345703,77.27552795410156,87.8779296875,79.17387390136719
signsuisse_test,sign_mt_v2,820,fra,fsl,95.95581817626953,77.88075256347656,99.0159683227539,83.17237854003906
signsuisse_test,sign_mt_v2,821,deu,sgg,62.19416809082031,62.59254455566406,70.65410614013672,55.805511474609375
signsuisse_test,sign_mt_v2,822,deu,sgg,98.17609405517578,80.51960754394531,94.88688659667969,73.94974517822266
signsuisse_test,sign_mt_v2,823,deu,sgg,80.8967514038086,73.36815643310547,84.4665298461914,76.40423583984375
signsuisse_test,sign_mt_v2,824,ita,ise,85.24423217773438,77.53006744384766,86.3877944946289,79.3705825805664
signsuisse_test,sign_mt_v2,825,fra,fsl,80.87718200683594,73.36629486083984,100.76615142822266,88.31958770751953
signsuisse_test,sign_mt_v2,826,ita,ise,87.78059387207031,74.26071166992188,89.42201232910156,75.83043670654297
signsuisse_test,sign_mt_v2,827,ita,ise,81.55616760253906,76.35260772705078,89.72682189941406,78.52587127685547
signsuisse_test,sign_mt_v2,828,deu,sgg,101.0970230102539,85.04389190673828,88.18009185791016,80.81257629394531
signsuisse_test,sign_mt_v2,829,fra,fsl,86.08795928955078,78.14415740966797,89.6500473022461,79.72945404052734
signsuisse_test,sign_mt_v2,830,deu,sgg,97.02745056152344,75.16309356689453,91.99977111816406,78.6203384399414
signsuisse_test,sign_mt_v2,831,fra,fsl,92.05293273925781,80.9998779296875,107.24786376953125,85.96199035644531
signsuisse_test,sign_mt_v2,832,fra,fsl,87.0603256225586,78.34076690673828,103.02964782714844,79.41979217529297
signsuisse_test,sign_mt_v2,833,ita,ise,81.87569427490234,71.22172546386719,85.07508087158203,75.0116958618164
signsuisse_test,sign_mt_v2,834,fra,fsl,95.65850067138672,84.75946807861328,107.34516906738281,80.45148468017578
signsuisse_test,sign_mt_v2,835,ita,ise,91.74588012695312,74.87470245361328,90.30252075195312,78.96165466308594
signsuisse_test,sign_mt_v2,836,ita,ise,96.50215148925781,77.93419647216797,87.1660385131836,79.91515350341797
signsuisse_test,sign_mt_v2,837,deu,sgg,64.43423461914062,69.58255767822266,76.69032287597656,70.04838562011719
signsuisse_test,sign_mt_v2,838,fra,fsl,101.46233367919922,83.17353820800781,115.30042266845703,88.04293060302734
signsuisse_test,sign_mt_v2,839,deu,sgg,100.51914978027344,82.67854309082031,94.57807159423828,79.37439727783203
signsuisse_test,sign_mt_v2,840,fra,fsl,104.40272521972656,79.48273468017578,114.1534423828125,86.84422302246094
signsuisse_test,sign_mt_v2,841,deu,sgg,94.64159393310547,67.60110473632812,85.42828369140625,73.07881164550781
signsuisse_test,sign_mt_v2,842,deu,sgg,107.55899047851562,80.67283630371094,97.68836975097656,83.59007263183594
signsuisse_test,sign_mt_v2,843,deu,sgg,104.3971939086914,75.07958221435547,99.49855041503906,76.19426727294922
signsuisse_test,sign_mt_v2,844,fra,fsl,95.10457611083984,73.41663360595703,96.57234954833984,78.07760620117188
signsuisse_test,sign_mt_v2,845,fra,fsl,85.99707794189453,80.56141662597656,100.59044647216797,79.5732650756836
signsuisse_test,sign_mt_v2,846,fra,fsl,88.53888702392578,73.13275909423828,98.66838073730469,82.19300842285156
signsuisse_test,sign_mt_v2,847,fra,fsl,96.26171875,83.48417663574219,115.33148193359375,90.23311614990234
signsuisse_test,sign_mt_v2,848,fra,fsl,90.7444839477539,83.77240753173828,98.25076293945312,91.05995178222656
signsuisse_test,sign_mt_v2,849,fra,fsl,95.781005859375,80.70455932617188,92.74272155761719,80.07627868652344
signsuisse_test,sign_mt_v2,850,deu,sgg,68.08119201660156,74.26752471923828,73.82906341552734,67.8766860961914
signsuisse_test,sign_mt_v2,851,fra,fsl,78.37492370605469,79.75135803222656,102.1320571899414,92.11703491210938
signsuisse_test,sign_mt_v2,852,deu,sgg,101.59378814697266,81.22699737548828,89.51988983154297,74.59133911132812
signsuisse_test,sign_mt_v2,853,ita,ise,96.73983764648438,74.29261779785156,89.84248352050781,76.4310073852539
signsuisse_test,sign_mt_v2,854,deu,sgg,73.02118682861328,72.85835266113281,79.65206146240234,73.69749450683594
signsuisse_test,sign_mt_v2,855,ita,ise,101.49688720703125,67.91523742675781,94.86669921875,74.80010223388672
signsuisse_test,sign_mt_v2,856,deu,sgg,77.45201873779297,73.75102233886719,86.02229309082031,78.44405364990234
signsuisse_test,sign_mt_v2,857,deu,sgg,105.73359680175781,86.37488555908203,100.89155578613281,81.923583984375
signsuisse_test,sign_mt_v2,858,ita,ise,84.91289520263672,78.54373168945312,93.78675842285156,80.23140716552734
signsuisse_test,sign_mt_v2,859,fra,fsl,82.37030029296875,78.32808685302734,101.72296142578125,86.67031860351562
signsuisse_test,sign_mt_v2,860,deu,sgg,91.13985443115234,59.69240188598633,81.86165618896484,67.20203399658203
signsuisse_test,sign_mt_v2,861,ita,ise,68.81336212158203,71.54402160644531,80.19664001464844,73.9078598022461
signsuisse_test,sign_mt_v2,862,deu,sgg,81.22535705566406,81.07283782958984,96.62622833251953,77.4375228881836
signsuisse_test,sign_mt_v2,863,deu,sgg,86.96539306640625,75.49508666992188,80.40247344970703,70.56957244873047
signsuisse_test,sign_mt_v2,864,ita,ise,83.67145538330078,70.84207916259766,91.29064178466797,77.63707733154297
signsuisse_test,sign_mt_v2,865,deu,sgg,96.26691436767578,77.35967254638672,93.56676483154297,81.17597961425781
signsuisse_test,sign_mt_v2,866,ita,ise,96.55928039550781,77.47212982177734,92.04873657226562,78.70677185058594
signsuisse_test,sign_mt_v2,867,deu,sgg,86.96182250976562,79.23657989501953,82.3452377319336,75.21537780761719
signsuisse_test,sign_mt_v2,868,fra,fsl,94.2200927734375,78.28620147705078,103.24394226074219,87.83113861083984
signsuisse_test,sign_mt_v2,869,deu,sgg,88.52149963378906,75.6822509765625,88.53046417236328,72.02933502197266
signsuisse_test,sign_mt_v2,870,deu,sgg,80.33480834960938,70.8067626953125,89.31278228759766,77.58118438720703
signsuisse_test,sign_mt_v2,871,ita,ise,96.73096466064453,76.19486236572266,96.92442321777344,80.34727478027344
signsuisse_test,sign_mt_v2,872,fra,fsl,88.74746704101562,77.42996978759766,95.27104949951172,78.36145782470703
signsuisse_test,sign_mt_v2,873,fra,fsl,97.038330078125,80.99494171142578,104.69889831542969,85.23541259765625
signsuisse_test,sign_mt_v2,874,deu,sgg,98.35633850097656,78.4776382446289,97.3756103515625,81.33324432373047
signsuisse_test,sign_mt_v2,875,deu,sgg,86.824462890625,73.63671112060547,94.2089614868164,76.0726089477539
signsuisse_test,sign_mt_v2,876,ita,ise,93.56316375732422,76.4338607788086,93.7716064453125,79.56529235839844
signsuisse_test,sign_mt_v2,877,fra,fsl,100.20417022705078,85.15390014648438,116.13526153564453,88.9007339477539
signsuisse_test,sign_mt_v2,878,deu,sgg,64.75025177001953,66.02776336669922,74.59117889404297,66.26659393310547
signsuisse_test,sign_mt_v2,879,deu,sgg,104.0186767578125,78.5506362915039,96.249267578125,77.81918334960938
signsuisse_test,sign_mt_v2,880,fra,fsl,80.7100830078125,78.61780548095703,96.6850357055664,85.29499816894531
signsuisse_test,sign_mt_v2,881,deu,sgg,90.6613998413086,75.59711456298828,90.41384887695312,74.01022338867188
signsuisse_test,sign_mt_v2,882,fra,fsl,88.58819580078125,75.90811920166016,91.38400268554688,77.7001724243164
signsuisse_test,sign_mt_v2,883,ita,ise,96.57418823242188,74.36378479003906,93.21407318115234,77.25515747070312
signsuisse_test,sign_mt_v2,884,ita,ise,83.6760025024414,73.26322174072266,91.65553283691406,76.43672180175781
signsuisse_test,sign_mt_v2,885,ita,ise,86.68472290039062,80.99954223632812,89.12028503417969,78.80107879638672
signsuisse_test,sign_mt_v2,886,deu,sgg,79.40267181396484,78.061279296875,93.68187713623047,75.09552764892578
signsuisse_test,sign_mt_v2,887,deu,sgg,90.46475982666016,72.27516174316406,93.43113708496094,64.9461441040039
signsuisse_test,sign_mt_v2,888,fra,fsl,92.5386962890625,81.82381439208984,105.46336364746094,84.69026947021484
signsuisse_test,sign_mt_v2,889,deu,sgg,73.56002807617188,69.56212615966797,74.19316101074219,66.7818832397461
signsuisse_test,sign_mt_v2,890,deu,sgg,91.7852554321289,79.05980682373047,88.54315185546875,78.649658203125
signsuisse_test,sign_mt_v2,891,deu,sgg,98.80534362792969,65.27236938476562,79.68327331542969,61.526851654052734
signsuisse_test,sign_mt_v2,892,ita,ise,80.74891662597656,70.63945007324219,84.76800537109375,76.03485870361328
signsuisse_test,sign_mt_v2,893,deu,sgg,90.05229187011719,74.07686614990234,93.62908935546875,82.6314697265625
signsuisse_test,sign_mt_v2,894,fra,fsl,114.6802749633789,81.93305969238281,112.2408218383789,88.11972045898438
signsuisse_test,sign_mt_v2,895,fra,fsl,89.9107666015625,72.16488647460938,91.40328979492188,81.77881622314453
signsuisse_test,sign_mt_v2,896,deu,sgg,63.94987487792969,72.07129669189453,75.52693939208984,76.3948745727539
signsuisse_test,sign_mt_v2,897,deu,sgg,101.83102416992188,73.03880310058594,97.05809783935547,79.37370300292969
signsuisse_test,sign_mt_v2,898,deu,sgg,107.1952896118164,82.59595489501953,93.12516021728516,85.67461395263672
signsuisse_test,sign_mt_v2,899,ita,ise,105.61823272705078,78.18929290771484,94.12891387939453,74.14038848876953
signsuisse_test,sign_mt_v2,900,deu,sgg,96.27532958984375,73.52132415771484,87.50663757324219,73.75152587890625
signsuisse_test,sign_mt_v2,901,deu,sgg,82.60660552978516,80.13044738769531,93.06757354736328,81.43323516845703
signsuisse_test,sign_mt_v2,902,deu,sgg,87.99983978271484,79.96072387695312,92.5053939819336,78.0217056274414
signsuisse_test,sign_mt_v2,903,deu,sgg,89.30364990234375,83.1783447265625,86.26036071777344,80.38491821289062
signsuisse_test,sign_mt_v2,904,ita,ise,99.71800231933594,72.84263610839844,95.95843505859375,77.50975799560547
signsuisse_test,sign_mt_v2,905,ita,ise,82.07498931884766,66.67428588867188,96.52897644042969,77.14212036132812
signsuisse_test,sign_mt_v2,906,deu,sgg,103.04588317871094,75.96420288085938,99.15894317626953,80.74419403076172
signsuisse_test,sign_mt_v2,907,deu,sgg,95.76590728759766,65.58891296386719,87.08916473388672,73.27980041503906
signsuisse_test,sign_mt_v2,908,deu,sgg,85.92684936523438,72.84789276123047,84.08975219726562,68.03456115722656
signsuisse_test,sign_mt_v2,909,fra,fsl,105.80789184570312,82.67566680908203,115.63438415527344,88.19153594970703
signsuisse_test,sign_mt_v2,910,ita,ise,90.01775360107422,71.8810043334961,83.89733123779297,74.36595916748047
signsuisse_test,sign_mt_v2,911,deu,sgg,103.9210433959961,71.17432403564453,99.59513092041016,79.6900634765625
signsuisse_test,sign_mt_v2,912,ita,ise,82.57490539550781,76.15591430664062,83.91303253173828,71.68984985351562
signsuisse_test,sign_mt_v2,913,ita,ise,91.73920440673828,72.6915283203125,87.3067626953125,77.13186645507812
signsuisse_test,sign_mt_v2,914,deu,sgg,114.16297912597656,77.66803741455078,102.46673583984375,83.30859375
signsuisse_test,sign_mt_v2,915,deu,sgg,92.96607208251953,71.97796630859375,91.38015747070312,75.8862533569336
signsuisse_test,sign_mt_v2,916,deu,sgg,69.4009017944336,72.48951721191406,83.25289154052734,75.75045776367188
signsuisse_test,sign_mt_v2,917,deu,sgg,98.29072570800781,75.81204223632812,95.65811157226562,78.26545715332031
signsuisse_test,sign_mt_v2,918,deu,sgg,91.12147521972656,78.17948150634766,84.06819152832031,77.88488006591797
signsuisse_test,sign_mt_v2,919,fra,fsl,113.02653503417969,74.54168701171875,106.12218475341797,79.78509521484375
signsuisse_test,sign_mt_v2,920,ita,ise,96.06401824951172,81.13172149658203,102.36979675292969,79.35181427001953
signsuisse_test,sign_mt_v2,921,deu,sgg,91.74465942382812,78.4896240234375,91.76090240478516,83.02145385742188
signsuisse_test,sign_mt_v2,922,deu,sgg,80.85859680175781,81.94940948486328,85.0539779663086,73.36576080322266
signsuisse_test,sign_mt_v2,923,deu,sgg,102.83699035644531,77.70071411132812,92.91107177734375,80.44288635253906
signsuisse_test,sign_mt_v2,924,fra,fsl,88.95769500732422,81.0101318359375,95.94590759277344,81.15579986572266
signsuisse_test,sign_mt_v2,925,fra,fsl,115.65367126464844,77.64364624023438,112.39877319335938,80.54432678222656
signsuisse_test,sign_mt_v2,926,ita,ise,91.38116455078125,74.77352905273438,87.41625213623047,76.7867660522461
signsuisse_test,sign_mt_v2,927,fra,fsl,84.04326629638672,71.2735595703125,89.34542083740234,78.1617431640625
signsuisse_test,sign_mt_v2,928,fra,fsl,85.89488220214844,83.5480728149414,99.38359069824219,87.1735610961914
signsuisse_test,sign_mt_v2,929,ita,ise,83.9571762084961,78.99461364746094,91.87411499023438,79.16472625732422
signsuisse_test,sign_mt_v2,930,fra,fsl,96.4967041015625,75.93334197998047,100.18440246582031,76.94371795654297
signsuisse_test,sign_mt_v2,931,deu,sgg,80.57559967041016,68.11894226074219,74.8659439086914,51.2932243347168
signsuisse_test,sign_mt_v2,932,ita,ise,95.79354095458984,71.323974609375,94.84176635742188,80.43392944335938
signsuisse_test,sign_mt_v2,933,fra,fsl,89.75762176513672,69.74382781982422,94.52568054199219,82.29136657714844
signsuisse_test,sign_mt_v2,934,ita,ise,77.05585479736328,75.37103271484375,82.23458099365234,78.21653747558594
signsuisse_test,sign_mt_v2,935,fra,fsl,107.01976013183594,81.44120025634766,116.46096801757812,81.98448181152344
signsuisse_test,sign_mt_v2,936,deu,sgg,98.34645080566406,77.91702270507812,92.59554290771484,79.71417236328125
signsuisse_test,sign_mt_v2,937,deu,sgg,97.6351318359375,75.06866455078125,90.83223724365234,75.65228271484375
signsuisse_test,sign_mt_v2,938,ita,ise,70.7453842163086,74.91780090332031,85.8148422241211,78.8199462890625
signsuisse_test,sign_mt_v2,939,ita,ise,97.58607482910156,73.42264556884766,88.43501281738281,75.79315948486328
signsuisse_test,sign_mt_v2,940,deu,sgg,86.81439971923828,81.89031982421875,85.72621154785156,81.56792449951172
signsuisse_test,sign_mt_v2,941,fra,fsl,81.80941772460938,72.65052032470703,94.53006744384766,77.32705688476562
signsuisse_test,sign_mt_v2,942,deu,sgg,110.27679443359375,76.15702819824219,102.62258911132812,83.39151000976562
signsuisse_test,sign_mt_v2,943,deu,sgg,95.7127914428711,82.83065795898438,91.45087432861328,75.98558807373047
signsuisse_test,sign_mt_v2,944,fra,fsl,100.41059112548828,72.8763427734375,109.34219360351562,79.50048828125
signsuisse_test,sign_mt_v2,945,fra,fsl,94.18470764160156,83.90371704101562,115.15423583984375,88.27470397949219
signsuisse_test,sign_mt_v2,946,deu,sgg,93.09425354003906,86.2450942993164,90.65420532226562,81.41471862792969
signsuisse_test,sign_mt_v2,947,deu,sgg,90.49195098876953,80.25408172607422,97.490234375,82.82505798339844
signsuisse_test,sign_mt_v2,948,ita,ise,90.14364624023438,80.5866470336914,94.27824401855469,81.60275268554688
signsuisse_test,sign_mt_v2,949,deu,sgg,104.5584716796875,79.28985595703125,100.9631576538086,84.29081726074219
signsuisse_test,sign_mt_v2,950,ita,ise,87.41117858886719,71.86190032958984,87.49156188964844,73.82874298095703
signsuisse_test,sign_mt_v2,951,deu,sgg,99.39839172363281,78.6136245727539,90.44209289550781,77.12187957763672
signsuisse_test,sign_mt_v2,952,ita,ise,104.09364318847656,77.14505767822266,99.50987243652344,75.97281646728516
signsuisse_test,sign_mt_v2,953,deu,sgg,105.69532775878906,80.48612976074219,99.1156997680664,77.7127914428711
signsuisse_test,sign_mt_v2,954,ita,ise,98.34443664550781,75.51472473144531,94.90925598144531,76.7119369506836
signsuisse_test,sign_mt_v2,955,deu,sgg,104.45176696777344,79.08106994628906,89.16410827636719,73.3796157836914
signsuisse_test,sign_mt_v2,956,deu,sgg,72.52758026123047,69.62041473388672,79.6317367553711,69.1292953491211
signsuisse_test,sign_mt_v2,957,deu,sgg,94.357421875,75.53633117675781,96.02015686035156,86.49757385253906
signsuisse_test,sign_mt_v2,958,deu,sgg,66.69393157958984,68.44688415527344,67.30354309082031,62.43596649169922
signsuisse_test,sign_mt_v2,959,deu,sgg,101.57296752929688,72.93669128417969,90.55258178710938,78.57615661621094
signsuisse_test,sign_mt_v2,960,deu,sgg,97.1143569946289,76.48344421386719,102.24300384521484,83.5713119506836
signsuisse_test,sign_mt_v2,961,ita,ise,90.87106323242188,75.06430053710938,87.02500915527344,76.3082504272461
signsuisse_test,sign_mt_v2,962,deu,sgg,82.23228454589844,74.89860534667969,87.33158874511719,78.12468719482422
signsuisse_test,sign_mt_v2,963,deu,sgg,69.96034240722656,75.36528778076172,76.60491943359375,77.45535278320312
signsuisse_test,sign_mt_v2,964,deu,sgg,100.65046691894531,80.72496795654297,98.7597427368164,81.26730346679688
signsuisse_test,sign_mt_v2,965,fra,fsl,89.45512390136719,81.32357025146484,94.12447357177734,74.65396118164062
signsuisse_test,sign_mt_v2,966,fra,fsl,76.5303955078125,73.93630981445312,88.80149841308594,76.38809967041016
signsuisse_test,sign_mt_v2,967,fra,fsl,90.72489929199219,79.65570831298828,94.94247436523438,80.96751403808594
signsuisse_test,sign_mt_v2,968,ita,ise,90.40259552001953,76.58318328857422,87.55516052246094,78.45760345458984
signsuisse_test,sign_mt_v2,969,deu,sgg,96.93467712402344,82.46102905273438,89.94831085205078,79.01834869384766
signsuisse_test,sign_mt_v2,970,fra,fsl,89.74104309082031,78.55731201171875,104.98417663574219,84.6343002319336
signsuisse_test,sign_mt_v2,971,deu,sgg,108.56082916259766,68.2086410522461,92.20943450927734,79.526611328125
signsuisse_test,sign_mt_v2,972,ita,ise,85.52069091796875,69.49323272705078,92.26637268066406,75.78408813476562
signsuisse_test,sign_mt_v2,973,ita,ise,81.55116271972656,79.47064208984375,87.9799575805664,75.01553344726562
signsuisse_test,sign_mt_v2,974,deu,sgg,67.7752456665039,68.24329376220703,73.83558654785156,68.83963775634766
signsuisse_test,sign_mt_v2,975,ita,ise,94.69000244140625,70.94213104248047,85.85675048828125,75.50477600097656
signsuisse_test,sign_mt_v2,976,deu,sgg,130.65663146972656,82.6366958618164,122.78633117675781,87.4893569946289
signsuisse_test,sign_mt_v2,977,deu,sgg,103.528564453125,78.49769592285156,101.94589233398438,83.55656433105469
signsuisse_test,sign_mt_v2,978,deu,sgg,93.80126953125,77.88870239257812,88.37518310546875,69.72715759277344
signsuisse_test,sign_mt_v2,979,deu,sgg,69.3793716430664,72.19588470458984,82.52095794677734,74.12736511230469
signsuisse_test,sign_mt_v2,980,deu,sgg,91.04324340820312,77.05793762207031,79.17456817626953,71.44062042236328
signsuisse_test,sign_mt_v2,981,deu,sgg,82.40538024902344,74.14415740966797,85.6204833984375,80.86375427246094
signsuisse_test,sign_mt_v2,982,deu,sgg,105.31272888183594,79.88694763183594,99.30451965332031,82.03317260742188
signsuisse_test,sign_mt_v2,983,ita,ise,83.1285629272461,74.13298034667969,78.82361602783203,73.66031646728516
signsuisse_test,sign_mt_v2,984,fra,fsl,81.44170379638672,79.53357696533203,91.66527557373047,78.90203094482422
signsuisse_test,sign_mt_v2,985,deu,sgg,64.71805572509766,71.17332458496094,74.07025909423828,73.96469116210938
signsuisse_test,sign_mt_v2,986,deu,sgg,75.56877136230469,67.27919006347656,69.5910873413086,62.05256652832031
signsuisse_test,sign_mt_v2,987,deu,sgg,92.34185028076172,77.37850952148438,83.66259002685547,71.74132537841797
signsuisse_test,sign_mt_v2,988,ita,ise,83.5582504272461,74.69910430908203,85.44453430175781,72.68948364257812
signsuisse_test,sign_mt_v2,989,ita,ise,94.61536407470703,73.1004409790039,90.73342895507812,73.04544067382812
signsuisse_test,sign_mt_v2,990,deu,sgg,89.14402770996094,78.8025131225586,92.1860122680664,79.05686950683594
signsuisse_test,sign_mt_v2,991,deu,sgg,73.46414947509766,74.18498229980469,78.35356140136719,66.443603515625
signsuisse_test,sign_mt_v2,992,fra,fsl,72.33563232421875,73.44426727294922,88.8636703491211,74.35050964355469
signsuisse_test,sign_mt_v2,993,fra,fsl,93.90359497070312,80.30207061767578,105.55987548828125,84.98236083984375
signsuisse_test,sign_mt_v2,994,fra,fsl,98.14569091796875,84.49622344970703,109.22132873535156,82.6322250366211
signsuisse_test,sign_mt_v2,995,ita,ise,96.26869201660156,73.055419921875,92.84310913085938,71.04190063476562
signsuisse_test,sign_mt_v2,996,fra,fsl,80.76642608642578,66.33467102050781,91.20677185058594,76.77030944824219
signsuisse_test,sign_mt_v2,997,fra,fsl,98.39445495605469,85.66741180419922,105.44277954101562,86.29338836669922
signsuisse_test,sign_mt_v2,998,ita,ise,89.76470184326172,80.1655502319336,91.59274291992188,75.17534637451172
signsuisse_test,sign_mt_v2,999,fra,fsl,101.14976501464844,83.30409240722656,112.27186584472656,85.63151550292969
