data,system,example_id,source,target,SignCLIP-P-P,SignCLIP-P-T,SignCLIP-Suisse-P-P,SignCLIP-Suisse-P-T
signsuisse_test,sign_mt,0,fra,fsl,99.56724548339844,81.50226593017578,112.86604309082031,82.01665496826172
signsuisse_test,sign_mt,1,ita,ise,81.98103332519531,79.65982055664062,82.29531860351562,68.92859649658203
signsuisse_test,sign_mt,2,fra,fsl,79.49092102050781,75.5940170288086,96.04195404052734,80.10416412353516
signsuisse_test,sign_mt,3,fra,fsl,95.21932983398438,73.36190795898438,101.33773803710938,83.90792846679688
signsuisse_test,sign_mt,4,ita,ise,95.32815551757812,77.76509857177734,97.79988098144531,76.28019714355469
signsuisse_test,sign_mt,5,ita,ise,83.23395538330078,77.39598083496094,81.9780044555664,75.15799713134766
signsuisse_test,sign_mt,6,deu,sgg,76.99140167236328,72.8914794921875,82.36248016357422,69.41008758544922
signsuisse_test,sign_mt,7,deu,sgg,78.64044952392578,83.06440734863281,93.1077880859375,77.66600036621094
signsuisse_test,sign_mt,8,ita,ise,90.80561828613281,72.04846954345703,75.44905090332031,71.79066467285156
signsuisse_test,sign_mt,9,deu,sgg,74.16194152832031,78.45905303955078,85.21842193603516,74.21131896972656
signsuisse_test,sign_mt,10,deu,sgg,91.85202026367188,82.5008544921875,91.4247055053711,76.66041564941406
signsuisse_test,sign_mt,11,fra,fsl,86.30763244628906,74.89955139160156,95.43285369873047,81.03549194335938
signsuisse_test,sign_mt,12,ita,ise,82.31961059570312,78.4124984741211,86.35798645019531,71.68605041503906
signsuisse_test,sign_mt,13,deu,sgg,88.92842102050781,80.06111907958984,84.2905502319336,76.07575225830078
signsuisse_test,sign_mt,14,deu,sgg,87.7015151977539,84.11981964111328,85.69412231445312,75.93321228027344
signsuisse_test,sign_mt,15,deu,sgg,92.65530395507812,73.03176879882812,88.83997344970703,80.27529907226562
signsuisse_test,sign_mt,16,deu,sgg,91.67869567871094,85.0142593383789,83.71736907958984,80.7000961303711
signsuisse_test,sign_mt,17,deu,sgg,102.5916976928711,78.60598754882812,98.29400634765625,84.2115707397461
signsuisse_test,sign_mt,18,fra,fsl,83.01746368408203,72.10684967041016,95.78996276855469,85.66204071044922
signsuisse_test,sign_mt,19,ita,ise,77.52268981933594,81.55341339111328,79.59812927246094,77.05462646484375
signsuisse_test,sign_mt,20,fra,fsl,82.75729370117188,73.32329559326172,94.24967193603516,81.0789794921875
signsuisse_test,sign_mt,21,ita,ise,80.754638671875,82.12876892089844,90.16893005371094,78.32733917236328
signsuisse_test,sign_mt,22,deu,sgg,84.55925750732422,71.94562530517578,86.42790985107422,75.9537582397461
signsuisse_test,sign_mt,23,deu,sgg,78.94371795654297,78.5078125,81.55950927734375,72.31948852539062
signsuisse_test,sign_mt,24,deu,sgg,92.23231506347656,83.33155822753906,95.92564392089844,83.61293029785156
signsuisse_test,sign_mt,25,deu,sgg,105.50382995605469,72.50653076171875,96.91961669921875,80.6635971069336
signsuisse_test,sign_mt,26,deu,sgg,110.96422576904297,82.0172348022461,95.15389251708984,77.19778442382812
signsuisse_test,sign_mt,27,deu,sgg,79.38868713378906,77.03784942626953,85.63078308105469,75.08238220214844
signsuisse_test,sign_mt,28,ita,ise,77.67633056640625,72.95275115966797,85.05441284179688,70.7562484741211
signsuisse_test,sign_mt,29,ita,ise,81.67173767089844,80.93389892578125,78.85846710205078,69.98058319091797
signsuisse_test,sign_mt,30,deu,sgg,63.01263427734375,71.61956024169922,69.0655746459961,73.60601806640625
signsuisse_test,sign_mt,31,fra,fsl,89.99317169189453,83.97456359863281,109.09402465820312,81.87594604492188
signsuisse_test,sign_mt,32,fra,fsl,83.345703125,79.0999755859375,93.71693420410156,83.27713012695312
signsuisse_test,sign_mt,33,deu,sgg,77.81143951416016,72.05229187011719,79.38314819335938,71.37918090820312
signsuisse_test,sign_mt,34,deu,sgg,68.73641967773438,69.65117645263672,79.70873260498047,73.33326721191406
signsuisse_test,sign_mt,35,deu,sgg,72.21560668945312,70.13959503173828,77.90699005126953,68.6971206665039
signsuisse_test,sign_mt,36,deu,sgg,95.61210632324219,78.30980682373047,85.47188568115234,73.76506805419922
signsuisse_test,sign_mt,37,fra,fsl,98.44529724121094,81.64213562011719,109.65934753417969,89.32063293457031
signsuisse_test,sign_mt,38,deu,sgg,68.7919692993164,68.28575897216797,78.44483184814453,69.94349670410156
signsuisse_test,sign_mt,39,deu,sgg,66.89962005615234,71.66552734375,80.19657135009766,72.65254211425781
signsuisse_test,sign_mt,40,fra,fsl,76.30705261230469,72.30357360839844,93.2068862915039,80.67462921142578
signsuisse_test,sign_mt,41,ita,ise,109.2509765625,77.65562438964844,96.3758544921875,74.5245590209961
signsuisse_test,sign_mt,42,ita,ise,83.31980895996094,74.96736145019531,90.1445541381836,78.17059326171875
signsuisse_test,sign_mt,43,deu,sgg,67.7240982055664,72.27501678466797,85.29199981689453,73.99664306640625
signsuisse_test,sign_mt,44,ita,ise,92.97666931152344,76.14138793945312,90.62091064453125,79.4734115600586
signsuisse_test,sign_mt,45,ita,ise,73.22479248046875,76.87255096435547,69.36729431152344,69.51654815673828
signsuisse_test,sign_mt,46,fra,fsl,96.55303192138672,81.78681945800781,104.21896362304688,84.14019012451172
signsuisse_test,sign_mt,47,deu,sgg,78.41311645507812,69.79861450195312,83.2162857055664,73.03421783447266
signsuisse_test,sign_mt,48,deu,sgg,90.05293273925781,78.58526611328125,87.12357330322266,78.45053100585938
signsuisse_test,sign_mt,49,deu,sgg,94.11422729492188,85.39481353759766,91.015380859375,81.1187744140625
signsuisse_test,sign_mt,50,ita,ise,89.40878295898438,80.90257263183594,75.12723541259766,73.26360321044922
signsuisse_test,sign_mt,51,deu,sgg,84.67696380615234,79.7721939086914,82.58894348144531,76.49252319335938
signsuisse_test,sign_mt,52,deu,sgg,76.52916717529297,73.93309020996094,81.87260437011719,74.01671600341797
signsuisse_test,sign_mt,53,ita,ise,91.2735824584961,79.2176284790039,87.7711410522461,75.9961929321289
signsuisse_test,sign_mt,54,ita,ise,85.56504821777344,78.12467193603516,87.09993743896484,75.52811431884766
signsuisse_test,sign_mt,55,fra,fsl,95.93302917480469,87.37507629394531,104.98124694824219,82.68701934814453
signsuisse_test,sign_mt,56,ita,ise,84.8454818725586,77.25920104980469,91.96733093261719,72.91645812988281
signsuisse_test,sign_mt,57,deu,sgg,74.98086547851562,83.40768432617188,94.20086669921875,79.93211364746094
signsuisse_test,sign_mt,58,fra,fsl,96.74667358398438,82.28642272949219,103.43646240234375,83.94593811035156
signsuisse_test,sign_mt,59,ita,ise,89.72410583496094,76.81499481201172,85.08650207519531,75.99240112304688
signsuisse_test,sign_mt,60,deu,sgg,72.39978790283203,72.55813598632812,72.43353271484375,69.37625885009766
signsuisse_test,sign_mt,61,deu,sgg,102.8149642944336,79.76664733886719,102.33047485351562,79.65667724609375
signsuisse_test,sign_mt,62,deu,sgg,70.0923080444336,75.47763061523438,69.59774780273438,70.41216278076172
signsuisse_test,sign_mt,63,fra,fsl,89.76161193847656,81.49642944335938,103.28954315185547,82.11053466796875
signsuisse_test,sign_mt,64,ita,ise,83.68568420410156,77.49482727050781,86.72331237792969,76.17357635498047
signsuisse_test,sign_mt,65,fra,fsl,97.54246520996094,83.2228775024414,108.04051208496094,85.76744842529297
signsuisse_test,sign_mt,66,fra,fsl,83.97159576416016,74.10963439941406,97.66636657714844,82.54862976074219
signsuisse_test,sign_mt,67,deu,sgg,70.0081558227539,73.1799545288086,72.36261749267578,71.21207427978516
signsuisse_test,sign_mt,68,deu,sgg,66.6541976928711,74.59566497802734,82.92543029785156,75.5158462524414
signsuisse_test,sign_mt,69,fra,fsl,88.40327453613281,85.5848617553711,109.17050170898438,89.29936218261719
signsuisse_test,sign_mt,70,ita,ise,91.26788330078125,79.11608123779297,88.92240142822266,77.54583740234375
signsuisse_test,sign_mt,71,deu,sgg,79.20108032226562,70.16718292236328,79.27631378173828,62.1650390625
signsuisse_test,sign_mt,72,deu,sgg,101.65770721435547,75.75883483886719,93.09339904785156,80.7190170288086
signsuisse_test,sign_mt,73,deu,sgg,98.89279174804688,81.89759063720703,102.21831512451172,81.43571472167969
signsuisse_test,sign_mt,74,fra,fsl,93.71965026855469,80.96804809570312,112.38855743408203,91.11776733398438
signsuisse_test,sign_mt,75,fra,fsl,87.85505676269531,82.46266174316406,92.40789031982422,76.77694702148438
signsuisse_test,sign_mt,76,deu,sgg,70.46524810791016,73.2040786743164,75.80596923828125,68.40673828125
signsuisse_test,sign_mt,77,fra,fsl,73.671875,69.91573333740234,92.4145736694336,77.84227752685547
signsuisse_test,sign_mt,78,ita,ise,91.4201431274414,83.54821014404297,88.9248046875,77.01102447509766
signsuisse_test,sign_mt,79,ita,ise,81.52081298828125,78.31094360351562,81.81224060058594,77.81443786621094
signsuisse_test,sign_mt,80,deu,sgg,76.92511749267578,71.45668029785156,80.62318420410156,75.36282348632812
signsuisse_test,sign_mt,81,deu,sgg,63.571773529052734,68.1596450805664,69.82022094726562,70.93081665039062
signsuisse_test,sign_mt,82,ita,ise,96.91078186035156,78.90078735351562,91.88935089111328,80.69155883789062
signsuisse_test,sign_mt,83,ita,ise,93.48170471191406,71.33250427246094,84.35008239746094,76.13245391845703
signsuisse_test,sign_mt,84,ita,ise,100.13047790527344,84.07197570800781,88.8274917602539,82.49322509765625
signsuisse_test,sign_mt,85,deu,sgg,98.85603332519531,82.51425170898438,96.51522064208984,75.87980651855469
signsuisse_test,sign_mt,86,deu,sgg,74.38906860351562,73.63565826416016,86.05976867675781,73.85775756835938
signsuisse_test,sign_mt,87,ita,ise,79.08058166503906,79.95291900634766,80.9957504272461,75.19534301757812
signsuisse_test,sign_mt,88,fra,fsl,92.19552612304688,72.73573303222656,106.949462890625,88.07267761230469
signsuisse_test,sign_mt,89,deu,sgg,67.30305480957031,63.950294494628906,80.44091033935547,72.06629943847656
signsuisse_test,sign_mt,90,deu,sgg,88.18975830078125,79.7738037109375,90.36897277832031,76.3704833984375
signsuisse_test,sign_mt,91,fra,fsl,80.14756774902344,82.08748626708984,96.69877624511719,84.6236801147461
signsuisse_test,sign_mt,92,fra,fsl,78.39199829101562,73.14945220947266,89.42102813720703,77.69585418701172
signsuisse_test,sign_mt,93,deu,sgg,120.64990234375,82.19862365722656,106.43751525878906,83.12799835205078
signsuisse_test,sign_mt,94,fra,fsl,108.83303833007812,82.02784729003906,117.58670806884766,85.48689270019531
signsuisse_test,sign_mt,95,deu,sgg,93.94337463378906,79.67635345458984,90.5157241821289,78.12553405761719
signsuisse_test,sign_mt,96,ita,ise,76.48194885253906,79.20133972167969,90.05014038085938,74.8462142944336
signsuisse_test,sign_mt,97,deu,sgg,75.67815399169922,79.27079772949219,80.95738983154297,79.45877075195312
signsuisse_test,sign_mt,98,deu,sgg,65.74161529541016,72.03199768066406,72.10616302490234,71.99040222167969
signsuisse_test,sign_mt,99,deu,sgg,78.48149871826172,73.41433715820312,84.76191711425781,74.91548919677734
signsuisse_test,sign_mt,100,fra,fsl,79.53484344482422,75.21917724609375,98.4144515991211,84.13395690917969
signsuisse_test,sign_mt,101,deu,sgg,103.80023193359375,81.24195861816406,99.9831771850586,82.80821990966797
signsuisse_test,sign_mt,102,deu,sgg,92.34378051757812,86.81587982177734,102.82171630859375,80.8101577758789
signsuisse_test,sign_mt,103,deu,sgg,69.99164581298828,69.38809204101562,73.94640350341797,73.39559173583984
signsuisse_test,sign_mt,104,fra,fsl,89.49068450927734,80.0954818725586,102.24240112304688,82.41818237304688
signsuisse_test,sign_mt,105,fra,fsl,93.91825866699219,78.32466888427734,104.99076080322266,82.27971649169922
signsuisse_test,sign_mt,106,deu,sgg,90.48094940185547,80.94914245605469,88.84046936035156,78.44429779052734
signsuisse_test,sign_mt,107,fra,fsl,97.87205505371094,79.39637756347656,106.70326232910156,84.35660552978516
signsuisse_test,sign_mt,108,deu,sgg,105.85108947753906,78.5628433227539,92.85237121582031,80.49459838867188
signsuisse_test,sign_mt,109,deu,sgg,81.85762786865234,78.81749725341797,86.41677856445312,77.71778869628906
signsuisse_test,sign_mt,110,deu,sgg,92.64201354980469,78.40277099609375,92.23487091064453,76.35209655761719
signsuisse_test,sign_mt,111,ita,ise,78.46195983886719,74.77618408203125,77.08248901367188,75.69973754882812
signsuisse_test,sign_mt,112,ita,ise,82.16376495361328,74.78131866455078,84.39302825927734,75.60816955566406
signsuisse_test,sign_mt,113,deu,sgg,70.6295394897461,72.11433410644531,83.36880493164062,65.23678588867188
signsuisse_test,sign_mt,114,deu,sgg,75.07695770263672,79.63604736328125,81.07076263427734,72.9078140258789
signsuisse_test,sign_mt,115,deu,sgg,87.13317108154297,77.51109313964844,86.66162109375,72.20138549804688
signsuisse_test,sign_mt,116,deu,sgg,95.21380615234375,78.78598022460938,95.94532775878906,81.67568969726562
signsuisse_test,sign_mt,117,deu,sgg,123.4126205444336,77.12663269042969,103.88196563720703,82.47218322753906
signsuisse_test,sign_mt,118,deu,sgg,82.36339569091797,84.15548706054688,85.03145599365234,71.94422149658203
signsuisse_test,sign_mt,119,ita,ise,82.92967224121094,76.88247680664062,86.4822769165039,76.64653778076172
signsuisse_test,sign_mt,120,fra,fsl,94.930419921875,79.18427276611328,102.60321044921875,82.6627426147461
signsuisse_test,sign_mt,121,fra,fsl,77.1053695678711,75.95321655273438,91.8219223022461,85.49504089355469
signsuisse_test,sign_mt,122,ita,ise,72.03071594238281,77.11308288574219,77.41663360595703,74.2831802368164
signsuisse_test,sign_mt,123,fra,fsl,96.7061538696289,81.4832763671875,105.7730484008789,80.57008361816406
signsuisse_test,sign_mt,124,deu,sgg,74.9636459350586,77.18604278564453,83.63436889648438,72.2210922241211
signsuisse_test,sign_mt,125,deu,sgg,95.0457992553711,82.60836791992188,86.3948974609375,74.12838745117188
signsuisse_test,sign_mt,126,ita,ise,81.62407684326172,79.20296478271484,78.38331604003906,68.7032470703125
signsuisse_test,sign_mt,127,ita,ise,86.30116271972656,81.17610168457031,88.50209045410156,77.75250244140625
signsuisse_test,sign_mt,128,fra,fsl,83.80245208740234,76.12548065185547,89.51966857910156,79.48047637939453
signsuisse_test,sign_mt,129,ita,ise,92.81224822998047,77.95136260986328,78.9383773803711,72.85337829589844
signsuisse_test,sign_mt,130,deu,sgg,100.94651794433594,78.62918090820312,98.67742156982422,78.19892883300781
signsuisse_test,sign_mt,131,ita,ise,88.91171264648438,78.94285583496094,78.22407531738281,75.77532196044922
signsuisse_test,sign_mt,132,fra,fsl,77.54435729980469,71.8275146484375,96.05352783203125,79.47376251220703
signsuisse_test,sign_mt,133,ita,ise,80.66252899169922,76.35962677001953,88.02470397949219,78.62518310546875
signsuisse_test,sign_mt,134,deu,sgg,88.81889343261719,81.9920654296875,95.49166870117188,78.09793853759766
signsuisse_test,sign_mt,135,ita,ise,90.64116668701172,80.76815032958984,81.58451843261719,77.6308822631836
signsuisse_test,sign_mt,136,deu,sgg,77.14486694335938,69.436767578125,76.61199951171875,72.14190673828125
signsuisse_test,sign_mt,137,fra,fsl,96.53517150878906,85.64155578613281,115.86016845703125,94.33271026611328
signsuisse_test,sign_mt,138,ita,ise,83.5068359375,74.75747680664062,89.05209350585938,74.54975891113281
signsuisse_test,sign_mt,139,deu,sgg,77.46971893310547,76.47933197021484,86.38720703125,72.25450134277344
signsuisse_test,sign_mt,140,fra,fsl,79.81744384765625,74.7510757446289,91.58168029785156,79.70770263671875
signsuisse_test,sign_mt,141,deu,sgg,65.69140625,73.5268783569336,74.29640197753906,69.42091369628906
signsuisse_test,sign_mt,142,fra,fsl,99.97953033447266,83.06857299804688,104.72710418701172,89.4628677368164
signsuisse_test,sign_mt,143,fra,fsl,79.06443786621094,77.17261505126953,92.09427642822266,81.088623046875
signsuisse_test,sign_mt,144,deu,sgg,111.0477066040039,77.60704040527344,95.85148620605469,80.04507446289062
signsuisse_test,sign_mt,145,deu,sgg,69.65270233154297,72.01226043701172,69.48792266845703,66.65668487548828
signsuisse_test,sign_mt,146,deu,sgg,61.646644592285156,70.54901885986328,70.42204284667969,63.18647384643555
signsuisse_test,sign_mt,147,deu,sgg,82.61320495605469,82.20816802978516,84.62410736083984,76.56706237792969
signsuisse_test,sign_mt,148,deu,sgg,107.84498596191406,79.510009765625,105.06615447998047,83.55882263183594
signsuisse_test,sign_mt,149,deu,sgg,99.2748794555664,78.73116302490234,94.93550109863281,75.40213775634766
signsuisse_test,sign_mt,150,deu,sgg,94.71324920654297,81.51561737060547,98.03404235839844,82.46392822265625
signsuisse_test,sign_mt,151,fra,fsl,88.933837890625,82.98001098632812,101.57524108886719,84.35584259033203
signsuisse_test,sign_mt,152,deu,sgg,70.99091339111328,69.5948486328125,82.8240737915039,72.31751251220703
signsuisse_test,sign_mt,153,ita,ise,75.95401000976562,76.8760757446289,79.1300277709961,78.81869506835938
signsuisse_test,sign_mt,154,ita,ise,87.52000427246094,74.98577880859375,88.95262145996094,76.7308120727539
signsuisse_test,sign_mt,155,fra,fsl,88.71372985839844,81.06010437011719,105.51115417480469,83.23040008544922
signsuisse_test,sign_mt,156,fra,fsl,91.17578125,78.16095733642578,102.57490539550781,81.10420989990234
signsuisse_test,sign_mt,157,fra,fsl,86.02586364746094,80.0636978149414,105.46186828613281,83.13623046875
signsuisse_test,sign_mt,158,ita,ise,87.57389068603516,77.61674499511719,86.58450317382812,75.11829376220703
signsuisse_test,sign_mt,159,ita,ise,78.67559051513672,78.00962829589844,83.167724609375,73.58341979980469
signsuisse_test,sign_mt,160,ita,ise,84.42566680908203,77.71109771728516,85.89073944091797,71.98834991455078
signsuisse_test,sign_mt,161,deu,sgg,87.1637191772461,79.37788391113281,77.6800308227539,70.07757568359375
signsuisse_test,sign_mt,162,ita,ise,99.27461242675781,83.11061096191406,92.09455108642578,80.28128051757812
signsuisse_test,sign_mt,163,ita,ise,90.61510467529297,78.71851348876953,87.22856903076172,67.88951110839844
signsuisse_test,sign_mt,164,deu,sgg,72.9861831665039,71.8982162475586,77.34909057617188,64.6429214477539
signsuisse_test,sign_mt,165,deu,sgg,62.43522262573242,72.8219223022461,75.29396057128906,71.84053039550781
signsuisse_test,sign_mt,166,ita,ise,83.30352020263672,73.93038940429688,88.74105834960938,77.3248519897461
signsuisse_test,sign_mt,167,fra,fsl,93.07579803466797,80.6203842163086,100.91360473632812,84.28112030029297
signsuisse_test,sign_mt,168,deu,sgg,78.20132446289062,75.9534683227539,83.72196960449219,76.80316162109375
signsuisse_test,sign_mt,169,deu,sgg,80.96033477783203,75.43899536132812,87.07073974609375,76.55928039550781
signsuisse_test,sign_mt,170,deu,sgg,70.55001068115234,73.40997314453125,77.54861450195312,69.6990737915039
signsuisse_test,sign_mt,171,ita,ise,82.18525695800781,74.84070587158203,86.44631958007812,71.30194091796875
signsuisse_test,sign_mt,172,fra,fsl,89.12256622314453,85.08587646484375,102.13744354248047,80.57695007324219
signsuisse_test,sign_mt,173,deu,sgg,97.89533996582031,84.65579986572266,91.98695373535156,79.86186218261719
signsuisse_test,sign_mt,174,deu,sgg,92.33492279052734,78.02177429199219,89.0030288696289,88.40756225585938
signsuisse_test,sign_mt,175,fra,fsl,97.25179290771484,81.66619873046875,111.09418487548828,83.69132232666016
signsuisse_test,sign_mt,176,deu,sgg,75.21954345703125,75.5651626586914,79.04668426513672,78.47845458984375
signsuisse_test,sign_mt,177,deu,sgg,74.0173110961914,72.90135955810547,79.98429870605469,74.39364624023438
signsuisse_test,sign_mt,178,fra,fsl,92.04704284667969,78.26309204101562,102.54788970947266,80.45767211914062
signsuisse_test,sign_mt,179,deu,sgg,70.34455871582031,72.472412109375,78.70381164550781,71.1373291015625
signsuisse_test,sign_mt,180,fra,fsl,82.87672424316406,77.40179443359375,103.88948059082031,83.8940658569336
signsuisse_test,sign_mt,181,fra,fsl,84.83734893798828,79.3587646484375,98.51546478271484,81.14531707763672
signsuisse_test,sign_mt,182,deu,sgg,96.63323974609375,82.04267120361328,99.47837829589844,87.49351501464844
signsuisse_test,sign_mt,183,deu,sgg,80.05126190185547,75.87924194335938,84.19943237304688,76.48635864257812
signsuisse_test,sign_mt,184,deu,sgg,69.10722351074219,70.45289611816406,83.96477508544922,71.91888427734375
signsuisse_test,sign_mt,185,ita,ise,83.73274993896484,76.4823226928711,82.38323974609375,72.5776596069336
signsuisse_test,sign_mt,186,deu,sgg,96.33660125732422,73.06912231445312,89.41490173339844,79.0855941772461
signsuisse_test,sign_mt,187,deu,sgg,58.207305908203125,65.60037994384766,80.77163696289062,70.7366943359375
signsuisse_test,sign_mt,188,deu,sgg,89.66205596923828,83.3290786743164,91.65428161621094,78.56776428222656
signsuisse_test,sign_mt,189,ita,ise,76.31787109375,70.31038665771484,89.32328796386719,79.71829223632812
signsuisse_test,sign_mt,190,ita,ise,85.3806381225586,76.62647247314453,83.57037353515625,71.042724609375
signsuisse_test,sign_mt,191,fra,fsl,89.8807144165039,80.64060974121094,100.02021789550781,80.76042938232422
signsuisse_test,sign_mt,192,ita,ise,105.49595642089844,79.62860870361328,100.22836303710938,78.37592315673828
signsuisse_test,sign_mt,193,ita,ise,87.08026885986328,81.14659118652344,82.59263610839844,74.82594299316406
signsuisse_test,sign_mt,194,deu,sgg,88.9059829711914,79.72706604003906,93.84310150146484,78.84980773925781
signsuisse_test,sign_mt,195,ita,ise,90.43242645263672,75.38151550292969,87.74330139160156,71.25557708740234
signsuisse_test,sign_mt,196,deu,sgg,66.07076263427734,63.15681838989258,74.00901794433594,67.5892105102539
signsuisse_test,sign_mt,197,deu,sgg,71.27452850341797,72.61946105957031,74.70280456542969,73.508544921875
signsuisse_test,sign_mt,198,deu,sgg,80.84526062011719,70.46525573730469,77.31024169921875,70.73617553710938
signsuisse_test,sign_mt,199,deu,sgg,60.41314697265625,75.55931091308594,71.04196166992188,74.2852554321289
signsuisse_test,sign_mt,200,deu,sgg,63.79023361206055,72.26004028320312,79.69306945800781,72.8411636352539
signsuisse_test,sign_mt,201,fra,fsl,89.8451156616211,86.042236328125,88.37957763671875,83.6859359741211
signsuisse_test,sign_mt,202,deu,sgg,96.0564956665039,80.77729797363281,88.96807861328125,80.07299041748047
signsuisse_test,sign_mt,203,fra,fsl,75.03137969970703,75.73255157470703,89.69660949707031,79.8985366821289
signsuisse_test,sign_mt,204,fra,fsl,106.11408996582031,80.47590637207031,109.27275848388672,86.56906127929688
signsuisse_test,sign_mt,205,deu,sgg,87.97648620605469,80.52584075927734,90.6073226928711,80.7048568725586
signsuisse_test,sign_mt,206,fra,fsl,87.303466796875,81.21920013427734,97.939453125,82.47512817382812
signsuisse_test,sign_mt,207,fra,fsl,108.5162124633789,83.38485717773438,111.71670532226562,83.01693725585938
signsuisse_test,sign_mt,208,fra,fsl,110.4703369140625,81.91673278808594,110.62728118896484,85.89908599853516
signsuisse_test,sign_mt,209,ita,ise,102.80929565429688,78.99116516113281,82.72648620605469,80.80345153808594
signsuisse_test,sign_mt,210,deu,sgg,87.2757797241211,79.91873168945312,91.38108825683594,70.46455383300781
signsuisse_test,sign_mt,211,ita,ise,86.0400390625,75.6487045288086,90.06859588623047,79.9999008178711
signsuisse_test,sign_mt,212,deu,sgg,68.53402709960938,67.52751159667969,75.6194076538086,72.27629089355469
signsuisse_test,sign_mt,213,ita,ise,76.11204528808594,71.9747085571289,90.67736053466797,76.44538879394531
signsuisse_test,sign_mt,214,ita,ise,76.52706909179688,73.93001556396484,82.19486999511719,73.60848236083984
signsuisse_test,sign_mt,215,fra,fsl,83.55903625488281,74.07069396972656,84.83409881591797,73.89918518066406
signsuisse_test,sign_mt,216,deu,sgg,75.02059936523438,80.26949310302734,96.20913696289062,77.40788269042969
signsuisse_test,sign_mt,217,fra,fsl,105.97079467773438,77.1106185913086,113.83015441894531,90.01811218261719
signsuisse_test,sign_mt,218,fra,fsl,102.55167388916016,83.02336120605469,119.42830657958984,89.47239685058594
signsuisse_test,sign_mt,219,ita,ise,87.19298553466797,78.408203125,82.04318237304688,72.1234359741211
signsuisse_test,sign_mt,220,deu,sgg,79.80064392089844,71.33195495605469,83.99019622802734,71.25379180908203
signsuisse_test,sign_mt,221,deu,sgg,63.33708953857422,68.6384048461914,73.98650360107422,73.60335540771484
signsuisse_test,sign_mt,222,ita,ise,86.9897689819336,81.67939758300781,91.74723052978516,79.71932983398438
signsuisse_test,sign_mt,223,deu,sgg,100.75656127929688,78.90019226074219,95.763916015625,77.915771484375
signsuisse_test,sign_mt,224,deu,sgg,86.3753662109375,78.70076751708984,84.5835952758789,76.5423355102539
signsuisse_test,sign_mt,225,fra,fsl,99.65859985351562,74.84382629394531,93.01404571533203,73.82015991210938
signsuisse_test,sign_mt,226,fra,fsl,77.64644622802734,84.52767944335938,95.14376831054688,82.94973754882812
signsuisse_test,sign_mt,227,fra,fsl,98.40274047851562,80.36380004882812,105.90127563476562,85.39447021484375
signsuisse_test,sign_mt,228,deu,sgg,73.7168960571289,67.38726806640625,81.19019317626953,73.15221405029297
signsuisse_test,sign_mt,229,ita,ise,93.16233825683594,80.81932067871094,88.68449401855469,78.2831039428711
signsuisse_test,sign_mt,230,fra,fsl,82.76456451416016,74.61115264892578,97.77861022949219,77.71253204345703
signsuisse_test,sign_mt,231,deu,sgg,81.98780059814453,77.23979949951172,79.09818267822266,69.27893829345703
signsuisse_test,sign_mt,232,ita,ise,95.777587890625,78.01759338378906,79.18946075439453,72.2147445678711
signsuisse_test,sign_mt,233,deu,sgg,63.170326232910156,65.9413833618164,79.37773132324219,68.87150573730469
signsuisse_test,sign_mt,234,ita,ise,84.17925262451172,80.01437377929688,87.12586975097656,74.88166809082031
signsuisse_test,sign_mt,235,deu,sgg,96.42961120605469,80.09088134765625,101.59407043457031,80.95425415039062
signsuisse_test,sign_mt,236,fra,fsl,83.21492004394531,80.01741790771484,97.20755767822266,82.50704956054688
signsuisse_test,sign_mt,237,ita,ise,86.16104888916016,72.387451171875,90.8740234375,76.68214416503906
signsuisse_test,sign_mt,238,ita,ise,79.60823059082031,78.3729248046875,77.11087036132812,73.85477447509766
signsuisse_test,sign_mt,239,deu,sgg,63.92816162109375,70.69084167480469,74.3648910522461,77.10225677490234
signsuisse_test,sign_mt,240,fra,fsl,81.56705474853516,79.16492462158203,95.05536651611328,76.38762664794922
signsuisse_test,sign_mt,241,deu,sgg,88.61396026611328,82.45896911621094,89.11297607421875,79.36442565917969
signsuisse_test,sign_mt,242,ita,ise,91.83473205566406,70.68829345703125,85.33560180664062,76.54248809814453
signsuisse_test,sign_mt,243,deu,sgg,82.60807800292969,76.32161712646484,86.95393371582031,73.90434265136719
signsuisse_test,sign_mt,244,deu,sgg,71.74999237060547,70.75566864013672,89.2513427734375,77.2534408569336
signsuisse_test,sign_mt,245,deu,sgg,69.54414367675781,72.19866943359375,79.34461975097656,65.5022201538086
signsuisse_test,sign_mt,246,ita,ise,80.21289825439453,71.16912841796875,86.59960174560547,71.57183074951172
signsuisse_test,sign_mt,247,deu,sgg,92.21986389160156,84.25919342041016,87.43312072753906,73.34510040283203
signsuisse_test,sign_mt,248,ita,ise,91.48834228515625,82.52693176269531,96.69491577148438,76.45500183105469
signsuisse_test,sign_mt,249,fra,fsl,92.96330261230469,77.07412719726562,101.203369140625,82.8769302368164
signsuisse_test,sign_mt,250,deu,sgg,73.80598449707031,73.53845977783203,78.03411102294922,70.3402328491211
signsuisse_test,sign_mt,251,deu,sgg,66.09288787841797,70.14307403564453,74.83309173583984,73.13965606689453
signsuisse_test,sign_mt,252,deu,sgg,89.2056884765625,77.42918395996094,90.00198364257812,75.33293151855469
signsuisse_test,sign_mt,253,deu,sgg,70.74970245361328,69.02437591552734,75.07167053222656,72.54088592529297
signsuisse_test,sign_mt,254,fra,fsl,106.31640625,80.09101867675781,106.6372299194336,83.2269058227539
signsuisse_test,sign_mt,255,fra,fsl,81.46331024169922,77.40011596679688,91.8148193359375,83.81961059570312
signsuisse_test,sign_mt,256,deu,sgg,90.93251037597656,75.95536041259766,95.27180480957031,75.60028839111328
signsuisse_test,sign_mt,257,ita,ise,77.212158203125,77.77534484863281,84.11500549316406,71.62810516357422
signsuisse_test,sign_mt,258,deu,sgg,91.46428680419922,80.1309814453125,87.51249694824219,75.41665649414062
signsuisse_test,sign_mt,259,deu,sgg,97.90743255615234,76.10830688476562,97.06940460205078,77.4402084350586
signsuisse_test,sign_mt,260,fra,fsl,91.01960754394531,78.51992797851562,99.71061706542969,79.3343505859375
signsuisse_test,sign_mt,261,deu,sgg,89.12593841552734,79.8823013305664,88.69615173339844,77.7420883178711
signsuisse_test,sign_mt,262,fra,fsl,76.08032989501953,68.83777618408203,88.51658630371094,76.36942291259766
signsuisse_test,sign_mt,263,deu,sgg,100.0111083984375,76.41754150390625,87.09099578857422,77.6034164428711
signsuisse_test,sign_mt,264,deu,sgg,67.51860809326172,72.90072631835938,72.59195709228516,72.69468688964844
signsuisse_test,sign_mt,265,deu,sgg,86.6688461303711,80.2589111328125,83.3763198852539,78.93683624267578
signsuisse_test,sign_mt,266,deu,sgg,106.58320617675781,81.47325897216797,95.14900970458984,77.05178833007812
signsuisse_test,sign_mt,267,ita,ise,84.01780700683594,80.28208923339844,89.37493896484375,74.89949035644531
signsuisse_test,sign_mt,268,ita,ise,98.00921630859375,77.126220703125,85.07978057861328,76.71220397949219
signsuisse_test,sign_mt,269,deu,sgg,84.90863800048828,82.2288818359375,81.16324615478516,73.39144897460938
signsuisse_test,sign_mt,270,fra,fsl,91.37183380126953,82.222900390625,104.2069091796875,84.56568145751953
signsuisse_test,sign_mt,271,fra,fsl,80.26364135742188,68.53108978271484,92.25424194335938,79.83849334716797
signsuisse_test,sign_mt,272,ita,ise,98.08390045166016,70.4959487915039,85.74946594238281,75.46134948730469
signsuisse_test,sign_mt,273,deu,sgg,88.14948272705078,77.22586822509766,85.05646514892578,70.19071960449219
signsuisse_test,sign_mt,274,fra,fsl,94.2165756225586,78.7407455444336,109.61228942871094,83.81173706054688
signsuisse_test,sign_mt,275,deu,sgg,64.08503723144531,71.15499877929688,74.3073501586914,71.18585205078125
signsuisse_test,sign_mt,276,deu,sgg,82.35484313964844,81.96929168701172,87.53272247314453,81.02687072753906
signsuisse_test,sign_mt,277,deu,sgg,73.95248413085938,75.178466796875,82.97991180419922,77.51044464111328
signsuisse_test,sign_mt,278,deu,sgg,95.92278289794922,83.22804260253906,96.49932098388672,75.48716735839844
signsuisse_test,sign_mt,279,deu,sgg,80.91918182373047,76.38484191894531,81.89484405517578,74.01841735839844
signsuisse_test,sign_mt,280,fra,fsl,86.422119140625,76.31072998046875,95.98316955566406,86.48314666748047
signsuisse_test,sign_mt,281,deu,sgg,87.06153106689453,79.07435607910156,87.44406127929688,75.73394775390625
signsuisse_test,sign_mt,282,ita,ise,81.23185729980469,77.0810775756836,78.64818572998047,75.864013671875
signsuisse_test,sign_mt,283,deu,sgg,88.49461364746094,81.77072143554688,83.63251495361328,77.63138580322266
signsuisse_test,sign_mt,284,ita,ise,81.76862335205078,77.17794799804688,83.16780853271484,75.51240539550781
signsuisse_test,sign_mt,285,deu,sgg,97.10049438476562,79.41407775878906,85.37726593017578,81.90106201171875
signsuisse_test,sign_mt,286,ita,ise,98.33173370361328,74.52115631103516,88.10319519042969,71.2522964477539
signsuisse_test,sign_mt,287,deu,sgg,73.44637298583984,73.6205825805664,82.96085357666016,75.23729705810547
signsuisse_test,sign_mt,288,deu,sgg,99.6482925415039,86.11847686767578,92.53636169433594,78.40684509277344
signsuisse_test,sign_mt,289,ita,ise,81.89350128173828,82.78361511230469,90.72816467285156,80.44598388671875
signsuisse_test,sign_mt,290,deu,sgg,67.43923950195312,70.33332824707031,77.79492950439453,75.64738464355469
signsuisse_test,sign_mt,291,fra,fsl,89.98197174072266,75.16932678222656,95.73053741455078,85.72654724121094
signsuisse_test,sign_mt,292,deu,sgg,88.3363265991211,72.58595275878906,87.2911376953125,78.02153015136719
signsuisse_test,sign_mt,293,fra,fsl,102.22480773925781,78.99917602539062,106.82640075683594,85.26144409179688
signsuisse_test,sign_mt,294,deu,sgg,75.21188354492188,73.42989349365234,77.24488067626953,72.86186218261719
signsuisse_test,sign_mt,295,ita,ise,91.5617446899414,78.02509307861328,89.9139404296875,77.35295104980469
signsuisse_test,sign_mt,296,deu,sgg,77.28256225585938,78.76058197021484,75.8912582397461,69.92080688476562
signsuisse_test,sign_mt,297,deu,sgg,74.64553833007812,69.13435363769531,77.87455749511719,56.6324462890625
signsuisse_test,sign_mt,298,deu,sgg,98.57527160644531,74.58914947509766,91.89266204833984,80.21709442138672
signsuisse_test,sign_mt,299,deu,sgg,67.30545043945312,75.19168090820312,78.2039566040039,70.85601806640625
signsuisse_test,sign_mt,300,fra,fsl,81.40884399414062,78.62008666992188,99.84716033935547,82.2010269165039
signsuisse_test,sign_mt,301,deu,sgg,106.11007690429688,84.78604125976562,98.75703430175781,87.05745697021484
signsuisse_test,sign_mt,302,fra,fsl,102.29415893554688,83.2914047241211,116.51811218261719,85.41356658935547
signsuisse_test,sign_mt,303,fra,fsl,97.16694641113281,75.31680297851562,107.2307357788086,79.33832550048828
signsuisse_test,sign_mt,304,deu,sgg,90.67694854736328,83.50128173828125,90.62677001953125,77.20435333251953
signsuisse_test,sign_mt,305,fra,fsl,71.82546997070312,67.08357238769531,94.01094818115234,77.92745971679688
signsuisse_test,sign_mt,306,ita,ise,91.4022216796875,74.74382781982422,93.0521240234375,73.52484130859375
signsuisse_test,sign_mt,307,fra,fsl,100.02024841308594,84.553955078125,107.95503234863281,83.90155029296875
signsuisse_test,sign_mt,308,ita,ise,90.79434204101562,78.51892852783203,87.34020233154297,78.02095031738281
signsuisse_test,sign_mt,309,ita,ise,93.21249389648438,81.66059112548828,88.81234741210938,74.48448181152344
signsuisse_test,sign_mt,310,ita,ise,74.56796264648438,73.6082763671875,81.03974151611328,72.60395050048828
signsuisse_test,sign_mt,311,ita,ise,88.0854263305664,75.00384521484375,78.1668472290039,73.7216796875
signsuisse_test,sign_mt,312,fra,fsl,98.71353149414062,79.28067016601562,104.80409240722656,79.56449890136719
signsuisse_test,sign_mt,313,ita,ise,98.9515151977539,78.39482116699219,93.16419982910156,78.47980499267578
signsuisse_test,sign_mt,314,deu,sgg,91.73480987548828,80.43479919433594,91.943115234375,79.3638687133789
signsuisse_test,sign_mt,315,deu,sgg,116.89596557617188,80.49333953857422,97.44871520996094,83.33756256103516
signsuisse_test,sign_mt,316,deu,sgg,100.75532531738281,78.83047485351562,95.9549560546875,77.98503112792969
signsuisse_test,sign_mt,317,deu,sgg,93.5577392578125,82.09601593017578,96.67428588867188,79.44161987304688
signsuisse_test,sign_mt,318,fra,fsl,87.50122833251953,77.49996948242188,101.71099090576172,80.68608856201172
signsuisse_test,sign_mt,319,fra,fsl,92.65707397460938,79.01959991455078,102.92781829833984,83.5729751586914
signsuisse_test,sign_mt,320,fra,fsl,90.05758666992188,86.0707778930664,99.59905242919922,81.32744598388672
signsuisse_test,sign_mt,321,ita,ise,77.49816131591797,79.22117614746094,91.46521759033203,78.43321228027344
signsuisse_test,sign_mt,322,deu,sgg,85.61026000976562,77.26603698730469,97.51531982421875,81.19239044189453
signsuisse_test,sign_mt,323,fra,fsl,103.09786987304688,78.52486419677734,108.44845581054688,80.4825668334961
signsuisse_test,sign_mt,324,deu,sgg,87.17787170410156,77.09156799316406,88.24324035644531,73.10674285888672
signsuisse_test,sign_mt,325,deu,sgg,68.96373748779297,69.69882202148438,78.23503875732422,67.9566879272461
signsuisse_test,sign_mt,326,ita,ise,105.64260864257812,77.86233520507812,93.56094360351562,79.5787124633789
signsuisse_test,sign_mt,327,deu,sgg,97.54695129394531,82.6663818359375,86.33221435546875,81.28321838378906
signsuisse_test,sign_mt,328,fra,fsl,97.59506225585938,89.45853424072266,109.68435668945312,88.07061767578125
signsuisse_test,sign_mt,329,deu,sgg,75.17859649658203,72.1602783203125,79.28109741210938,68.35411834716797
signsuisse_test,sign_mt,330,deu,sgg,73.14737701416016,77.51792907714844,80.9913558959961,74.96778869628906
signsuisse_test,sign_mt,331,deu,sgg,71.8917236328125,70.71515655517578,78.42791748046875,72.79376983642578
signsuisse_test,sign_mt,332,ita,ise,100.02471923828125,79.16557312011719,97.47943115234375,72.79312133789062
signsuisse_test,sign_mt,333,ita,ise,91.2937240600586,82.55545806884766,88.32058715820312,81.7783432006836
signsuisse_test,sign_mt,334,deu,sgg,83.23625946044922,76.42210388183594,79.84695434570312,72.49004364013672
signsuisse_test,sign_mt,335,deu,sgg,100.25645446777344,84.97679138183594,98.95024108886719,83.93049621582031
signsuisse_test,sign_mt,336,fra,fsl,101.3155517578125,78.4078369140625,98.8191909790039,83.4499740600586
signsuisse_test,sign_mt,337,fra,fsl,88.00486755371094,74.72007751464844,92.42902374267578,78.81658172607422
signsuisse_test,sign_mt,338,deu,sgg,80.4549331665039,81.94752502441406,83.6930923461914,76.7140884399414
signsuisse_test,sign_mt,339,fra,fsl,73.763427734375,73.72611236572266,85.0544204711914,72.60926055908203
signsuisse_test,sign_mt,340,deu,sgg,97.19551086425781,76.35648345947266,90.71357727050781,79.44815063476562
signsuisse_test,sign_mt,341,ita,ise,79.3978500366211,78.5232162475586,83.38497924804688,74.81655883789062
signsuisse_test,sign_mt,342,deu,sgg,75.64170837402344,79.6825180053711,83.22262573242188,75.9400634765625
signsuisse_test,sign_mt,343,deu,sgg,82.89402770996094,75.62996673583984,91.14527893066406,75.81632995605469
signsuisse_test,sign_mt,344,fra,fsl,106.98886108398438,87.84618377685547,113.49276733398438,88.22113037109375
signsuisse_test,sign_mt,345,deu,sgg,77.31686401367188,72.34444427490234,84.63030242919922,73.9485092163086
signsuisse_test,sign_mt,346,deu,sgg,82.94500732421875,81.56330871582031,86.06622314453125,71.6910400390625
signsuisse_test,sign_mt,347,deu,sgg,73.56930541992188,75.94705963134766,85.51748657226562,72.78266143798828
signsuisse_test,sign_mt,348,fra,fsl,104.72401428222656,74.38619232177734,100.243408203125,84.66416931152344
signsuisse_test,sign_mt,349,fra,fsl,96.40531921386719,83.28094482421875,106.04341125488281,82.21611022949219
signsuisse_test,sign_mt,350,ita,ise,79.50337219238281,78.59628295898438,83.41639709472656,73.42932891845703
signsuisse_test,sign_mt,351,ita,ise,92.78068542480469,67.05675506591797,90.3656997680664,76.80018615722656
signsuisse_test,sign_mt,352,deu,sgg,73.89153289794922,72.73075103759766,73.19790649414062,71.49381256103516
signsuisse_test,sign_mt,353,ita,ise,83.47627258300781,76.82564544677734,89.58683013916016,78.17913818359375
signsuisse_test,sign_mt,354,deu,sgg,73.02994537353516,74.45374298095703,73.51516723632812,66.1901626586914
signsuisse_test,sign_mt,355,ita,ise,88.96762084960938,77.83222961425781,88.75910949707031,79.19514465332031
signsuisse_test,sign_mt,356,ita,ise,88.05659484863281,76.98888397216797,88.16910552978516,76.8933334350586
signsuisse_test,sign_mt,357,deu,sgg,97.61590576171875,78.28935241699219,86.3260269165039,79.39656829833984
signsuisse_test,sign_mt,358,ita,ise,75.69593811035156,74.93529510498047,85.42250061035156,77.9963607788086
signsuisse_test,sign_mt,359,deu,sgg,56.939979553222656,74.670654296875,70.65928649902344,71.79827880859375
signsuisse_test,sign_mt,360,ita,ise,96.46998596191406,72.730224609375,91.2735824584961,73.80472564697266
signsuisse_test,sign_mt,361,ita,ise,94.882080078125,80.1282958984375,86.12091064453125,72.58397674560547
signsuisse_test,sign_mt,362,ita,ise,78.45064544677734,78.11164855957031,76.40311431884766,69.40541076660156
signsuisse_test,sign_mt,363,fra,fsl,96.35130310058594,82.32471466064453,105.1206283569336,86.72608184814453
signsuisse_test,sign_mt,364,fra,fsl,110.77383422851562,79.09579467773438,118.12898254394531,81.41967010498047
signsuisse_test,sign_mt,365,ita,ise,77.0995864868164,76.8793716430664,83.1783218383789,79.33714294433594
signsuisse_test,sign_mt,366,deu,sgg,70.44554138183594,77.49261474609375,78.19895935058594,70.53690338134766
signsuisse_test,sign_mt,367,deu,sgg,85.74282836914062,77.42581176757812,84.45335388183594,74.053955078125
signsuisse_test,sign_mt,368,deu,sgg,70.47332000732422,72.88489532470703,77.32565307617188,67.7388687133789
signsuisse_test,sign_mt,369,ita,ise,86.86447143554688,81.02257537841797,80.84890747070312,74.41664123535156
signsuisse_test,sign_mt,370,fra,fsl,77.41122436523438,73.52787780761719,95.51654052734375,80.60306549072266
signsuisse_test,sign_mt,371,deu,sgg,91.80213165283203,81.28695678710938,90.30403137207031,81.24809265136719
signsuisse_test,sign_mt,372,deu,sgg,89.17405700683594,79.64946746826172,92.41387939453125,81.58639526367188
signsuisse_test,sign_mt,373,deu,sgg,67.92154693603516,71.68973541259766,77.36764526367188,68.57847595214844
signsuisse_test,sign_mt,374,deu,sgg,87.96623992919922,79.73544311523438,86.33856201171875,76.0732192993164
signsuisse_test,sign_mt,375,deu,sgg,80.16151428222656,72.33940124511719,86.25725555419922,74.47554779052734
signsuisse_test,sign_mt,376,fra,fsl,97.29109191894531,75.93846130371094,102.64175415039062,87.14054870605469
signsuisse_test,sign_mt,377,ita,ise,84.4013900756836,76.18231964111328,76.10897064208984,68.70867156982422
signsuisse_test,sign_mt,378,deu,sgg,106.12203216552734,80.23399353027344,107.73040008544922,83.44784545898438
signsuisse_test,sign_mt,379,fra,fsl,97.82421112060547,82.8173828125,97.41888427734375,78.82135009765625
signsuisse_test,sign_mt,380,ita,ise,101.77973175048828,82.88336944580078,105.5831298828125,89.31063079833984
signsuisse_test,sign_mt,381,ita,ise,82.23365783691406,76.25099182128906,75.94418334960938,73.97113037109375
signsuisse_test,sign_mt,382,deu,sgg,97.35382080078125,83.26473999023438,96.45231628417969,75.03968048095703
signsuisse_test,sign_mt,383,fra,fsl,87.58718872070312,85.44525909423828,105.16221618652344,83.58366394042969
signsuisse_test,sign_mt,384,ita,ise,88.61858367919922,75.04605865478516,79.8153305053711,71.94828796386719
signsuisse_test,sign_mt,385,deu,sgg,64.95355987548828,64.98355102539062,75.91166687011719,67.4563217163086
signsuisse_test,sign_mt,386,ita,ise,82.85958099365234,81.54856872558594,70.7137680053711,75.87588500976562
signsuisse_test,sign_mt,387,ita,ise,79.17330932617188,80.7280502319336,78.30014038085938,74.73202514648438
signsuisse_test,sign_mt,388,deu,sgg,73.65901947021484,73.55223846435547,79.22456359863281,75.44927215576172
signsuisse_test,sign_mt,389,ita,ise,93.26541137695312,80.3547592163086,88.96485137939453,76.251953125
signsuisse_test,sign_mt,390,deu,sgg,85.87934875488281,79.2517318725586,82.56301879882812,70.49691009521484
signsuisse_test,sign_mt,391,fra,fsl,86.2865982055664,80.81562042236328,102.52267456054688,84.64077758789062
signsuisse_test,sign_mt,392,deu,sgg,68.8671646118164,75.22906494140625,79.3467788696289,74.27827453613281
signsuisse_test,sign_mt,393,ita,ise,97.0701904296875,84.53239440917969,93.10855102539062,80.21124267578125
signsuisse_test,sign_mt,394,deu,sgg,70.85440063476562,75.19959259033203,71.07894134521484,69.58911895751953
signsuisse_test,sign_mt,395,fra,fsl,97.28514099121094,82.20846557617188,108.78720092773438,85.0308837890625
signsuisse_test,sign_mt,396,deu,sgg,78.10751342773438,77.63192749023438,86.77239990234375,76.51739501953125
signsuisse_test,sign_mt,397,deu,sgg,101.9181137084961,80.92593383789062,101.05218505859375,78.72415161132812
signsuisse_test,sign_mt,398,ita,ise,95.6065673828125,79.06016540527344,89.11676025390625,77.29505157470703
signsuisse_test,sign_mt,399,deu,sgg,102.90251159667969,88.40424346923828,101.46778869628906,88.49036407470703
signsuisse_test,sign_mt,400,deu,sgg,71.686279296875,65.83506774902344,74.78910064697266,67.17887115478516
signsuisse_test,sign_mt,401,deu,sgg,71.48209381103516,75.5198974609375,77.1350326538086,73.71512603759766
signsuisse_test,sign_mt,402,fra,fsl,75.78468322753906,71.21082305908203,88.6346435546875,73.43348693847656
signsuisse_test,sign_mt,403,fra,fsl,90.42826080322266,73.77922058105469,101.410400390625,81.886962890625
signsuisse_test,sign_mt,404,deu,sgg,67.31704711914062,71.00444793701172,80.03646850585938,73.20259094238281
signsuisse_test,sign_mt,405,deu,sgg,86.38804626464844,83.8204345703125,91.17919921875,76.22466278076172
signsuisse_test,sign_mt,406,deu,sgg,77.56217956542969,79.53929901123047,82.62403106689453,74.10382080078125
signsuisse_test,sign_mt,407,fra,fsl,92.2475814819336,86.7003173828125,104.30308532714844,87.96578216552734
signsuisse_test,sign_mt,408,ita,ise,95.60338592529297,80.47015380859375,92.73576354980469,77.6278305053711
signsuisse_test,sign_mt,409,deu,sgg,73.65857696533203,75.94404602050781,77.76976013183594,70.27291107177734
signsuisse_test,sign_mt,410,deu,sgg,75.14921569824219,69.5936279296875,82.122314453125,71.15701293945312
signsuisse_test,sign_mt,411,deu,sgg,82.2404556274414,83.03915405273438,86.6301498413086,86.5909423828125
signsuisse_test,sign_mt,412,deu,sgg,102.14378356933594,80.17115783691406,97.53366088867188,82.74520874023438
signsuisse_test,sign_mt,413,deu,sgg,71.94950103759766,73.27306365966797,75.11212921142578,71.6053237915039
signsuisse_test,sign_mt,414,deu,sgg,63.984004974365234,69.70343780517578,72.2430419921875,69.99449920654297
signsuisse_test,sign_mt,415,deu,sgg,77.97579956054688,79.3190689086914,81.26277160644531,72.7198715209961
signsuisse_test,sign_mt,416,fra,fsl,78.7453842163086,78.61045837402344,93.61051940917969,79.6541976928711
signsuisse_test,sign_mt,417,fra,fsl,118.56019592285156,82.28779602050781,133.44554138183594,92.32022094726562
signsuisse_test,sign_mt,418,deu,sgg,76.9965591430664,73.5036849975586,84.80889892578125,72.37004852294922
signsuisse_test,sign_mt,419,deu,sgg,66.47897338867188,73.46768951416016,73.38829040527344,70.59780883789062
signsuisse_test,sign_mt,420,deu,sgg,77.68099212646484,81.21878814697266,79.52212524414062,72.59365844726562
signsuisse_test,sign_mt,421,fra,fsl,98.22827911376953,83.19337463378906,114.26327514648438,89.30974578857422
signsuisse_test,sign_mt,422,fra,fsl,86.3316650390625,78.84757232666016,95.37407684326172,83.03028869628906
signsuisse_test,sign_mt,423,deu,sgg,75.77925109863281,72.26087951660156,83.9950942993164,64.03614044189453
signsuisse_test,sign_mt,424,fra,fsl,100.88180541992188,75.67748260498047,111.97032165527344,81.59685516357422
signsuisse_test,sign_mt,425,fra,fsl,76.15878295898438,75.76739501953125,89.73095703125,75.70562744140625
signsuisse_test,sign_mt,426,deu,sgg,110.95719146728516,74.22248840332031,96.89324951171875,81.20105743408203
signsuisse_test,sign_mt,427,ita,ise,78.61959838867188,72.18971252441406,89.2152099609375,69.00936889648438
signsuisse_test,sign_mt,428,deu,sgg,64.37226104736328,69.15652465820312,74.36569213867188,71.15497589111328
signsuisse_test,sign_mt,429,deu,sgg,82.97882080078125,75.71749877929688,82.0428237915039,78.41262817382812
signsuisse_test,sign_mt,430,deu,sgg,92.57697296142578,76.86192321777344,92.18456268310547,78.31468200683594
signsuisse_test,sign_mt,431,deu,sgg,85.02327728271484,68.62139892578125,89.14152526855469,74.73304748535156
signsuisse_test,sign_mt,432,deu,sgg,71.0860824584961,67.82902526855469,78.9699478149414,73.99988555908203
signsuisse_test,sign_mt,433,deu,sgg,101.22100830078125,84.50175476074219,92.92186737060547,80.88134765625
signsuisse_test,sign_mt,434,deu,sgg,91.1505355834961,79.6517562866211,87.76132202148438,70.60879516601562
signsuisse_test,sign_mt,435,deu,sgg,67.57792663574219,72.60701751708984,79.82479095458984,65.12186431884766
signsuisse_test,sign_mt,436,fra,fsl,86.29025268554688,84.79766845703125,100.88040161132812,86.27713012695312
signsuisse_test,sign_mt,437,deu,sgg,101.99685668945312,78.1767807006836,96.9397201538086,79.93438720703125
signsuisse_test,sign_mt,438,deu,sgg,63.034584045410156,65.14292907714844,69.9059066772461,66.31529235839844
signsuisse_test,sign_mt,439,deu,sgg,92.25519561767578,74.07594299316406,86.6764144897461,78.78656005859375
signsuisse_test,sign_mt,440,deu,sgg,89.3724594116211,73.26203155517578,89.27183532714844,77.3673324584961
signsuisse_test,sign_mt,441,ita,ise,91.30547332763672,76.71913146972656,88.93911743164062,77.27542114257812
signsuisse_test,sign_mt,442,ita,ise,77.31806182861328,74.59880828857422,75.97417449951172,70.28046417236328
signsuisse_test,sign_mt,443,fra,fsl,94.70430755615234,77.27273559570312,101.95956420898438,79.2997817993164
signsuisse_test,sign_mt,444,deu,sgg,65.5296630859375,70.13801574707031,83.5544204711914,73.7944564819336
signsuisse_test,sign_mt,445,deu,sgg,96.95616149902344,79.93110656738281,95.89527893066406,79.23230743408203
signsuisse_test,sign_mt,446,deu,sgg,69.32795715332031,72.79075622558594,73.5023193359375,69.88796997070312
signsuisse_test,sign_mt,447,fra,fsl,101.54470825195312,84.39021301269531,116.12969207763672,81.09422302246094
signsuisse_test,sign_mt,448,deu,sgg,78.45433807373047,69.96612548828125,84.51078796386719,71.46554565429688
signsuisse_test,sign_mt,449,deu,sgg,103.55000305175781,78.768310546875,108.4925537109375,79.77340698242188
signsuisse_test,sign_mt,450,ita,ise,91.11180114746094,78.58068084716797,87.48509216308594,68.77643585205078
signsuisse_test,sign_mt,451,deu,sgg,62.48295211791992,71.49539947509766,72.441162109375,71.22332763671875
signsuisse_test,sign_mt,452,deu,sgg,70.30294799804688,67.63777923583984,79.19508361816406,66.87004089355469
signsuisse_test,sign_mt,453,deu,sgg,105.25750732421875,79.82654571533203,93.18598937988281,79.85214233398438
signsuisse_test,sign_mt,454,deu,sgg,71.16062927246094,68.80266571044922,76.35796356201172,69.81251525878906
signsuisse_test,sign_mt,455,deu,sgg,96.90275573730469,79.67925262451172,83.32225036621094,71.06443786621094
signsuisse_test,sign_mt,456,deu,sgg,117.5433578491211,80.9610366821289,103.34999084472656,77.09130096435547
signsuisse_test,sign_mt,457,deu,sgg,94.15552520751953,84.66107177734375,85.87712097167969,74.15283203125
signsuisse_test,sign_mt,458,deu,sgg,70.63623046875,73.26268768310547,86.17135620117188,72.93463134765625
signsuisse_test,sign_mt,459,deu,sgg,63.60149383544922,75.92324829101562,68.88041687011719,68.86360931396484
signsuisse_test,sign_mt,460,fra,fsl,94.97463989257812,84.44401550292969,109.36418151855469,85.22660064697266
signsuisse_test,sign_mt,461,deu,sgg,70.2646484375,71.5900650024414,72.37657928466797,70.78108215332031
signsuisse_test,sign_mt,462,fra,fsl,116.71931457519531,80.92930603027344,115.04045867919922,82.79609680175781
signsuisse_test,sign_mt,463,fra,fsl,97.25049591064453,80.80780029296875,110.1783447265625,84.5387954711914
signsuisse_test,sign_mt,464,deu,sgg,70.38954162597656,72.08414459228516,80.85536193847656,70.59868621826172
signsuisse_test,sign_mt,465,deu,sgg,98.45944213867188,84.08332824707031,92.50344848632812,75.64078521728516
signsuisse_test,sign_mt,466,deu,sgg,70.32340240478516,71.22651672363281,74.07102966308594,63.58623504638672
signsuisse_test,sign_mt,467,deu,sgg,81.38835906982422,70.96893310546875,77.06936645507812,65.00965118408203
signsuisse_test,sign_mt,468,deu,sgg,70.32029724121094,71.85140228271484,72.03620147705078,71.27083587646484
signsuisse_test,sign_mt,469,fra,fsl,81.70695495605469,80.37073516845703,94.44842529296875,78.84817504882812
signsuisse_test,sign_mt,470,ita,ise,75.94508361816406,78.49383544921875,75.83275604248047,73.1781234741211
signsuisse_test,sign_mt,471,fra,fsl,91.00184631347656,76.18531799316406,97.98808288574219,77.89889526367188
signsuisse_test,sign_mt,472,ita,ise,88.74992370605469,80.65290069580078,90.88279724121094,77.01618194580078
signsuisse_test,sign_mt,473,fra,fsl,102.89163208007812,85.72431182861328,107.68567657470703,87.97858428955078
signsuisse_test,sign_mt,474,ita,ise,88.13134765625,77.4482192993164,83.44906616210938,73.08320617675781
signsuisse_test,sign_mt,475,fra,fsl,83.53975677490234,75.53650665283203,88.24346160888672,78.16180419921875
signsuisse_test,sign_mt,476,ita,ise,86.73835754394531,82.08592987060547,77.50248718261719,77.86080932617188
signsuisse_test,sign_mt,477,ita,ise,72.68949890136719,73.97476196289062,84.92200469970703,77.08184814453125
signsuisse_test,sign_mt,478,fra,fsl,78.00831604003906,77.76631927490234,99.36949157714844,77.08193969726562
signsuisse_test,sign_mt,479,ita,ise,82.04927062988281,81.3400650024414,80.24034118652344,77.53680419921875
signsuisse_test,sign_mt,480,deu,sgg,71.99887084960938,70.11224365234375,80.83170318603516,68.87106323242188
signsuisse_test,sign_mt,481,deu,sgg,76.23304748535156,80.8965835571289,83.90158081054688,77.68952941894531
signsuisse_test,sign_mt,482,ita,ise,80.74482727050781,74.79334259033203,84.46076202392578,72.27469635009766
signsuisse_test,sign_mt,483,deu,sgg,99.86156463623047,80.38573455810547,99.31422424316406,80.7030029296875
signsuisse_test,sign_mt,484,ita,ise,88.73207092285156,87.89852905273438,87.53910064697266,78.22968292236328
signsuisse_test,sign_mt,485,deu,sgg,99.90144348144531,75.21358489990234,85.3285903930664,72.36493682861328
signsuisse_test,sign_mt,486,deu,sgg,70.11766052246094,68.65365600585938,73.28966522216797,69.67384338378906
signsuisse_test,sign_mt,487,deu,sgg,81.30198669433594,74.92831420898438,94.92125701904297,72.9840087890625
signsuisse_test,sign_mt,488,ita,ise,81.14945983886719,74.72972869873047,88.76587677001953,73.72046661376953
signsuisse_test,sign_mt,489,deu,sgg,77.44759368896484,72.42359924316406,84.58187103271484,71.07765197753906
signsuisse_test,sign_mt,490,deu,sgg,85.14434051513672,80.9835205078125,90.72109985351562,73.28990173339844
signsuisse_test,sign_mt,491,deu,sgg,115.47270202636719,78.69734191894531,101.86840057373047,82.04884338378906
signsuisse_test,sign_mt,492,ita,ise,78.90425872802734,73.50963592529297,88.34542846679688,79.15441131591797
signsuisse_test,sign_mt,493,deu,sgg,62.500885009765625,66.64311981201172,72.8089599609375,66.7576675415039
signsuisse_test,sign_mt,494,fra,fsl,86.33549499511719,73.1124496459961,98.19212341308594,83.6922378540039
signsuisse_test,sign_mt,495,ita,ise,80.09194946289062,83.42050170898438,80.71730041503906,80.29949188232422
signsuisse_test,sign_mt,496,deu,sgg,68.25572204589844,67.73173522949219,78.51483154296875,63.974063873291016
signsuisse_test,sign_mt,497,ita,ise,89.52665710449219,85.0224380493164,91.68602752685547,75.60559844970703
signsuisse_test,sign_mt,498,ita,ise,85.42483520507812,77.10810852050781,88.5773696899414,77.14190673828125
signsuisse_test,sign_mt,499,ita,ise,85.34379577636719,77.0560073852539,85.35216522216797,71.98867797851562
signsuisse_test,sign_mt,500,deu,sgg,68.34418487548828,75.44363403320312,74.33885192871094,71.18952178955078
signsuisse_test,sign_mt,501,deu,sgg,82.52857971191406,73.62760162353516,86.48814392089844,71.11751556396484
signsuisse_test,sign_mt,502,ita,ise,75.4684066772461,68.3690185546875,89.0239028930664,76.81633758544922
signsuisse_test,sign_mt,503,fra,fsl,73.57286834716797,82.57294464111328,88.89430236816406,85.57090759277344
signsuisse_test,sign_mt,504,fra,fsl,100.30097961425781,84.70376586914062,103.05057525634766,85.67306518554688
signsuisse_test,sign_mt,505,ita,ise,91.90264129638672,78.98602294921875,90.178955078125,75.75819396972656
signsuisse_test,sign_mt,506,deu,sgg,75.24300384521484,72.39165496826172,81.75257873535156,66.73687744140625
signsuisse_test,sign_mt,507,fra,fsl,88.90445709228516,74.27019500732422,94.40541076660156,82.34349822998047
signsuisse_test,sign_mt,508,ita,ise,87.2825927734375,77.59632110595703,90.03032684326172,78.1417007446289
signsuisse_test,sign_mt,509,fra,fsl,99.63206481933594,81.96178436279297,119.5959243774414,87.3277359008789
signsuisse_test,sign_mt,510,fra,fsl,76.10408782958984,74.77931213378906,90.77896881103516,74.41694641113281
signsuisse_test,sign_mt,511,ita,ise,63.966285705566406,75.42774200439453,83.50508880615234,76.36823272705078
signsuisse_test,sign_mt,512,deu,sgg,100.53518676757812,76.65018463134766,98.4055404663086,77.89776611328125
signsuisse_test,sign_mt,513,deu,sgg,82.13948059082031,81.51447296142578,94.48279571533203,80.67449951171875
signsuisse_test,sign_mt,514,ita,ise,87.95769500732422,75.37547302246094,87.19935607910156,75.89449310302734
signsuisse_test,sign_mt,515,ita,ise,79.2183837890625,76.46240997314453,74.41322326660156,70.44891357421875
signsuisse_test,sign_mt,516,fra,fsl,90.81106567382812,84.48751068115234,108.4932861328125,83.91278839111328
signsuisse_test,sign_mt,517,deu,sgg,79.58903503417969,72.91901397705078,86.25634765625,77.40077209472656
signsuisse_test,sign_mt,518,fra,fsl,96.8921127319336,80.90020751953125,107.37533569335938,84.7601318359375
signsuisse_test,sign_mt,519,ita,ise,89.15860748291016,76.29084777832031,80.9841079711914,71.40637969970703
signsuisse_test,sign_mt,520,deu,sgg,69.9571533203125,75.62179565429688,76.08274841308594,67.66407012939453
signsuisse_test,sign_mt,521,ita,ise,91.02345275878906,79.9952163696289,88.04096984863281,76.38265991210938
signsuisse_test,sign_mt,522,deu,sgg,69.65567779541016,71.15571594238281,76.6856689453125,69.70655822753906
signsuisse_test,sign_mt,523,fra,fsl,94.79952239990234,83.01532745361328,97.8977279663086,80.37596130371094
signsuisse_test,sign_mt,524,ita,ise,92.89424133300781,75.87199401855469,80.85071563720703,73.8125991821289
signsuisse_test,sign_mt,525,deu,sgg,73.44607543945312,69.99778747558594,80.19190216064453,69.85331726074219
signsuisse_test,sign_mt,526,deu,sgg,91.84742736816406,79.03466796875,89.48979187011719,75.14878845214844
signsuisse_test,sign_mt,527,deu,sgg,95.06285095214844,82.4815902709961,92.72602844238281,83.41661071777344
signsuisse_test,sign_mt,528,deu,sgg,91.06752014160156,85.38643646240234,83.19473266601562,76.51292419433594
signsuisse_test,sign_mt,529,deu,sgg,81.18006134033203,79.82302856445312,89.33354187011719,76.09568786621094
signsuisse_test,sign_mt,530,deu,sgg,102.04029083251953,80.09677124023438,96.7220230102539,77.61299133300781
signsuisse_test,sign_mt,531,deu,sgg,72.34131622314453,73.86112213134766,85.86079406738281,70.27113342285156
signsuisse_test,sign_mt,532,deu,sgg,66.24781036376953,74.3045883178711,67.85869598388672,70.3602523803711
signsuisse_test,sign_mt,533,deu,sgg,66.21574401855469,74.43148040771484,61.50960922241211,73.10443115234375
signsuisse_test,sign_mt,534,deu,sgg,68.68763732910156,67.52603912353516,77.90254974365234,62.50428009033203
signsuisse_test,sign_mt,535,deu,sgg,66.43193054199219,72.0540542602539,74.79670715332031,70.40167999267578
signsuisse_test,sign_mt,536,fra,fsl,95.9024429321289,79.20028686523438,109.12428283691406,85.36679077148438
signsuisse_test,sign_mt,537,deu,sgg,75.37696838378906,73.01895904541016,79.65624237060547,73.50166320800781
signsuisse_test,sign_mt,538,ita,ise,85.47199249267578,75.7806167602539,77.71220397949219,73.4010009765625
signsuisse_test,sign_mt,539,ita,ise,92.61750793457031,68.69611358642578,90.15135192871094,72.4559097290039
signsuisse_test,sign_mt,540,deu,sgg,74.58369445800781,75.02113342285156,80.98428344726562,71.51892852783203
signsuisse_test,sign_mt,541,deu,sgg,99.45881652832031,80.15643310546875,104.21688842773438,79.26512145996094
signsuisse_test,sign_mt,542,deu,sgg,98.00321960449219,80.05406951904297,93.83062744140625,76.29851531982422
signsuisse_test,sign_mt,543,ita,ise,89.21683502197266,74.00341033935547,92.35586547851562,80.00084686279297
signsuisse_test,sign_mt,544,deu,sgg,69.52079010009766,72.21089935302734,78.2829360961914,72.94071960449219
signsuisse_test,sign_mt,545,deu,sgg,66.97856903076172,71.96263122558594,76.43854522705078,70.15127563476562
signsuisse_test,sign_mt,546,fra,fsl,88.81127166748047,78.08488464355469,99.60771942138672,82.01404571533203
signsuisse_test,sign_mt,547,deu,sgg,85.63896179199219,78.89994049072266,95.41290283203125,82.93262481689453
signsuisse_test,sign_mt,548,ita,ise,77.19906616210938,74.28067016601562,79.82614135742188,75.95027160644531
signsuisse_test,sign_mt,549,deu,sgg,61.18703842163086,74.64444732666016,72.96160888671875,68.05368041992188
signsuisse_test,sign_mt,550,deu,sgg,80.89897918701172,83.82808685302734,89.52349853515625,84.69293975830078
signsuisse_test,sign_mt,551,deu,sgg,85.20045471191406,81.7948989868164,86.88108825683594,73.51773834228516
signsuisse_test,sign_mt,552,fra,fsl,87.77812957763672,71.61066436767578,88.97809600830078,78.56399536132812
signsuisse_test,sign_mt,553,deu,sgg,66.65103912353516,72.57286071777344,73.63037109375,70.44515228271484
signsuisse_test,sign_mt,554,deu,sgg,79.70013427734375,72.09239959716797,79.34130859375,70.69072723388672
signsuisse_test,sign_mt,555,fra,fsl,88.8414306640625,79.23388671875,106.56648254394531,79.22725677490234
signsuisse_test,sign_mt,556,ita,ise,89.21614837646484,82.6282730102539,94.08680725097656,82.15030670166016
signsuisse_test,sign_mt,557,ita,ise,91.82931518554688,77.30213165283203,87.310302734375,75.11554718017578
signsuisse_test,sign_mt,558,deu,sgg,79.87619018554688,76.9101333618164,80.87751770019531,70.9735107421875
signsuisse_test,sign_mt,559,ita,ise,92.774169921875,75.63812255859375,86.44174194335938,71.5892562866211
signsuisse_test,sign_mt,560,fra,fsl,97.83245849609375,76.48955535888672,98.06857299804688,79.051025390625
signsuisse_test,sign_mt,561,ita,ise,77.59107971191406,74.8788070678711,85.42636108398438,73.12065887451172
signsuisse_test,sign_mt,562,ita,ise,83.98137664794922,77.93399047851562,84.61801147460938,69.50810241699219
signsuisse_test,sign_mt,563,deu,sgg,89.61236572265625,83.40827178955078,87.28723907470703,78.02320098876953
signsuisse_test,sign_mt,564,deu,sgg,64.9765853881836,70.41846466064453,76.21276092529297,72.37577819824219
signsuisse_test,sign_mt,565,ita,ise,80.42448425292969,76.63926696777344,88.04988098144531,74.57738494873047
signsuisse_test,sign_mt,566,ita,ise,87.80133056640625,78.69080352783203,86.0633316040039,75.39273071289062
signsuisse_test,sign_mt,567,ita,ise,88.77567291259766,77.02670288085938,92.02275848388672,75.83554077148438
signsuisse_test,sign_mt,568,ita,ise,88.63289642333984,73.63125610351562,87.56204986572266,71.2244873046875
signsuisse_test,sign_mt,569,fra,fsl,95.22096252441406,82.1200180053711,104.51863098144531,87.08697509765625
signsuisse_test,sign_mt,570,ita,ise,89.91200256347656,79.78472137451172,92.7287826538086,77.5147705078125
signsuisse_test,sign_mt,571,fra,fsl,82.92464447021484,80.13538360595703,89.26202392578125,79.68303680419922
signsuisse_test,sign_mt,572,ita,ise,91.43868255615234,80.87218475341797,92.6985855102539,74.41468811035156
signsuisse_test,sign_mt,573,fra,fsl,87.5904541015625,81.6390380859375,104.15371704101562,80.87801361083984
signsuisse_test,sign_mt,574,deu,sgg,73.26014709472656,74.15492248535156,78.87235260009766,58.12404251098633
signsuisse_test,sign_mt,575,fra,fsl,91.11429595947266,77.55806732177734,100.30516815185547,81.11029052734375
signsuisse_test,sign_mt,576,ita,ise,90.4908676147461,82.23269653320312,85.48040008544922,75.20455932617188
signsuisse_test,sign_mt,577,deu,sgg,92.55467224121094,79.07710266113281,89.2149658203125,79.31107330322266
signsuisse_test,sign_mt,578,deu,sgg,92.10330200195312,74.67942810058594,91.49317932128906,76.59210968017578
signsuisse_test,sign_mt,579,fra,fsl,101.12281036376953,81.94686126708984,107.48199462890625,83.22343444824219
signsuisse_test,sign_mt,580,deu,sgg,67.50006866455078,73.07747650146484,78.31458282470703,72.05758666992188
signsuisse_test,sign_mt,581,ita,ise,88.01426696777344,76.14195251464844,83.14420318603516,72.00042724609375
signsuisse_test,sign_mt,582,fra,fsl,114.64598083496094,86.32730102539062,119.5000228881836,91.40888214111328
signsuisse_test,sign_mt,583,deu,sgg,80.60368347167969,73.34537506103516,85.72035217285156,70.96875
signsuisse_test,sign_mt,584,fra,fsl,91.90765380859375,81.60208129882812,109.57772827148438,84.93058776855469
signsuisse_test,sign_mt,585,deu,sgg,90.10387420654297,77.29437255859375,93.24199676513672,77.59310150146484
signsuisse_test,sign_mt,586,ita,ise,94.26991271972656,76.96661376953125,93.72337341308594,77.9758529663086
signsuisse_test,sign_mt,587,deu,sgg,71.6626968383789,71.09711456298828,80.8974380493164,70.73503875732422
signsuisse_test,sign_mt,588,deu,sgg,68.7328109741211,71.89163970947266,73.36540222167969,67.5930404663086
signsuisse_test,sign_mt,589,deu,sgg,93.18733215332031,77.96509552001953,90.92950439453125,72.39898681640625
signsuisse_test,sign_mt,590,deu,sgg,66.9436264038086,72.68307495117188,72.0558853149414,70.55827331542969
signsuisse_test,sign_mt,591,fra,fsl,76.9794921875,74.98678588867188,91.14498901367188,79.74510955810547
signsuisse_test,sign_mt,592,deu,sgg,68.158935546875,70.14847564697266,74.81575775146484,69.0596694946289
signsuisse_test,sign_mt,593,deu,sgg,66.183349609375,74.00732421875,75.3638687133789,72.25426483154297
signsuisse_test,sign_mt,594,deu,sgg,96.73883819580078,81.80026245117188,95.43062591552734,78.78927612304688
signsuisse_test,sign_mt,595,deu,sgg,85.00377655029297,81.38798522949219,81.3279037475586,72.30025482177734
signsuisse_test,sign_mt,596,ita,ise,96.73857116699219,79.58799743652344,102.44558715820312,77.54783630371094
signsuisse_test,sign_mt,597,deu,sgg,93.10527801513672,79.32414245605469,89.86424255371094,75.27163696289062
signsuisse_test,sign_mt,598,deu,sgg,104.06193542480469,78.2060546875,105.15229797363281,83.95838928222656
signsuisse_test,sign_mt,599,deu,sgg,78.65274810791016,81.53638458251953,83.33659362792969,77.80577850341797
signsuisse_test,sign_mt,600,ita,ise,88.28185272216797,76.78275299072266,89.62383270263672,78.5534439086914
signsuisse_test,sign_mt,601,fra,fsl,93.86000061035156,77.1375732421875,100.13494873046875,83.68858337402344
signsuisse_test,sign_mt,602,deu,sgg,74.74296569824219,73.76953125,79.41310119628906,71.85466766357422
signsuisse_test,sign_mt,603,ita,ise,89.28165435791016,78.48277282714844,101.41194152832031,80.06480407714844
signsuisse_test,sign_mt,604,ita,ise,83.80479431152344,75.64857482910156,88.99697875976562,76.79393005371094
signsuisse_test,sign_mt,605,fra,fsl,97.68484497070312,84.179443359375,110.98346710205078,84.6711196899414
signsuisse_test,sign_mt,606,deu,sgg,68.6766128540039,74.20384216308594,79.18791961669922,71.1316146850586
signsuisse_test,sign_mt,607,fra,fsl,89.3901596069336,80.70216369628906,106.1433334350586,84.3270034790039
signsuisse_test,sign_mt,608,deu,sgg,72.00445556640625,72.39746856689453,78.22019958496094,74.7896728515625
signsuisse_test,sign_mt,609,deu,sgg,101.82034301757812,80.9504623413086,99.71654510498047,79.55154418945312
signsuisse_test,sign_mt,610,ita,ise,81.14353942871094,74.15463256835938,87.68048858642578,75.26597595214844
signsuisse_test,sign_mt,611,deu,sgg,87.42626190185547,78.13581848144531,83.53761291503906,78.5570068359375
signsuisse_test,sign_mt,612,deu,sgg,68.05413818359375,71.8089599609375,76.4388656616211,67.09645080566406
signsuisse_test,sign_mt,613,ita,ise,86.32450866699219,77.78053283691406,94.87564849853516,68.83161926269531
signsuisse_test,sign_mt,614,deu,sgg,93.4028549194336,81.34210968017578,81.02410125732422,65.69620513916016
signsuisse_test,sign_mt,615,fra,fsl,109.02405548095703,80.74313354492188,115.70114135742188,88.02555847167969
signsuisse_test,sign_mt,616,deu,sgg,77.35813903808594,68.5278091430664,93.84357452392578,74.98736572265625
signsuisse_test,sign_mt,617,fra,fsl,88.08103942871094,83.97685241699219,100.85575866699219,79.14437866210938
signsuisse_test,sign_mt,618,fra,fsl,86.09712219238281,82.04296112060547,98.16059112548828,85.23342895507812
signsuisse_test,sign_mt,619,deu,sgg,63.79444122314453,67.55301666259766,73.79639434814453,65.32969665527344
signsuisse_test,sign_mt,620,deu,sgg,112.18238067626953,76.17395782470703,102.06156921386719,78.77434539794922
signsuisse_test,sign_mt,621,ita,ise,81.7320556640625,75.48684692382812,85.48664855957031,75.9609375
signsuisse_test,sign_mt,622,ita,ise,98.05683898925781,79.10956573486328,94.86518859863281,75.92015075683594
signsuisse_test,sign_mt,623,deu,sgg,69.60374450683594,74.1801986694336,68.89933776855469,68.69889068603516
signsuisse_test,sign_mt,624,fra,fsl,95.03168487548828,78.80418395996094,108.48574829101562,86.99575805664062
signsuisse_test,sign_mt,625,ita,ise,91.11643981933594,73.52896118164062,86.99549102783203,74.31842803955078
signsuisse_test,sign_mt,626,ita,ise,107.91778564453125,75.08641052246094,92.01815032958984,77.29950714111328
signsuisse_test,sign_mt,627,ita,ise,88.10198211669922,75.88114166259766,79.76043701171875,71.87812805175781
signsuisse_test,sign_mt,628,ita,ise,83.10693359375,77.38325500488281,89.98188018798828,75.93891906738281
signsuisse_test,sign_mt,629,fra,fsl,84.86032104492188,82.1962661743164,101.2861328125,81.34024810791016
signsuisse_test,sign_mt,630,ita,ise,91.05058288574219,77.1134262084961,77.0596694946289,71.18978118896484
signsuisse_test,sign_mt,631,ita,ise,100.4798583984375,79.53863525390625,88.01129150390625,77.85667419433594
signsuisse_test,sign_mt,632,ita,ise,88.56838989257812,73.6259765625,79.14335632324219,69.9991455078125
signsuisse_test,sign_mt,633,deu,sgg,75.20193481445312,71.4560546875,78.71123504638672,75.72863006591797
signsuisse_test,sign_mt,634,ita,ise,88.24828338623047,73.95254516601562,84.44720458984375,75.9786605834961
signsuisse_test,sign_mt,635,deu,sgg,79.10643005371094,74.01888275146484,79.62737274169922,75.4157485961914
signsuisse_test,sign_mt,636,fra,fsl,98.09756469726562,81.8551254272461,107.52001190185547,85.83915710449219
signsuisse_test,sign_mt,637,fra,fsl,86.65262603759766,81.96675872802734,95.62142181396484,82.53501892089844
signsuisse_test,sign_mt,638,deu,sgg,90.56440734863281,76.77320861816406,95.90765380859375,81.39923858642578
signsuisse_test,sign_mt,639,ita,ise,84.85264587402344,80.71202850341797,85.01792907714844,76.21593475341797
signsuisse_test,sign_mt,640,deu,sgg,72.97441101074219,69.14002227783203,77.93616485595703,69.82330322265625
signsuisse_test,sign_mt,641,deu,sgg,64.07293701171875,75.25189208984375,75.03777313232422,74.86814880371094
signsuisse_test,sign_mt,642,fra,fsl,95.88880920410156,81.50393676757812,107.83606719970703,89.48313903808594
signsuisse_test,sign_mt,643,deu,sgg,67.52143096923828,73.6254653930664,77.52349090576172,74.53382110595703
signsuisse_test,sign_mt,644,fra,fsl,76.89643859863281,76.26170349121094,92.77134704589844,80.582275390625
signsuisse_test,sign_mt,645,deu,sgg,71.56705474853516,65.51535034179688,77.64647674560547,57.88219451904297
signsuisse_test,sign_mt,646,fra,fsl,99.49016571044922,83.27519226074219,105.68403625488281,85.65836334228516
signsuisse_test,sign_mt,647,ita,ise,88.50342559814453,78.0599136352539,83.77738952636719,77.22634887695312
signsuisse_test,sign_mt,648,fra,fsl,98.61333465576172,75.27103424072266,104.97068786621094,84.1220474243164
signsuisse_test,sign_mt,649,ita,ise,86.1855239868164,72.72900390625,79.76025390625,70.56317138671875
signsuisse_test,sign_mt,650,deu,sgg,78.57506561279297,71.8663101196289,78.71147918701172,70.82063293457031
signsuisse_test,sign_mt,651,ita,ise,89.9730453491211,79.62860107421875,81.91414642333984,77.65728759765625
signsuisse_test,sign_mt,652,ita,ise,90.52250671386719,73.91867065429688,89.15718841552734,76.03356170654297
signsuisse_test,sign_mt,653,fra,fsl,94.71829986572266,82.83683013916016,109.76053619384766,82.2000503540039
signsuisse_test,sign_mt,654,fra,fsl,101.03136444091797,83.12442779541016,108.58082580566406,81.56907653808594
signsuisse_test,sign_mt,655,deu,sgg,65.80154418945312,71.6524658203125,72.0320816040039,70.2074203491211
signsuisse_test,sign_mt,656,fra,fsl,84.85725402832031,81.12747955322266,102.470458984375,85.4161605834961
signsuisse_test,sign_mt,657,deu,sgg,71.7015380859375,70.98634338378906,78.34920501708984,73.88024139404297
signsuisse_test,sign_mt,658,deu,sgg,73.81040954589844,69.24071502685547,81.56837463378906,70.17915344238281
signsuisse_test,sign_mt,659,deu,sgg,76.79931640625,73.83071899414062,82.82743072509766,75.15180206298828
signsuisse_test,sign_mt,660,fra,fsl,104.06343841552734,81.26272583007812,117.19804382324219,87.56861877441406
signsuisse_test,sign_mt,661,deu,sgg,92.19139099121094,74.44363403320312,87.31831359863281,78.03215026855469
signsuisse_test,sign_mt,662,deu,sgg,88.86549377441406,80.61345672607422,85.61185455322266,76.66476440429688
signsuisse_test,sign_mt,663,fra,fsl,95.43814849853516,82.58369445800781,101.74166870117188,79.71748352050781
signsuisse_test,sign_mt,664,deu,sgg,69.95709991455078,78.81488037109375,74.98318481445312,74.22221374511719
signsuisse_test,sign_mt,665,fra,fsl,108.48603820800781,81.77323913574219,113.27859497070312,83.92474365234375
signsuisse_test,sign_mt,666,deu,sgg,91.12991333007812,81.20950317382812,79.2126235961914,76.90066528320312
signsuisse_test,sign_mt,667,deu,sgg,81.4067611694336,83.052001953125,86.27946472167969,75.49958801269531
signsuisse_test,sign_mt,668,deu,sgg,72.76761627197266,79.464599609375,88.56314086914062,76.71229553222656
signsuisse_test,sign_mt,669,ita,ise,78.29232025146484,79.82987213134766,84.16920471191406,74.29070281982422
signsuisse_test,sign_mt,670,deu,sgg,87.53526306152344,76.3909683227539,91.05342864990234,72.03153228759766
signsuisse_test,sign_mt,671,deu,sgg,101.36790466308594,74.39839172363281,93.08056640625,84.41751098632812
signsuisse_test,sign_mt,672,deu,sgg,84.3017578125,68.59649658203125,80.03878021240234,74.9468765258789
signsuisse_test,sign_mt,673,deu,sgg,92.83512878417969,82.23470306396484,91.75399780273438,75.43468475341797
signsuisse_test,sign_mt,674,fra,fsl,78.10967254638672,74.91316986083984,98.40399932861328,80.54148864746094
signsuisse_test,sign_mt,675,fra,fsl,106.9173355102539,84.7881851196289,114.5867691040039,88.0172348022461
signsuisse_test,sign_mt,676,ita,ise,91.75238800048828,81.55940246582031,90.00881958007812,80.10608673095703
signsuisse_test,sign_mt,677,fra,fsl,87.44400787353516,79.07247161865234,106.26260375976562,86.10566711425781
signsuisse_test,sign_mt,678,deu,sgg,63.96075439453125,68.79090118408203,76.22109985351562,69.4078598022461
signsuisse_test,sign_mt,679,deu,sgg,85.05384826660156,75.75444793701172,82.23624420166016,74.17166137695312
signsuisse_test,sign_mt,680,deu,sgg,79.28712463378906,76.43724822998047,79.71641540527344,78.4282455444336
signsuisse_test,sign_mt,681,deu,sgg,69.37857818603516,72.12637329101562,74.75199890136719,64.29204559326172
signsuisse_test,sign_mt,682,ita,ise,72.1292953491211,76.16819763183594,73.6239242553711,73.42174530029297
signsuisse_test,sign_mt,683,deu,sgg,92.66568756103516,80.00882720947266,89.54535675048828,72.45175170898438
signsuisse_test,sign_mt,684,fra,fsl,77.00139617919922,78.13658142089844,96.9746322631836,81.63655853271484
signsuisse_test,sign_mt,685,fra,fsl,80.6115951538086,77.70152282714844,97.73143768310547,81.7823715209961
signsuisse_test,sign_mt,686,fra,fsl,105.26837158203125,80.77225494384766,101.94987487792969,79.78990936279297
signsuisse_test,sign_mt,687,deu,sgg,67.18405151367188,70.60310363769531,75.35485076904297,70.67281341552734
signsuisse_test,sign_mt,688,deu,sgg,104.19935607910156,80.51409912109375,87.86749267578125,69.94593811035156
signsuisse_test,sign_mt,689,deu,sgg,68.9876708984375,68.67692565917969,71.94505310058594,60.34039306640625
signsuisse_test,sign_mt,690,deu,sgg,76.20025634765625,82.4423599243164,83.42898559570312,78.24089050292969
signsuisse_test,sign_mt,691,deu,sgg,79.64827728271484,75.04452514648438,90.72016906738281,69.60037994384766
signsuisse_test,sign_mt,692,deu,sgg,72.40186309814453,69.86166381835938,79.30017852783203,71.70247650146484
signsuisse_test,sign_mt,693,fra,fsl,96.5765151977539,80.76960754394531,107.80805969238281,81.23129272460938
signsuisse_test,sign_mt,694,deu,sgg,94.6282730102539,82.04442596435547,86.2729721069336,71.5494155883789
signsuisse_test,sign_mt,695,deu,sgg,77.21106719970703,79.37039184570312,81.00650024414062,70.34862518310547
signsuisse_test,sign_mt,696,ita,ise,97.63764190673828,80.70069885253906,89.73910522460938,76.20877838134766
signsuisse_test,sign_mt,697,fra,fsl,76.29304504394531,82.73966217041016,81.79421997070312,80.06867980957031
signsuisse_test,sign_mt,698,fra,fsl,95.1080322265625,79.68811798095703,110.93982696533203,86.37874603271484
signsuisse_test,sign_mt,699,deu,sgg,112.66007995605469,76.98664093017578,98.26593017578125,80.08393859863281
signsuisse_test,sign_mt,700,deu,sgg,78.08053588867188,76.42445373535156,84.55674743652344,69.9717788696289
signsuisse_test,sign_mt,701,fra,fsl,80.14128112792969,79.18717193603516,92.25881958007812,79.51556396484375
signsuisse_test,sign_mt,702,deu,sgg,90.20458984375,79.38050842285156,92.0676040649414,81.57086181640625
signsuisse_test,sign_mt,703,ita,ise,88.30746459960938,80.99939727783203,80.03087615966797,72.45259857177734
signsuisse_test,sign_mt,704,deu,sgg,78.07752227783203,77.45275115966797,84.57054901123047,75.77140045166016
signsuisse_test,sign_mt,705,deu,sgg,113.10838317871094,85.3165283203125,118.1845474243164,83.3450927734375
signsuisse_test,sign_mt,706,fra,fsl,69.7794189453125,73.85307312011719,83.98352813720703,78.49591827392578
signsuisse_test,sign_mt,707,ita,ise,89.40362548828125,78.4717788696289,88.85843658447266,72.51522064208984
signsuisse_test,sign_mt,708,ita,ise,86.4653549194336,80.23246765136719,91.48515319824219,77.3083724975586
signsuisse_test,sign_mt,709,ita,ise,81.7988052368164,78.19090270996094,88.58405303955078,75.72917175292969
signsuisse_test,sign_mt,710,deu,sgg,95.01653289794922,78.55951690673828,96.02222442626953,77.98477172851562
signsuisse_test,sign_mt,711,ita,ise,90.62232971191406,77.69010162353516,89.23518371582031,78.39910125732422
signsuisse_test,sign_mt,712,deu,sgg,107.6077651977539,83.88105773925781,105.12419128417969,82.82145690917969
signsuisse_test,sign_mt,713,fra,fsl,84.38180541992188,80.19432067871094,99.35061645507812,80.69485473632812
signsuisse_test,sign_mt,714,deu,sgg,69.93061065673828,68.70622253417969,81.52029418945312,74.13935852050781
signsuisse_test,sign_mt,715,fra,fsl,92.4269027709961,82.4209213256836,105.71000671386719,80.79664611816406
signsuisse_test,sign_mt,716,fra,fsl,94.25527954101562,82.29428100585938,102.06156921386719,84.57512664794922
signsuisse_test,sign_mt,717,deu,sgg,88.91925811767578,79.31504821777344,95.61834716796875,77.1935806274414
signsuisse_test,sign_mt,718,fra,fsl,83.49471282958984,74.82086944580078,92.77490234375,80.03738403320312
signsuisse_test,sign_mt,719,deu,sgg,72.79334259033203,73.24018096923828,76.55546569824219,64.64959716796875
signsuisse_test,sign_mt,720,deu,sgg,95.47390747070312,80.00337219238281,92.00575256347656,85.92301940917969
signsuisse_test,sign_mt,721,ita,ise,98.46243286132812,76.0102310180664,85.98804473876953,75.61437225341797
signsuisse_test,sign_mt,722,ita,ise,74.91947174072266,81.23439025878906,79.3573226928711,78.54046630859375
signsuisse_test,sign_mt,723,fra,fsl,97.4956283569336,79.94393157958984,102.83355712890625,84.18025970458984
signsuisse_test,sign_mt,724,ita,ise,89.85860443115234,82.3613510131836,92.04785919189453,79.40038299560547
signsuisse_test,sign_mt,725,fra,fsl,98.88968658447266,76.06678771972656,101.98016357421875,79.69709014892578
signsuisse_test,sign_mt,726,fra,fsl,126.33248138427734,83.04842376708984,123.89567565917969,80.93708038330078
signsuisse_test,sign_mt,727,ita,ise,82.47581481933594,79.825439453125,84.92547607421875,76.32720947265625
signsuisse_test,sign_mt,728,deu,sgg,76.18873596191406,71.33282470703125,83.15254211425781,70.5513687133789
signsuisse_test,sign_mt,729,ita,ise,84.74108123779297,73.23347473144531,85.12679290771484,74.76753997802734
signsuisse_test,sign_mt,730,fra,fsl,85.80682373046875,82.01779174804688,98.39604949951172,82.48436737060547
signsuisse_test,sign_mt,731,deu,sgg,86.40455627441406,71.59603881835938,88.57294464111328,84.34222412109375
signsuisse_test,sign_mt,732,deu,sgg,90.94285583496094,74.1107177734375,101.78093719482422,76.45848083496094
signsuisse_test,sign_mt,733,deu,sgg,64.79472351074219,74.75738525390625,73.74443054199219,71.53239440917969
signsuisse_test,sign_mt,734,fra,fsl,82.17772674560547,78.6088638305664,86.15480041503906,75.8834228515625
signsuisse_test,sign_mt,735,fra,fsl,90.22554016113281,76.24324798583984,97.93455505371094,86.87008666992188
signsuisse_test,sign_mt,736,deu,sgg,74.61883544921875,68.98604583740234,82.8324966430664,70.41109466552734
signsuisse_test,sign_mt,737,deu,sgg,64.23527526855469,71.26641082763672,78.34715270996094,66.1442642211914
signsuisse_test,sign_mt,738,fra,fsl,100.59031677246094,81.697998046875,106.63522338867188,81.70089721679688
signsuisse_test,sign_mt,739,deu,sgg,98.16007995605469,81.12158966064453,93.40806579589844,78.7996597290039
signsuisse_test,sign_mt,740,fra,fsl,100.19998168945312,79.95337677001953,116.30744934082031,89.20396423339844
signsuisse_test,sign_mt,741,deu,sgg,68.67847442626953,65.44635772705078,80.91284942626953,68.66551208496094
signsuisse_test,sign_mt,742,deu,sgg,70.98975372314453,79.15076446533203,79.01896667480469,73.46587371826172
signsuisse_test,sign_mt,743,ita,ise,73.27421569824219,78.40458679199219,78.7684326171875,74.39962005615234
signsuisse_test,sign_mt,744,deu,sgg,71.09732818603516,68.34095001220703,72.3810043334961,68.78938293457031
signsuisse_test,sign_mt,745,fra,fsl,93.95319366455078,81.33010864257812,109.38673400878906,86.10528564453125
signsuisse_test,sign_mt,746,deu,sgg,109.47198486328125,78.1124496459961,93.1368179321289,79.6451416015625
signsuisse_test,sign_mt,747,deu,sgg,67.80187225341797,66.58998107910156,81.61415100097656,71.16243743896484
signsuisse_test,sign_mt,748,deu,sgg,74.61441040039062,72.39369201660156,84.95500183105469,73.17689514160156
signsuisse_test,sign_mt,749,deu,sgg,65.29459381103516,69.70182800292969,71.47566223144531,67.30461120605469
signsuisse_test,sign_mt,750,deu,sgg,101.32443237304688,83.69458770751953,102.30889129638672,78.14308166503906
signsuisse_test,sign_mt,751,ita,ise,77.90258026123047,78.11493682861328,81.91197967529297,75.43226623535156
signsuisse_test,sign_mt,752,deu,sgg,65.71993255615234,70.39285278320312,72.50804901123047,71.57392883300781
signsuisse_test,sign_mt,753,ita,ise,82.03045654296875,73.86898803710938,86.2386474609375,74.6169204711914
signsuisse_test,sign_mt,754,ita,ise,92.61775207519531,74.99849700927734,80.61368560791016,72.69499206542969
signsuisse_test,sign_mt,755,fra,fsl,89.61329650878906,84.81990051269531,102.57439422607422,87.07440948486328
signsuisse_test,sign_mt,756,ita,ise,92.07421875,82.07508850097656,86.25186920166016,75.24977111816406
signsuisse_test,sign_mt,757,deu,sgg,105.5107650756836,77.76925659179688,96.93431854248047,73.6700210571289
signsuisse_test,sign_mt,758,fra,fsl,86.6541748046875,80.76387786865234,104.56517791748047,81.78617095947266
signsuisse_test,sign_mt,759,deu,sgg,68.56636047363281,68.57337188720703,77.21346282958984,71.25579071044922
signsuisse_test,sign_mt,760,deu,sgg,87.07257843017578,84.12158966064453,92.46343231201172,80.58863830566406
signsuisse_test,sign_mt,761,fra,fsl,101.76826477050781,81.53675842285156,110.71630859375,83.86039733886719
signsuisse_test,sign_mt,762,deu,sgg,79.7265625,76.87798309326172,78.0143051147461,69.15470886230469
signsuisse_test,sign_mt,763,deu,sgg,75.24223327636719,73.26933288574219,80.896484375,77.76617431640625
signsuisse_test,sign_mt,764,deu,sgg,89.58506774902344,79.11026763916016,79.6722183227539,68.2322006225586
signsuisse_test,sign_mt,765,deu,sgg,85.2866439819336,80.39850616455078,89.92791748046875,75.88751220703125
signsuisse_test,sign_mt,766,deu,sgg,72.76890563964844,75.24585723876953,77.9984359741211,67.02782440185547
signsuisse_test,sign_mt,767,fra,fsl,89.49943542480469,80.93341064453125,102.9332504272461,80.20964050292969
signsuisse_test,sign_mt,768,fra,fsl,104.15939331054688,83.18705749511719,103.828125,82.64987182617188
signsuisse_test,sign_mt,769,deu,sgg,71.35245513916016,78.44622802734375,79.97010040283203,73.05607604980469
signsuisse_test,sign_mt,770,deu,sgg,77.75391387939453,79.41010284423828,84.30345153808594,79.1993408203125
signsuisse_test,sign_mt,771,deu,sgg,63.94921875,72.99937438964844,72.56036376953125,68.3180923461914
signsuisse_test,sign_mt,772,ita,ise,70.43029022216797,74.74971771240234,74.9158935546875,74.21216583251953
signsuisse_test,sign_mt,773,deu,sgg,77.60256958007812,75.199951171875,85.04901885986328,77.17464447021484
signsuisse_test,sign_mt,774,deu,sgg,81.90078735351562,72.49810791015625,75.68215942382812,68.4384994506836
signsuisse_test,sign_mt,775,fra,fsl,87.19808959960938,79.98338317871094,100.21791076660156,84.62760162353516
signsuisse_test,sign_mt,776,fra,fsl,93.72732543945312,79.67471313476562,102.44180297851562,77.32315063476562
signsuisse_test,sign_mt,777,ita,ise,94.2564926147461,80.11522674560547,84.29436492919922,75.6343765258789
signsuisse_test,sign_mt,778,ita,ise,90.16233825683594,77.74152374267578,82.65155792236328,73.35093688964844
signsuisse_test,sign_mt,779,deu,sgg,71.06831359863281,69.38688659667969,79.08988189697266,66.98078918457031
signsuisse_test,sign_mt,780,ita,ise,88.0951919555664,75.44677734375,93.473876953125,72.3851089477539
signsuisse_test,sign_mt,781,deu,sgg,86.05577087402344,77.19037628173828,84.05021667480469,75.08800506591797
signsuisse_test,sign_mt,782,fra,fsl,91.13883972167969,77.30987548828125,99.60987854003906,82.59275817871094
signsuisse_test,sign_mt,783,ita,ise,88.16722106933594,74.32720947265625,93.95352172851562,79.275634765625
signsuisse_test,sign_mt,784,fra,fsl,104.0089111328125,80.07453918457031,108.75816345214844,85.6584243774414
signsuisse_test,sign_mt,785,fra,fsl,81.50614929199219,76.30684661865234,98.06303405761719,85.59361267089844
signsuisse_test,sign_mt,786,deu,sgg,92.10862731933594,81.25303649902344,83.93355560302734,71.40296936035156
signsuisse_test,sign_mt,787,deu,sgg,90.24945068359375,77.84866333007812,99.4452896118164,80.73473358154297
signsuisse_test,sign_mt,788,fra,fsl,87.37260437011719,82.94412231445312,98.6980209350586,82.65135955810547
signsuisse_test,sign_mt,789,deu,sgg,91.99854278564453,80.13528442382812,89.53942108154297,74.545166015625
signsuisse_test,sign_mt,790,fra,fsl,97.72260284423828,82.5693359375,117.04415893554688,88.86578369140625
signsuisse_test,sign_mt,791,fra,fsl,90.99711608886719,78.01559448242188,104.24944305419922,81.59052276611328
signsuisse_test,sign_mt,792,deu,sgg,71.68317413330078,71.21881103515625,77.42095947265625,71.65210723876953
signsuisse_test,sign_mt,793,fra,fsl,92.5149917602539,81.21253204345703,107.08409118652344,87.60879516601562
signsuisse_test,sign_mt,794,deu,sgg,62.2170524597168,73.97553253173828,75.99929809570312,70.01702117919922
signsuisse_test,sign_mt,795,ita,ise,76.45925903320312,79.95259094238281,83.22146606445312,78.65442657470703
signsuisse_test,sign_mt,796,deu,sgg,103.25299835205078,70.80986022949219,89.827880859375,82.75366973876953
signsuisse_test,sign_mt,797,deu,sgg,74.43732452392578,74.5514907836914,82.30227661132812,72.96643829345703
signsuisse_test,sign_mt,798,deu,sgg,79.16716003417969,77.40455627441406,88.45649719238281,82.21537017822266
signsuisse_test,sign_mt,799,ita,ise,90.87948608398438,80.08940124511719,97.03700256347656,81.19261169433594
signsuisse_test,sign_mt,800,deu,sgg,77.56895446777344,72.54539489746094,74.76730346679688,68.59452819824219
signsuisse_test,sign_mt,801,deu,sgg,75.10753631591797,70.16551208496094,80.0331802368164,67.59637451171875
signsuisse_test,sign_mt,802,deu,sgg,81.70475769042969,75.14866638183594,88.16490173339844,77.56501770019531
signsuisse_test,sign_mt,803,deu,sgg,70.44835662841797,81.52825164794922,81.45221710205078,71.19536590576172
signsuisse_test,sign_mt,804,ita,ise,93.08622741699219,78.568115234375,88.45166015625,76.14956665039062
signsuisse_test,sign_mt,805,deu,sgg,105.325927734375,72.37337493896484,92.78584289550781,77.20951843261719
signsuisse_test,sign_mt,806,deu,sgg,64.6081314086914,71.06156158447266,73.1755599975586,64.25587463378906
signsuisse_test,sign_mt,807,deu,sgg,109.0582504272461,82.08013916015625,98.7560043334961,77.18539428710938
signsuisse_test,sign_mt,808,ita,ise,86.49121856689453,80.14320373535156,93.91295623779297,79.69662475585938
signsuisse_test,sign_mt,809,deu,sgg,62.53974533081055,71.02627563476562,75.50838470458984,72.72530364990234
signsuisse_test,sign_mt,810,deu,sgg,69.22406005859375,72.548095703125,76.73797607421875,71.90144348144531
signsuisse_test,sign_mt,811,fra,fsl,89.95079803466797,77.25697326660156,99.5091552734375,77.16293334960938
signsuisse_test,sign_mt,812,deu,sgg,62.0400390625,69.7521743774414,68.88587188720703,65.79257202148438
signsuisse_test,sign_mt,813,ita,ise,85.29634094238281,77.48749542236328,79.35881042480469,78.59990692138672
signsuisse_test,sign_mt,814,ita,ise,86.65826416015625,79.0550765991211,92.53251647949219,76.0224609375
signsuisse_test,sign_mt,815,deu,sgg,76.31260681152344,76.57362365722656,80.80831909179688,66.72258758544922
signsuisse_test,sign_mt,816,deu,sgg,72.39846801757812,72.13385009765625,86.25780487060547,71.22549438476562
signsuisse_test,sign_mt,817,fra,fsl,85.0104751586914,80.50706481933594,91.3642349243164,76.69209289550781
signsuisse_test,sign_mt,818,fra,fsl,81.761962890625,72.74835968017578,98.96382141113281,81.12985229492188
signsuisse_test,sign_mt,819,ita,ise,95.20860290527344,77.2538070678711,86.65226745605469,78.57881927490234
signsuisse_test,sign_mt,820,fra,fsl,95.95581817626953,77.88075256347656,99.01597595214844,83.1723861694336
signsuisse_test,sign_mt,821,deu,sgg,63.962913513183594,66.22660827636719,75.76261901855469,61.43040084838867
signsuisse_test,sign_mt,822,deu,sgg,91.62244415283203,81.38916015625,84.18108367919922,68.73802185058594
signsuisse_test,sign_mt,823,deu,sgg,80.8967514038086,73.36815643310547,84.4665298461914,76.40423583984375
signsuisse_test,sign_mt,824,ita,ise,80.19278717041016,76.71060180664062,82.177001953125,74.58648681640625
signsuisse_test,sign_mt,825,fra,fsl,80.87718200683594,73.36629486083984,100.76615142822266,88.31958770751953
signsuisse_test,sign_mt,826,ita,ise,90.74333953857422,73.69844818115234,88.20555877685547,74.14996337890625
signsuisse_test,sign_mt,827,ita,ise,85.74955749511719,80.41232299804688,94.19581604003906,83.7794418334961
signsuisse_test,sign_mt,828,deu,sgg,77.86892700195312,80.36936950683594,80.38142395019531,79.21241760253906
signsuisse_test,sign_mt,829,fra,fsl,87.61531066894531,76.6758804321289,95.75037384033203,79.22854614257812
signsuisse_test,sign_mt,830,deu,sgg,97.02745056152344,75.16309356689453,91.99977111816406,78.6203384399414
signsuisse_test,sign_mt,831,fra,fsl,96.3481216430664,83.33817291259766,109.05655670166016,83.7726821899414
signsuisse_test,sign_mt,832,fra,fsl,87.06031799316406,78.34076690673828,103.0296630859375,79.41979217529297
signsuisse_test,sign_mt,833,ita,ise,82.92354583740234,73.32039642333984,85.09658813476562,71.59049224853516
signsuisse_test,sign_mt,834,fra,fsl,95.65850067138672,84.75946807861328,107.34516906738281,80.45148468017578
signsuisse_test,sign_mt,835,ita,ise,94.62094116210938,78.47784423828125,85.68451690673828,73.16368865966797
signsuisse_test,sign_mt,836,ita,ise,87.0968017578125,78.69281005859375,85.75409698486328,76.54132080078125
signsuisse_test,sign_mt,837,deu,sgg,64.43423461914062,69.58255767822266,76.69032287597656,70.04838562011719
signsuisse_test,sign_mt,838,fra,fsl,106.62203979492188,83.90845489501953,120.17758178710938,87.38817596435547
signsuisse_test,sign_mt,839,deu,sgg,100.51914978027344,82.67854309082031,94.57807159423828,79.37439727783203
signsuisse_test,sign_mt,840,fra,fsl,104.40272521972656,79.48273468017578,114.1534423828125,86.84422302246094
signsuisse_test,sign_mt,841,deu,sgg,63.460514068603516,66.03502655029297,70.193115234375,69.79582977294922
signsuisse_test,sign_mt,842,deu,sgg,97.47857666015625,81.82581329345703,96.79930114746094,76.80023956298828
signsuisse_test,sign_mt,843,deu,sgg,104.3971939086914,75.07958221435547,99.49855041503906,76.19427490234375
signsuisse_test,sign_mt,844,fra,fsl,95.10457611083984,73.41663360595703,96.57234954833984,78.07760620117188
signsuisse_test,sign_mt,845,fra,fsl,85.99707794189453,80.56141662597656,100.59044647216797,79.5732650756836
signsuisse_test,sign_mt,846,fra,fsl,88.53888702392578,73.13275909423828,98.66837310791016,82.19300842285156
signsuisse_test,sign_mt,847,fra,fsl,95.89400482177734,83.13863372802734,116.08458709716797,87.7501449584961
signsuisse_test,sign_mt,848,fra,fsl,90.7444839477539,83.77240753173828,98.2507553100586,91.0599594116211
signsuisse_test,sign_mt,849,fra,fsl,92.43681335449219,83.55731201171875,94.78265380859375,82.2279052734375
signsuisse_test,sign_mt,850,deu,sgg,67.38060760498047,75.24419403076172,74.3008041381836,68.47509002685547
signsuisse_test,sign_mt,851,fra,fsl,78.37492370605469,79.75135803222656,102.1320571899414,92.11703491210938
signsuisse_test,sign_mt,852,deu,sgg,92.47135925292969,81.7057113647461,85.15775299072266,70.17323303222656
signsuisse_test,sign_mt,853,ita,ise,95.2052993774414,76.46104431152344,86.87898254394531,76.92032623291016
signsuisse_test,sign_mt,854,deu,sgg,66.26734924316406,71.21205139160156,76.90287017822266,72.536865234375
signsuisse_test,sign_mt,855,ita,ise,94.09378051757812,72.518310546875,83.78855895996094,68.87002563476562
signsuisse_test,sign_mt,856,deu,sgg,77.45201873779297,73.75102233886719,86.02229309082031,78.44405364990234
signsuisse_test,sign_mt,857,deu,sgg,95.25692749023438,85.39714050292969,95.12459564208984,81.20729064941406
signsuisse_test,sign_mt,858,ita,ise,86.18304443359375,76.42344665527344,89.8393325805664,73.80010223388672
signsuisse_test,sign_mt,859,fra,fsl,85.4452896118164,75.22923278808594,97.55436706542969,85.05816650390625
signsuisse_test,sign_mt,860,deu,sgg,66.32121276855469,67.90446472167969,73.2185287475586,67.46122741699219
signsuisse_test,sign_mt,861,ita,ise,68.81336212158203,71.54402160644531,80.19664001464844,73.9078598022461
signsuisse_test,sign_mt,862,deu,sgg,78.82530975341797,84.7802734375,90.86666107177734,76.24951934814453
signsuisse_test,sign_mt,863,deu,sgg,78.38733673095703,74.32494354248047,77.07552337646484,68.19566345214844
signsuisse_test,sign_mt,864,ita,ise,87.07916259765625,76.11344909667969,84.23905944824219,79.13258361816406
signsuisse_test,sign_mt,865,deu,sgg,71.99864959716797,72.8825454711914,78.33541107177734,73.84844970703125
signsuisse_test,sign_mt,866,ita,ise,88.59829711914062,78.12124633789062,87.18765258789062,75.56371307373047
signsuisse_test,sign_mt,867,deu,sgg,76.146484375,76.3309326171875,77.99748229980469,75.23330688476562
signsuisse_test,sign_mt,868,fra,fsl,90.07310485839844,77.73409271240234,100.46937561035156,83.23641204833984
signsuisse_test,sign_mt,869,deu,sgg,80.18682861328125,73.77012634277344,83.36900329589844,69.16564178466797
signsuisse_test,sign_mt,870,deu,sgg,77.24263000488281,70.20368957519531,85.78216552734375,75.10457611083984
signsuisse_test,sign_mt,871,ita,ise,93.6908187866211,82.82788848876953,93.62623596191406,81.34294128417969
signsuisse_test,sign_mt,872,fra,fsl,86.20115661621094,77.32196807861328,91.8170394897461,77.49124145507812
signsuisse_test,sign_mt,873,fra,fsl,96.14327239990234,78.56886291503906,101.12728881835938,84.5145492553711
signsuisse_test,sign_mt,874,deu,sgg,98.35633850097656,78.4776382446289,97.3756103515625,81.33324432373047
signsuisse_test,sign_mt,875,deu,sgg,76.62030792236328,73.912841796875,85.4898452758789,72.26236724853516
signsuisse_test,sign_mt,876,ita,ise,91.05254364013672,78.81999969482422,86.80021667480469,73.82386779785156
signsuisse_test,sign_mt,877,fra,fsl,103.95843505859375,85.42352294921875,117.69892883300781,87.98744201660156
signsuisse_test,sign_mt,878,deu,sgg,64.75025177001953,66.02776336669922,74.59117889404297,66.26659393310547
signsuisse_test,sign_mt,879,deu,sgg,100.78506469726562,82.30343627929688,94.69916534423828,76.1095199584961
signsuisse_test,sign_mt,880,fra,fsl,80.7100830078125,78.61780548095703,96.6850357055664,85.29499816894531
signsuisse_test,sign_mt,881,deu,sgg,75.4728775024414,73.93263244628906,81.02664184570312,71.2116470336914
signsuisse_test,sign_mt,882,fra,fsl,83.63587188720703,71.80003356933594,90.16155242919922,75.17921447753906
signsuisse_test,sign_mt,883,ita,ise,96.57418823242188,74.36378479003906,93.21407318115234,77.25515747070312
signsuisse_test,sign_mt,884,ita,ise,81.77381134033203,78.79100036621094,82.11058044433594,71.2579116821289
signsuisse_test,sign_mt,885,ita,ise,76.40553283691406,80.9411849975586,77.92180633544922,74.76258850097656
signsuisse_test,sign_mt,886,deu,sgg,79.2666244506836,79.56158447265625,90.32276916503906,76.22074127197266
signsuisse_test,sign_mt,887,deu,sgg,71.92524719238281,73.05230712890625,76.69222259521484,67.8218765258789
signsuisse_test,sign_mt,888,fra,fsl,92.5386962890625,81.82381439208984,105.46336364746094,84.69026947021484
signsuisse_test,sign_mt,889,deu,sgg,73.56002807617188,69.56212615966797,74.19316101074219,66.7818832397461
signsuisse_test,sign_mt,890,deu,sgg,78.19786834716797,76.70734405517578,82.47968292236328,74.83965301513672
signsuisse_test,sign_mt,891,deu,sgg,74.75489807128906,75.1082534790039,79.59524536132812,68.85401153564453
signsuisse_test,sign_mt,892,ita,ise,87.5112075805664,78.5029067993164,83.96672058105469,77.03482055664062
signsuisse_test,sign_mt,893,deu,sgg,73.64842987060547,70.45136260986328,84.26728057861328,76.60034942626953
signsuisse_test,sign_mt,894,fra,fsl,114.42174530029297,84.20421600341797,108.81475067138672,86.35682678222656
signsuisse_test,sign_mt,895,fra,fsl,89.9107666015625,72.16488647460938,91.40328979492188,81.77881622314453
signsuisse_test,sign_mt,896,deu,sgg,63.94987487792969,72.07129669189453,75.52693939208984,76.3948745727539
signsuisse_test,sign_mt,897,deu,sgg,99.82002258300781,76.2858657836914,97.74108123779297,78.5753173828125
signsuisse_test,sign_mt,898,deu,sgg,81.64044189453125,79.97999572753906,77.22578430175781,81.47007751464844
signsuisse_test,sign_mt,899,ita,ise,98.12602233886719,82.67955017089844,92.07968139648438,73.67538452148438
signsuisse_test,sign_mt,900,deu,sgg,96.27533721923828,73.52132415771484,87.50663757324219,73.75152587890625
signsuisse_test,sign_mt,901,deu,sgg,72.9275894165039,75.29678344726562,86.73588562011719,78.35861206054688
signsuisse_test,sign_mt,902,deu,sgg,83.86255645751953,81.88346862792969,97.37911224365234,78.61659240722656
signsuisse_test,sign_mt,903,deu,sgg,81.66291809082031,84.15589141845703,86.3970718383789,78.76705932617188
signsuisse_test,sign_mt,904,ita,ise,92.43404388427734,76.45018005371094,89.79525756835938,73.28844451904297
signsuisse_test,sign_mt,905,ita,ise,75.72869110107422,70.07247924804688,88.23440551757812,74.01055908203125
signsuisse_test,sign_mt,906,deu,sgg,86.073974609375,75.92610168457031,88.48719024658203,77.49848175048828
signsuisse_test,sign_mt,907,deu,sgg,72.4477767944336,74.6996078491211,75.84945678710938,73.59867858886719
signsuisse_test,sign_mt,908,deu,sgg,76.9765853881836,71.568115234375,79.76300811767578,70.489990234375
signsuisse_test,sign_mt,909,fra,fsl,109.52320861816406,83.62725830078125,121.9084701538086,90.67496490478516
signsuisse_test,sign_mt,910,ita,ise,91.23942565917969,73.34437561035156,81.887939453125,72.41998291015625
signsuisse_test,sign_mt,911,deu,sgg,103.9210433959961,71.17432403564453,99.59513092041016,79.6900634765625
signsuisse_test,sign_mt,912,ita,ise,82.47207641601562,77.09025573730469,82.8448257446289,69.35599517822266
signsuisse_test,sign_mt,913,ita,ise,95.91246795654297,73.93025207519531,88.40634155273438,73.8435287475586
signsuisse_test,sign_mt,914,deu,sgg,114.1629638671875,77.66803741455078,102.46673583984375,83.30859375
signsuisse_test,sign_mt,915,deu,sgg,88.65335083007812,77.89100646972656,98.35633850097656,81.2856674194336
signsuisse_test,sign_mt,916,deu,sgg,69.59010314941406,72.54761505126953,82.78410339355469,76.28126525878906
signsuisse_test,sign_mt,917,deu,sgg,85.83073425292969,78.93611145019531,82.64846801757812,74.07209014892578
signsuisse_test,sign_mt,918,deu,sgg,77.5481948852539,75.31334686279297,80.35823822021484,73.56324768066406
signsuisse_test,sign_mt,919,fra,fsl,113.02653503417969,74.54168701171875,106.12218475341797,79.78509521484375
signsuisse_test,sign_mt,920,ita,ise,97.73590850830078,81.39485168457031,102.06294250488281,79.74484252929688
signsuisse_test,sign_mt,921,deu,sgg,94.13361358642578,83.5584716796875,93.89128112792969,81.97115325927734
signsuisse_test,sign_mt,922,deu,sgg,80.85859680175781,81.94940948486328,85.05400085449219,73.36577606201172
signsuisse_test,sign_mt,923,deu,sgg,102.5235366821289,77.96123504638672,90.94831085205078,74.3929672241211
signsuisse_test,sign_mt,924,fra,fsl,82.32537841796875,75.52293395996094,99.66828918457031,82.75822448730469
signsuisse_test,sign_mt,925,fra,fsl,115.65367126464844,77.64364624023438,112.39877319335938,80.54432678222656
signsuisse_test,sign_mt,926,ita,ise,86.28147888183594,74.18036651611328,84.50325012207031,73.36820220947266
signsuisse_test,sign_mt,927,fra,fsl,84.04326629638672,71.2735595703125,89.34542083740234,78.1617431640625
signsuisse_test,sign_mt,928,fra,fsl,87.03883361816406,84.5865249633789,99.46519470214844,86.90625
signsuisse_test,sign_mt,929,ita,ise,92.50228118896484,83.99567413330078,92.54682159423828,78.6590576171875
signsuisse_test,sign_mt,930,fra,fsl,96.23552703857422,78.09476470947266,103.82267761230469,79.8043441772461
signsuisse_test,sign_mt,931,deu,sgg,78.42652893066406,70.84578704833984,79.31079864501953,59.230812072753906
signsuisse_test,sign_mt,932,ita,ise,76.6962661743164,77.7140121459961,79.81773376464844,71.34696197509766
signsuisse_test,sign_mt,933,fra,fsl,89.75762176513672,69.74382781982422,94.52568054199219,82.29136657714844
signsuisse_test,sign_mt,934,ita,ise,76.72176361083984,76.0393295288086,80.27208709716797,74.30559539794922
signsuisse_test,sign_mt,935,fra,fsl,107.97758483886719,81.3609848022461,117.98780059814453,81.97220611572266
signsuisse_test,sign_mt,936,deu,sgg,87.1857681274414,76.96939086914062,89.85819244384766,77.88744354248047
signsuisse_test,sign_mt,937,deu,sgg,101.07173156738281,81.29666137695312,94.51722717285156,81.16399383544922
signsuisse_test,sign_mt,938,ita,ise,71.7955551147461,79.10111236572266,77.96198272705078,72.6370620727539
signsuisse_test,sign_mt,939,ita,ise,99.09992980957031,73.82060241699219,85.55839538574219,74.98335266113281
signsuisse_test,sign_mt,940,deu,sgg,89.42859649658203,82.05072784423828,84.70195007324219,81.63653564453125
signsuisse_test,sign_mt,941,fra,fsl,80.93463134765625,73.0260009765625,95.19708251953125,76.75420379638672
signsuisse_test,sign_mt,942,deu,sgg,85.58926391601562,75.8619613647461,92.71712493896484,76.39256286621094
signsuisse_test,sign_mt,943,deu,sgg,88.9248275756836,79.05918884277344,86.84233093261719,70.76419067382812
signsuisse_test,sign_mt,944,fra,fsl,100.41059112548828,72.8763427734375,109.34219360351562,79.50048828125
signsuisse_test,sign_mt,945,fra,fsl,101.02702331542969,81.65547943115234,113.71036529541016,89.00166320800781
signsuisse_test,sign_mt,946,deu,sgg,86.23491668701172,85.49299621582031,84.4993667602539,77.11946105957031
signsuisse_test,sign_mt,947,deu,sgg,90.04853820800781,80.74553680419922,95.70733642578125,80.77498626708984
signsuisse_test,sign_mt,948,ita,ise,87.42289733886719,84.35728454589844,91.96638488769531,79.13666534423828
signsuisse_test,sign_mt,949,deu,sgg,102.79637145996094,79.60162353515625,100.22937774658203,85.0295639038086
signsuisse_test,sign_mt,950,ita,ise,87.41117858886719,71.86190795898438,87.4915542602539,73.8287353515625
signsuisse_test,sign_mt,951,deu,sgg,92.89994812011719,80.39553833007812,88.63599395751953,76.76824188232422
signsuisse_test,sign_mt,952,ita,ise,104.09364318847656,77.14505767822266,99.50987243652344,75.97281646728516
signsuisse_test,sign_mt,953,deu,sgg,102.62622833251953,82.81387329101562,92.7396240234375,69.32669830322266
signsuisse_test,sign_mt,954,ita,ise,92.75022888183594,78.77430725097656,90.68903350830078,74.0239486694336
signsuisse_test,sign_mt,955,deu,sgg,85.00896453857422,83.19841766357422,81.27578735351562,74.02629852294922
signsuisse_test,sign_mt,956,deu,sgg,74.25662994384766,72.00804901123047,80.64209747314453,71.15945434570312
signsuisse_test,sign_mt,957,deu,sgg,78.66510009765625,74.48420715332031,86.27853393554688,79.9457015991211
signsuisse_test,sign_mt,958,deu,sgg,66.69393157958984,68.44688415527344,67.30354309082031,62.43596649169922
signsuisse_test,sign_mt,959,deu,sgg,101.57296752929688,72.93669128417969,90.55258178710938,78.57615661621094
signsuisse_test,sign_mt,960,deu,sgg,92.31230926513672,81.05803680419922,95.64630889892578,82.58226013183594
signsuisse_test,sign_mt,961,ita,ise,92.13768005371094,78.15450286865234,86.12476348876953,76.22039031982422
signsuisse_test,sign_mt,962,deu,sgg,85.78901672363281,77.41890716552734,87.48129272460938,79.59980773925781
signsuisse_test,sign_mt,963,deu,sgg,71.90676879882812,80.727783203125,75.99994659423828,70.62042236328125
signsuisse_test,sign_mt,964,deu,sgg,94.48918914794922,82.9072265625,100.64732360839844,80.51057434082031
signsuisse_test,sign_mt,965,fra,fsl,98.15571594238281,86.83914947509766,111.77983093261719,87.18072509765625
signsuisse_test,sign_mt,966,fra,fsl,77.52253723144531,71.30870056152344,89.59818267822266,75.13220977783203
signsuisse_test,sign_mt,967,fra,fsl,97.14775848388672,80.98126220703125,105.63977813720703,80.77173614501953
signsuisse_test,sign_mt,968,ita,ise,88.05877685546875,77.02596282958984,85.064208984375,75.79356384277344
signsuisse_test,sign_mt,969,deu,sgg,96.93467712402344,82.46102905273438,89.94830322265625,79.01834106445312
signsuisse_test,sign_mt,970,fra,fsl,89.74104309082031,78.55731201171875,104.98417663574219,84.6343002319336
signsuisse_test,sign_mt,971,deu,sgg,103.69530487060547,73.50350952148438,89.41426849365234,79.00978088378906
signsuisse_test,sign_mt,972,ita,ise,80.90958404541016,76.58888244628906,81.87740325927734,73.4920654296875
signsuisse_test,sign_mt,973,ita,ise,86.90184020996094,80.86502838134766,82.73023986816406,74.75298309326172
signsuisse_test,sign_mt,974,deu,sgg,67.7752456665039,68.24329376220703,73.83558654785156,68.83963775634766
signsuisse_test,sign_mt,975,ita,ise,94.69001770019531,70.94213104248047,85.85674285888672,75.50477600097656
signsuisse_test,sign_mt,976,deu,sgg,120.1805419921875,82.27767181396484,123.65796661376953,89.00313568115234
signsuisse_test,sign_mt,977,deu,sgg,101.74144744873047,82.42694091796875,99.28022003173828,83.4834976196289
signsuisse_test,sign_mt,978,deu,sgg,80.28853607177734,81.44633483886719,79.38999938964844,72.42953491210938
signsuisse_test,sign_mt,979,deu,sgg,69.95834350585938,72.04124450683594,81.4904556274414,71.918701171875
signsuisse_test,sign_mt,980,deu,sgg,79.11663055419922,74.67216491699219,75.85336303710938,68.73238372802734
signsuisse_test,sign_mt,981,deu,sgg,70.32049560546875,72.64356994628906,76.7562484741211,74.69976806640625
signsuisse_test,sign_mt,982,deu,sgg,84.14276885986328,83.24007415771484,90.57424926757812,80.32718658447266
signsuisse_test,sign_mt,983,ita,ise,79.7651596069336,82.78026580810547,75.09854888916016,72.2043685913086
signsuisse_test,sign_mt,984,fra,fsl,81.44170379638672,79.53357696533203,91.66527557373047,78.90203094482422
signsuisse_test,sign_mt,985,deu,sgg,64.71805572509766,71.17332458496094,74.07025909423828,73.96468353271484
signsuisse_test,sign_mt,986,deu,sgg,67.13558959960938,67.552490234375,71.4716796875,67.15304565429688
signsuisse_test,sign_mt,987,deu,sgg,91.0150146484375,80.84822082519531,89.75460815429688,78.0370864868164
signsuisse_test,sign_mt,988,ita,ise,83.02638244628906,75.96585083007812,81.22958374023438,70.11150360107422
signsuisse_test,sign_mt,989,ita,ise,89.82254028320312,74.7594985961914,86.09012603759766,70.74474334716797
signsuisse_test,sign_mt,990,deu,sgg,87.74617767333984,80.05575561523438,91.03944396972656,77.09727478027344
signsuisse_test,sign_mt,991,deu,sgg,67.17048645019531,75.05451965332031,75.51032257080078,67.43323516845703
signsuisse_test,sign_mt,992,fra,fsl,72.33563232421875,73.44426727294922,88.8636703491211,74.35050964355469
signsuisse_test,sign_mt,993,fra,fsl,96.8039321899414,81.74760437011719,109.23912048339844,86.91069030761719
signsuisse_test,sign_mt,994,fra,fsl,95.50486755371094,85.92168426513672,109.58259582519531,83.36868286132812
signsuisse_test,sign_mt,995,ita,ise,96.2686767578125,73.05540466308594,92.84312438964844,71.04190063476562
signsuisse_test,sign_mt,996,fra,fsl,74.17201232910156,67.69994354248047,89.69129180908203,76.0977783203125
signsuisse_test,sign_mt,997,fra,fsl,91.21305084228516,80.53135681152344,106.80232238769531,81.66691589355469
signsuisse_test,sign_mt,998,ita,ise,86.82991790771484,83.20243835449219,87.05278015136719,73.02910614013672
signsuisse_test,sign_mt,999,fra,fsl,101.14976501464844,83.30409240722656,112.27186584472656,85.63151550292969
