data,system,example_id,startendtrimmed_normalizedbyshoulders_hands_defaultdist0.0_nointerp_dtw_fillmasked0.0_dtaiDTWAggregatedDistanceMetricFast,startendtrimmed_unnormalized_hands_defaultdist0.0_nointerp_dtw_fillmasked10.0_dtaiDTWAggregatedDistanceMetricFast,untrimmed_normalizedbyshoulders_hands_defaultdist1.0_nointerp_dtw_fillmasked0.0_dtaiDTWAggregatedDistanceMetricFast,untrimmed_normalizedbyshoulders_hands_defaultdist1.0_nointerp_dtw_fillmasked1.0_dtaiDTWAggregatedDistanceMetricFast,untrimmed_unnormalized_hands_defaultdist1.0_nointerp_dtw_fillmasked1.0_dtaiDTWAggregatedDistanceMetricFast,startendtrimmed_unnormalized_hands_defaultdist10.0_nointerp_dtw_fillmasked0.0_dtaiDTWAggregatedDistanceMetricFast,startendtrimmed_unnormalized_hands_defaultdist10.0_nointerp_dtw_fillmasked1.0_dtaiDTWAggregatedDistanceMetricFast,startendtrimmed_unnormalized_hands_defaultdist10.0_nointerp_dtw_fillmasked10.0_dtaiDTWAggregatedDistanceMetricFast,untrimmed_normalizedbyshoulders_hands_defaultdist10.0_nointerp_dtw_fillmasked0.0_dtaiDTWAggregatedDistanceMetricFast,untrimmed_unnormalized_hands_defaultdist10.0_nointerp_dtw_fillmasked1.0_dtaiDTWAggregatedDistanceMetricFast
signsuisse_test,sign_mt_v2,0,11.889385773382772,7047.977195590605,11.714953174705885,13.379697207361465,13.379697207361465,11.899116697393687,13.553539691594453,70.97631853252904,11.71495402488905,13.37969717638314
signsuisse_test,sign_mt_v2,1,3.0901584874277694,2828.4402192742136,3.096848870619712,4.7499292289296715,4.7499292289296715,3.0738726749972223,4.654115228290074,44.345303514279145,3.096848489151721,4.7499292218611435
signsuisse_test,sign_mt_v2,2,5.740984394456106,3214.1230253862755,6.416223715090045,10.095363238662037,10.095363238662037,5.627719101980649,9.333435076688657,22.18291699345847,6.4162230386145715,10.095363283658068
signsuisse_test,sign_mt_v2,3,6.684100595613617,5023.485358865559,6.140037376459602,7.726070377190259,7.726070377190259,6.647520703023203,9.475558166650742,57.270356562676895,6.140035480434516,7.726070401493871
signsuisse_test,sign_mt_v2,4,6.7032958854393625,4896.48176472806,6.662940414525456,9.029611361354762,9.029611361354762,6.662937208202563,9.029611361354762,44.92886205703451,6.662937142614195,9.029611332084636
signsuisse_test,sign_mt_v2,5,5.482968752867546,4336.416725043211,5.165388816947053,7.514509659552731,7.514509659552731,5.45345956160475,7.950689581919393,48.88690430682539,5.165388861732411,7.5145096545213255
signsuisse_test,sign_mt_v2,6,5.824748990770771,3174.7392671709213,5.825643484911054,6.553196370872482,6.553196370872482,5.825642478220122,6.553196370872482,24.594718407641576,5.825642453232459,6.55319635124539
signsuisse_test,sign_mt_v2,7,10.38024196433043,5850.274557849894,10.46859594499813,13.302051852074973,13.302051852074973,10.369452485956343,13.292966241448791,139.5284303565743,10.468593868683291,13.302051844306789
signsuisse_test,sign_mt_v2,8,8.673854531576817,4915.204972231225,8.348365375211854,9.48647068705424,9.48647068705424,8.643190136442342,9.790097325305897,62.85492964192049,8.34836507996472,9.486470442153685
signsuisse_test,sign_mt_v2,9,4.5722731919736965,3072.834279028247,4.572605529715624,5.300837686650038,5.300837686650038,4.572602121644762,5.300837686650038,32.568795532496004,4.572602130270174,5.300837689997311
signsuisse_test,sign_mt_v2,10,4.9736808204785135,3766.9845123651503,5.047712419990295,8.426229085217217,8.426229085217217,4.954171407151598,8.362183894828386,70.88929791611797,5.047712082087574,8.42622909838678
signsuisse_test,sign_mt_v2,11,6.099703821423456,3529.7695216608117,6.813266889672821,9.271467564426336,9.271467564426336,6.054587816194631,8.200059333034488,66.56462125857225,6.813268115384892,9.27146754525971
signsuisse_test,sign_mt_v2,12,6.0717420580633386,3948.26752334388,5.4875376701435306,5.988572056473736,5.988572056473736,6.056337187051876,6.921691559743174,50.787557724608014,5.487537082174923,5.98857209241752
signsuisse_test,sign_mt_v2,13,6.798471088374224,5069.871361481701,7.370659303863321,10.350391422537543,10.350391422537543,6.786285819323496,9.663295616444701,82.7730623275809,7.370660237774295,10.350391655201618
signsuisse_test,sign_mt_v2,14,4.499754845693012,3756.804156974197,4.496885244451266,6.441566933225475,6.441566933225475,4.496885502982842,6.441566933225475,50.195791181306674,4.496885726104035,6.441567089456813
signsuisse_test,sign_mt_v2,15,10.619443369499358,5434.65410304209,10.733432374233782,13.890611482517173,13.890611482517173,10.48782313075811,13.485531429202297,88.08243293036973,10.733434196154102,13.890611463661955
signsuisse_test,sign_mt_v2,16,5.355343026762777,4013.838324682848,5.754024582545821,8.507641296214683,8.507641296214683,5.341131136682864,7.995654317644556,74.38830285162456,5.754023693018068,8.507641279588864
signsuisse_test,sign_mt_v2,17,6.4737059797300605,4956.443669202281,6.4822076177015076,7.555271224075007,7.555271224075007,6.482207637251689,7.555271224075007,42.80046339831246,6.482207647948356,7.555271234377931
signsuisse_test,sign_mt_v2,18,5.531493097146544,3412.7303828673903,5.5003538491982695,5.750157488285871,5.750157488285871,5.500353985714038,5.750157488285871,17.278930574469477,5.500353985973878,5.750157488896443
signsuisse_test,sign_mt_v2,19,7.723244639498428,4391.939010451081,5.402019611237637,8.511853047698406,8.511853047698406,7.626662092466122,10.130359973320054,93.02737028390521,5.402018970646979,8.5118530650873
signsuisse_test,sign_mt_v2,20,5.349124889622398,3618.6431179322485,5.0637873255998755,7.137889803374256,7.137889803374256,5.229791977278268,7.42073489451688,23.551326186200495,5.063786576832795,7.137889751902553
signsuisse_test,sign_mt_v2,21,7.515733883908039,4796.118857788727,7.51709417653344,10.59041193752872,10.59041193752872,7.517094917699454,10.59041193752872,56.16797094940384,7.517094942478033,10.590411933950955
signsuisse_test,sign_mt_v2,22,3.9771364827594615,2816.7099055534895,4.343830513179463,5.38145603660384,5.38145603660384,3.9973272427260804,4.763206413348006,33.819212386766395,4.343829532225028,5.381455843538111
signsuisse_test,sign_mt_v2,23,5.515398257331305,3591.23075993342,5.508936251382073,7.244985051931684,7.244985051931684,5.50893449319842,7.244985051931684,49.45324607356139,5.508934492094094,7.244985042400761
signsuisse_test,sign_mt_v2,24,4.850864703514987,3756.43987792209,9.381803664980794,10.136690979155135,10.136690979155135,4.834541014653765,6.221849789427101,48.46652269226318,9.381802871072434,10.136690332230003
signsuisse_test,sign_mt_v2,25,3.6227245893591493,3607.2168451442913,3.339640493956594,6.076774465189916,6.076774465189916,3.626184671095615,6.247439670172819,60.770669879349285,3.339640080025643,6.076774721753536
signsuisse_test,sign_mt_v2,26,5.575979152548646,5046.765934722868,5.562038767550853,7.763592649295525,7.763592649295525,5.562039142280715,7.763592649295525,64.41924444262905,5.56203912935694,7.763592624033215
signsuisse_test,sign_mt_v2,27,7.569856003016505,5086.443289494201,7.570914647374454,10.838496870471317,10.838496870471317,7.5709115645135325,10.838496870471317,77.93608694299901,7.570912497427131,10.838497561098578
signsuisse_test,sign_mt_v2,28,4.373843046276782,3793.1703540245294,4.356491092711155,6.549260825773416,6.549260825773416,4.356491923575594,6.549260825773416,37.423319558650135,4.356491771413659,6.549260621347732
signsuisse_test,sign_mt_v2,29,6.0231010525891815,4102.010465547721,5.6824777687318955,6.937826563676628,6.937826563676628,5.983219032071817,7.315827081311944,48.866264553515876,5.682477258720368,6.937826506827427
signsuisse_test,sign_mt_v2,30,4.359797075695955,3107.8250280396933,4.3528790071293075,6.5680615111855545,6.5680615111855545,4.352880278692696,6.5680615111855545,28.24864160799303,4.352880078580353,6.5680611196416905
signsuisse_test,sign_mt_v2,31,9.728643967783867,6013.595261959006,9.709680279590557,12.902472249374185,12.902472249374185,9.709680763423258,12.902472249374185,49.97970234466268,9.709680770184683,12.902472248212762
signsuisse_test,sign_mt_v2,32,6.175282154811297,4651.714170835285,6.737944955801832,9.680280878128718,9.680280878128718,6.193806415640557,9.089657202419058,51.57282517401264,6.737946100326243,9.68028077838877
signsuisse_test,sign_mt_v2,33,5.869369316669891,3506.2576590608683,5.807350679280655,7.800113908530847,7.800113908530847,5.807350772126406,7.800113908530847,28.301080527007905,5.8073507718626285,7.800113928555332
signsuisse_test,sign_mt_v2,34,1.858226337638413,2440.8887175236546,1.849626948224751,3.8975352626789057,3.8975352626789057,1.8496270055254187,3.8975352626789057,30.26828473806749,1.8496269992128092,3.897535267108005
signsuisse_test,sign_mt_v2,35,5.387082048183544,3793.3799846499196,5.141972682159841,8.172427318069925,8.172427318069925,5.374163975817536,7.84582502695424,61.70873692215508,5.141971099793478,8.172427354373601
signsuisse_test,sign_mt_v2,36,5.859613289899186,3645.4731518097633,5.8456573152606435,7.330688186403155,7.330688186403155,5.845657075709152,7.330688186403155,26.11344215714366,5.845657178866744,7.33068824087124
signsuisse_test,sign_mt_v2,37,9.019105076172426,5902.6327494931265,9.488597642392953,11.763847679608824,11.763847679608824,9.012558986131207,11.152016979483268,108.54822317625033,9.48860010239538,11.763847691297512
signsuisse_test,sign_mt_v2,38,6.121946758967945,3632.090844246695,6.1582890490214925,10.507808329749711,10.507808329749711,6.06938346485478,10.468373626242585,103.28546591022749,6.158289410392531,10.507808180787567
signsuisse_test,sign_mt_v2,39,4.196275570170472,2839.1357627954244,4.177471262146314,4.362046752932656,4.362046752932656,4.1774706658445835,4.362046752932656,14.330575199878828,4.1774709271853325,4.362046945880942
signsuisse_test,sign_mt_v2,40,6.184555344206297,4128.841736519571,6.114604770742988,7.678747778246123,7.678747778246123,6.120596989087692,7.881092390987835,42.08810540802458,6.114605502073455,7.678747768415661
signsuisse_test,sign_mt_v2,41,6.491592906958046,5532.18070643751,6.443550309216448,10.606302194989043,10.606302194989043,6.443548179923651,10.606302194989043,89.38522199822839,6.443548164048018,10.606302192642602
signsuisse_test,sign_mt_v2,42,3.6792220236881557,3382.7613091277153,3.638046515961436,6.642551137958836,6.642551137958836,3.6380460526687997,6.642551137958836,62.724567129426795,3.6380458296212814,6.642550981267588
signsuisse_test,sign_mt_v2,43,3.1257654525741456,2579.606101296704,3.1127084621820265,4.609380675240953,4.609380675240953,3.1127083939090068,4.609380675240953,29.4816240474844,3.112708624361071,4.609380841846934
signsuisse_test,sign_mt_v2,44,7.668592983605079,5469.4624116550185,7.677448744048805,11.12380553448629,11.12380553448629,7.677448603395189,11.12380553448629,85.31292428851306,7.677448572192186,11.123805531168836
signsuisse_test,sign_mt_v2,45,5.976600925969404,3760.3220551893824,5.927365649348089,8.715423874329971,8.715423874329971,5.927365190289433,8.715423874329971,57.8738136703765,5.927365183602821,8.715423894269419
signsuisse_test,sign_mt_v2,46,9.371659324026016,5820.111314703501,9.358931451177861,10.449512987009987,10.449512987009987,9.326543237954471,10.207038164475826,53.22409357935955,9.358934375954755,10.449513008149347
signsuisse_test,sign_mt_v2,47,3.0367481500743247,3292.9205949415164,3.049660485860828,4.714265940049939,4.714265940049939,3.049663265573347,4.714265940049939,33.097271384784584,3.049662919893419,4.714265698968232
signsuisse_test,sign_mt_v2,48,3.4828750576263183,3734.431748749682,3.472525658475462,5.545808482626859,5.545808482626859,3.4725252577293224,5.545808482626859,45.254452388106486,3.4725252667750417,5.545808487870845
signsuisse_test,sign_mt_v2,49,5.467715515347167,4737.310392571516,5.464207414895229,7.904598591731867,7.904598591731867,5.464207612675312,7.904598591731867,65.9654171637452,5.464207635572129,7.904598621713427
signsuisse_test,sign_mt_v2,50,7.384270931074231,4947.891899182294,7.244735055219529,8.31548810871681,8.31548810871681,7.375264684124185,8.467981108702801,38.43771877749804,7.244734204725118,8.315488264924799
signsuisse_test,sign_mt_v2,51,5.17234393738847,4032.84806828558,5.162350757268753,8.43893232287028,8.43893232287028,5.162350330327786,8.43893232287028,71.50237922566161,5.162350509570312,8.438932471545817
signsuisse_test,sign_mt_v2,52,4.3762519857072135,3350.313117203098,4.35602444131093,5.220407994016169,5.220407994016169,4.3560231782743255,5.220407994016169,30.685283510350775,4.3560227735929065,5.220407634825445
signsuisse_test,sign_mt_v2,53,6.102988082105098,5220.570971419091,5.853885740126183,10.706694930771842,10.706694930771842,6.079040055986714,10.811666974606677,94.3585516634626,5.853884405663952,10.706694914899392
signsuisse_test,sign_mt_v2,54,6.054852527555617,5518.626465503922,6.030483779429652,10.340821206277072,10.340821206277072,6.030485436110449,10.340821206277072,85.14458818769047,6.030485433874735,10.340821212921586
signsuisse_test,sign_mt_v2,55,8.857770784378435,5774.581234310015,9.222108339007066,10.311451291661392,10.311451291661392,8.841503415152983,9.975250154498598,38.006789312231376,9.222111681051933,10.311451287921429
signsuisse_test,sign_mt_v2,56,8.8632998403899,5341.699019387101,8.863164634093213,10.25402760736767,10.25402760736767,8.863163532653976,10.25402760736767,40.57591493644058,8.863163532080998,10.254027613344793
signsuisse_test,sign_mt_v2,57,7.004319058953074,4988.989618068436,7.166789800587701,11.634654192093187,11.634654192093187,6.996128112324604,11.43732077628001,118.81831215726756,7.166790615491483,11.634654120448936
signsuisse_test,sign_mt_v2,58,9.363282493296513,5284.402050095865,9.179810198157163,9.755940670146458,9.755940670146458,9.302419075796251,10.075808651044698,33.341393946537465,9.17980639032701,9.755940852337499
signsuisse_test,sign_mt_v2,59,7.376786085148408,4873.472739655596,6.972193788706355,10.245216047218566,10.245216047218566,7.324723966320134,10.598636576537201,81.50772711267643,6.972193081141731,10.245216045433176
signsuisse_test,sign_mt_v2,60,8.25990289805788,3884.7459640544903,8.195699343869924,14.450509998139388,14.450509998139388,8.195702149276073,14.450509998139388,105.94033930275212,8.195701410112523,14.450510096861638
signsuisse_test,sign_mt_v2,61,4.846252606897441,3971.583331279438,4.128640078193694,6.910269775846238,6.910269775846238,4.85637391474077,7.442626665464395,67.62062340032897,4.1286397826227,6.910269776102623
signsuisse_test,sign_mt_v2,62,4.531727989458382,3600.4175761857223,4.529041545326218,8.012176022562077,8.012176022562077,4.52904128486292,8.012176022562077,76.07980559227948,4.5290412856469136,8.012176024994995
signsuisse_test,sign_mt_v2,63,7.853862524264173,4905.516847684962,7.355901583780221,8.065526693058152,8.065526693058152,7.836854432739967,9.17451412587204,69.71156073616552,7.355901435511609,8.065526669406163
signsuisse_test,sign_mt_v2,64,5.922098248976216,4520.658282152641,5.9149016555067915,8.886468509244231,8.886468509244231,5.914901555700807,8.886468509244231,49.22402988552684,5.91490088662072,8.886467812322762
signsuisse_test,sign_mt_v2,65,11.046953938433216,6183.15204950043,11.9333223447711,14.944346885841894,14.944346885841894,11.036329713372506,13.978242536576133,94.36313844590545,11.93332471743643,14.94434585216911
signsuisse_test,sign_mt_v2,66,9.199099322089129,5006.898042155629,9.19277014501367,14.758206096491458,14.758206096491458,9.192769083492955,14.758206096491458,110.71380896632296,9.192769081687576,14.758206101307946
signsuisse_test,sign_mt_v2,67,3.445270229407563,3041.014448079916,4.0994117599427025,4.8142405187417605,4.8142405187417605,3.43128258225487,4.252189896452113,18.482922191208704,4.099410801960292,4.814240199005996
signsuisse_test,sign_mt_v2,68,2.7375389037488396,2275.9904340110916,2.740939436682235,5.6649699718139725,5.6649699718139725,2.7409392137595177,5.6649699718139725,40.64920799460391,2.7409389731824927,5.664969804400197
signsuisse_test,sign_mt_v2,69,10.676977601428693,6486.158796142295,10.877717281707557,13.147348816964929,13.147348816964929,10.677167923666369,12.96025084316797,46.28323511163837,10.877713539426994,13.147348796249556
signsuisse_test,sign_mt_v2,70,3.3526197414265035,3017.1634860566583,3.325699497348969,4.972298037967536,4.972298037967536,3.325699007499393,4.972298037967536,41.29562398651639,3.3256990201364327,4.972298038937375
signsuisse_test,sign_mt_v2,71,3.2499295583008028,2100.4530187852442,3.2499295583008028,3.982486401486839,3.982486401486839,3.249929774306346,3.982486401486839,20.61305613029432,3.249929291780679,3.9824859910660577
signsuisse_test,sign_mt_v2,72,3.558746448739192,3689.5889263941012,3.5246524972538174,5.804232293172862,5.804232293172862,3.524651667136629,5.804232293172862,52.47941585917911,3.5246513611961205,5.804232213214843
signsuisse_test,sign_mt_v2,73,8.463506158660087,5495.429335061791,8.449347708168453,10.740787173086247,10.740787173086247,8.449348174428552,10.740787173086247,81.49012628490945,8.449348198308336,10.74078720429013
signsuisse_test,sign_mt_v2,74,8.041580409881048,6211.309584836599,8.291198204057542,9.681891933397411,9.681891933397411,8.03654358480251,9.318037032999682,62.48242467712289,8.291194450179459,9.681891894402613
signsuisse_test,sign_mt_v2,75,9.342171703541226,5470.685900856667,8.924881194219278,13.739466513534715,13.739466513534715,9.312830338781211,13.773829034509127,120.23152429557182,8.924877839044083,13.739466458520585
signsuisse_test,sign_mt_v2,76,4.552499363778446,3309.0821603731783,4.528132293541278,8.419092976739964,8.419092976739964,4.528131097744953,8.419092976739964,74.11304318517952,4.528131594454731,8.41909323220717
signsuisse_test,sign_mt_v2,77,4.94277336714586,3020.417554000153,4.401151776599439,6.493109979836184,6.493109979836184,4.8002378123237825,6.585846048040203,56.011321515840066,4.401152148545716,6.493109980560539
signsuisse_test,sign_mt_v2,78,7.242237787317276,4890.648473421685,6.965935190177382,8.05382416034803,8.05382416034803,7.257310985395795,7.985194046068891,44.05873611420351,6.965938594798285,8.053823342322758
signsuisse_test,sign_mt_v2,79,8.392116889319043,4190.161575581618,8.31956260717926,11.989467593280878,11.989467593280878,8.319563363778402,11.989467593280878,71.47919512892774,8.31956329190221,11.989467266406091
signsuisse_test,sign_mt_v2,80,3.7087631143712048,3209.331803772958,3.6892593759107646,5.095744394794913,5.095744394794913,3.6892591967243624,5.095744394794913,38.62816301078275,3.689259158240599,5.095744363879801
signsuisse_test,sign_mt_v2,81,4.781018118093525,3144.333405324447,4.775233439408181,5.843042710949589,5.843042710949589,4.77523307199665,5.843042710949589,41.06623910171703,4.775232994852125,5.843042644913488
signsuisse_test,sign_mt_v2,82,6.5699131536222835,4698.202860801894,6.566434051628929,9.231135041446473,9.231135041446473,6.56643470254905,9.231135041446473,54.92579404733116,6.56643469572764,9.231135028624582
signsuisse_test,sign_mt_v2,83,6.318267022796735,4376.765256182308,6.299125646419909,7.783488527472478,7.783488527472478,6.299125382394008,7.783488527472478,50.15696802399174,6.299125404137389,7.783488442993514
signsuisse_test,sign_mt_v2,84,8.163817019601453,5295.4755553500945,8.105936445157647,10.605751557309654,10.605751557309654,8.105934567888287,10.605751557309654,63.401253357477835,8.105934555575999,10.605751535486512
signsuisse_test,sign_mt_v2,85,4.4750744276168595,3728.9357232956017,4.461413280187683,5.458736213695743,5.458736213695743,4.461413200931449,5.458736213695743,24.533263381026327,4.461413182994852,5.4587362092205565
signsuisse_test,sign_mt_v2,86,3.4543149877668524,3314.848680570575,3.44536175242529,6.787322234007201,6.787322234007201,3.445360460087143,6.787322234007201,64.9936543422925,3.445360476278987,6.787322253736401
signsuisse_test,sign_mt_v2,87,5.8861291605362025,3748.931904906328,5.7906467376256545,8.029198328804723,8.029198328804723,5.841129361996432,8.043969561099784,61.42877295960639,5.790646068849996,8.029198338110222
signsuisse_test,sign_mt_v2,88,5.214569724223857,3523.732622652065,4.199581709285418,5.756669157931293,5.756669157931293,5.183425183110416,6.933319300788933,66.19534579687786,4.1995814712368285,5.756669275978964
signsuisse_test,sign_mt_v2,89,2.846919361686659,2003.8773878853397,2.846919361686659,4.420961572169882,4.420961572169882,2.846919170043226,4.420961572169882,37.71118046897658,2.8469191645224736,4.420961578205223
signsuisse_test,sign_mt_v2,90,7.724807559261761,4700.13850852752,7.698452879957382,10.246740080186365,10.246740080186365,7.698453379914592,10.246740080186365,61.99873452273796,7.69845362432252,10.246740429110062
signsuisse_test,sign_mt_v2,91,6.090263995661726,3861.2587028303847,6.870903366634146,7.246343158167042,7.246343158167042,6.038910297997546,6.313336961961137,33.71071891054092,6.870907232826041,7.246343146411438
signsuisse_test,sign_mt_v2,92,4.985998608735118,3487.9799040027888,4.579920552023038,5.038025788788754,5.038025788788754,4.9748268379751375,5.292790606014218,39.013018270012395,4.579920810819063,5.038025528885482
signsuisse_test,sign_mt_v2,93,3.4781928889834424,4040.8464292615527,3.4765804915703535,7.846839658633738,7.846839658633738,3.476577160513837,7.846839658633738,76.241446712483,3.476577126050339,7.846839671908843
signsuisse_test,sign_mt_v2,94,9.816695957052485,6129.05961239902,10.41349381946768,13.908970397712617,13.908970397712617,9.813423758079566,13.373845103273146,104.16789826639409,10.413496626188513,13.908970412948989
signsuisse_test,sign_mt_v2,95,3.7326832795548945,3577.19736240875,3.721260910339909,6.065142090116726,6.065142090116726,3.721259095833008,6.065142090116726,49.313567504981314,3.721258931371769,6.065142020655328
signsuisse_test,sign_mt_v2,96,4.68696625072604,3489.6134557690966,4.669402720266544,7.371497241913794,7.371497241913794,4.669403476361395,7.371497241913794,52.164885729007175,4.669403707646214,7.3714974261599435
signsuisse_test,sign_mt_v2,97,4.76597214532427,3763.9208679668704,4.754696478235597,7.152717550276789,7.152717550276789,4.754699294831172,7.152717550276789,51.46149935945895,4.754699294591013,7.152717553126367
signsuisse_test,sign_mt_v2,98,4.208745292277674,2598.1428957535068,4.77953030474883,7.471518808782455,7.471518808782455,4.17307780292503,7.137630562046017,59.69950754892458,4.779531358723768,7.47151880906208
signsuisse_test,sign_mt_v2,99,3.280893156330954,2722.8481909213065,3.2732782215640426,4.925263486452903,4.925263486452903,3.2732796111117075,4.925263486452903,40.99135129984935,3.273279643622061,4.925263491596071
signsuisse_test,sign_mt_v2,100,6.0785361081066736,3860.955714437481,5.759570559714997,8.384649302428377,8.384649302428377,6.061190530346989,8.634973489604125,70.00126420397997,5.759569566427247,8.384649323005872
signsuisse_test,sign_mt_v2,101,7.760155406157445,6109.231348120213,7.760552264715172,10.504570563965759,10.504570563965759,7.76055007168462,10.504570563965759,81.58601317700384,7.760550129662367,10.50457059014229
signsuisse_test,sign_mt_v2,102,4.8605513853716875,3743.1383735854574,4.842514292645276,7.1203958030975745,7.1203958030975745,4.8425138178802705,7.1203958030975745,60.95667187792566,4.842513817592087,7.120395801655834
signsuisse_test,sign_mt_v2,103,4.3607783239160565,2807.8971829765674,4.344466586394633,6.194591907147228,6.194591907147228,4.344466385648268,6.194591907147228,48.67245720022478,4.344466162330671,6.194591745409623
signsuisse_test,sign_mt_v2,104,8.019506119726255,4822.0600287309335,8.46674214650784,10.22366504235378,10.22366504235378,8.009307628689577,9.84828910344363,61.604612051681954,8.46674090837153,10.223665043626811
signsuisse_test,sign_mt_v2,105,9.199844368861218,6056.209594877768,9.895888732679245,12.691457801644628,12.691457801644628,9.185520526813972,11.750564006375917,89.75780538638128,9.89589229164093,12.691457779617798
signsuisse_test,sign_mt_v2,106,6.3694276045780835,4615.244503046251,6.362507131532117,8.097854847426044,8.097854847426044,6.362503671321385,8.097854847426044,54.94568224608689,6.362503611171012,8.097854821903683
signsuisse_test,sign_mt_v2,107,8.372226444848264,6218.479973897211,8.362751880399541,10.160042762430674,10.160042762430674,8.355333754285725,10.154132479551695,60.02305160066831,8.362751938402342,10.160042207364437
signsuisse_test,sign_mt_v2,108,6.645825645016624,4219.836654529475,6.869975592367839,10.247939185039115,10.247939185039115,6.638159851666335,9.784857892400101,87.98418500302564,6.869974363750278,10.247939185143549
signsuisse_test,sign_mt_v2,109,6.387065218098589,4339.10373930569,6.387995883521264,8.513787908764275,8.513787908764275,6.387998471624366,8.513787908764275,55.79330237164351,6.3879984883756045,8.51378793852761
signsuisse_test,sign_mt_v2,110,4.705528591776316,4162.520266012284,4.701136906600239,5.4134778696518415,5.4134778696518415,4.701137971911742,5.4134778696518415,23.01442312991763,4.701137995570893,5.413477903571588
signsuisse_test,sign_mt_v2,111,6.188620205094954,3999.180589085942,6.130084449127142,8.130446615200809,8.130446615200809,6.130085729984286,8.130446615200809,48.575887008146786,6.130085729774981,8.130446623431396
signsuisse_test,sign_mt_v2,112,7.559072666642483,4255.059652807121,7.535746882860567,10.908470769826351,10.908470769826351,7.535745230757152,10.908470769826351,101.74471727637348,7.535746068718995,10.908471061794657
signsuisse_test,sign_mt_v2,113,4.0703491548824235,3492.1511389126113,4.065669412843398,7.345762900722489,7.345762900722489,4.065670484951743,7.345762900722489,66.04822281182541,4.065670514945578,7.3457629234676105
signsuisse_test,sign_mt_v2,114,4.3827195488953565,3693.7007608335566,4.370666149048351,6.727813320705276,6.727813320705276,4.370666228870155,6.727813320705276,51.42199891933482,4.3706662260882245,6.727813326855964
signsuisse_test,sign_mt_v2,115,4.410863827989614,3942.5724723799494,3.9343371549067863,4.868496472542611,4.868496472542611,4.408265344319865,5.399699507031034,37.62385195173018,3.9343386887570544,4.868496780489729
signsuisse_test,sign_mt_v2,116,1.522363448776872,2306.6859632431315,1.5141328114467858,1.8952793281505993,1.8952793281505993,1.5141327436580276,1.8952793281505993,16.52188946246271,1.5141327459417693,1.895279327986553
signsuisse_test,sign_mt_v2,117,6.447499369704128,5262.80149647224,6.446120370476517,9.163403052730606,9.163403052730606,6.4461210152156765,9.163403052730606,72.35159731366733,6.446121023889383,9.163403066575365
signsuisse_test,sign_mt_v2,118,4.179599783662395,3965.9093142556862,4.168769895138583,8.01079845656358,8.01079845656358,4.168770284887784,8.01079845656358,69.70337807529378,4.168770284992486,8.010798457160714
signsuisse_test,sign_mt_v2,119,5.625580184369194,4195.650488023668,5.60352444355727,7.780299554251717,7.780299554251717,5.603524533094999,7.780299554251717,65.40081420948704,5.603524529885274,7.780299552453037
signsuisse_test,sign_mt_v2,120,7.680753312344773,5431.045971487178,8.445561539047318,12.650462770640518,12.650462770640518,7.6395855223633005,11.874409543929486,101.93155205797369,8.445559256657301,12.650462756729485
signsuisse_test,sign_mt_v2,121,6.794713345885778,4411.857245987846,6.29767744148055,6.4552161281664455,6.4552161281664455,6.755261885943381,7.252069531959646,39.64158501282689,6.297676488890223,6.455216128009673
signsuisse_test,sign_mt_v2,122,4.9794200447827865,3337.9758134285366,4.306581651271523,5.344603632547963,5.344603632547963,4.9529738627919055,5.882374774107438,43.18308203310058,4.30658195684489,5.344603756281842
signsuisse_test,sign_mt_v2,123,10.835383664562144,7253.679229232961,11.164752783076962,13.989349448432936,13.989349448432936,10.823152940837375,13.69288565577792,84.23532409158068,11.164751758895365,13.989350256794033
signsuisse_test,sign_mt_v2,124,5.369779309655223,3947.58144538251,5.3617671501337085,7.191862279309421,7.191862279309421,5.361767505406521,7.191862279309421,38.15116749384195,5.361767906558588,7.191862547846667
signsuisse_test,sign_mt_v2,125,4.318787639920988,3579.4444113774625,4.328645987367362,4.838589000588397,4.838589000588397,4.328647372181154,4.838589000588397,23.46214644173121,4.328646428232112,4.838588179665545
signsuisse_test,sign_mt_v2,126,3.2827443463723167,2979.463051184768,3.2739808593600643,5.5409271438841,5.5409271438841,3.2739821537183738,5.5409271438841,39.88454026836521,3.2739821513273726,5.540927124715827
signsuisse_test,sign_mt_v2,127,5.717751711720925,4169.322687239216,5.771283823762002,7.069558543919116,7.069558543919116,5.771288957174598,7.069558543919116,39.821102291861635,5.771288957145611,7.069558544255843
signsuisse_test,sign_mt_v2,128,9.150178127223745,4873.8076343303865,9.348770882997057,10.530354754737955,10.530354754737955,8.97731253008574,10.325974561695707,61.32425909990479,9.348772667705196,10.530354832115588
signsuisse_test,sign_mt_v2,129,5.657534937709582,4236.72003797203,5.642240543876694,8.22512369679615,8.22512369679615,5.642240642216659,8.22512369679615,55.84519598238909,5.642240475097696,8.225123523846984
signsuisse_test,sign_mt_v2,130,5.956942631608735,4397.134713397521,5.955725020927252,7.1155976253183875,7.1155976253183875,5.9557245180560345,7.1155976253183875,38.01765435106971,5.955723893337269,7.115597091474494
signsuisse_test,sign_mt_v2,131,7.52988566913384,5582.380169806134,7.562038526041716,8.197703307790738,8.197703307790738,7.562039642276931,8.197703307790738,23.217864034783396,7.5620396421248515,8.197703307334358
signsuisse_test,sign_mt_v2,132,9.140113178170727,4959.862656658555,9.645061472957561,10.570036079242486,10.570036079242486,9.071385893520638,9.997101634698922,80.33883505478559,9.645062594332128,10.570036126913891
signsuisse_test,sign_mt_v2,133,9.12868569664079,5909.851759069062,8.648526949882292,14.03718363433683,14.03718363433683,9.096074804069914,15.36278559042719,163.53169599930882,8.64852566643257,14.037183622334283
signsuisse_test,sign_mt_v2,134,6.516201015492571,4626.869087156873,6.509615882994974,9.98246378333283,9.98246378333283,6.50961435462578,9.98246378333283,75.2429541389673,6.509614342807903,9.98246377989699
signsuisse_test,sign_mt_v2,135,5.974822834132,4325.295641230756,5.95767209248174,6.98680890786455,6.98680890786455,5.957671066191486,6.98680890786455,33.28629491157411,5.957671073610372,6.986808925300606
signsuisse_test,sign_mt_v2,136,3.221576288232227,2583.238907034567,3.1844240742508583,3.473698834486091,3.473698834486091,3.184422966672124,3.473698834486091,21.908845512426918,3.184422861385496,3.473698825865761
signsuisse_test,sign_mt_v2,137,10.204604308574162,6525.282890172714,10.602065315000957,12.092101490165263,12.092101490165263,10.18675930937236,11.78289698148824,65.49008420487382,10.602064766638469,12.092102559087696
signsuisse_test,sign_mt_v2,138,6.589881745138084,4908.640447789871,6.5256467774575,10.14311047912744,10.14311047912744,6.525646831943029,10.14311047912744,76.632650538744,6.525646829017556,10.143110491578986
signsuisse_test,sign_mt_v2,139,4.693385764106274,3872.1305936334948,4.234298113408785,7.158984416506655,7.158984416506655,4.657802788997584,7.348626461470571,62.4901848949889,4.234297515749567,7.158984396917119
signsuisse_test,sign_mt_v2,140,5.182568668341157,3384.3619595958417,5.427791251013997,6.375660927179315,6.375660927179315,5.100728401014172,5.917983208190073,41.15863575027544,5.427791824596401,6.375660650972285
signsuisse_test,sign_mt_v2,141,5.5741665170518235,2811.1294855592637,5.545812600742084,6.9082609656164955,6.9082609656164955,5.545811707920865,6.9082609656164955,44.12515577203067,5.545811709791786,6.908260967063818
signsuisse_test,sign_mt_v2,142,11.092805787219756,6154.753190838666,10.02099052628304,13.827811555188159,13.827811555188159,11.066822478330703,15.131037419151497,126.19235291484814,10.020989357050153,13.82781155504042
signsuisse_test,sign_mt_v2,143,5.910165936465488,3876.45736377935,6.878499339294554,9.845814981424612,9.845814981424612,5.880497556470637,8.993013163665195,64.78764306498604,6.8784996721613,9.84581462432854
signsuisse_test,sign_mt_v2,144,7.277182597414402,4478.614893750938,7.735034473399955,9.592591273155856,9.592591273155856,7.2579697758340975,9.045737006496825,34.19691272430872,7.735034171592053,9.592591272181174
signsuisse_test,sign_mt_v2,145,5.472416222303553,3755.2503555829794,5.456857645727617,7.715363631413189,7.715363631413189,5.456858235898333,7.715363631413189,71.34965871994743,5.456858229543682,7.7153636442979785
signsuisse_test,sign_mt_v2,146,3.5318869642270494,2687.78599141713,3.5068329909296057,3.9348731570580964,3.9348731570580964,3.5068322480655367,3.9348731570580964,17.422190615040396,3.5068326365097113,3.934873528884627
signsuisse_test,sign_mt_v2,147,3.7213209264266593,3409.0206237360185,3.7089959954401093,4.611694265748117,4.611694265748117,3.7089986389517797,4.611694265748117,30.830206760514145,3.7089986048879457,4.611694241684494
signsuisse_test,sign_mt_v2,148,4.79882244953949,4256.429760020146,4.815837984427448,4.9230709717205805,4.9230709717205805,4.808899632963565,4.916303065352163,10.99557894993872,4.815837800941706,4.9230714686665875
signsuisse_test,sign_mt_v2,149,3.986843446405461,3474.4293009049193,4.608019881708681,6.61565877399401,6.61565877399401,3.96794804649982,6.116483203328466,58.08509135138894,4.608019535186613,6.615658812842464
signsuisse_test,sign_mt_v2,150,6.8612742270785345,4975.48158682914,6.862039674901292,8.236419109362105,8.236419109362105,6.862042583243832,8.236419109362105,47.13404416501966,6.862042579234695,8.236419113908141
signsuisse_test,sign_mt_v2,151,12.371111174809474,6901.607787533592,13.611215689503622,16.58815730655251,16.58815730655251,12.33557393882631,15.586913839349435,120.34514210684794,13.611218898225095,16.588157295602016
signsuisse_test,sign_mt_v2,152,2.9000307084927672,2721.0162656851603,2.877149436232824,3.7416512159210136,3.7416512159210136,2.8771516839765447,3.7416512159210136,23.862449374877876,2.8771519379181734,3.7416513963706413
signsuisse_test,sign_mt_v2,153,5.752395898235215,4248.334866094725,5.756687880678662,7.883338674571911,7.883338674571911,5.756688189482775,7.883338674571911,60.200356579554075,5.756688156306208,7.883338646664935
signsuisse_test,sign_mt_v2,154,5.726623240978132,4408.558893802624,5.297520834487341,8.031583484589943,8.031583484589943,5.692327233623148,8.39981931881705,63.54445775207362,5.297519671708834,8.031583491171634
signsuisse_test,sign_mt_v2,155,11.106250411872571,5997.995760159203,10.148124432917783,12.333194727188133,12.333194727188133,11.032307585406853,13.371672531254834,89.88751478310043,10.148127425464542,12.333194642764775
signsuisse_test,sign_mt_v2,156,8.48810524642905,5171.477795903352,8.587803221617449,10.950714927797085,10.950714927797085,8.49667942522137,10.710665684512056,71.16631063335063,8.587803900328165,10.950714024528578
signsuisse_test,sign_mt_v2,157,7.732467485183716,5312.780991356808,7.7321643058411516,8.648066343858002,8.648066343858002,7.732162899077689,8.648066343858002,41.51696400248892,7.732162921856262,8.648066363451905
signsuisse_test,sign_mt_v2,158,6.905306098711539,5581.916154491979,6.897871382734307,9.514722578108373,9.514722578108373,6.89787095892937,9.514722578108373,71.30749600562055,6.897870970414933,9.514722568977092
signsuisse_test,sign_mt_v2,159,5.133310346091962,4178.782784281362,5.1142706961258755,7.367045601577964,7.367045601577964,5.11427082331345,7.367045601577964,59.044980083514886,5.114270822384078,7.367045601045274
signsuisse_test,sign_mt_v2,160,6.381130081146733,5123.043479158046,6.171332874072296,8.471265047768664,8.471265047768664,6.376676055823179,8.598294944847993,60.78278137191668,6.1713350801935904,8.471265060808921
signsuisse_test,sign_mt_v2,161,4.383290165051899,3675.842599535922,4.389510408402468,4.48910761001138,4.48910761001138,4.3895084788197565,4.48910761001138,4.48910761001138,4.389508482080509,4.4891076113948385
signsuisse_test,sign_mt_v2,162,7.385832061687499,5890.520580315658,7.39271049686207,10.78486860869728,10.78486860869728,7.392711128672795,10.78486860869728,90.82509752572726,7.392710167110062,10.784868166625037
signsuisse_test,sign_mt_v2,163,5.686412158727238,3928.913071175798,5.667887611012296,8.137196837776884,8.137196837776884,5.667889702243857,8.137196837776884,54.96696426977782,5.667889368656456,8.13719664064986
signsuisse_test,sign_mt_v2,164,4.084769104869785,3109.3450871826262,4.065615883848946,6.1057512912158085,6.1057512912158085,4.065616031848177,6.1057512912158085,48.69308695663575,4.065615793587405,6.105751091369751
signsuisse_test,sign_mt_v2,165,3.5892396900976147,2711.2494329318542,3.5835705116384085,4.600492158095339,4.600492158095339,3.5835717335386774,4.600492158095339,31.788700820422502,3.583571478497996,4.600491962929145
signsuisse_test,sign_mt_v2,166,6.844105484868884,5298.247076492266,5.334192264552683,6.782440150450032,6.782440150450032,6.806482959201226,10.741883194640153,88.05208238364787,5.3341911112868114,6.782440149150806
signsuisse_test,sign_mt_v2,167,5.605398750011651,4300.276486950303,5.594604199655969,6.149017774902721,6.149017774902721,5.594601728021841,6.149017774902721,23.698623190667593,5.594601717219762,6.149017757530216
signsuisse_test,sign_mt_v2,168,5.799535075977202,3940.350299069305,5.8097921375023445,6.726838537730832,6.726838537730832,5.809792023900992,6.726838537730832,32.02348471016709,5.809792581242665,6.72683902840951
signsuisse_test,sign_mt_v2,169,4.618850384540984,3584.0368489418047,4.393585568411602,6.590691510868676,6.590691510868676,4.614842934452685,6.821954933898248,61.276939218853485,4.393585057182564,6.5906916995518205
signsuisse_test,sign_mt_v2,170,4.577122218824648,2866.6096813852046,4.56054543324304,6.111513447894753,6.111513447894753,4.560545792856875,6.111513447894753,29.21747579920593,4.5605457500219115,6.1115132894567
signsuisse_test,sign_mt_v2,171,5.071142483070648,4165.98138091936,5.059850926671552,6.620877975432795,6.620877975432795,5.0598497724459115,6.620877975432795,47.48156881819283,5.059849778582058,6.620877982635653
signsuisse_test,sign_mt_v2,172,12.513882814110403,6781.120206542097,12.773067103168538,15.385394561008255,15.385394561008255,12.489483461741937,14.606545828369452,65.06459486449415,12.77307081424716,15.385394462176997
signsuisse_test,sign_mt_v2,173,7.669245087281555,4646.8914714503235,7.643554185774279,9.469956342022952,9.469956342022952,7.643556545691378,9.469956342022952,45.1484773493778,7.643556089244383,9.469955943922155
signsuisse_test,sign_mt_v2,174,5.24828275450339,3444.9478130078896,5.236174226774598,7.720137869238115,7.720137869238115,5.236173884472198,7.720137869238115,48.298258363183734,5.236173866044463,7.720137867482529
signsuisse_test,sign_mt_v2,175,9.337830704770884,6998.088538732602,9.278898821496412,12.722391769687228,12.722391769687228,9.278897379016598,12.722391769687228,66.98637315055628,9.27889738487754,12.722391780329932
signsuisse_test,sign_mt_v2,176,4.157847085345087,3723.4795025311128,4.153368996253418,7.199984986421738,7.199984986421738,4.15337001749472,7.199984986421738,52.921990055582825,4.153369921511738,7.199984929301364
signsuisse_test,sign_mt_v2,177,5.041901830447208,3728.2196885629714,5.01804582384795,9.181933114032272,9.181933114032272,5.018045609682848,9.181933114032272,78.19959727002735,5.018045607940759,9.181933118006244
signsuisse_test,sign_mt_v2,178,6.647683750847877,3768.5564968454987,6.628306726773038,7.331666678445076,7.331666678445076,6.6283071697206095,7.331666678445076,31.7481686944482,6.628307778698321,7.331667313598025
signsuisse_test,sign_mt_v2,179,4.844109188871302,2987.1915966625506,5.795730098920392,7.791003142313588,7.791003142313588,4.788142213832504,6.372104181487086,50.60429155910205,5.795732394898144,7.7910033995412835
signsuisse_test,sign_mt_v2,180,5.810452130931793,4550.6939487954705,5.818182579924454,9.661960954551663,9.661960954551663,5.806848543548746,9.65546137071803,81.34232801752403,5.818178587115134,9.661960937407569
signsuisse_test,sign_mt_v2,181,7.274350138890378,4839.737764815755,7.2620245508695564,9.730381156450623,9.730381156450623,7.257950440774804,9.54863661469313,75.20746756153017,7.262022063123779,9.73038176248194
signsuisse_test,sign_mt_v2,182,5.784778265007659,4576.653347271429,6.413366685323145,7.86396796920679,7.86396796920679,5.773216255130174,7.119149140148727,59.53911154397509,6.413368034413829,7.863967945411033
signsuisse_test,sign_mt_v2,183,4.501933967287859,3586.280404552312,4.4962647014821115,7.2884844851410575,7.2884844851410575,4.496265234680416,7.2884844851410575,65.16964226941143,4.496265233938565,7.2884844852783806
signsuisse_test,sign_mt_v2,184,3.2457686159518926,2859.942511809294,3.2361430384797423,5.3127733287886665,5.3127733287886665,3.2361430124440846,5.3127733287886665,43.52066212058112,3.236143010554951,5.312773328135477
signsuisse_test,sign_mt_v2,185,5.934997894117308,4146.71446086408,5.264337080185241,6.771938979378851,6.771938979378851,5.8865659634909315,7.511124240664951,58.12715488314027,5.264336552396837,6.771938971676964
signsuisse_test,sign_mt_v2,186,4.060811901434303,3294.3369874759346,4.055062003833808,5.842723070225526,5.842723070225526,4.055061696312064,5.842723070225526,51.707877558860424,4.055061695441019,5.842723068282505
signsuisse_test,sign_mt_v2,187,3.9064589039462536,2806.358332652122,3.9013413559609735,4.251924650138767,4.251924650138767,3.9013419217631533,4.251924650138767,16.243576782232477,3.9013423336836346,4.251925036782483
signsuisse_test,sign_mt_v2,188,6.35085967947099,4912.18029237621,6.8635880470987445,11.05669683252157,11.05669683252157,6.330593686133715,10.347127734496679,98.15926806887823,6.86358434192181,11.056696793192685
signsuisse_test,sign_mt_v2,189,4.402161196122663,3437.424472677175,4.379261253631218,7.676324041089763,7.676324041089763,4.379260974913297,7.676324041089763,83.50613558920006,4.379260977042275,7.676324047658288
signsuisse_test,sign_mt_v2,190,5.85395580673494,3951.713167325615,5.8517930786584476,6.5633633155630715,6.5633633155630715,5.851793022178968,6.5633633155630715,25.924872753200546,5.851793057488002,6.563363339585432
signsuisse_test,sign_mt_v2,191,7.76563829292849,5194.422166015712,9.116719126597928,11.917748074798803,11.917748074798803,7.744717764331173,10.548242706031765,66.84775289755413,9.116719041438174,11.917748055647381
signsuisse_test,sign_mt_v2,192,6.684834699094945,4943.29262174956,5.761817435868194,7.760367430417964,7.760367430417964,6.679867371777321,8.653689147007757,55.6256553583538,5.761818579554823,7.7603674249910695
signsuisse_test,sign_mt_v2,193,5.300949329501721,3956.9027758400543,5.3086640033683565,6.058853676322416,6.058853676322416,5.308663602754017,6.058853676322416,6.058853676322416,5.308663607249504,6.058853689145842
signsuisse_test,sign_mt_v2,194,6.312314636423561,5186.193184694155,6.826798348742492,9.513158153546577,9.513158153546577,6.29958489767687,8.704231950494492,70.69561748300191,6.826797012278439,9.513158172897823
signsuisse_test,sign_mt_v2,195,5.835485803975442,3984.3737988747675,5.519968403694362,8.185566306594293,8.185566306594293,5.831707637026703,8.454939056586205,47.62090574428859,5.519968204868952,8.185566310770046
signsuisse_test,sign_mt_v2,196,3.896963845320366,2388.10654370267,3.883068848215026,5.264177542611618,5.264177542611618,3.88306862656891,5.264177542611618,45.02776673835027,3.8830686398796397,5.264177539305215
signsuisse_test,sign_mt_v2,197,4.652869997941901,3167.444911721685,4.638975762630031,5.336673582045577,5.336673582045577,4.63897616640479,5.336673582045577,37.30591784623565,4.638976049119094,5.336673465129792
signsuisse_test,sign_mt_v2,198,4.570225759632185,3597.5414560682216,4.551718913606807,5.563153909443091,5.563153909443091,4.551719927059464,5.563153909443091,35.876682537598285,4.551719914769148,5.563153899823115
signsuisse_test,sign_mt_v2,199,2.5046931543565085,2795.8190577202067,2.4964269756412225,3.7413262695138663,3.7413262695138663,2.496427122077432,3.7413262695138663,29.073882255656468,2.4964269569030906,3.7413261592038785
signsuisse_test,sign_mt_v2,200,4.151993967804362,3294.8235110234154,4.147246221613157,6.462874035570197,6.462874035570197,4.147246077283605,6.462874035570197,59.54748541206074,4.147245847966908,6.462873915639619
signsuisse_test,sign_mt_v2,201,8.574966061411802,4987.497839982555,8.539707996419871,10.420711622464713,10.420711622464713,8.539710872197585,10.420711622464713,10.421062763142334,8.53971089071612,10.420711632343181
signsuisse_test,sign_mt_v2,202,5.186342036582316,4184.831785299475,5.166238288737376,9.109363392549053,9.109363392549053,5.166237224250608,9.109363392549053,70.14628776974406,5.166237214037836,9.109363405180222
signsuisse_test,sign_mt_v2,203,5.735063708086272,3927.748576431366,5.731493308862489,7.182618090878523,7.182618090878523,5.70631313479532,6.957512813812955,47.46724203725309,5.731492621955176,7.182617750762991
signsuisse_test,sign_mt_v2,204,6.3609726636219035,4355.328879592212,6.52028148348818,8.76428574496186,8.76428574496186,6.347079797274175,8.574722086560335,48.642566361054456,6.520282116158907,8.764285767370342
signsuisse_test,sign_mt_v2,205,4.776888906557367,4237.8144052506,4.778686445853671,6.14957219681345,6.14957219681345,4.778687405529587,6.14957219681345,44.19759686804408,4.778687841917373,6.14957251309684
signsuisse_test,sign_mt_v2,206,6.451291435337309,4727.92773243815,6.438895015538453,8.303944215924504,8.303944215924504,6.438894299716847,8.303944215924504,31.548518823464065,6.438894300278168,8.303944216836399
signsuisse_test,sign_mt_v2,207,12.700363735521549,7980.705995397021,12.660971001408106,14.086550842629384,14.086550842629384,12.696362387180292,14.299047351175147,46.12521905730815,12.66097048942828,14.086550817766888
signsuisse_test,sign_mt_v2,208,12.152714411331445,7299.932291773874,12.472393078367432,15.5283681382266,15.5283681382266,12.178410836474121,15.171625615902403,81.36026631185912,12.472398566335414,15.528368105009447
signsuisse_test,sign_mt_v2,209,7.534985092141507,5201.267701530175,7.5145401487803625,9.327223360956836,9.327223360956836,7.51454119636686,9.327223360956836,49.34476459279746,7.514541267148287,9.327223349689797
signsuisse_test,sign_mt_v2,210,5.944058760082885,4650.938314767359,6.128125780913986,10.766512679983611,10.766512679983611,5.9305051921443,10.551495194940681,109.52009229528635,6.1281263578962655,10.766512682253625
signsuisse_test,sign_mt_v2,211,7.013503697069137,4470.073770966691,6.973230042853699,9.981372810861497,9.981372810861497,6.9732293813634225,9.981372810861497,64.80218286180867,6.9732293895314665,9.98137283299082
signsuisse_test,sign_mt_v2,212,5.016651305717404,3302.172130372929,4.7877629629699126,5.999961735470908,5.999961735470908,5.001953622281921,6.612464158634255,50.62615590886251,4.7877628210325325,5.999961894801111
signsuisse_test,sign_mt_v2,213,2.5435596253253,1714.0901100681574,2.5435596253253,3.38883426516691,3.38883426516691,2.543559946973678,3.38883426516691,24.04817482273708,2.5435599416679597,3.3888342643376115
signsuisse_test,sign_mt_v2,214,4.172018285607212,3614.9634309343055,4.258440158857019,5.323485967841437,5.323485967841437,4.1294950498910445,5.181788191451874,29.507436665288317,4.258439957239974,5.323486618856309
signsuisse_test,sign_mt_v2,215,4.129903122061045,3111.223470380826,4.121378274440038,5.121520052055604,5.121520052055604,4.121378808650257,5.121520052055604,17.43294939931455,4.121378421143506,5.121519634987447
signsuisse_test,sign_mt_v2,216,3.7221532047385426,3798.5452594605704,3.7202891376228653,7.030082750089506,7.030082750089506,3.7202861657276043,7.030082750089506,65.03433026557057,3.720286191299969,7.030082745216258
signsuisse_test,sign_mt_v2,217,9.832344305015463,5520.8157703738125,10.789008241678937,13.357014756902924,13.357014756902924,9.802341958989558,12.291731546331752,101.41108939023987,10.789006655422734,13.357014716007313
signsuisse_test,sign_mt_v2,218,16.516044947386142,9028.965222375426,16.555212296650257,20.011722173233046,20.011722173233046,16.497109630918743,20.163626336660744,90.46579201456731,16.55521318399837,20.01172261679819
signsuisse_test,sign_mt_v2,219,5.891927851513482,4033.023128417087,5.8604381933394025,6.7556753203829984,6.7556753203829984,5.860439146079464,6.7556753203829984,29.279387160972636,5.860439154136686,6.755675321615358
signsuisse_test,sign_mt_v2,220,6.905961061119368,3665.890900700092,7.3424741293129685,9.010010665405845,9.010010665405845,6.919562702965517,8.470037201682922,83.60759293184921,7.342473451195149,9.010010653042235
signsuisse_test,sign_mt_v2,221,3.63762500736931,2654.908063125698,3.6269050697073246,4.1301391085694705,4.1301391085694705,3.6269048756754176,4.1301391085694705,17.373690431601894,3.626904535754317,4.130138781379246
signsuisse_test,sign_mt_v2,222,8.393806024488013,6315.332262470886,8.362631017185986,16.549790635644104,16.549790635644104,8.362634452162885,16.549790635644104,172.58956064066666,8.36263545215594,16.549790764391783
signsuisse_test,sign_mt_v2,223,5.45746999909183,4294.356304627998,5.900048929499291,9.000858836651481,9.000858836651481,5.447800804327142,8.459131872953154,75.27936245542368,5.9000494630552645,9.000859026881548
signsuisse_test,sign_mt_v2,224,5.028560921321378,4592.133162737988,5.022914384362794,6.437152156605131,6.437152156605131,5.022915419793752,6.437152156605131,38.05836582039755,5.022915417057869,6.437152153921414
signsuisse_test,sign_mt_v2,225,8.199009723328711,4765.030212446044,8.935371015373562,10.736160902767491,10.736160902767491,8.15497743212018,10.023155245154928,79.07677832514707,8.93537177142476,10.736160895858012
signsuisse_test,sign_mt_v2,226,9.42841178269413,5711.414115174994,9.421955821689457,12.050347531031157,12.050347531031157,9.421956191577229,12.050347531031157,53.285999750674016,9.421955197382195,12.050346562258598
signsuisse_test,sign_mt_v2,227,10.290615819777228,5459.756766219102,9.901362635320792,11.414733515887782,11.414733515887782,10.274903612160728,11.971008567744445,43.37506849943865,9.90136163177355,11.414733557452465
signsuisse_test,sign_mt_v2,228,3.598059479037975,3381.9345042828654,3.5741697969342385,7.688362150001916,7.688362150001916,3.5741717564943762,7.688362150001916,65.46812984883344,3.574171551828994,7.688361977634912
signsuisse_test,sign_mt_v2,229,4.0023102701742195,3464.354137109251,3.994636984191141,8.290645413132049,8.290645413132049,3.99463692078895,8.290645413132049,76.39589860645738,3.994636523273836,8.290645202682132
signsuisse_test,sign_mt_v2,230,7.100480457110585,4489.44722787447,7.639044436563316,8.700878524335003,8.700878524335003,7.091915439703609,7.918763954020756,56.59849553157201,7.639043414347077,8.700878303264973
signsuisse_test,sign_mt_v2,231,5.416196701113947,3622.803826410654,5.412997066321627,6.669752930914805,6.669752930914805,5.412997869377807,6.669752930914805,39.77899069429396,5.41299802857808,6.669753055616549
signsuisse_test,sign_mt_v2,232,9.370861223932623,6564.571110849113,9.356627812146687,11.406014128953117,11.406014128953117,9.356624064686736,11.406014128953117,64.08036206526697,9.356624076549341,11.406014146819759
signsuisse_test,sign_mt_v2,233,1.6997834002902759,2030.1748938744356,1.6885126704566384,3.0540366491874202,3.0540366491874202,1.6885128984852662,3.0540366491874202,26.614544466125352,1.688512709793441,3.0540365566574015
signsuisse_test,sign_mt_v2,234,4.913320454678192,3632.8475664958914,4.030823809364422,5.970577292752393,5.970577292752393,4.853496958221327,6.721983419177026,55.54205117371291,4.030823885661313,5.970577274239434
signsuisse_test,sign_mt_v2,235,6.080314149528019,4445.2250722308945,6.086289026489424,6.749663916172922,6.749663916172922,6.086290045615835,6.749663916172922,23.931996825654544,6.0862899772716945,6.7496639584853995
signsuisse_test,sign_mt_v2,236,6.793732997505853,4649.78303581985,7.417773029981028,10.501480869765297,10.501480869765297,6.786661013390047,10.095849423445136,88.1264834522055,7.417771407193543,10.501480857335695
signsuisse_test,sign_mt_v2,237,4.7980129616289835,4477.002353165914,4.807734765790829,6.620069360013934,6.620069360013934,4.862535231641354,6.728234575033328,52.954848240838,4.807737756398885,6.620069362532222
signsuisse_test,sign_mt_v2,238,5.522244514857043,3810.6538951096118,5.509440879599789,7.089507657169099,7.089507657169099,5.509443708246299,7.089507657169099,44.00819357415529,5.509443017917115,7.089507045919832
signsuisse_test,sign_mt_v2,239,4.074299530953404,2829.4383506355043,4.033649099108201,5.593536430351642,5.593536430351642,4.033649254005353,5.593536430351642,45.79204482471486,4.033649251337749,5.593536429074926
signsuisse_test,sign_mt_v2,240,8.408715488530268,4798.850853119277,8.287320238524782,9.821280118911536,9.821280118911536,8.381197502705609,10.90469628582196,57.80117011972206,8.287320170025142,9.821280138365596
signsuisse_test,sign_mt_v2,241,5.123721205742431,4197.893980706003,5.114916832807003,7.892197633099399,7.892197633099399,5.114918213515427,7.892197633099399,70.07068027593698,5.114918220006064,7.892197636020329
signsuisse_test,sign_mt_v2,242,5.247671201392063,3522.9879480859577,4.7239618234544976,6.792243448821813,6.792243448821813,5.232648462888974,6.671119620279262,38.06292346680461,4.723961014333049,6.792243737796923
signsuisse_test,sign_mt_v2,243,4.577783986964102,3997.980890607496,4.565251085811187,5.442535533189649,5.442535533189649,4.565251869948863,5.442535533189649,25.504704716680596,4.565251776572633,5.442535478737729
signsuisse_test,sign_mt_v2,244,4.668963941745864,3645.023114698905,4.653640699219905,8.139038247452895,8.139038247452895,4.6536408553893995,8.139038247452895,79.10727924460885,4.653640857739343,8.139038253378317
signsuisse_test,sign_mt_v2,245,3.4983877567102004,2633.852608189448,3.4862343271295297,6.189257239447678,6.189257239447678,3.486233887165346,6.189257239447678,41.23392792565534,3.4862334961637047,6.189256853685002
signsuisse_test,sign_mt_v2,246,4.674803082778966,3753.0022676306244,4.6466011873579145,7.280443647275443,7.280443647275443,4.6466022627560495,7.280443647275443,53.30797557954931,4.646602609210044,7.280443883339328
signsuisse_test,sign_mt_v2,247,4.291833573240396,3539.279738537035,4.288184004278076,5.297901886710163,5.297901886710163,4.288184942604395,5.297901886710163,30.748483697540802,4.288184637218546,5.297901611675231
signsuisse_test,sign_mt_v2,248,7.166333278684481,5082.144576910089,6.436525471089707,10.632657694770547,10.632657694770547,7.13960628825793,11.149371872234493,103.8022154530824,6.436524394941922,10.632657682446238
signsuisse_test,sign_mt_v2,249,6.641294193625053,4975.839819235474,6.632458169982016,8.150729670129614,8.150729670129614,6.632461482503901,8.150729670129614,44.84933418097032,6.63246145002155,8.150729626020595
signsuisse_test,sign_mt_v2,250,5.582860032991016,3668.448316082833,5.57202792860693,7.569380742081545,7.569380742081545,5.572026935767118,7.569380742081545,58.68131352148633,5.572027121978829,7.569380756946576
signsuisse_test,sign_mt_v2,251,3.636086832642642,3604.2044396038627,3.625975704410944,10.27016839058499,10.27016839058499,3.6259751548031938,10.27016839058499,103.03535551416951,3.625975157204871,10.270168369098684
signsuisse_test,sign_mt_v2,252,6.997382397824215,4266.269089110895,8.17689860543581,8.584758874598968,8.584758874598968,6.9946122579691234,7.45479162122432,45.798140662727974,8.176898381911382,8.584758860240836
signsuisse_test,sign_mt_v2,253,4.793388249302397,1933.995391052621,4.777617001818681,8.714546452818073,8.714546452818073,4.777618088409554,8.714546452818073,65.70446588824555,4.777618085431041,8.714546456265708
signsuisse_test,sign_mt_v2,254,9.817054531076428,4906.893593538802,9.201798357093704,12.452843200077238,12.452843200077238,9.608937306733397,12.3908983278148,69.04714299567388,9.20179830143793,12.452843127622426
signsuisse_test,sign_mt_v2,255,7.335577192704095,4140.908626933565,7.6265517255580315,10.203938518620193,10.203938518620193,7.316466538871241,9.984998237643646,53.537746719356996,7.626552410957747,10.203938525242812
signsuisse_test,sign_mt_v2,256,5.115471757265946,4144.929893528992,5.114871400824926,8.876373080118034,8.876373080118034,5.114873436196089,8.876373080118034,77.53481596489071,5.114873783599462,8.876373298339107
signsuisse_test,sign_mt_v2,257,5.281435071854513,3901.285760803144,5.1886123116943095,6.29762297895999,6.29762297895999,5.266613149661477,6.3842802195050785,37.00224730303546,5.188610877270666,6.297622986165472
signsuisse_test,sign_mt_v2,258,5.138601920764529,3582.4193990530644,5.118991111118502,6.492059291363802,6.492059291363802,5.118991777258815,6.492059291363802,41.07699806981263,5.118991768093038,6.492059273980963
signsuisse_test,sign_mt_v2,259,4.4226634199525545,3308.717477515361,4.418980812936166,4.925483376075327,4.925483376075327,4.418980541376625,4.925483376075327,20.693515257686492,4.418980528429029,4.925483362998749
signsuisse_test,sign_mt_v2,260,9.811540739978586,4643.160105300596,9.761267975584312,12.47035216513313,12.47035216513313,9.69616156867268,12.36533942456312,69.09207326245003,9.761270147237848,12.470352226968316
signsuisse_test,sign_mt_v2,261,4.680176576371722,3867.6427423247314,4.684136403526658,5.168781252147894,5.168781252147894,4.684138169265999,5.168781252147894,24.205250386108972,4.684138168547638,5.168781262910515
signsuisse_test,sign_mt_v2,262,4.10608419104268,3652.538266424762,4.073896657992967,5.657471830459765,5.657471830459765,4.073898503463186,5.657471830459765,21.570949614559197,4.073898477771133,5.657471807909655
signsuisse_test,sign_mt_v2,263,5.2305494787169495,4195.122184578569,5.217013448605913,5.757228803134176,5.757228803134176,5.217013427584417,5.757228803134176,21.063857295211214,5.217013439740964,5.757228817331324
signsuisse_test,sign_mt_v2,264,3.96642457392969,2781.180998576094,3.964380169892404,5.424725437380495,5.424725437380495,3.9643806935862207,5.424725437380495,29.5242893613941,3.96438056397023,5.42472531020624
signsuisse_test,sign_mt_v2,265,3.042883432796596,2805.8038512854914,3.0415542195275997,3.918023804568939,3.918023804568939,3.0415545103911974,3.918023804568939,29.34269302805536,3.0415543733569437,3.918023720786936
signsuisse_test,sign_mt_v2,266,5.988495143922638,3955.871968422049,5.966017642744307,7.718079896069686,7.718079896069686,5.9660176836439955,7.718079896069686,45.02803577398073,5.966017281498385,7.71807946110353
signsuisse_test,sign_mt_v2,267,6.243383227549097,4350.535579001871,5.475632147984134,8.658642551335927,8.658642551335927,6.1924039070395365,9.02642796829678,80.9363067625873,5.475632713717415,8.658642706469502
signsuisse_test,sign_mt_v2,268,7.459595502037915,5397.415746800755,7.44829903051498,10.246367277524577,10.246367277524577,7.448299887811166,10.246367277524577,77.66994908554841,7.448299043189862,10.24636670518569
signsuisse_test,sign_mt_v2,269,5.609281365036618,4419.243757753235,5.575617123332323,9.397640623152835,9.397640623152835,5.575616576646206,9.397640623152835,75.0845791536816,5.575616630291825,9.397640625442525
signsuisse_test,sign_mt_v2,270,11.184093571691266,6578.34939562559,9.64719489745093,11.497263510971186,11.497263510971186,11.167049257490797,11.607315255105167,50.976589493485854,9.647194917564063,11.497262435732955
signsuisse_test,sign_mt_v2,271,3.9277288678849183,3463.4440539123025,3.906924484282867,6.1318345882289735,6.1318345882289735,3.9007900627743624,6.128209818817174,49.22899353842011,3.906924944783416,6.131834540506043
signsuisse_test,sign_mt_v2,272,3.304705392225215,3147.7576921258815,3.273820549014843,4.119741601715399,4.119741601715399,3.273820344088001,4.119741601715399,25.418117543938198,3.2738204295759847,4.119741638835255
signsuisse_test,sign_mt_v2,273,3.7768896319790874,3668.32653215166,3.7701842691712777,5.633284904473276,5.633284904473276,3.7701842651242976,5.633284904473276,48.97804041730801,3.770184284396919,5.633284916468401
signsuisse_test,sign_mt_v2,274,11.533156659502364,7254.080083881862,11.225984711449243,12.460748924474066,12.460748924474066,11.515980342322685,12.660546416025173,51.76374892794009,11.225983316372393,12.460749435448614
signsuisse_test,sign_mt_v2,275,3.9378632138982956,2662.9366039112174,3.9113226660091156,8.163943338128254,8.163943338128254,3.9113228493193386,8.163943338128254,71.22984432801198,3.911322898759257,8.163943357040617
signsuisse_test,sign_mt_v2,276,6.092808777038154,4423.14009474335,6.080029751168019,8.958985094014936,8.958985094014936,6.08002765997616,8.958985094014936,72.79649269959293,6.080027663108792,8.958985094330053
signsuisse_test,sign_mt_v2,277,4.015458045288575,2440.6570088627072,3.9966366259620063,6.398866655843402,6.398866655843402,3.9966349198479127,6.398866655843402,53.84955125806352,3.996634922289176,6.398866652057948
signsuisse_test,sign_mt_v2,278,7.074466552008087,5696.796297672282,7.081914085863699,11.976768289562672,11.976768289562672,7.081916853859651,11.976768289562672,106.09967545588931,7.081916871246299,11.976768312748357
signsuisse_test,sign_mt_v2,279,4.7499674059807635,3108.2663163307043,5.133557400853837,6.7000341100905025,6.7000341100905025,4.698464142006403,6.336388692774217,47.62714163978356,5.133555940509544,6.700033802097059
signsuisse_test,sign_mt_v2,280,5.622123504887053,3728.0031056227826,6.1844829224227125,8.042662900391681,8.042662900391681,5.587454196970309,7.365486050999397,51.957134604687816,6.184484217615691,8.042662468286418
signsuisse_test,sign_mt_v2,281,5.058129445682087,4505.385998424308,5.046795187596542,5.867168634930686,5.867168634930686,5.046794829041331,5.867168634930686,29.672336255802406,5.046794768810223,5.867168591798233
signsuisse_test,sign_mt_v2,282,3.9612879983006364,3973.810309521118,3.905677676270067,6.767314871181467,6.767314871181467,3.905680195934772,6.767314871181467,61.35953991934652,3.9056808544783883,6.767315230939775
signsuisse_test,sign_mt_v2,283,5.574652467564917,3732.8826799204744,5.565688040266346,5.7507331884062936,5.7507331884062936,5.565689789813085,5.7507331884062936,11.779789464011793,5.565689788268465,5.7507331858232265
signsuisse_test,sign_mt_v2,284,4.561986098056679,3951.2546354851775,4.543600241639297,6.789996399899466,6.789996399899466,4.5435996533755425,6.789996399899466,54.5697903897432,4.543600236970178,6.789996770977704
signsuisse_test,sign_mt_v2,285,5.910637303168361,4645.447833999012,5.905375754838933,6.36250263074454,6.36250263074454,5.905373491781672,6.36250263074454,28.982438884102617,5.905373491216561,6.362502622519121
signsuisse_test,sign_mt_v2,286,5.361334701661049,3910.0488829653914,5.345971011701162,9.416678468594707,9.416678468594707,5.345971236270857,9.416678468594707,62.30547120137677,5.34597102689421,9.416678229967435
signsuisse_test,sign_mt_v2,287,6.146550566636372,3824.5210700580633,6.122877557992488,7.640789348245601,7.640789348245601,6.122878721811805,7.640789348245601,44.31676645953038,6.122878027463746,7.640788752906163
signsuisse_test,sign_mt_v2,288,5.282846492987936,4495.548035316619,6.391327002571553,9.475155406906046,9.475155406906046,5.270999779502462,8.639181747916565,91.87120314508415,6.391327375571196,9.475155391126766
signsuisse_test,sign_mt_v2,289,7.854586726047287,5613.9333321457025,7.839803926888405,10.289728988571811,10.289728988571811,7.839805409114735,10.289728988571811,70.58121068752925,7.839806409420574,10.289729769823145
signsuisse_test,sign_mt_v2,290,3.4187264386463574,3002.3425755771423,3.3670865851505467,7.537253169694374,7.537253169694374,3.3670842854571728,7.537253169694374,73.3362163242842,3.367084302155832,7.5372531580010005
signsuisse_test,sign_mt_v2,291,5.9922140994321875,4371.510342854353,5.976424374385563,6.820865089896578,6.820865089896578,5.976424156394684,6.820865089896578,29.771534517197445,5.976424157104988,6.820865095068908
signsuisse_test,sign_mt_v2,292,3.916329749295233,3495.6189111197505,3.90121417995616,6.5703489452356685,6.5703489452356685,3.90121409076552,6.5703489452356685,56.01827388051605,3.901214253843015,6.570349081081006
signsuisse_test,sign_mt_v2,293,8.871805676332702,5204.820079458172,10.045418211451977,12.204441172396306,12.204441172396306,8.865810427953718,10.854479655659086,86.20033287347698,10.045421071063615,12.20444038487116
signsuisse_test,sign_mt_v2,294,4.456744305401351,4011.9954064049225,4.4519306933725575,8.676987085295275,8.676987085295275,4.451929728893019,8.676987085295275,84.42346977971349,4.451929713908526,8.67698704237764
signsuisse_test,sign_mt_v2,295,8.46166706236645,4832.584012320716,8.09563725106895,12.81855983328405,12.81855983328405,8.397093406147237,12.764899274045728,84.00225729573592,8.095637847290966,12.818559823001273
signsuisse_test,sign_mt_v2,296,6.251653169621327,3733.030349996233,6.233260072120913,7.087394193590691,7.087394193590691,6.23325657655932,7.087394193590691,27.47940543766291,6.233256587764407,7.087394232167251
signsuisse_test,sign_mt_v2,297,4.975636841972,3197.547947506149,4.9616223686744645,7.318575476981729,7.318575476981729,4.961623945074072,7.318575476981729,65.5044288158402,4.961623113874769,7.318575031689771
signsuisse_test,sign_mt_v2,298,5.822881473444943,4356.378740151006,5.8202976694250905,9.798504444631739,9.798504444631739,5.820299014150994,9.798504444631739,96.02305570714064,5.820299020104591,9.79850444811146
signsuisse_test,sign_mt_v2,299,3.3106003961434527,2853.668050918706,3.2984749400870665,7.942348142107719,7.942348142107719,3.2984740142385656,7.942348142107719,83.29255438126418,3.2984740008052134,7.942348155941731
signsuisse_test,sign_mt_v2,300,6.405173915763343,4625.317868170703,6.324889871179845,7.83662111696952,7.83662111696952,6.32489462782569,7.83662111696952,27.7545663556444,6.324894650090981,7.836621163076136
signsuisse_test,sign_mt_v2,301,6.754469140060907,5431.827083048738,7.1525195904636165,8.595307481066193,8.595307481066193,6.750250581349779,7.930896431480257,54.51488809393802,7.152520673647357,8.595307494359481
signsuisse_test,sign_mt_v2,302,10.636037951924514,5957.38244974877,10.959157834925142,13.393403494838996,13.393403494838996,10.598291785083557,13.057393620230316,65.52123545089027,10.959156155305166,13.393403486686665
signsuisse_test,sign_mt_v2,303,7.087719606167567,5515.11332925231,6.759853582122694,10.127743359969982,10.127743359969982,7.062987374048821,10.359365758651787,87.14120977899485,6.75985313109458,10.127743359973001
signsuisse_test,sign_mt_v2,304,4.1371873184428,3391.2448634488037,4.122494135438781,6.771228820457871,6.771228820457871,4.122496613028377,6.771228820457871,59.25457608258386,4.122496620057409,6.771228822704349
signsuisse_test,sign_mt_v2,305,4.696716072806579,3707.332903130271,5.739258500524529,7.772356855838766,7.772356855838766,4.666154682030868,6.820468663010403,56.802297359473414,5.739258270699118,7.772356598547919
signsuisse_test,sign_mt_v2,306,7.89321345441965,5901.689695724455,6.160746019612927,6.79328246227898,6.79328246227898,7.856862052656503,11.609660217816582,114.07102465300551,6.160746362089345,6.7932824554440305
signsuisse_test,sign_mt_v2,307,12.39678283150175,7218.091646124492,12.48052045494968,22.92191507924541,22.92191507924541,12.386993839254577,22.863809231977037,201.1626644227366,12.480516318772803,22.921914926810484
signsuisse_test,sign_mt_v2,308,6.283070710291035,4720.803237926059,6.254867560090702,8.407409145759626,8.407409145759626,6.2548672710377256,8.407409145759626,39.859663396322595,6.254866576003702,8.40740845595442
signsuisse_test,sign_mt_v2,309,4.454707563516697,3550.5747150511606,4.4194873027860995,7.823959188276872,7.823959188276872,4.41948671793371,7.823959188276872,57.89367754884661,4.419486446459335,7.8239588502841615
signsuisse_test,sign_mt_v2,310,3.720577112612938,3172.4228895218125,3.6713520017049723,7.212585030450054,7.212585030450054,3.6713515153792198,7.212585030450054,73.27725700957342,3.6713512832373385,7.212585003045829
signsuisse_test,sign_mt_v2,311,8.170884352229669,5555.865563312189,8.146874580455236,9.442424016267513,9.442424016267513,8.146876900148053,9.442424016267513,51.34618915582477,8.14687691871373,9.442424020158025
signsuisse_test,sign_mt_v2,312,6.174931881134073,4189.000614480602,6.061804490149502,6.648607140688371,6.648607140688371,6.140129636575667,6.730349948088965,17.261007208281775,6.061804952400335,6.648606915154671
signsuisse_test,sign_mt_v2,313,8.488452628832894,5039.062092478699,8.46120722242297,10.345550550736219,10.345550550736219,8.461209094745833,10.345550550736219,48.8839811750297,8.461209088014325,10.345550558284309
signsuisse_test,sign_mt_v2,314,6.5598116489563765,5208.612033415959,6.552105860231754,11.009600312095978,11.009600312095978,6.552106294768216,11.009600312095978,87.46914834623006,6.552106289430082,11.009600312919067
signsuisse_test,sign_mt_v2,315,6.695735395290403,5135.41922708561,6.693315022030364,6.879970658693206,6.879970658693206,6.693316737512776,6.879970658693206,15.846873275096899,6.693316747369292,6.8799706680066155
signsuisse_test,sign_mt_v2,316,5.340395947703162,3983.5810898136483,5.331999216634652,6.922475542478269,6.922475542478269,5.331999489891309,6.922475542478269,55.29659981832955,5.331999148858921,6.922475365401807
signsuisse_test,sign_mt_v2,317,5.50799024222756,4856.370277161862,5.5007448505290695,7.020464028469895,7.020464028469895,5.500744835689874,7.020464028469895,49.20328302412605,5.500744844225939,7.0204640343888975
signsuisse_test,sign_mt_v2,318,6.866854354529506,4888.557346272522,7.015722996945408,9.873493710931186,9.873493710931186,6.86504131756841,9.808984401064663,79.97034595433935,7.015722014875477,9.873493575542735
signsuisse_test,sign_mt_v2,319,6.247149306193207,4242.45381667165,6.78530850771712,10.331774131251409,10.331774131251409,6.236949828022106,9.897266936011505,80.64420141075978,6.785308011463014,10.331774142594515
signsuisse_test,sign_mt_v2,320,10.921404433472183,6198.723162423722,11.477286206771181,14.460619522245432,14.460619522245432,10.92428792172556,13.647194571419927,81.18676335493612,11.477288183746678,14.460619385189245
signsuisse_test,sign_mt_v2,321,6.829695580905765,4773.066240633559,6.819866694768726,9.805834470653085,9.805834470653085,6.819866388188568,9.805834470653085,60.35509657572894,6.819866376200908,9.805834469553634
signsuisse_test,sign_mt_v2,322,6.321302620556024,4849.925847120382,6.321500780109399,8.401397216912526,8.401397216912526,6.321500479717499,8.401397216912526,61.775618787556,6.321500468807905,8.401397203192726
signsuisse_test,sign_mt_v2,323,9.4014360267246,4717.5459457696625,11.591821190407032,14.631269828573593,14.631269828573593,9.378226914506179,12.745844679950762,96.73686683963814,11.591821658081901,14.631269829096802
signsuisse_test,sign_mt_v2,324,5.928054711474966,4293.941437865806,5.928443393727004,6.214389834381473,6.214389834381473,5.928441929700312,6.214389834381473,21.10491363327107,5.928441908885838,6.214389818169344
signsuisse_test,sign_mt_v2,325,3.253354290249335,3071.6433661112133,3.2517959985966933,5.302299527126474,5.302299527126474,3.251795343140079,5.302299527126474,44.49535677466008,3.251795351482458,5.302299518135397
signsuisse_test,sign_mt_v2,326,8.81020754390172,4854.500897395729,8.543596572982986,9.52325755022766,9.52325755022766,8.792185793273697,9.847737033733438,43.091075936566696,8.54359711672095,9.523257562700355
signsuisse_test,sign_mt_v2,327,7.936051227501333,5439.15281270399,7.935774875991027,9.833070720729406,9.833070720729406,7.935770853194963,9.833070720729406,61.17702771544201,7.935770847659726,9.833070721860922
signsuisse_test,sign_mt_v2,328,14.393299226754849,7985.481536293355,14.254421237810178,17.403146010581878,17.403146010581878,14.38356996793902,17.495414123308688,78.42678137258,14.254422311216977,17.40314601673584
signsuisse_test,sign_mt_v2,329,5.409052974339028,3858.4031834955586,5.3926480424874645,7.08260966286918,7.08260966286918,5.392647377293652,7.08260966286918,46.35327962304308,5.392647384205305,7.0826096698068
signsuisse_test,sign_mt_v2,330,5.672831107695376,4474.502956974729,5.66746714573904,8.300708917135339,8.300708917135339,5.667465591697381,8.300708917135339,64.73661865278831,5.667465585699148,8.300708897682327
signsuisse_test,sign_mt_v2,331,5.5581140375529925,3538.293561352635,5.5444923787715386,7.592926170180854,7.592926170180854,5.544491104116433,7.592926170180854,48.123920963684114,5.544491277583203,7.592926315056893
signsuisse_test,sign_mt_v2,332,7.20225207063171,5719.096001886067,6.969804707688874,11.922781037258126,11.922781037258126,7.192994411232251,11.994237372048937,113.40314313889621,6.969804397424231,11.922781097104851
signsuisse_test,sign_mt_v2,333,6.756984141417535,4400.301403526507,6.761725538365195,10.040700033741402,10.040700033741402,6.761723741511986,10.040700033741402,79.43630079892961,6.761724316977363,10.040700314419785
signsuisse_test,sign_mt_v2,334,2.8153475141975326,3283.6761475712688,2.813355214832975,5.2242795453621955,5.2242795453621955,2.81335657443962,5.2242795453621955,52.41428280157521,2.813356560895646,5.224279533390437
signsuisse_test,sign_mt_v2,335,3.3951173139356907,3670.6045817532713,2.778305137428398,4.611740671148913,4.611740671148913,3.3687484558352145,5.363394304469612,52.804410389155215,2.7783050296010288,4.611740678606834
signsuisse_test,sign_mt_v2,336,7.213159624100414,4306.818521372169,6.940298579353737,10.264813128680496,10.264813128680496,7.223234157635134,10.085044470764428,93.31589087460286,6.940300257538969,10.264813264685172
signsuisse_test,sign_mt_v2,337,4.995305032712223,3536.0838362751147,4.989238007378735,5.481529263750408,5.481529263750408,4.9780404156430915,5.470791397960344,31.3827112321252,4.9892377880350995,5.481529261456318
signsuisse_test,sign_mt_v2,338,5.328912621160484,3472.909556482768,5.482626797539266,7.075766301795722,7.075766301795722,5.314940666588444,6.310033291549479,46.13528568072262,5.482626889767968,7.075766337876549
signsuisse_test,sign_mt_v2,339,5.548179529068384,4069.5596096715994,5.527996123579231,8.529034599693599,8.529034599693599,5.517578690906262,8.522463188010553,67.38170428509552,5.5279967368492615,8.529034614987854
signsuisse_test,sign_mt_v2,340,5.569741449479396,4177.973668587889,5.683476766171627,8.726618497309135,8.726618497309135,5.559187642276734,8.112999830728413,73.17516165188347,5.68347607081475,8.726618480615707
signsuisse_test,sign_mt_v2,341,6.793279903312672,4096.005291126154,6.477776949870178,8.87605599238388,8.87605599238388,6.76928639958282,8.977739705023591,61.5857164725884,6.477777188555592,8.876056010543389
signsuisse_test,sign_mt_v2,342,3.520274323053391,3396.50920008378,3.5366620284025876,4.225700926684744,4.225700926684744,3.536663640580702,4.225700926684744,25.346523626575838,3.536663636654861,4.225700922544667
signsuisse_test,sign_mt_v2,343,8.548457523090176,5167.9746274568915,8.988391447821206,13.685786672085287,13.685786672085287,8.519336372131995,13.094876841132432,113.42945310645378,8.988389616446906,13.685786700041387
signsuisse_test,sign_mt_v2,344,11.394177627744071,7202.612792753506,11.113951509922211,15.050872959423842,15.050872959423842,11.38998999220169,15.123350123101668,113.09631835922954,11.113949770648613,15.05087393332296
signsuisse_test,sign_mt_v2,345,3.168505402155312,2816.0514002102827,3.1457894905239243,5.845808272757511,5.845808272757511,3.145789521715731,5.845808272757511,52.764585079268144,3.1457897383814393,5.84580832370083
signsuisse_test,sign_mt_v2,346,4.457702350052619,4292.09219905388,4.451222530336655,4.725623404338251,4.725623404338251,4.451223422791945,4.725623404338251,14.108144910206331,4.451223268896038,4.725623247991993
signsuisse_test,sign_mt_v2,347,6.164791641833689,4551.059164854839,6.444332900730835,10.177097269808998,10.177097269808998,6.152856129988409,9.821930152538075,85.42104552819288,6.444334003380631,10.177097290110986
signsuisse_test,sign_mt_v2,348,4.970848174039843,3772.645856668739,4.784482281753536,6.552173777260001,6.552173777260001,4.907417214195946,6.633581802086365,29.308643320983098,4.784483144551087,6.552173781925707
signsuisse_test,sign_mt_v2,349,11.14135790355318,6212.491922673422,11.572419763639658,15.93452119371805,15.93452119371805,11.129898351694724,15.946796913286656,102.37565098307988,11.57241904216094,15.93452112365807
signsuisse_test,sign_mt_v2,350,4.762409723185533,3775.7975614098737,4.457992515480738,6.485417312974074,6.485417312974074,4.740899966906637,6.8069726923403255,57.568859228786074,4.457992900161228,6.485417334085556
signsuisse_test,sign_mt_v2,351,6.398167376651797,4283.983706218291,6.415073228794075,9.308670638327166,9.308670638327166,6.415073375688577,9.308670638327166,73.84552100652893,6.415073422263995,9.308670661427882
signsuisse_test,sign_mt_v2,352,6.05680885797269,4059.6381614348306,5.803282188168885,8.996209931824783,8.996209931824783,6.052897401594988,9.131451201952151,77.27211264775319,5.803281046715716,8.996209867336134
signsuisse_test,sign_mt_v2,353,6.387691585534979,4729.007455547187,6.386904147915813,9.599762008151863,9.599762008151863,6.386904223611286,9.599762008151863,77.42289023820358,6.386904222668645,9.59976201588087
signsuisse_test,sign_mt_v2,354,3.655742181058019,2877.2667087905443,3.629890274625759,5.875181045991883,5.875181045991883,3.629889924361078,5.875181045991883,45.46974703357417,3.629890037356302,5.875181162796482
signsuisse_test,sign_mt_v2,355,6.679831380978648,4628.490580163025,6.662828344040408,10.232446815049169,10.232446815049169,6.662827427952903,10.232446815049169,66.00919888660057,6.6628274201459226,10.232446805253065
signsuisse_test,sign_mt_v2,356,4.543937108711944,3707.001500445055,4.531527812954123,7.590188039339676,7.590188039339676,4.5315292472258175,7.590188039339676,40.904782245706635,4.531529208710998,7.590188034765434
signsuisse_test,sign_mt_v2,357,4.528149763627531,3416.584886077462,4.52455828241965,5.605032442423505,5.605032442423505,4.5245589627902785,5.605032442423505,33.26666496969859,4.5245589684119425,5.605032454276262
signsuisse_test,sign_mt_v2,358,5.020299008466369,3649.5115890836514,4.96077814784696,7.750671581540137,7.750671581540137,4.960778521063072,7.750671581540137,67.72093551249176,4.960778518423993,7.750671566280049
signsuisse_test,sign_mt_v2,359,6.610767030657666,3502.2714202495313,7.527171858529452,8.178712778630139,8.178712778630139,6.578887528073587,7.3996945398674105,48.59540316831472,7.527170448509023,8.178712555516082
signsuisse_test,sign_mt_v2,360,6.248114369263377,4993.124536570556,6.243565350648809,9.483642827330744,9.483642827330744,6.2435655525658245,9.483642827330744,77.33057322901618,6.243565561906523,9.483642840683006
signsuisse_test,sign_mt_v2,361,6.861684327703348,4203.002603928411,6.84910420285653,7.985976025248942,7.985976025248942,6.849103357661475,7.985976025248942,27.828997838665856,6.8491033510920545,7.9859760041240095
signsuisse_test,sign_mt_v2,362,5.582663760708674,4098.657062511635,5.532934797185733,6.3534579669601055,6.3534579669601055,5.53293673904688,6.3534579669601055,19.45731843963386,5.532936123854414,6.3534573059528725
signsuisse_test,sign_mt_v2,363,9.071264177178518,6188.62884030225,9.367349813447673,12.596647919253233,12.596647919253233,9.046916143734833,12.507217018106925,95.32945541005698,9.367350209043256,12.596648172968184
signsuisse_test,sign_mt_v2,364,13.333909121861577,6891.373686410514,14.448480061534466,16.369650906708188,16.369650906708188,13.335332235106911,15.182912695000775,103.83670047877504,14.448479035300812,16.369649836685905
signsuisse_test,sign_mt_v2,365,5.87427052843447,4200.162587636646,5.846039110617722,6.956455875847503,6.956455875847503,5.846037399021056,6.956455875847503,32.03068550505553,5.8460373847582705,6.9564558573338555
signsuisse_test,sign_mt_v2,366,5.806415142073038,3911.4897760911635,5.657937575713792,7.853850058510491,7.853850058510491,5.775505571029667,7.958213579665361,70.42625270994935,5.657937189192947,7.853850065406361
signsuisse_test,sign_mt_v2,367,6.629489772736199,4230.775816813177,7.052784881414963,7.765702411455739,7.765702411455739,6.592961901490814,7.427957699814824,50.69360753275352,7.052784890833429,7.765702372912738
signsuisse_test,sign_mt_v2,368,4.718100758934761,3282.8137456615436,4.707713321187178,6.521602510752335,6.521602510752335,4.70771236687839,6.521602510752335,51.8871790288063,4.707712018017777,6.521602250070391
signsuisse_test,sign_mt_v2,369,4.6445363960868,4046.01258023415,4.624625935472737,7.578521887385374,7.578521887385374,4.62462640826793,7.578521887385374,64.50670575884408,4.624625906397313,7.5785215777406165
signsuisse_test,sign_mt_v2,370,5.217487573922759,3249.8306429445233,5.143602957491748,6.8529539083309166,6.8529539083309166,5.140299975027292,6.591810158980708,33.98975613218653,5.143604493079962,6.852953938454587
signsuisse_test,sign_mt_v2,371,6.749926877142927,5684.603667263036,6.742960535902169,10.769346669092737,10.769346669092737,6.742960593598962,10.769346669092737,84.62518443392798,6.742960578319523,10.769346670373631
signsuisse_test,sign_mt_v2,372,7.366574392661859,5013.686011403308,7.812244511707415,11.075303259759846,11.075303259759846,7.312472875987042,10.384969561642595,80.89496322738677,7.812241868200526,11.075303290447335
signsuisse_test,sign_mt_v2,373,3.5293826008774443,3101.423907380978,3.5150923726077288,6.450490034802191,6.450490034802191,3.5150941015490687,6.450490034802191,52.26773184927185,3.5150941472342447,6.450490133398519
signsuisse_test,sign_mt_v2,374,5.516116095027318,4556.587758978899,5.514623999199284,7.558113248999053,7.558113248999053,5.514624720987539,7.558113248999053,46.07414895633018,5.514624706602862,7.558113254962846
signsuisse_test,sign_mt_v2,375,5.361840680590462,4208.345453604367,5.341790239342193,8.159431271829204,8.159431271829204,5.348030513509515,8.222885932540782,75.20967151330888,5.341790040711028,8.15943115995106
signsuisse_test,sign_mt_v2,376,5.733780661020481,4119.109437183504,7.315716015887072,8.831085832669146,8.831085832669146,5.70436254015015,7.578648242531519,73.14653907615357,7.315718187205547,8.831085328092755
signsuisse_test,sign_mt_v2,377,4.76126287500334,3810.252474582595,4.338835942580856,5.084068026670278,5.084068026670278,4.714055156224245,5.5280579961378535,32.62919097204232,4.338836185287511,5.084068067621178
signsuisse_test,sign_mt_v2,378,3.5015635160412595,3322.2903380333273,2.9343510165297344,5.694473832010685,5.694473832010685,3.490620732082838,6.127550006791733,60.41183900310956,2.9343513820481157,5.6944736946530075
signsuisse_test,sign_mt_v2,379,6.538131037409269,4599.574309039077,6.481291020874276,7.751071280531573,7.751071280531573,6.481288904168402,7.751071280531573,18.93165077742887,6.481288936541399,7.751071250722752
signsuisse_test,sign_mt_v2,380,7.704720020563739,4921.175089999311,7.672555254854602,11.083898769995363,11.083898769995363,7.672551666240992,11.083898769995363,82.23870850805356,7.672551679987409,11.08389878953974
signsuisse_test,sign_mt_v2,381,5.421879380057845,3719.1814733483616,5.399038875293862,8.416945479398487,8.416945479398487,5.39903882982875,8.416945479398487,55.70397078313637,5.399038818771853,8.416945476780697
signsuisse_test,sign_mt_v2,382,7.007425471797321,5491.657217773097,6.996620053060797,10.109884860261078,10.109884860261078,6.9966178227438,10.109884860261078,83.57376051407357,6.99661704530784,10.109884295769845
signsuisse_test,sign_mt_v2,383,9.008137181466457,5719.523370110856,9.553949000145193,11.722058151343035,11.722058151343035,8.984286698246976,10.640754188220672,71.61966302775183,9.553944864119826,11.722058084619682
signsuisse_test,sign_mt_v2,384,8.184902301729418,4807.683493394954,8.14910225264454,9.649600917278892,9.649600917278892,8.149104222050896,9.649600917278892,53.87753043394565,8.149103314081234,9.649600176879579
signsuisse_test,sign_mt_v2,385,3.031039564507465,2751.2459940030135,3.01353707202743,5.567368224321642,5.567368224321642,3.013537719283073,5.567368224321642,53.278019349004566,3.0135377250438187,5.567368237926975
signsuisse_test,sign_mt_v2,386,8.634089847404917,6093.307774122361,8.642715651391923,10.857576706883767,10.857576706883767,8.642714819299588,10.857576706883767,61.13582964577199,8.642714817083188,10.857576685477122
signsuisse_test,sign_mt_v2,387,5.015431389011698,3877.8176141438544,4.993002748726065,8.879324960527702,8.879324960527702,4.99300243580965,8.879324960527702,69.64077620038891,4.993001834314715,8.87932461984617
signsuisse_test,sign_mt_v2,388,5.197414208856466,4286.319561095008,5.188636393964619,8.390322993818254,8.390322993818254,5.188634285984075,8.390322993818254,78.18864634871896,5.1886347886599,8.390323254511284
signsuisse_test,sign_mt_v2,389,5.719583510914977,3955.0308297872625,5.6851065916999355,7.038327200300531,7.038327200300531,5.685106066791779,7.038327200300531,40.17555466553346,5.685106052585176,7.038327192620578
signsuisse_test,sign_mt_v2,390,5.003391754550945,3658.4164949396763,4.99326893336398,5.283755033330614,5.283755033330614,4.993269491201484,5.283755033330614,20.830759040278423,4.993269277441364,5.283754838166289
signsuisse_test,sign_mt_v2,391,6.56869008557328,4404.547921510087,7.622034378718579,10.562677390452947,10.562677390452947,6.54592038136943,9.741840972489301,70.33645181205131,7.622034128473375,10.562677385216816
signsuisse_test,sign_mt_v2,392,4.124212959179565,3472.640064252714,4.107107483200094,5.603762267485866,5.603762267485866,4.1071074330425255,5.603762267485866,38.70654867796767,4.107107438191959,5.6037622623059615
signsuisse_test,sign_mt_v2,393,6.121236160707129,5255.682593704629,6.127317845383639,9.683223242858892,9.683223242858892,6.127319845295134,9.683223242858892,86.0033624972819,6.12731985593768,9.683223236997632
signsuisse_test,sign_mt_v2,394,4.995676880200877,4014.739127089849,4.980278874299623,12.164335004126459,12.164335004126459,4.980279305486987,12.164335004126459,125.46383371789604,4.9802793048755305,12.164334993516936
signsuisse_test,sign_mt_v2,395,10.077385182075044,6244.963636438273,10.089617483604494,12.656838200737738,12.656838200737738,10.081147224409733,12.649731545620192,69.80573999728735,10.08961800453117,12.656838206105576
signsuisse_test,sign_mt_v2,396,5.834447617530836,3729.170575245926,6.1984199520507115,8.98237823856832,8.98237823856832,5.870820448894955,8.684335815812258,53.64788767611325,6.198421139145883,8.982378765460497
signsuisse_test,sign_mt_v2,397,4.595333634777457,4216.662479061495,5.141461881115552,8.20898975814509,8.20898975814509,4.582396742067548,7.593209230676491,71.27990453643368,5.141461962993897,8.208989737041827
signsuisse_test,sign_mt_v2,398,6.974051271162352,4787.408369990968,6.9434615800403385,8.371136586411215,8.371136586411215,6.943462991415978,8.371136586411215,44.90548529825625,6.943462995045333,8.371136586401027
signsuisse_test,sign_mt_v2,399,5.488637116759379,4369.263945961192,5.349692272159048,6.504633133763486,6.504633133763486,5.499684629135651,6.678576668672853,43.98146691004362,5.3496970325480575,6.5046331328164095
signsuisse_test,sign_mt_v2,400,4.802960217101752,3500.3258188434634,4.774436030373069,9.785118377596174,9.785118377596174,4.774437088979441,9.785118377596174,83.04326705548272,4.774437089561922,9.7851183801781
signsuisse_test,sign_mt_v2,401,6.016080306764045,3508.716353276907,6.397888485269995,10.068026111808184,10.068026111808184,5.9875937668401535,9.445528239056577,91.48493161837875,6.397888655300909,10.068025917467466
signsuisse_test,sign_mt_v2,402,5.846489758769802,5279.522579734948,5.83317861312234,6.725766783850642,6.725766783850642,5.833179317294873,6.725766783850642,35.651539420889456,5.833179312160699,6.725766779793131
signsuisse_test,sign_mt_v2,403,7.598893309847305,5012.089281168282,8.837424213511701,11.876666220557777,11.876666220557777,7.573711569592962,10.721522185682945,85.64344183296058,8.837427383023595,11.876666312610025
signsuisse_test,sign_mt_v2,404,4.715612098168335,2827.3370389561596,4.7924323850329325,6.209142457171593,6.209142457171593,4.714626403028962,6.197772718987023,53.17110712557354,4.792431551805818,6.209142457609455
signsuisse_test,sign_mt_v2,405,4.7720479460134655,4161.42219938812,4.786597959420447,6.7369699420244835,6.7369699420244835,4.786598129426335,6.7369699420244835,50.25885900655015,4.786598344845889,6.736970102809672
signsuisse_test,sign_mt_v2,406,5.561822028829429,3912.7844627892982,5.537316019378115,9.71079469346175,9.71079469346175,5.537316239490739,9.71079469346175,73.67191301942952,5.5373161253777505,9.710794549928526
signsuisse_test,sign_mt_v2,407,9.79667693295458,5703.090278740095,9.865396739734276,11.160800527531432,11.160800527531432,9.76250602446664,10.881501399988812,68.18815209286583,9.865395384086316,11.160800789423327
signsuisse_test,sign_mt_v2,408,7.787404690481988,5280.382990466141,6.912287660384092,9.782747130408367,9.782747130408367,7.752315067555422,11.752668947027374,100.58140832112734,6.912288270956385,9.782747105864715
signsuisse_test,sign_mt_v2,409,4.914058266745996,3187.486632320338,4.898221328443016,5.590645484979946,5.590645484979946,4.898221397905829,5.590645484979946,26.9682677040996,4.89822139587818,5.5906454918216735
signsuisse_test,sign_mt_v2,410,5.2184597682278,3911.4708662347657,5.221494132406529,5.83803541314483,5.83803541314483,5.221497487458147,5.83803541314483,34.397790495628705,5.221497485756517,5.838035411582454
signsuisse_test,sign_mt_v2,411,4.234022722028281,3447.875663125959,4.232409287335042,5.26640529582081,5.26640529582081,4.232408709621599,5.26640529582081,23.55312124999588,4.232408728287969,5.266405297279578
signsuisse_test,sign_mt_v2,412,5.488885826324413,4158.22718482951,5.795332193631288,9.461841523193296,9.461841523193296,5.477783691858815,8.938712504143771,78.36862060823766,5.795333088838343,9.461841508008773
signsuisse_test,sign_mt_v2,413,3.7135387760798526,3028.2687027871316,3.703168079166685,4.13642035994034,4.13642035994034,3.703167674366201,4.13642035994034,16.72811369289746,3.70316768972901,4.136420371598665
signsuisse_test,sign_mt_v2,414,4.001895838128154,2236.662728460159,3.104183137393636,8.052054589125314,8.052054589125314,3.9131683353069477,9.001245920214805,80.55508443789569,3.1041839371766833,8.052054577633001
signsuisse_test,sign_mt_v2,415,4.24953513657238,3746.6926348032684,4.183949325897675,6.401544404975604,6.401544404975604,4.245571379097636,6.401544404975604,53.14144761477686,4.183951789329842,6.401544507789075
signsuisse_test,sign_mt_v2,416,5.538196224515602,3849.014051778346,5.546392829183942,9.40572834547608,9.40572834547608,5.516126519634987,9.4616932066729,57.77090284467063,5.54639185852889,9.405728347988562
signsuisse_test,sign_mt_v2,417,12.521889747787503,8447.565203658076,12.513523496960701,14.122500926832458,14.122500926832458,12.513526600338153,14.122500926832458,85.13142549307106,12.51352552692483,14.12250005200172
signsuisse_test,sign_mt_v2,418,2.4836746971061077,3050.7549991058177,2.4703263916150284,5.275535791232463,5.275535791232463,2.470326165206051,5.275535791232463,53.96653724909549,2.470326169923727,5.275535795738183
signsuisse_test,sign_mt_v2,419,4.591917648410693,3211.8508098830303,3.7987265442912586,8.028480409512175,8.028480409512175,4.581403959675985,8.506039295270735,80.60135505962387,3.7987263229926422,8.028480401486181
signsuisse_test,sign_mt_v2,420,4.283718889645068,3927.903308782937,4.279120577693982,6.259342485952834,6.259342485952834,4.27912171884845,6.259342485952834,45.96631508595185,4.279121795477516,6.259342530266244
signsuisse_test,sign_mt_v2,421,9.058063810263619,5796.859246729822,9.334043632716503,9.914953971514581,9.914953971514581,9.008916953978591,10.778808785583818,75.86100872242254,9.334039972492642,9.914954002708312
signsuisse_test,sign_mt_v2,422,5.875168411179606,3878.7069525435986,5.871960136539327,6.289107549186879,6.289107549186879,5.871960870987475,6.289107549186879,18.44724062382056,5.8719608576801265,6.289107522872866
signsuisse_test,sign_mt_v2,423,3.265984218237096,3695.756524840769,3.2527229103417516,6.825184896614034,6.825184896614034,3.2527280700234664,6.825184896614034,62.854987698173986,3.252728069860023,6.825184896586199
signsuisse_test,sign_mt_v2,424,6.172204377781314,4275.305628342523,6.5172734881620356,9.68651722174915,9.68651722174915,6.19333845843244,8.66199902289802,67.0998657095729,6.517274534366764,9.686517545916566
signsuisse_test,sign_mt_v2,425,7.585260875018207,5147.890715885466,7.544019637180814,9.771214148977187,9.771214148977187,7.5440215338935825,9.771214148977187,67.47324758243784,7.544021717088883,9.771214433962202
signsuisse_test,sign_mt_v2,426,4.783672722673349,3577.9110544990767,5.218464704413215,6.818847728287546,6.818847728287546,4.76443087435791,6.354753943960652,47.448309601905414,5.218464274670355,6.818847710748493
signsuisse_test,sign_mt_v2,427,5.6192364927935285,4820.410158153092,5.5789126175823265,8.129937909106124,8.129937909106124,5.5886569890310875,8.1355642336961,57.13694654007213,5.578912128486313,8.12993785565286
signsuisse_test,sign_mt_v2,428,3.213231200775411,2764.766266238975,3.204891197046029,4.625989753785853,4.625989753785853,3.204891709558404,4.625989753785853,35.34806425368677,3.204891713602411,4.625989751164343
signsuisse_test,sign_mt_v2,429,3.0204838436673156,3538.9642395330434,3.0163454794723656,3.2124271768227755,3.2124271768227755,3.016345591087058,3.2124271768227755,9.989999909511567,3.0163455769651852,3.2124271640791577
signsuisse_test,sign_mt_v2,430,3.913239388310164,3986.0020255380973,3.909499990547051,6.999042939317003,6.999042939317003,3.909500291610102,6.999042939317003,68.96693654308949,3.9095005812218537,6.999043015969462
signsuisse_test,sign_mt_v2,431,4.2573466976284875,3627.8945429936352,4.2627450985864535,5.64945719414347,5.64945719414347,4.262745767329077,5.64945719414347,45.71647255647758,4.262745773444106,5.649457198258922
signsuisse_test,sign_mt_v2,432,3.0025800450826834,2696.7724377318077,2.986213519834638,5.999790701333585,5.999790701333585,2.9862141689053834,5.999790701333585,47.18018774936,2.986214382035392,5.9997908626400065
signsuisse_test,sign_mt_v2,433,5.995013567572399,5001.772455088974,6.002610812405488,6.700106884264635,6.700106884264635,6.002607429414588,6.700106884264635,34.598051687414205,6.002607436586395,6.700106893673527
signsuisse_test,sign_mt_v2,434,5.118993976684155,3528.231738365267,5.783898132005435,7.982482714979893,7.982482714979893,5.107717527312498,7.291217334318962,73.11682430071842,5.783897240596223,7.98248280755404
signsuisse_test,sign_mt_v2,435,5.404671366839711,3181.402358296732,5.392119994104198,7.0929233685999735,7.0929233685999735,5.392119671942895,7.0929233685999735,40.8549958387432,5.39211966302394,7.092923381160749
signsuisse_test,sign_mt_v2,436,9.207055715574015,6227.489812947857,10.209373309356792,11.006536378515554,11.006536378515554,9.198445101808813,9.777840975050234,45.03820569121116,10.209373668675497,11.006536378372143
signsuisse_test,sign_mt_v2,437,4.802809019007948,4358.383920189475,4.799158812233277,9.659611335378338,9.659611335378338,4.799157985887496,9.659611335378338,87.42025934854101,4.799158033187789,9.659611411951014
signsuisse_test,sign_mt_v2,438,4.761623170420481,2935.7210150247793,4.721022670261606,6.076178271557776,6.076178271557776,4.721025174533017,6.076178271557776,37.01519136688043,4.721025142267031,6.076178198179027
signsuisse_test,sign_mt_v2,439,4.606333528060425,3400.5313535919013,4.983313756990634,6.064473914037216,6.064473914037216,4.585915275794197,5.7261667929464135,45.50255438222891,4.983314958348876,6.064473938000531
signsuisse_test,sign_mt_v2,440,4.992418744417158,3534.440115696777,4.98812659811606,7.2960834512070125,7.2960834512070125,4.988130078077175,7.2960834512070125,52.645968694212364,4.988130108763251,7.296083552288853
signsuisse_test,sign_mt_v2,441,4.997553365803519,4224.646297998332,4.945087025243974,6.3541173961197845,6.3541173961197845,4.9450847688318715,6.3541173961197845,39.75043427922675,4.945084631378974,6.354117276222408
signsuisse_test,sign_mt_v2,442,4.860006534211749,3253.2780425887213,4.753704457295025,6.905388181500056,6.905388181500056,4.753704576399049,6.905388181500056,45.005647077241335,4.753704581646685,6.9053881948355995
signsuisse_test,sign_mt_v2,443,9.207609483894101,5807.440986374573,9.198134005685956,11.433472518880166,11.433472518880166,9.198127969247375,11.433472518880166,72.04409993519039,9.198128996245428,11.43347336316106
signsuisse_test,sign_mt_v2,444,1.5804046910721687,2206.703568197348,1.5671663685346908,2.7061078337984807,2.7061078337984807,1.5671661703794428,2.7061078337984807,23.107792146519554,1.5671661785154383,2.706107838721942
signsuisse_test,sign_mt_v2,445,4.010474535810266,3897.379854707975,4.001562325809057,5.443161197383651,5.443161197383651,4.001562711452487,5.443161197383651,41.97440815392539,4.001562736806967,5.443161238431122
signsuisse_test,sign_mt_v2,446,4.122140424925934,3166.713034670878,4.115234278716819,4.705124797345727,4.705124797345727,4.115234706448739,4.705124797345727,25.46264671956842,4.115234995547687,4.705125050451937
signsuisse_test,sign_mt_v2,447,11.214505410350414,7313.703317094258,12.156310905626414,15.801446961200456,15.801446961200456,11.19639948321817,15.305749065771398,89.76230018864999,12.156311566887169,15.801447841608004
signsuisse_test,sign_mt_v2,448,5.253020086146405,3086.1047199621016,5.13249810904276,9.107268540368194,9.107268540368194,5.132497828198604,9.107268540368194,81.25160496584577,5.132497523109284,9.10726848081401
signsuisse_test,sign_mt_v2,449,4.469977782036725,4503.788110000158,4.462853350918684,6.422586849521283,6.422586849521283,4.462853244738571,6.422586849521283,53.02411449387234,4.4628532412632165,6.4225868526734775
signsuisse_test,sign_mt_v2,450,6.311888211509899,4939.241319375015,5.7962577024072415,8.239222077274858,8.239222077274858,6.304989816921668,8.878868413412903,78.38728377256678,5.7962576204426295,8.239222043976946
signsuisse_test,sign_mt_v2,451,4.318262664477648,3089.1781363305718,4.303487165517334,6.368811561376928,6.368811561376928,4.30348704483974,6.368811561376928,48.04138431299771,4.303487053696181,6.368811569193378
signsuisse_test,sign_mt_v2,452,3.4725907277432047,2434.9437683014926,3.4578522084460066,5.000620080958674,5.000620080958674,3.457848886139795,5.000620080958674,24.479703331124036,3.457848883970879,5.000620080184866
signsuisse_test,sign_mt_v2,453,7.644285676360784,5211.434618613117,7.76535224277094,11.151239041006004,11.151239041006004,7.639687251678899,10.949214209844403,95.1553620122783,7.765352285425417,11.151239031152816
signsuisse_test,sign_mt_v2,454,3.9777206181575773,3143.876826875358,3.950801192754421,5.714736711653467,5.714736711653467,3.9508020870142726,5.714736711653467,45.603575410577044,3.9508020933065486,5.714736722805925
signsuisse_test,sign_mt_v2,455,4.436788334523228,3617.0757027070495,4.425761822384779,5.365872327485534,5.365872327485534,4.425762380691426,5.365872327485534,24.42427745337374,4.425762390714051,5.365872338748142
signsuisse_test,sign_mt_v2,456,5.207930329939805,4320.154362169082,5.207194970472857,5.811599023724008,5.811599023724008,5.207194183145591,5.811599023724008,23.624426939421994,5.207194049503469,5.811598912196062
signsuisse_test,sign_mt_v2,457,7.254775471644859,4601.80614993091,7.560006609761396,8.823731450188232,8.823731450188232,7.2615040462163165,8.491966367087207,52.607355254160254,7.560009724519277,8.823731460229514
signsuisse_test,sign_mt_v2,458,3.6037443519448544,2724.3993038602575,3.5697950059376056,7.133538332167921,7.133538332167921,3.5697951850317895,7.133538332167921,72.2373062433844,3.5697950136890335,7.133538221029018
signsuisse_test,sign_mt_v2,459,8.611395752789633,3637.800659509849,9.319560235124145,13.27068176669563,13.27068176669563,8.568347606420257,12.730710241652783,108.2449218694961,9.31956085218998,13.270681770218758
signsuisse_test,sign_mt_v2,460,13.794005695546431,7221.585229914106,14.433308256130967,15.757159718535954,15.757159718535954,13.764851599671141,14.91836771996521,71.99210065859306,14.433305984023889,15.757158678394974
signsuisse_test,sign_mt_v2,461,5.7809931812664175,4141.449764636105,5.766356850055094,8.170324511345505,8.170324511345505,5.766355724812886,8.170324511345505,59.74946000990221,5.766355715504575,8.1703245140537
signsuisse_test,sign_mt_v2,462,6.723227395164759,5247.790396133519,6.7728896092110045,8.601403076836469,8.601403076836469,6.72280350791318,8.578632128961571,61.41665332258015,6.772889557561954,8.601404259568909
signsuisse_test,sign_mt_v2,463,16.91755544189522,8963.647221871415,16.75710735648188,17.58096958064001,17.58096958064001,16.891169396991298,17.70639860740757,49.94740019786817,16.75710793480293,17.580971347559984
signsuisse_test,sign_mt_v2,464,4.364559172243612,3633.9127303313503,5.303663490229031,9.572784903007356,9.572784903007356,4.3040752072203405,8.18354058115377,78.77533906044195,5.303664628207473,9.572784866641591
signsuisse_test,sign_mt_v2,465,3.6229367797280654,4128.602910959359,3.622153793329278,5.815679086718474,5.815679086718474,3.6221515944498606,5.815679086718474,48.42541096345102,3.6221515441389394,5.8156790548500235
signsuisse_test,sign_mt_v2,466,5.760418274283024,3787.4678491960112,5.73898573075207,8.736234092104732,8.736234092104732,5.738986670114873,8.736234092104732,59.95126533923899,5.738986154359558,8.73623380627522
signsuisse_test,sign_mt_v2,467,6.71346701723405,3619.330486056384,6.703929357391264,6.93108207683216,6.93108207683216,6.703929792088574,6.93108207683216,6.931789343941993,6.7039297725296585,6.931082056068196
signsuisse_test,sign_mt_v2,468,6.042838676513631,3965.2342276737813,6.329817472089978,9.68192506762064,9.68192506762064,6.019103454608969,9.361589278869035,97.45114395257745,6.329816121111207,9.681925031802919
signsuisse_test,sign_mt_v2,469,6.798162432284628,5116.8377302358795,6.792836302771325,9.934870607964186,9.934870607964186,6.792834899995775,9.934870607964186,68.75081048736482,6.792836409101178,9.934871868314554
signsuisse_test,sign_mt_v2,470,4.351135389173638,4134.137244132011,4.320967297430583,11.81887445956609,11.81887445956609,4.320966190366348,11.81887445956609,116.0087127122572,4.320966779412598,11.81887443884867
signsuisse_test,sign_mt_v2,471,5.8153735025698365,3719.4890275695093,6.144063723246212,8.969344988383087,8.969344988383087,5.793910598791898,8.675003925786452,67.79361174715187,6.144062607145762,8.969344990157813
signsuisse_test,sign_mt_v2,472,6.5393041592824535,5154.899890745585,6.53621588447395,9.829565766993728,9.829565766993728,6.53621183769685,9.829565766993728,64.90696227313076,6.536211872210564,9.82956581199786
signsuisse_test,sign_mt_v2,473,11.758681289369816,6702.0738289360115,11.44121562325503,12.27434691367724,12.27434691367724,11.759217588829946,12.473804639821171,37.31284406377449,11.4412198219365,12.274345556479334
signsuisse_test,sign_mt_v2,474,6.163594611577844,4620.876230263355,5.819512661334513,8.653986635340727,8.653986635340727,6.13651146921334,8.891037582512324,79.18947969651167,5.819512968373556,8.653986671626578
signsuisse_test,sign_mt_v2,475,4.718819412201603,3495.847112321931,4.693875062991784,5.278282551145615,5.278282551145615,4.693874792066345,5.278282551145615,17.2214480862752,4.693874784091328,5.2782825535284275
signsuisse_test,sign_mt_v2,476,7.354971570345219,4526.6299092479185,7.326159061273689,8.230698746608962,8.230698746608962,7.326159701381921,8.230698746608962,23.21959104850879,7.326159702353969,8.230698747073328
signsuisse_test,sign_mt_v2,477,5.259272024390343,4029.5499667595395,5.239435954145799,6.52402901293698,6.52402901293698,5.239435596872603,6.52402901293698,46.013856444408155,5.239435589319979,6.524029016233958
signsuisse_test,sign_mt_v2,478,7.15016671943255,4767.829027072924,7.24749613782346,9.205871768654715,9.205871768654715,7.132571916276847,9.15460547656989,55.23302399131198,7.2474979380573625,9.205871474266578
signsuisse_test,sign_mt_v2,479,8.731225516859311,4870.61430020496,8.67617079772493,11.838592785852414,11.838592785852414,8.67617170886038,11.838592785852414,78.16263339459779,8.676171719770625,11.838592788155404
signsuisse_test,sign_mt_v2,480,2.0973544047082524,2105.7517977833886,2.0973544047082524,3.458406518699883,3.458406518699883,2.097354231173488,3.458406518699883,32.661396634638805,2.097354229713541,3.458406515781936
signsuisse_test,sign_mt_v2,481,4.75416759805919,4128.440350173783,4.7492150398426,5.579818701879568,5.579818701879568,4.749213985287721,5.579818701879568,25.800593181682405,4.749214404110545,5.579819032055693
signsuisse_test,sign_mt_v2,482,7.341494320120789,4790.071857273169,7.357162524035087,9.436689699568253,9.436689699568253,7.357162883642026,9.436689699568253,63.11378002219809,7.357162904288786,9.436689700945733
signsuisse_test,sign_mt_v2,483,3.295396979451297,3018.711386302589,3.283763529830121,3.6027511889099904,3.6027511889099904,3.28376351535723,3.6027511889099904,13.750923056075289,3.283763615043285,3.602751305316288
signsuisse_test,sign_mt_v2,484,8.067772804265944,5377.438135714236,8.058534124875123,12.364333662369521,12.364333662369521,8.058534212560136,12.364333662369521,97.5380502414176,8.058534215532259,12.364333661466466
signsuisse_test,sign_mt_v2,485,4.445646898382871,3562.3183149183965,4.870421247628491,5.442480638924202,5.442480638924202,4.44260257211488,5.047830879265416,27.337154515353973,4.870420827449885,5.442480648352683
signsuisse_test,sign_mt_v2,486,4.20489475915695,3436.7147465704975,3.836819089858796,6.585913296870072,6.585913296870072,4.181149503954198,7.066920500195697,68.48433015010562,3.8368197673808146,6.5859133759313515
signsuisse_test,sign_mt_v2,487,4.469605865617761,4325.005584550267,4.461678059487272,8.242370520883245,8.242370520883245,4.461675664345775,8.242370520883245,75.66092589549729,4.461675440666858,8.242370565600728
signsuisse_test,sign_mt_v2,488,8.6489902850256,5246.248551181033,8.638810869502489,11.922437006750139,11.922437006750139,8.63881372152254,11.922437006750139,136.03233464936247,8.638813721105173,11.922436999109443
signsuisse_test,sign_mt_v2,489,8.122190579886443,4311.925589357961,8.805777295631202,9.886907020581043,9.886907020581043,8.083542169098033,9.130552405821595,79.57122997811197,8.80577552772871,9.886907149235387
signsuisse_test,sign_mt_v2,490,4.476515571552675,3870.993320423944,4.469153601675081,5.838786720444252,5.838786720444252,4.469153337146499,5.838786720444252,32.24725728279696,4.469153336807235,5.838786722647615
signsuisse_test,sign_mt_v2,491,5.5665737109507045,4281.306247327416,5.6481423385087615,6.134051277170265,6.134051277170265,5.560735887079661,5.924038188680851,29.336097362137533,5.648141049272563,6.134050838373774
signsuisse_test,sign_mt_v2,492,4.173403213521908,3162.2973197399538,3.9806589271672914,5.448572944391472,5.448572944391472,4.172659142788104,5.721897276973183,39.91127598687853,3.9806593197572693,5.448572986981712
signsuisse_test,sign_mt_v2,493,4.934012820684162,3566.829450580121,4.898949623733663,11.504720575443457,11.504720575443457,4.8989500016641,11.504720575443457,116.17766187156093,4.898949490935711,11.504720479591281
signsuisse_test,sign_mt_v2,494,6.006750167758949,4192.882395148316,6.009023210428062,8.245084399066773,8.245084399066773,5.991998884718247,8.474363724420826,57.105363484133875,6.009022665062786,8.245084398716683
signsuisse_test,sign_mt_v2,495,6.612236143788687,4449.452090131385,6.083128098913303,6.645030949448561,6.645030949448561,6.57348654873412,7.331462999460352,36.88845706919543,6.083125751653585,6.64503096132338
signsuisse_test,sign_mt_v2,496,6.055715691381815,4119.636100742557,6.583457962658254,10.03822026307742,10.03822026307742,6.043010361892847,9.245215209035635,99.02824516483312,6.583457876604119,10.03822026472711
signsuisse_test,sign_mt_v2,497,5.702934868343983,4731.404349399821,5.2918516488037906,8.752721555687346,8.752721555687346,5.658523385326404,9.073327857231407,81.14428086144764,5.291852115297777,8.752721567462022
signsuisse_test,sign_mt_v2,498,9.17449640474901,5491.136350401252,9.174733036491139,10.765957178298427,10.765957178298427,9.174732052189304,10.765957178298427,50.82450475489881,9.174732053188475,10.765957181381278
signsuisse_test,sign_mt_v2,499,3.3393182789741243,3695.439296123711,3.3195003812081643,6.096977028665764,6.096977028665764,3.3195002075980957,6.096977028665764,53.75210270457073,3.319500393113795,6.096977112051168
signsuisse_test,sign_mt_v2,500,4.146976530506605,3588.6755097741893,4.1414313871176995,5.342397591298472,5.342397591298472,4.1414320110296226,5.342397591298472,34.600241441247505,4.141432016425909,5.342397590457883
signsuisse_test,sign_mt_v2,501,3.7002281374890096,2869.1485949542443,3.453769103254164,6.247872205829884,6.247872205829884,3.6622261405184937,6.221852653014943,57.44184779335453,3.453768793740968,6.247872151695196
signsuisse_test,sign_mt_v2,502,2.6178804319455664,2460.051741353502,2.5820958259693865,5.842154458735021,5.842154458735021,2.5820951245724353,5.842154458735021,46.38225047205971,2.5820951260080998,5.842154457850189
signsuisse_test,sign_mt_v2,503,10.453560424024577,5477.758780142935,10.066236033713627,11.437414305985616,11.437414305985616,10.456326482057971,11.572316354497152,47.61914481882053,10.066236165235827,11.437415386568343
signsuisse_test,sign_mt_v2,504,11.096085627309451,6830.072943648932,12.210287846965153,14.388613445114334,14.388613445114334,11.059820098372095,13.181128687204694,77.03212853282858,12.210283285007497,14.388613410073912
signsuisse_test,sign_mt_v2,505,8.245074464670033,4892.98687419422,8.129569457542345,11.026629246592828,11.026629246592828,8.23761769730937,11.082570409089925,67.71866186587252,8.12956996050634,11.026629259685183
signsuisse_test,sign_mt_v2,506,4.862074187567875,4259.816783890993,4.853995397561187,7.941152243268737,7.941152243268737,4.853995773235775,7.941152243268737,80.08346589462016,4.853995772983206,7.941152243399616
signsuisse_test,sign_mt_v2,507,5.987691985755662,4494.848589003728,5.532465157455416,9.969039504011032,9.969039504011032,5.952231347368537,9.784970126686964,79.5023931174493,5.53246561231965,9.96903949979497
signsuisse_test,sign_mt_v2,508,4.212830369082129,3227.145106044044,4.1579220168171656,6.226617850725551,6.226617850725551,4.157922870948353,6.226617850725551,59.09022609943019,4.157922873420294,6.2266178504438034
signsuisse_test,sign_mt_v2,509,8.408814614146499,5732.856947516283,8.393024805556095,9.112222392351335,9.112222392351335,8.393023129589833,9.112222392351335,47.71565024596056,8.39302244342654,9.11222183121072
signsuisse_test,sign_mt_v2,510,6.507130971759681,4317.000461690278,7.584795976223474,8.565001109388394,8.565001109388394,6.481762524356595,7.872772208682841,32.10423340621494,7.584795671797051,8.565001081441064
signsuisse_test,sign_mt_v2,511,7.823940527234255,4136.748456871299,5.18380526283484,7.533124648144079,7.533124648144079,7.707800858797064,9.973468201986904,101.41157356661854,5.183803434375674,7.53312419660404
signsuisse_test,sign_mt_v2,512,7.0274776886115085,4720.794822511331,7.018089445127733,7.98101142404302,7.98101142404302,7.018090364457684,7.98101142404302,7.98101142404302,7.01809037709382,7.981011458218877
signsuisse_test,sign_mt_v2,513,6.054989705006841,4569.826656267531,6.041359930702035,10.274115835812228,10.274115835812228,6.041360175697707,10.274115835812228,82.6539383011748,6.0413599730560925,10.274115692269577
signsuisse_test,sign_mt_v2,514,6.614270848395486,4845.37313060586,6.604060489568114,7.522003825671365,7.522003825671365,6.604061699581672,7.522003825671365,30.152815701394594,6.604061031132231,7.522003239093382
signsuisse_test,sign_mt_v2,515,4.406432811416058,3310.7860707903974,4.349038399471041,7.161829050028199,7.161829050028199,4.3490391893862785,7.161829050028199,59.28864038886464,4.349038927194401,7.161828873491802
signsuisse_test,sign_mt_v2,516,8.843461241287105,5260.181812913686,9.842696497375751,12.499477060760048,12.499477060760048,8.756159354051245,11.428596315840972,78.80101634167286,9.842697034769154,12.499476890170936
signsuisse_test,sign_mt_v2,517,4.089341841036913,3670.451354790436,4.082433441280326,8.033477131174637,8.033477131174637,4.082432835033025,8.033477131174637,71.55449295610762,4.082432768903021,8.033477117427996
signsuisse_test,sign_mt_v2,518,9.165603786167223,5583.5154135203065,10.322163010680821,12.333718191988302,12.333718191988302,9.147223895830436,11.039354887808372,66.57496116531757,10.322162160283465,12.333718221618366
signsuisse_test,sign_mt_v2,519,5.354178109139988,4066.876030421632,5.347573085486001,6.342936414676068,6.342936414676068,5.347573377972576,6.342936414676068,29.070100678347504,5.347573375425455,6.342936412785148
signsuisse_test,sign_mt_v2,520,4.782268616094756,3343.5342881070283,4.7751544254964795,5.361886500040067,5.361886500040067,4.775154778932855,5.361886500040067,25.73573445298382,4.77515432431129,5.361886083192739
signsuisse_test,sign_mt_v2,521,5.641879989551425,4332.239786991738,5.29062301640546,7.924841194067822,7.924841194067822,5.630125295038974,8.198300875693254,74.11504028003145,5.290622858092454,7.924841196143192
signsuisse_test,sign_mt_v2,522,5.3082821406366625,3496.6885957412624,5.2933914720576665,5.456085930801121,5.456085930801121,5.2933922963351545,5.456085930801121,14.793604599859945,5.29339186140471,5.456085616740486
signsuisse_test,sign_mt_v2,523,9.217678162286575,5659.795650957775,9.394961832179137,12.253735131915388,12.253735131915388,9.19601627555274,12.043999906441544,109.57493125181604,9.394959535406066,12.253734507700248
signsuisse_test,sign_mt_v2,524,4.2470594696008765,4073.4405109706804,4.250950060659492,7.332472379592707,7.332472379592707,4.250950718831942,7.332472379592707,58.38554320444979,4.250950702338964,7.332472415776783
signsuisse_test,sign_mt_v2,525,4.247039973428821,3178.8582929273757,4.236324402500766,4.655169010785313,4.655169010785313,4.236326851558575,4.655169010785313,16.88855272736251,4.236326849085428,4.655169005260738
signsuisse_test,sign_mt_v2,526,5.7297246086807325,4889.572580627535,5.730206781049704,6.223615452538946,6.223615452538946,5.730206070784329,6.223615452538946,29.409801725425535,5.730206071256417,6.223615459810931
signsuisse_test,sign_mt_v2,527,7.014887769376385,4846.450226139555,7.425445591925676,9.782522958773916,9.782522958773916,6.975352921491903,8.944708207742925,65.82339856652702,7.425447752945279,9.782523001633368
signsuisse_test,sign_mt_v2,528,5.5835632012874346,4195.645754123667,5.047803086017486,7.325646090283955,7.325646090283955,5.543026127027785,7.877227966886985,66.56493655859838,5.047802720069056,7.325646040546012
signsuisse_test,sign_mt_v2,529,5.083246240948947,3854.2418635374515,4.995618164645534,8.067535576206543,8.067535576206543,5.075615957210949,8.067838634903527,68.1707758185546,4.995620273322324,8.06753558126169
signsuisse_test,sign_mt_v2,530,3.573027629270154,3546.961062167248,4.364584229947523,5.042906912996692,5.042906912996692,3.593487690472217,4.215370146774129,33.285452884980195,4.364584249548985,5.042906912414755
signsuisse_test,sign_mt_v2,531,4.2497807604868845,3548.703828947275,4.246787403342069,6.213093028128954,6.213093028128954,4.246787876305284,6.213093028128954,50.91232716882899,4.2467882084350235,6.213093226320559
signsuisse_test,sign_mt_v2,532,4.887663198438899,3881.979727116089,4.879654628414717,4.964015988768458,4.964015988768458,4.879654782030005,4.964015988768458,11.361001492126636,4.879655141476777,4.964016351206861
signsuisse_test,sign_mt_v2,533,3.8280607197508827,3313.6459039411448,3.821363236538526,7.302748748107571,7.302748748107571,3.8213631851664087,7.302748748107571,70.93271663276303,3.8213631879470933,7.3027487574114325
signsuisse_test,sign_mt_v2,534,4.442301155861157,3873.1747057160633,4.421303685974263,10.12489644667587,10.12489644667587,4.421304131670264,10.12489644667587,100.7499096189543,4.421304134719851,10.124896447833155
signsuisse_test,sign_mt_v2,535,5.919271399489507,3683.3542633319953,6.916476610730717,10.354717151440964,10.354717151440964,5.894514765054002,8.866043446428801,68.17700735129341,6.916477148949283,10.354717121258382
signsuisse_test,sign_mt_v2,536,9.810132973391484,7132.910525732628,9.46422582905154,10.373464366310746,10.373464366310746,9.792022358845653,11.675912009007455,81.29628608298731,9.464224300701508,10.373464371074554
signsuisse_test,sign_mt_v2,537,5.539177669269356,3526.5295776417106,5.966073639143387,8.183605095831329,8.183605095831329,5.517588329205661,7.438763617251337,70.29513682552852,5.966071837644278,8.18360520523638
signsuisse_test,sign_mt_v2,538,3.7197608148874157,3773.887192480679,3.716444556431067,5.243382047966392,5.243382047966392,3.7164440553724956,5.243382047966392,30.801713087348443,3.7164440430021313,5.243382028395321
signsuisse_test,sign_mt_v2,539,7.022353734682949,4860.74512409508,7.007250381978539,8.805536363558888,8.805536363558888,7.007250712165818,8.805536363558888,71.27291573766169,7.00725076041644,8.805536358016846
signsuisse_test,sign_mt_v2,540,5.788414174713158,3848.783498272928,5.47340109327002,8.151567194677815,8.151567194677815,5.779598965291236,8.484843178308637,69.267018732613,5.473400453423507,8.151567192332513
signsuisse_test,sign_mt_v2,541,7.924315380309583,5743.394670455442,8.46246278538793,12.152624305585771,12.152624305585771,7.912880813406109,11.438346036417032,108.22192266834543,8.462462370229003,12.152624256871883
signsuisse_test,sign_mt_v2,542,6.298739150699508,4206.002842356979,6.307689317201055,9.118507057410007,9.118507057410007,6.292675998009591,9.05283874679996,80.93486622996917,6.307688669918567,9.118507108439172
signsuisse_test,sign_mt_v2,543,8.918265649030165,6044.897346352077,8.933709336634237,10.69778006807933,10.69778006807933,8.933707434141606,10.69778006807933,56.78696257757453,8.933708618524937,10.697781036203711
signsuisse_test,sign_mt_v2,544,3.1609353898498673,2563.8518608249,3.1452889416042793,4.1913581249045935,4.1913581249045935,3.1452899067129763,4.1913581249045935,32.77773729594909,3.145289887477414,4.19135811844945
signsuisse_test,sign_mt_v2,545,3.1559247467868077,2954.082077357063,3.1475508360280537,5.686672216001491,5.686672216001491,3.147550892516461,5.686672216001491,51.65705763381089,3.1475508945283974,5.686672223275519
signsuisse_test,sign_mt_v2,546,6.4655337155843275,4949.066510828321,7.546458267644986,10.56573929624972,10.56573929624972,6.436553831869922,9.64494636174531,57.43133889085805,7.546456491785426,10.565739328848233
signsuisse_test,sign_mt_v2,547,6.864404865418715,4234.734469308124,7.016911659410136,10.153432948820216,10.153432948820216,6.846664129339773,9.780320473967388,90.35215427365887,7.016911574802714,10.153432857669127
signsuisse_test,sign_mt_v2,548,6.60971714172518,4789.386747591765,6.596890728003602,12.213256087444046,12.213256087444046,6.596891537766885,12.213256087444046,135.66217758043868,6.596891445523795,12.21325606565106
signsuisse_test,sign_mt_v2,549,4.638861427472593,3275.456491113553,4.6039947563605255,6.244686361251989,6.244686361251989,4.6039948153282655,6.244686361251989,41.229658310722385,4.603994813373573,6.244686369723574
signsuisse_test,sign_mt_v2,550,6.885649973823298,4150.40516231949,6.860894993789593,10.011176084084738,10.011176084084738,6.860894932847349,10.011176084084738,80.86596826263201,6.860894244086978,10.011175501188234
signsuisse_test,sign_mt_v2,551,6.5615801256314485,4748.987346919853,6.304353023150016,10.929863919125816,10.929863919125816,6.552540468839003,11.099293024101181,104.82232626968218,6.304353228861779,10.929863944161257
signsuisse_test,sign_mt_v2,552,4.872389941677477,3560.4882286201923,4.871988706610956,5.891251428300402,5.891251428300402,4.871988509440172,5.891251428300402,35.70683222619228,4.8719885126653555,5.891251429884313
signsuisse_test,sign_mt_v2,553,5.6921567443100525,3362.9891085089316,5.66741104172559,7.726471391517324,7.726471391517324,5.6674104704236345,7.726471391517324,52.50702495919762,5.66741078577018,7.726471627477251
signsuisse_test,sign_mt_v2,554,5.8209424702065835,3780.545702099182,6.228346604746664,9.339713024264084,9.339713024264084,5.7923898433607155,8.701155371284013,85.51687589968081,6.22834634420574,9.33971298928064
signsuisse_test,sign_mt_v2,555,6.849354351717362,5257.654739519059,7.965842156776899,8.979880301996449,8.979880301996449,6.8218674164930135,7.824996066109898,54.21783688655047,7.965839578631322,8.979879881534135
signsuisse_test,sign_mt_v2,556,8.7043436800487,6177.503391081364,8.659749520286331,10.7495942178642,10.7495942178642,8.659749174279165,10.7495942178642,76.3293423554833,8.659749194823833,10.749594227917873
signsuisse_test,sign_mt_v2,557,5.2844695200380825,3605.2423113599702,4.84241561537061,6.787976443480837,6.787976443480837,5.2668333782977035,7.246151690054603,50.86430542460438,4.842414921323705,6.787976193996092
signsuisse_test,sign_mt_v2,558,5.531062477734807,3730.5960739340467,5.517538822762568,8.255560664418539,8.255560664418539,5.517539784087737,8.255560664418539,65.62422431542798,5.517539784543447,8.255560683188175
signsuisse_test,sign_mt_v2,559,4.289502208818921,3522.3127969657708,4.257110061559895,7.566727337584721,7.566727337584721,4.25710865011029,7.566727337584721,64.36666396516257,4.257108632607289,7.566727323072426
signsuisse_test,sign_mt_v2,560,6.653606775627529,4585.729431611865,6.477974257730381,10.150896115681821,10.150896115681821,6.623666262653464,10.447264601133107,90.70662765459372,6.477973746638945,10.150896435847196
signsuisse_test,sign_mt_v2,561,4.415527330885818,4118.867772105803,3.896029809873909,5.188318501956092,5.188318501956092,4.406801262091763,5.824218725293755,49.05107240182709,3.89603097985654,5.188318493414862
signsuisse_test,sign_mt_v2,562,3.9085210617622876,3453.1654516140024,3.872045331111769,7.53842811740943,7.53842811740943,3.8720449449969694,7.53842811740943,69.81882127191825,3.8720444945039505,7.538427825001465
signsuisse_test,sign_mt_v2,563,4.263151466849233,3841.5512913305615,4.261095067007339,5.318449605009299,5.318449605009299,4.2610952180557975,5.318449605009299,31.373996518128106,4.2610952787984,5.31844965554817
signsuisse_test,sign_mt_v2,564,5.189740861247412,2994.6441423329284,6.190563252161832,8.747681300601435,8.747681300601435,5.158048256129294,7.205121461739985,65.25890464624561,6.190562667741129,8.74768138041373
signsuisse_test,sign_mt_v2,565,5.094966182322051,3495.0176120171022,4.794200397632381,8.749273803070128,8.749273803070128,5.01853488116721,9.081590514103638,86.54649167809869,4.794198180125842,8.7492738131768
signsuisse_test,sign_mt_v2,566,4.604274806236957,3658.218864062669,4.620979957232331,7.111851537695489,7.111851537695489,4.620980271762162,7.111851537695489,57.0431601327852,4.6209804292483465,7.111851593195356
signsuisse_test,sign_mt_v2,567,7.125318644266196,4610.704415947871,5.573805006752697,6.603774726332686,6.603774726332686,7.096344409651441,10.328181621512606,91.94747207798427,5.573806324790247,6.603774733954547
signsuisse_test,sign_mt_v2,568,4.382175194043542,3910.568321192287,4.371176432251299,7.529861241799551,7.529861241799551,4.371173641267928,7.529861241799551,53.48404585939172,4.371173627144832,7.529861220245615
signsuisse_test,sign_mt_v2,569,11.478208076898568,6608.703294726181,11.939820282298985,13.820201612873868,13.820201612873868,11.462475043875305,13.334245633273637,56.483861773411284,11.939820642164843,13.820201612415584
signsuisse_test,sign_mt_v2,570,6.7133810299255625,4713.3046842811555,6.71568327339907,11.346881161662884,11.346881161662884,6.715683757179657,11.346881161662884,71.05103286704782,6.715683868530727,11.346881034442678
signsuisse_test,sign_mt_v2,571,7.7573650148791815,4458.099511319065,8.730519272364134,11.783819182519085,11.783819182519085,7.689834086029457,10.723216988338555,62.99803612170319,8.730518691339558,11.783819099945136
signsuisse_test,sign_mt_v2,572,5.067566061816501,4418.424920990227,5.06314654646084,6.100543514580222,6.100543514580222,5.062873096571757,6.1004246702491995,34.13436577513066,5.0631456887401765,6.100543551807957
signsuisse_test,sign_mt_v2,573,10.543882679739415,5811.581554565491,10.540842252687698,13.247678646580894,13.247678646580894,10.489119483346354,13.230593303314983,89.02744147754163,10.540836188053614,13.247678670380507
signsuisse_test,sign_mt_v2,574,5.656742294686905,3640.5551697288292,5.643354065608358,7.869258078968683,7.869258078968683,5.643353797957231,7.869258078968683,40.7733991534953,5.643353783258135,7.869258074819517
signsuisse_test,sign_mt_v2,575,7.339640383652347,4366.179477478905,8.367846607523566,10.212533527426142,10.212533527426142,7.274826889668459,9.127202340322167,72.66189172242467,8.367847070268514,10.212532605875332
signsuisse_test,sign_mt_v2,576,7.370624019871708,5407.21312256911,7.325236085766148,9.898165024414372,9.898165024414372,7.325236308302003,9.898165024414372,50.63135091495271,7.325236302242574,9.898165008299214
signsuisse_test,sign_mt_v2,577,3.9339527392883773,3225.4445792713364,3.936029356863919,4.797429852976803,4.797429852976803,3.936028196654015,4.797429852976803,14.754054069852616,3.9360287499377984,4.797430451767146
signsuisse_test,sign_mt_v2,578,6.729784959438811,4506.206946378625,6.709029350035464,8.62193011673042,8.62193011673042,6.709025382549398,8.62193011673042,54.17291824431665,6.709025379633426,8.62193011081893
signsuisse_test,sign_mt_v2,579,10.428853878810017,6069.124800406907,10.48649018639272,13.769108355874002,13.769108355874002,10.389923545448111,13.59706842974234,69.25461629699657,10.486486121301605,13.769108354814406
signsuisse_test,sign_mt_v2,580,5.2699799747882405,3412.2526228001448,5.348649527454537,9.407591223177986,9.407591223177986,5.26411668520644,9.39830066639674,97.00117987738743,5.348648202449498,9.40759125204315
signsuisse_test,sign_mt_v2,581,6.024225438294532,4421.685338351565,5.8181499050241525,8.099831475892035,8.099831475892035,5.973888938307586,8.172939306142991,63.80391910648241,5.818148750952603,8.099831454174021
signsuisse_test,sign_mt_v2,582,9.856466233017843,6332.295711732089,10.3921960958704,12.992273205536414,12.992273205536414,9.849707937941298,12.419116846416856,91.44404499802444,10.392196532594207,12.992273182019241
signsuisse_test,sign_mt_v2,583,5.864791976986431,4346.507300274017,5.7360184401615175,8.725852574126204,8.725852574126204,5.844065149912541,10.25174784302904,97.6532064889231,5.736018996268888,8.725852591755094
signsuisse_test,sign_mt_v2,584,5.834183122183622,4821.143519337669,6.366565287979088,6.776930772677249,6.776930772677249,5.83609269427837,6.11775114367469,31.557770193460886,6.3665650931988536,6.776930776742572
signsuisse_test,sign_mt_v2,585,8.341990934958833,4052.813410045357,8.298729136203647,9.18478248551029,9.18478248551029,8.298729765395029,9.18478248551029,32.49210551318741,8.298729827934157,9.184782547299342
signsuisse_test,sign_mt_v2,586,4.630382738214372,3921.275011618641,4.601476264958014,6.9207681398705985,6.9207681398705985,4.601475984048121,6.9207681398705985,35.56300560395766,4.601475980934881,6.920768131754336
signsuisse_test,sign_mt_v2,587,5.794313865502555,3572.814316236892,6.457284185844215,9.107797987322543,9.107797987322543,5.765324141573907,8.200987947498007,66.88480295338523,6.457285463238137,9.10779798311115
signsuisse_test,sign_mt_v2,588,4.372996018215032,4059.9977908835613,4.36440773876545,8.735831734693281,8.735831734693281,4.364407829053916,8.735831734693281,87.89791785079524,4.3644079738243615,8.735831782781917
signsuisse_test,sign_mt_v2,589,5.437053645915075,4363.612353584612,5.942877865621362,7.545369446722715,7.545369446722715,5.44895856223382,6.902828300522354,48.129949204058846,5.942876621200596,7.545369374908999
signsuisse_test,sign_mt_v2,590,6.521491237515694,3904.0252544169953,6.612261604656143,9.645298604534911,9.645298604534911,6.50834602699351,9.524321954316456,89.14327735075605,6.612261941820384,9.645298224057408
signsuisse_test,sign_mt_v2,591,8.625112001636625,4949.514867833165,8.110910579467888,10.50536381910259,10.50536381910259,8.64605579679089,10.197947489604005,54.801390243588806,8.110911514312884,10.505363818815807
signsuisse_test,sign_mt_v2,592,5.577476532664525,3692.860946494034,5.566659711759063,8.267871187866747,8.267871187866747,5.566660404886597,8.267871187866747,62.28113475778165,5.566660418575278,8.267871189542259
signsuisse_test,sign_mt_v2,593,4.034532031498784,3739.1762832696063,4.022949515127114,7.616598497771703,7.616598497771703,4.02294945985852,7.616598497771703,79.98164195737459,4.0229494819683325,7.61659851236224
signsuisse_test,sign_mt_v2,594,4.60103501690529,4310.638578341296,4.59864321981524,5.649755766620485,5.649755766620485,4.59864290109402,5.649755766620485,37.47673173745438,4.598643271893744,5.64975604107971
signsuisse_test,sign_mt_v2,595,5.791249259560371,4544.022844323936,4.520177637001067,5.682755866005818,5.682755866005818,5.7742484264415985,9.129335921773137,92.52241535296483,4.520177452608421,5.682755849347424
signsuisse_test,sign_mt_v2,596,7.773864850679197,6388.97027196728,7.633069256356246,9.05477725249452,9.05477725249452,7.77082498279498,9.29242798738417,56.38269103232237,7.63307009718707,9.054777252262895
signsuisse_test,sign_mt_v2,597,5.243688165600774,4678.473224497586,5.239517341584839,7.461267409552489,7.461267409552489,5.23951590586184,7.461267409552489,61.796850727535215,5.239516487033798,7.461267783955141
signsuisse_test,sign_mt_v2,598,4.726161025450267,4006.0111566542882,4.724795977521525,7.97293443584441,7.97293443584441,4.724796353510543,7.97293443584441,80.8882556707093,4.724796375365661,7.972934428718862
signsuisse_test,sign_mt_v2,599,4.692439940751898,3261.401423756878,5.119987153267827,7.44841948260354,7.44841948260354,4.667687222569484,7.131818519758288,57.70040095175145,5.119986310903359,7.44841949163078
signsuisse_test,sign_mt_v2,600,6.217500703958119,4437.132500574602,6.135968973076628,8.980833917639696,8.980833917639696,6.160460309389076,8.953776766287458,62.33917759093736,6.135969493295191,8.980833527470175
signsuisse_test,sign_mt_v2,601,4.994036210489435,3310.4047317240697,4.976791622299792,6.099723694000835,6.099723694000835,4.97679121830719,6.099723694000835,12.6529752156443,4.976791244169992,6.099723723043697
signsuisse_test,sign_mt_v2,602,4.653203977601253,3578.491812884933,4.64423564978169,6.520748905729027,6.520748905729027,4.644235741593464,6.520748905729027,44.733086532501666,4.644235723532684,6.520748891220356
signsuisse_test,sign_mt_v2,603,8.86525384015686,5346.1628595441925,8.843335286501818,10.766148790866332,10.766148790866332,8.843334747779078,10.766148790866332,45.09546117259357,8.84333475615652,10.766148729158598
signsuisse_test,sign_mt_v2,604,4.152211646186117,3635.3371933582503,4.140620534046386,5.256029643936591,5.256029643936591,4.140620033559638,5.256029643936591,39.60681648363381,4.1406203385110825,5.256029856420154
signsuisse_test,sign_mt_v2,605,10.861934831491578,6096.8544501887745,11.633650944289037,15.049908710106996,15.049908710106996,10.872464513106477,14.44455382689955,111.52555181689377,11.633649757032194,15.049908736468515
signsuisse_test,sign_mt_v2,606,5.836319328856057,4369.917598214369,6.004708643234826,9.488433826796259,9.488433826796259,5.823193123874558,9.02310685348843,80.58798733505124,6.004705612824604,9.488433856074433
signsuisse_test,sign_mt_v2,607,9.22115801008517,5252.110717018599,9.501114533425685,11.936864894074285,11.936864894074285,9.191128786317629,11.788716263099946,72.63577623300577,9.501116375382725,11.936864881418748
signsuisse_test,sign_mt_v2,608,3.691415739064619,3010.076721242832,4.311518862711719,5.8264244417521285,5.8264244417521285,3.6834313096269775,5.276940028290779,41.01888376111121,4.311517939540722,5.8264244335046
signsuisse_test,sign_mt_v2,609,8.37200728405004,5143.6482740146885,9.076306227301998,11.983268396247274,11.983268396247274,8.348127961626531,11.223100759247695,112.73850002654501,9.076308053049218,11.983268426155133
signsuisse_test,sign_mt_v2,610,7.084939807111764,4124.43000088107,7.065910198069564,8.187098886148753,8.187098886148753,7.065907937388439,8.187098886148753,21.477621861645826,7.06590816748157,8.18709924678213
signsuisse_test,sign_mt_v2,611,6.788506088373182,4541.076788490643,6.768222712504995,8.492661492153685,8.492661492153685,6.768215260489099,8.492661492153685,56.34747436496557,6.768215236277755,8.492661475424955
signsuisse_test,sign_mt_v2,612,3.457967293955293,3011.884274276357,3.4554937517696556,6.005212716627334,6.005212716627334,3.455493964292129,6.005212716627334,53.88362251010428,3.4554939466842516,6.005212681650726
signsuisse_test,sign_mt_v2,613,6.980218088933609,4457.218971373301,6.621147615825453,9.202004917397206,9.202004917397206,6.956333879071415,9.544841748733214,73.74650189374844,6.621151254542078,9.202004926143488
signsuisse_test,sign_mt_v2,614,5.743466885111603,4229.992380900747,5.76235821862406,7.416195542974906,7.416195542974906,5.735573697236385,7.216061406126168,46.845485571301914,5.7623584967914585,7.416195558419829
signsuisse_test,sign_mt_v2,615,9.735415416780656,5411.956863422813,9.84413069996158,11.399069369451109,11.399069369451109,9.69601691857086,11.189202472785032,52.076367174678744,9.844130401888219,11.399069060884287
signsuisse_test,sign_mt_v2,616,0.9250406883737201,1243.9450320561114,0.9250406883737201,3.216070251432773,3.216070251432773,0.9250400837850987,3.216070251432773,30.1089460167238,0.925040090008914,3.2160702546858166
signsuisse_test,sign_mt_v2,617,12.590582162419683,5942.490873326871,11.339887924188673,12.236618131947615,12.236618131947615,12.572557467764709,16.15554279967321,95.63553504919093,11.33988756928969,12.236618113935734
signsuisse_test,sign_mt_v2,618,11.253876630609275,6330.591681108017,10.738764797938646,14.752472776810375,14.752472776810375,11.245269706331893,14.589938268897512,90.09633031713669,10.738762181981443,14.75247167356125
signsuisse_test,sign_mt_v2,619,5.602391880775206,3734.6619295870123,5.5943532629401265,6.663838884518139,6.663838884518139,5.594354876066586,6.663838884518139,27.23844094288891,5.594354839967691,6.663838821746956
signsuisse_test,sign_mt_v2,620,3.6723841598986837,3045.820232837089,3.671762102030919,6.524405656317244,6.524405656317244,3.6717631019931294,6.524405656317244,57.87069370251751,3.6717627130053008,6.52440547520955
signsuisse_test,sign_mt_v2,621,5.0079654488705465,3744.459365963669,4.981675467331678,8.055637530126331,8.055637530126331,4.981675890945209,8.055637530126331,67.49051226018157,4.981675897227324,8.055637528103514
signsuisse_test,sign_mt_v2,622,7.738534243048529,4864.803360114326,7.7184152279460685,8.576399256024281,8.576399256024281,7.718415262543816,8.576399256024281,18.72843432879199,7.718414896507714,8.576398807765397
signsuisse_test,sign_mt_v2,623,3.6278421614170693,3049.080765799311,3.6255971395433164,4.961761296517712,4.961761296517712,3.6255969320871007,4.961761296517712,35.807644383596894,3.625596590551826,4.961761051804437
signsuisse_test,sign_mt_v2,624,9.374024388405449,5824.821679216767,9.325048410573972,10.98463448954687,10.98463448954687,9.325048957989898,10.98463448954687,47.021926065903685,9.325048938331857,10.984634471123778
signsuisse_test,sign_mt_v2,625,4.244491506924395,3989.5334701779598,4.217249248691092,6.370878212778487,6.370878212778487,4.207928245861007,6.363668255504856,53.468644861149414,4.217249946502411,6.37087824311015
signsuisse_test,sign_mt_v2,626,7.657772879483153,4477.698855221111,7.569260902841038,11.671802741567554,11.671802741567554,7.633790440362444,11.671832011721891,59.628022552657306,7.569261443825233,11.67180274228911
signsuisse_test,sign_mt_v2,627,6.519960893030075,4331.466993904093,6.514737925922335,7.986783991986984,7.986783991986984,6.514739316611337,7.986783991986984,34.94141670141664,6.514739258717707,7.986783987634521
signsuisse_test,sign_mt_v2,628,8.961524010447707,6594.216589514735,8.736702285573935,10.882327608835528,10.882327608835528,8.975993997636479,11.107084114267906,79.09421146170288,8.736702842930672,10.882327600002977
signsuisse_test,sign_mt_v2,629,8.98899731506098,5903.030409559254,7.95475435684087,8.845985903932958,8.845985903932958,8.971003219252728,10.581001221361564,75.59328581858462,7.954752177084086,8.84598591081595
signsuisse_test,sign_mt_v2,630,3.693875923786583,3551.363436848589,3.6875111703549623,7.580022596785803,7.580022596785803,3.6875112896185467,7.580022596785803,66.36859096951,3.687511179497205,7.580022497402114
signsuisse_test,sign_mt_v2,631,6.523808528866025,4952.817559670401,6.499399766380982,8.237179392842213,8.237179392842213,6.499398057888943,8.237179392842213,39.129700521556316,6.4993980741245085,8.237179396464189
signsuisse_test,sign_mt_v2,632,6.044502247278313,4773.2798000740395,5.519361106098996,6.590841934226772,6.590841934226772,6.0297817215067955,7.316764133423284,37.88207430926193,5.519359289276055,6.590841843099611
signsuisse_test,sign_mt_v2,633,5.383524561504377,3740.1892856247205,5.379664174844878,6.647754903651394,6.647754903651394,5.379663344765066,6.647754903651394,18.133632788223842,5.379663349328399,6.647754907603333
signsuisse_test,sign_mt_v2,634,5.237724686658742,4106.988189476077,4.8657222784001855,7.421485443798379,7.421485443798379,5.198541077676713,7.741294753482536,57.84903226050214,4.865723237376084,7.421484922094834
signsuisse_test,sign_mt_v2,635,5.4056426212498065,3290.485135629048,6.942249527860512,7.228421835874791,7.228421835874791,5.360976735114239,5.575098281493906,37.32788175415163,6.94225099396831,7.228421846863933
signsuisse_test,sign_mt_v2,636,10.821659473201638,6515.741173883141,10.014685198813284,13.37894778895898,13.37894778895898,10.817432005512545,15.719776791253057,126.37161571507399,10.014685176775343,13.378946884263073
signsuisse_test,sign_mt_v2,637,8.013027920547634,4579.606371334308,7.940640235679206,9.608439873625441,9.608439873625441,7.940641115974012,9.608439873625441,42.777499683540015,7.940641658066117,9.608440531196534
signsuisse_test,sign_mt_v2,638,3.9741036887197603,3422.85101128479,3.9635828827185886,6.249451371886023,6.249451371886023,3.9635836682667596,6.249451371886023,50.144776758640624,3.9635834633340723,6.249451237665139
signsuisse_test,sign_mt_v2,639,4.069515040884899,3618.630678218829,4.035105031320116,5.382535307534998,5.382535307534998,4.035105578694565,5.382535307534998,29.296414255732078,4.035105435209418,5.382535167675691
signsuisse_test,sign_mt_v2,640,4.037355820495495,2713.3789068535802,4.025199554149909,5.838389446731979,5.838389446731979,4.025198607486978,5.838389446731979,28.15122738170081,4.0251986161031805,5.838389471604652
signsuisse_test,sign_mt_v2,641,3.514817181368823,3641.931060464821,3.503972093004744,7.037929027158471,7.037929027158471,3.503970766734972,7.037929027158471,68.89965287735777,3.503970768573015,7.037929027779042
signsuisse_test,sign_mt_v2,642,11.97023826769995,6478.80229931861,12.285144236198981,14.583737069138241,14.583737069138241,11.93363822650385,14.330490225736344,64.90352820929971,12.285152455121514,14.583737143209495
signsuisse_test,sign_mt_v2,643,3.0646535603784435,3014.8786018326514,3.056884766205241,4.4522124754024635,4.4522124754024635,3.056885722834896,4.4522124754024635,33.36891337218289,3.056885640845182,4.452212420356207
signsuisse_test,sign_mt_v2,644,8.294565182778971,5321.892511721453,8.15835815984955,10.572033853758816,10.572033853758816,8.266522552129405,10.739645953843128,82.44835689774065,8.15835726902135,10.572033940987476
signsuisse_test,sign_mt_v2,645,5.7113324099045775,4364.885648371662,5.69452655230851,11.794747005493381,11.794747005493381,5.694526170801683,11.794747005493381,118.15374986454736,5.694526788706556,11.794747058273048
signsuisse_test,sign_mt_v2,646,8.146814339973744,5255.280178434384,9.174122434550783,10.090147049420889,10.090147049420889,8.11403564605877,8.630685510434105,34.3879424323617,9.174126714949786,10.090147000912529
signsuisse_test,sign_mt_v2,647,6.607813450361503,4977.969724780189,6.54718131398675,9.714094810882992,9.714094810882992,6.547179640965636,9.714094810882992,78.78877899616171,6.547179151426805,9.714094504017247
signsuisse_test,sign_mt_v2,648,7.9839873049210075,4499.489918241956,8.195957362585315,10.001862758563725,10.001862758563725,7.925442644758368,9.920369288391722,78.63786604655279,8.19595713434003,10.001862375037009
signsuisse_test,sign_mt_v2,649,4.461206374829992,4107.036198865067,4.4434384775861355,6.082181162848914,6.082181162848914,4.443441283195705,6.082181162848914,43.94318149688784,4.443441285202984,6.082181164222961
signsuisse_test,sign_mt_v2,650,4.685819799588144,3830.939948529628,4.502807906664311,8.822630304983708,8.822630304983708,4.660101250609939,8.875638143119959,87.20986741994379,4.502807650222377,8.822630311371837
signsuisse_test,sign_mt_v2,651,7.174098512160138,5212.780176980483,7.165869294195947,8.959219213018473,8.959219213018473,7.165867537215785,8.959219213018473,59.55136743881549,7.165867548080348,8.959219223688665
signsuisse_test,sign_mt_v2,652,4.926454477800649,4122.188951048813,5.169824238435587,7.409554989346563,7.409554989346563,4.899701811952793,7.229776250114823,66.79861500977128,5.169825042140769,7.409555085866593
signsuisse_test,sign_mt_v2,653,9.253715858051267,5038.8228518091355,10.959319055040599,14.149867248677621,14.149867248677621,9.204788675052802,12.230449005124294,100.58476676323369,10.959318467743094,14.149867253507583
signsuisse_test,sign_mt_v2,654,12.107790365911,6950.953481884107,12.123945728507865,14.554744171437912,14.554744171437912,12.117957820171242,14.550195859120427,79.67383584526718,12.12394564250059,14.55474423751658
signsuisse_test,sign_mt_v2,655,2.837422409389423,2373.669701387568,2.819957862251376,3.309331838758439,3.309331838758439,2.8199577386250096,3.309331838758439,20.57055762663538,2.8199579996234228,3.309332086554891
signsuisse_test,sign_mt_v2,656,7.943465143530799,4546.712927463876,7.445316118391384,10.71402690618065,10.71402690618065,7.932195006010274,10.701546088032828,76.46235255373878,7.4453160749719745,10.714026901854048
signsuisse_test,sign_mt_v2,657,5.4402612417611,3397.2439299736066,5.392081959062144,8.618971380387617,8.618971380387617,5.39208030626631,8.618971380387617,54.69804373991387,5.392080864151261,8.618971809699818
signsuisse_test,sign_mt_v2,658,4.266255164971509,3040.2470364774513,4.255121224783334,5.643498314448149,5.643498314448149,4.255121379669591,5.643498314448149,39.6602305009665,4.25512115270936,5.6434981643258295
signsuisse_test,sign_mt_v2,659,4.157052433043834,3329.6112392094124,4.146250522380253,7.1390221714441635,7.1390221714441635,4.146249998812644,7.1390221714441635,51.193448825889604,4.14625000077461,7.139022171184771
signsuisse_test,sign_mt_v2,660,11.804150350551499,6938.473509943192,12.02422466985331,14.667633610341325,14.667633610341325,11.788697731704142,14.276288487862887,86.82875826034599,12.024231199094473,14.667633595710816
signsuisse_test,sign_mt_v2,661,4.56489484599534,3381.650993722457,4.059739842707526,4.760361553593212,4.760361553593212,4.532939737048293,5.150287274891825,36.767242001849226,4.059740259988078,4.760361518396577
signsuisse_test,sign_mt_v2,662,6.92457966521945,4619.522501540892,6.887585492157649,7.267710073554373,7.267710073554373,6.887592365992544,7.267710073554373,20.634720495599588,6.887592411854234,7.267710126693583
signsuisse_test,sign_mt_v2,663,7.8140024627825015,5080.081049697665,9.36264925821084,10.283192140390206,10.283192140390206,7.788996643881312,8.684025588561338,58.04692650262357,9.362650039102457,10.283192107541065
signsuisse_test,sign_mt_v2,664,3.9549715404007846,3873.665289155024,3.9512657648149734,7.343848524954579,7.343848524954579,3.951264880247616,7.343848524954579,62.33806371397,3.9512647430992764,7.343848483052343
signsuisse_test,sign_mt_v2,665,9.845731910705531,5369.949681632897,10.628620323328672,12.526056930692981,12.526056930692981,9.82570806467077,11.590226721314291,61.247653846824626,10.62862288950295,12.526056908584318
signsuisse_test,sign_mt_v2,666,4.245870494977022,3586.6296313116777,4.240395880652899,6.287237507863345,6.287237507863345,4.240397076932557,6.287237507863345,55.4581025553844,4.240397116297065,6.287237548310965
signsuisse_test,sign_mt_v2,667,4.747626321630388,4005.6174916730774,4.741683767955824,8.694410380021003,8.694410380021003,4.74168444356118,8.694410380021003,74.45460821550192,4.7416844387030705,8.694410363652544
signsuisse_test,sign_mt_v2,668,6.804514335777069,4266.391892156411,7.390051365781078,9.928080695027822,9.928080695027822,6.755314761189737,9.32711804031766,86.732624302812,7.390049678091354,9.928080724078953
signsuisse_test,sign_mt_v2,669,7.157039311336479,4839.409431881771,5.951586488086529,7.165172903700096,7.165172903700096,7.089934077476154,9.655648320051007,84.15279412745883,5.951585069539927,7.165172889733487
signsuisse_test,sign_mt_v2,670,6.781210788801223,5394.79725323646,6.77752613130519,9.075602287624857,9.075602287624857,6.777529985109634,9.075602287624857,64.38492371218979,6.777529972943772,9.075602215711953
signsuisse_test,sign_mt_v2,671,8.474832746018993,5927.447524134047,8.723170182531195,11.586717786919328,11.586717786919328,8.453843778748018,11.138972101739618,88.87200420426338,8.72317070531824,11.586717760986058
signsuisse_test,sign_mt_v2,672,4.345917893429852,3555.941828038621,4.322820874426928,4.9021297324437345,4.9021297324437345,4.32282159907196,4.9021297324437345,29.05493704214655,4.322821605627825,4.902129757523471
signsuisse_test,sign_mt_v2,673,3.3829653780027393,3739.9666268238643,4.195032675203617,4.404152936232753,4.404152936232753,3.3681339720205123,3.4430159046296547,12.894781774323732,4.195033128858191,4.404152935239984
signsuisse_test,sign_mt_v2,674,8.28137302142618,4285.569692764867,8.562232178932236,11.05161230882838,11.05161230882838,8.230435344325032,10.766181050667743,69.96454727748089,8.562232161507179,11.051612285124236
signsuisse_test,sign_mt_v2,675,12.17303018231706,7207.383493749922,12.736065347743171,14.940392221894522,14.940392221894522,12.10428740618695,14.205221872036962,66.73223102744244,12.73606525765411,14.940392679435698
signsuisse_test,sign_mt_v2,676,6.1173022428652875,5384.9009974547735,6.121050175170827,9.120714406291759,9.120714406291759,6.121049517148782,9.120714406291759,63.1772756378009,6.121048739499737,9.120713789200163
signsuisse_test,sign_mt_v2,677,6.7711979926128185,4569.064301587472,6.4357542178462595,9.403148428287432,9.403148428287432,6.7658983111015,9.624133695085394,68.39537803174372,6.4357535217741475,9.403148432454136
signsuisse_test,sign_mt_v2,678,3.858799399000147,3189.230194500213,4.223601612371302,8.025729190711369,8.025729190711369,3.843798428540466,7.61317611795567,77.09695524985787,4.2236019692248705,8.025729211969637
signsuisse_test,sign_mt_v2,679,3.878487896546323,3869.001932339695,3.878065090839114,6.50942582654409,6.50942582654409,3.878064324793825,6.50942582654409,58.3112071021009,3.8780638712641484,6.509425624544023
signsuisse_test,sign_mt_v2,680,5.072214921084701,4323.895386772534,5.068220451598154,7.281963072319813,7.281963072319813,5.0682209386459895,7.281963072319813,60.830596679116375,5.068220932657511,7.28196307046881
signsuisse_test,sign_mt_v2,681,5.427562458540505,3109.470276014883,5.408007311518487,7.060110829211047,7.060110829211047,5.408004488183794,7.060110829211047,52.19644833925709,5.408004481605995,7.060110827610141
signsuisse_test,sign_mt_v2,682,5.3523481680015506,3439.564689460246,5.282614310788024,6.286322499167294,6.286322499167294,5.282615821492395,6.286322499167294,34.05929567122784,5.2826155887526935,6.286322176759982
signsuisse_test,sign_mt_v2,683,4.772934723788449,4177.013272151434,4.8128893122217375,6.155425014524605,6.155425014524605,4.7415756653500845,6.102778671774414,14.930924458291177,4.812887912658121,6.155425005120618
signsuisse_test,sign_mt_v2,684,7.192815203579964,4734.990284030051,7.625778658987374,8.811728878443992,8.811728878443992,7.168081241552413,8.57312852855356,59.83928980843028,7.625775966438862,8.811728893491203
signsuisse_test,sign_mt_v2,685,11.026329512170722,5330.545814548709,9.877109911178197,13.254583499818487,13.254583499818487,10.997553102583826,15.034684361366427,87.82010242573999,9.877109573576869,13.254583525175184
signsuisse_test,sign_mt_v2,686,7.307179630408676,5475.287207195709,8.16403116269034,10.885790540689845,10.885790540689845,7.306039985284002,10.389846638187496,82.93678516698301,8.16403152719344,10.885790561364978
signsuisse_test,sign_mt_v2,687,4.279407320276959,3105.421780020351,4.263847215400048,6.7075425763433145,6.7075425763433145,4.263847411402155,6.7075425763433145,60.41833553292296,4.263847413282845,6.7075425380236755
signsuisse_test,sign_mt_v2,688,5.274519769811808,4069.5188625988335,5.2679112462984055,6.593131157051717,6.593131157051717,5.267908589947966,6.593131157051717,44.64942224827463,5.2679085714547575,6.593131138035514
signsuisse_test,sign_mt_v2,689,5.671584387109943,3620.579863241977,5.646004058396782,9.077120792279356,9.077120792279356,5.646004962908547,9.077120792279356,89.75812473641743,5.646004964725093,9.077120810629449
signsuisse_test,sign_mt_v2,690,6.544735367311484,4309.217057943408,7.162814225763909,12.388834408668899,12.388834408668899,6.508525640359445,11.724338299448162,107.47132353051339,7.162814486630865,12.388834120652863
signsuisse_test,sign_mt_v2,691,4.673231556328505,3907.1652197187746,4.65592473431588,7.409657272321203,7.409657272321203,4.655921973723643,7.409657272321203,66.83893812577222,4.655921833077423,7.40965725477502
signsuisse_test,sign_mt_v2,692,4.185656069058006,3488.9730528827286,4.164920597452316,6.753408594167188,6.753408594167188,4.164919627895865,6.753408594167188,46.159633935020736,4.164919754161919,6.753408773048681
signsuisse_test,sign_mt_v2,693,12.20989271263451,7100.103070172907,12.182166677748395,14.468932137337978,14.468932137337978,12.182163881780594,14.468932137337978,72.81736802996843,12.182163863620593,14.468932118258774
signsuisse_test,sign_mt_v2,694,5.444486998108785,4583.628661703239,5.441039447761443,5.655128375011303,5.655128375011303,5.4410409840039735,5.655128375011303,11.616373104976633,5.441040957830224,5.655128271569471
signsuisse_test,sign_mt_v2,695,4.226568305082466,3020.0031500699674,4.176024924715938,5.035143497912845,5.035143497912845,4.176023166234559,5.035143497912845,27.46627824530865,4.1760234571837245,5.035143773347745
signsuisse_test,sign_mt_v2,696,5.8146471364760215,5320.208076303768,5.555090068687129,8.580702199312778,8.580702199312778,5.811375642447412,8.829436344087323,63.58275300902274,5.555089845236678,8.58070219169812
signsuisse_test,sign_mt_v2,697,10.079580193796565,5271.778171190041,10.056422867740972,13.291960753781163,13.291960753781163,10.054068466219816,13.290064990839383,47.293589538762475,10.056424578172164,13.29196074667033
signsuisse_test,sign_mt_v2,698,8.032844722301487,5642.57371488943,8.016970553344926,10.572304744702208,10.572304744702208,8.01697104507359,10.572304744702208,71.59339476600452,8.016971047473353,10.572304745334954
signsuisse_test,sign_mt_v2,699,6.388758403090544,4679.095008555101,6.3822317148090235,8.668528537511348,8.668528537511348,6.382232844935523,8.668528537511348,46.07165904206472,6.382232852043299,8.668528547892379
signsuisse_test,sign_mt_v2,700,4.360776105279112,3385.6732705269815,4.3396281379777415,6.320506513712706,6.320506513712706,4.339628358515908,6.320506513712706,49.34612352779235,4.3396283599271355,6.320506507706256
signsuisse_test,sign_mt_v2,701,4.973132925343863,3929.59922113175,6.128345115737122,7.771941447154877,7.771941447154877,4.914769371238163,6.813677765929652,47.78084458635643,6.128344982374012,7.771941468127853
signsuisse_test,sign_mt_v2,702,4.988652463119103,4043.7653689381323,4.979632290872656,8.905220504123296,8.905220504123296,4.979632387320007,8.905220504123296,83.72663861169484,4.979632391860755,8.905220506351258
signsuisse_test,sign_mt_v2,703,6.843053071977331,4018.7151270252207,6.680752502003965,8.282664051570364,8.282664051570364,6.807994738200867,8.72050592305342,46.03182944580565,6.680752175862041,8.282664050565263
signsuisse_test,sign_mt_v2,704,5.956285330012564,4338.1176653673665,5.945290916631664,7.115198751756287,7.115198751756287,5.945291621358088,7.115198751756287,29.65858325041335,5.945291619470653,7.115198766619154
signsuisse_test,sign_mt_v2,705,7.400339193263061,5689.419826461416,7.382796602872507,12.443880865312043,12.443880865312043,7.382796095711836,12.443880865312043,110.66048040067008,7.382796085896031,12.443880881876819
signsuisse_test,sign_mt_v2,706,5.9217352644714625,3587.566223712855,5.924704982451796,8.06213651948316,8.06213651948316,5.924705022393097,8.35911337202512,55.85953102755043,5.924704037582889,8.062135382088774
signsuisse_test,sign_mt_v2,707,5.256318022026002,3592.1495360853564,5.372464897586809,6.840756579164856,6.840756579164856,5.270655759515336,6.767462218018796,21.481952119764166,5.3724636117055615,6.840756487543147
signsuisse_test,sign_mt_v2,708,6.553580391717384,5170.159252951651,6.538778995458368,9.726689405967432,9.726689405967432,6.538779607069296,9.726689405967432,73.98645273204554,6.538779591235342,9.726689383503478
signsuisse_test,sign_mt_v2,709,6.726310623525566,3564.2049963004474,5.829639526660782,6.949316580700952,6.949316580700952,6.67563258409997,7.43404237292777,44.45634083121874,5.82963998758281,6.94931621274018
signsuisse_test,sign_mt_v2,710,5.858554924304362,4863.26326866972,5.815161779049815,9.715704289256278,9.715704289256278,5.806097307975436,9.709017865404448,85.03754481492608,5.815159887627019,9.715704286471773
signsuisse_test,sign_mt_v2,711,7.311882437589208,5045.4166551299195,7.058054301133531,9.427143587704457,9.427143587704457,7.245717747983199,9.647403058169877,66.54741171936047,7.0580560765090805,9.427143600231398
signsuisse_test,sign_mt_v2,712,7.685687289451111,5992.6564191931675,7.866545152741896,10.321028913594427,10.321028913594427,7.673824638038927,10.07987671326388,85.22569380656739,7.866545723459066,10.321028885304736
signsuisse_test,sign_mt_v2,713,7.522221650652646,4917.398504900302,8.724379883217361,10.261976087314785,10.261976087314785,7.490940547622423,8.69963774653706,50.440560598246,8.724379799698399,10.261976674500264
signsuisse_test,sign_mt_v2,714,4.503709999934843,3197.381124292044,3.5421430393517115,5.822887167085605,5.822887167085605,4.460154624877147,7.803610302706924,85.44727804107126,3.542142958907245,5.822887157968326
signsuisse_test,sign_mt_v2,715,9.076535469913921,5436.08923903885,9.350450070902898,9.716070049289462,9.716070049289462,9.05551257136266,9.418369796831685,39.510635100389266,9.350450809760028,9.716070046979747
signsuisse_test,sign_mt_v2,716,5.621334383530536,4690.24370313192,5.980762941739371,8.208108515350899,8.208108515350899,5.6202724348522946,7.766078790433015,60.53655776301042,5.980763736332279,8.208108446032597
signsuisse_test,sign_mt_v2,717,3.8353927349469434,3549.0602417804016,3.823970728331942,6.0196409764665235,6.0196409764665235,3.82397222437251,6.0196409764665235,53.27232095298648,3.823972705541704,6.0196412478596795
signsuisse_test,sign_mt_v2,718,4.695184925537186,2934.3532199607525,4.260709601804085,4.834946683233951,4.834946683233951,4.653990292530944,5.340639039022994,37.43536707120394,4.260709931002995,4.834946431664142
signsuisse_test,sign_mt_v2,719,4.300540623069681,3450.685423357718,4.234058236240936,6.041428224395948,6.041428224395948,4.2911805612236735,6.520696860432908,55.766796572566506,4.234057059660346,6.0414282163280735
signsuisse_test,sign_mt_v2,720,4.3849349268317335,3689.2526373924156,5.443137696210364,6.878804859549298,6.878804859549298,4.411791070778726,5.576595966201488,24.73317385175371,5.44313750372482,6.878804826322009
signsuisse_test,sign_mt_v2,721,8.592524513229627,6067.651580373315,8.584817121024022,9.806159677496392,9.806159677496392,8.584819952496051,9.806159677496392,45.422853598232805,8.584818967390042,9.806158777291392
signsuisse_test,sign_mt_v2,722,7.6666169206913235,6439.474579257924,7.594083889879182,19.374572775221978,19.374572775221978,7.59408202074829,19.374572775221978,186.87595839566953,7.594082020016371,19.374572782899683
signsuisse_test,sign_mt_v2,723,5.910534820642271,4225.020350552619,6.523853694692967,8.023375991089821,8.023375991089821,5.884319250633867,7.541323187245198,53.87988051968513,6.523853576881617,8.023375986816141
signsuisse_test,sign_mt_v2,724,5.843390367897784,5098.12075586533,5.670445586632697,7.74353028715963,7.74353028715963,5.836940391850673,7.982121949873444,63.727935485549054,5.670445899982862,7.74353027316777
signsuisse_test,sign_mt_v2,725,8.33591262700426,4491.679123397074,8.331483341149676,11.50779585298988,11.50779585298988,8.331484345685471,11.50779585298988,47.981126403676136,8.331484357549678,11.50779586762543
signsuisse_test,sign_mt_v2,726,8.856447948991296,6870.663983624524,9.56192012737451,13.420407253105834,13.420407253105834,8.854055084067735,12.477903805600358,85.59895467088248,9.561916319730702,13.420406473339892
signsuisse_test,sign_mt_v2,727,7.037326778738346,4995.963154116935,7.02627320186452,8.663641621532335,8.663641621532335,7.026270607682399,8.663641621532335,47.166676431873135,7.0262698546167766,8.66364094227385
signsuisse_test,sign_mt_v2,728,3.8494446241638633,3111.7250025805693,3.847703788762361,4.785114409666722,4.785114409666722,3.8477044423234594,4.785114409666722,30.739303035709764,3.847704176447156,4.785114170024055
signsuisse_test,sign_mt_v2,729,7.400370185264627,5470.307816743809,7.409452141454302,9.81404229527122,9.81404229527122,7.409452648784096,9.81404229527122,67.32576710590484,7.409452641858774,9.814042366790135
signsuisse_test,sign_mt_v2,730,7.126742211858794,4705.700648093858,7.112738062635166,9.234239793211335,9.234239793211335,7.112739118494566,9.234239793211335,27.622899655255797,7.112739101636531,9.234239784666855
signsuisse_test,sign_mt_v2,731,4.722595507262121,3985.235229118382,4.715789839936007,8.287346645953036,8.287346645953036,4.715787582052216,8.287346645953036,73.57496917783563,4.715788098156706,8.28734696381019
signsuisse_test,sign_mt_v2,732,3.6567197942932976,3475.1174036532598,3.657943812948516,4.633926265532515,4.633926265532515,3.6579442712834176,4.633926265532515,30.974487752003494,3.65794434435082,4.63392636540133
signsuisse_test,sign_mt_v2,733,4.904586830155254,3354.600715204429,5.044124886257196,7.678065542469692,7.678065542469692,4.882180261599912,7.563425793579969,51.03458594422201,5.044124542881677,7.678065546116056
signsuisse_test,sign_mt_v2,734,9.256563541091197,5162.186447401787,9.226106444065804,11.047990031601373,11.047990031601373,9.226107403466164,11.047990031601373,38.41285633678737,9.226107390547236,11.047989995754088
signsuisse_test,sign_mt_v2,735,7.070876209438076,3691.3602918075144,6.682221391064824,10.40352579918415,10.40352579918415,7.038305225887048,10.707913615424618,79.80915910829124,6.68222121332768,10.40352639529045
signsuisse_test,sign_mt_v2,736,6.858697517355488,4072.2739175743204,6.849657802085533,10.027930081494189,10.027930081494189,6.849481598613908,10.027813620342942,89.51873314256154,6.849656972705958,10.027929705763134
signsuisse_test,sign_mt_v2,737,3.095515167562266,2618.2460861248305,3.0676834917580558,5.604517318732927,5.604517318732927,3.067684368574303,5.604517318732927,49.57330440344942,3.067684162090243,5.604517188730796
signsuisse_test,sign_mt_v2,738,12.263488137032287,6147.080416791372,12.16238723466051,13.03091385763494,13.03091385763494,12.260443286561472,13.111510820158069,35.70316747490403,12.162385630232267,13.03091393438469
signsuisse_test,sign_mt_v2,739,5.011823353180493,4120.192938965659,5.000204966932392,6.909144157876257,6.909144157876257,5.000203832864733,6.909144157876257,49.77406668824626,5.000203821096233,6.909144153952615
signsuisse_test,sign_mt_v2,740,9.925618002738764,6169.13283950292,9.708417922492517,10.78426846545554,10.78426846545554,9.919196606637284,10.993729193929468,38.387755844086556,9.708413579179924,10.78426845744333
signsuisse_test,sign_mt_v2,741,3.2390326030567214,2616.5718852095324,3.2287078299419507,5.051756884349134,5.051756884349134,3.228707853850157,5.051756884349134,37.37682213897932,3.228708035493368,5.051757029051531
signsuisse_test,sign_mt_v2,742,6.038858674913506,4326.710735722371,6.038434726717016,8.732270955246864,8.732270955246864,6.03843308989938,8.732270955246864,65.07320907084939,6.038432951210393,8.732270911821578
signsuisse_test,sign_mt_v2,743,3.7416039755120547,3213.18953912643,3.7224686666415248,5.6628740249660785,5.6628740249660785,3.7224683817226003,5.6628740249660785,44.54100636794887,3.7224686291865288,5.662874197999069
signsuisse_test,sign_mt_v2,744,5.556993259544423,4197.596080539037,4.909170030792182,7.320407359574109,7.320407359574109,5.553418364266024,7.724599524163647,61.09500777236014,4.909169373073215,7.320407364634625
signsuisse_test,sign_mt_v2,745,14.902924621725251,8270.015834231945,15.629604146436247,17.849716430238477,17.849716430238477,14.891395774919003,17.323586132253585,73.76018874523604,15.629595089518862,17.849716249337522
signsuisse_test,sign_mt_v2,746,2.850197141293991,2931.370345668222,2.8485429601387886,4.507759484591728,4.507759484591728,2.8485436338058996,4.507759484591728,30.985310933832096,2.848543634581413,4.507759486056696
signsuisse_test,sign_mt_v2,747,2.632285736622169,2502.181145362944,2.6149429820486096,3.6073037065466957,3.6073037065466957,2.6149427598565973,3.6073037065466957,20.03272055289073,2.6149427699538372,3.60730371302927
signsuisse_test,sign_mt_v2,748,3.0464036299795603,2444.5854267592563,3.0208669101271948,4.283123350504484,4.283123350504484,3.020867758255843,4.283123350504484,11.754158295326985,3.020867758468059,4.283123331374598
signsuisse_test,sign_mt_v2,749,4.651580866215439,3361.8620669088955,4.628390166463386,5.885046487064119,5.885046487064119,4.628390559676422,5.885046487064119,41.30291296362944,4.628390566344298,5.8850465001907954
signsuisse_test,sign_mt_v2,750,4.202739477485299,3780.0282680063656,4.186871898650557,6.971607554139601,6.971607554139601,4.186868816350795,6.971607554139601,71.53235426836628,4.186868810600822,6.971607552752837
signsuisse_test,sign_mt_v2,751,5.999614970835767,4209.598978278625,5.980097405890724,8.798491668796576,8.798491668796576,5.980098670913752,8.798491668796576,72.24858622737912,5.980097962965983,8.798491203512388
signsuisse_test,sign_mt_v2,752,3.9877194536572707,2966.919479882479,3.945119962103393,8.520211690145686,8.520211690145686,3.9451210872436184,8.520211690145686,85.20282362453024,3.945121060564565,8.520211685451446
signsuisse_test,sign_mt_v2,753,5.26936297075478,3689.3718495176327,5.266413436044165,7.6443675194131515,7.6443675194131515,5.2664124578304525,7.6443675194131515,39.57292315255355,5.266412458482074,7.64436751306592
signsuisse_test,sign_mt_v2,754,6.369793155938792,4555.267445425022,6.3818841556995025,9.551186480843887,9.551186480843887,6.381884105285958,9.551186480843887,77.08261614351966,6.381883987204854,9.551186504657206
signsuisse_test,sign_mt_v2,755,13.5451897073384,7512.029240290716,12.719282215235502,14.042440835076455,14.042440835076455,13.539164891205736,15.900236032346985,67.11170737839812,12.719280834595452,14.04244085137786
signsuisse_test,sign_mt_v2,756,4.781496125623245,4462.065287285226,4.77008652849268,7.185641453292687,7.185641453292687,4.763225926440451,7.186770811681371,58.35438816904683,4.770087398993842,7.185641457114825
signsuisse_test,sign_mt_v2,757,3.415495953422342,3353.679586837193,3.4056359189044523,4.047067980928292,4.047067980928292,3.405635495616003,4.047067980928292,18.510064765666908,3.405635503472778,4.047067982789959
signsuisse_test,sign_mt_v2,758,8.268685648181714,5694.317348584875,8.139801015886198,13.160868288807498,13.160868288807498,8.27624600433389,13.162749413314094,111.35290051176305,8.139800465063233,13.160868289508203
signsuisse_test,sign_mt_v2,759,4.340446339532694,3395.7352082891553,4.331388538583816,4.495865104783067,4.495865104783067,4.331388322086692,4.495865104783067,14.201766189613537,4.331388570923072,4.495865330273453
signsuisse_test,sign_mt_v2,760,4.085243586406712,3733.083769691412,4.267176445076694,7.090759986104801,7.090759986104801,4.093587179225023,6.874669204417043,54.214106949717916,4.267175881061529,7.090760006429242
signsuisse_test,sign_mt_v2,761,8.624970293519453,5242.472469969976,8.879192537493989,12.214330327225392,12.214330327225392,8.616304286748962,12.028086753728273,52.80915302633324,8.87919199766417,12.214330267576438
signsuisse_test,sign_mt_v2,762,4.879298313095742,3799.5948201870583,4.873220932328873,8.43717145401827,8.43717145401827,4.87322086825354,8.43717145401827,73.48387789269191,4.873220875148732,8.43717144309239
signsuisse_test,sign_mt_v2,763,5.85924793565163,4170.240202108433,6.372177976675332,11.16183389590621,11.16183389590621,5.8486746437329575,10.604712413016712,99.84879702591927,6.372177273806373,11.161833890382209
signsuisse_test,sign_mt_v2,764,4.142764731790789,3025.9329007517103,4.162274220999068,6.240221109483512,6.240221109483512,4.1377991472739115,5.885240960566612,48.98417145743836,4.162274910470385,6.240220969413504
signsuisse_test,sign_mt_v2,765,6.152843182782242,4369.637536308847,6.159229450674691,7.581677105899993,7.581677105899993,6.159230477168175,7.581677105899993,45.07745687355712,6.15923051618106,7.581677144715933
signsuisse_test,sign_mt_v2,766,3.570796861197115,3130.211250306381,2.970729269105361,6.488104734690247,6.488104734690247,3.549820630667617,6.895483087832495,73.23971722819107,2.9707293372898986,6.488104743498664
signsuisse_test,sign_mt_v2,767,9.679722403686043,6173.777212370485,9.682240090415311,13.390692945154163,13.390692945154163,9.660500822548954,13.223022587986183,84.43629472260481,9.682238412342524,13.390692243024857
signsuisse_test,sign_mt_v2,768,17.439473490441227,9195.06252930198,17.315327086218492,19.62346441099787,19.62346441099787,17.39951829003731,19.64943489532513,107.75253669882535,17.31532549127452,19.62346444045864
signsuisse_test,sign_mt_v2,769,4.026721570517526,3177.6910505027654,4.009721130387853,5.056210649123925,5.056210649123925,4.009722011648831,5.056210649123925,28.10990615164372,4.009722005642686,5.0562106468067665
signsuisse_test,sign_mt_v2,770,5.8259225060857585,4970.590127599655,5.422991099041492,8.982098301940026,8.982098301940026,5.812820923983078,9.380688455043325,82.27375150743468,5.422990876324217,8.982098312396765
signsuisse_test,sign_mt_v2,771,4.491368089473874,3348.915855808157,4.462754572690062,11.07758629854259,11.07758629854259,4.462755660283453,11.07758629854259,117.3608652182632,4.4627556630331355,11.077586270614944
signsuisse_test,sign_mt_v2,772,4.216666826475494,3028.9895432629623,4.185161824567619,6.767242483113744,6.767242483113744,4.185161163553377,6.767242483113744,63.55711736632103,4.185161600894573,6.7672426589213615
signsuisse_test,sign_mt_v2,773,4.579999094911943,3267.7554074722084,4.417740255458483,6.571077564942352,6.571077564942352,4.577717337317332,6.378131215730465,34.260652647289064,4.417739536365424,6.5710775601766045
signsuisse_test,sign_mt_v2,774,5.488774108993588,3640.405968572668,5.4744667785752785,6.614078254077433,6.614078254077433,5.474467291359967,6.614078254077433,41.976377744471826,5.474466935743556,6.614078209829897
signsuisse_test,sign_mt_v2,775,6.23970486341819,5003.022501472895,6.227633769047417,6.761922432777173,6.761922432777173,6.227634564558209,6.761922432777173,26.388096098137037,6.227634448062345,6.761922331088566
signsuisse_test,sign_mt_v2,776,10.027587786292392,5904.968874145122,10.732351688696605,13.0050394367856,13.0050394367856,10.014965867983289,12.376600659743985,72.3718379553097,10.732355648673295,13.005039436801026
signsuisse_test,sign_mt_v2,777,4.951639169835293,4454.1186120389,5.144406502509463,7.416977763795942,7.416977763795942,4.930052091019313,7.27117530053176,61.88522516169325,5.144406501783175,7.416977757452153
signsuisse_test,sign_mt_v2,778,7.180801497945075,4992.723464490027,7.211071851744952,10.052114902284721,10.052114902284721,7.166935096543021,9.98000784288581,76.413474956952,7.211070616747166,10.052114901666089
signsuisse_test,sign_mt_v2,779,9.785368062231067,5102.886233959731,10.299782328321596,11.76932341416402,11.76932341416402,9.78548661417864,11.21582430801129,114.65232161120582,10.29978123922688,11.769323392916315
signsuisse_test,sign_mt_v2,780,6.149073395746329,4639.700743148255,6.157276738182609,7.649643209481055,7.649643209481055,6.157276552370046,7.649643209481055,53.11563705117088,6.157276556139065,7.649643210102619
signsuisse_test,sign_mt_v2,781,7.547525577230222,4401.372690924165,7.893224003982091,9.382513163880573,9.382513163880573,7.534105212269609,8.783789125285956,62.85642568239413,7.893224033779502,9.382513165138343
signsuisse_test,sign_mt_v2,782,7.234254989049555,4401.142972099207,8.182889119531938,10.765771844646665,10.765771844646665,7.228873927564059,10.03319346516431,89.27221538839078,8.18289094006471,10.765772358474813
signsuisse_test,sign_mt_v2,783,1.6778890300935525,1500.642049020819,1.6778890300935525,3.0689946991253887,3.0689946991253887,1.6778889184020163,3.0689946991253887,24.11709658512919,1.6778889182724492,3.068994699262661
signsuisse_test,sign_mt_v2,784,10.595264681285986,5852.199002405904,11.44573233057554,14.330244021646028,14.330244021646028,10.458856486393083,13.358304215180743,96.44935308059333,11.445735519889764,14.330244017260695
signsuisse_test,sign_mt_v2,785,5.532832104214328,4044.963605649453,5.702377604267656,7.3430310852929965,7.3430310852929965,5.511044074880253,7.464720147181833,20.463550697463056,5.702377292885855,7.34303108665437
signsuisse_test,sign_mt_v2,786,6.214376382520778,4919.94662926944,5.960922073881367,8.179665303594389,8.179665303594389,6.194334488185023,8.363314665423536,58.209811196874206,5.960921408537386,8.179665300821702
signsuisse_test,sign_mt_v2,787,6.297039062759307,4307.261934414272,6.2904548089160395,7.495088298641124,7.495088298641124,6.290453460424761,7.495088298641124,43.3813944189856,6.290453497810877,7.495088351003344
signsuisse_test,sign_mt_v2,788,6.354157725323903,4683.113895950498,6.022402067978371,6.7695142022569375,6.7695142022569375,6.361062784148497,7.158358521525506,39.734080323680736,6.022402450000383,6.769514216545259
signsuisse_test,sign_mt_v2,789,5.240686112441106,3954.3961422787384,5.224456050168418,7.551934457599528,7.551934457599528,5.2244564233291655,7.551934457599528,55.21065302970588,5.224456416191402,7.551934463338746
signsuisse_test,sign_mt_v2,790,13.939438933554934,7400.339830697448,13.925483803632167,15.920481566255887,15.920481566255887,13.925487865257807,15.920481566255887,68.27725258297846,13.925484553149087,15.920478335395288
signsuisse_test,sign_mt_v2,791,5.354834271654643,4449.395909974816,6.619454010624341,9.758920929345033,9.758920929345033,5.260656343436681,8.51292216575604,74.50428642294594,6.619456545345026,9.758920669732294
signsuisse_test,sign_mt_v2,792,5.312360018138487,3711.0330319702925,5.3018322326928145,6.989460740673056,6.989460740673056,5.3018323755939445,6.989460740673056,53.23558249279921,5.301832387748524,6.989460760272198
signsuisse_test,sign_mt_v2,793,8.740130964528992,5321.838807244594,7.215677822086171,8.852869182824739,8.852869182824739,8.704174215273554,9.303040544490491,44.52332988114914,7.215677403542582,8.852869216256922
signsuisse_test,sign_mt_v2,794,2.1103193913339786,2041.2590996064264,2.09701592091389,4.012723316684726,4.012723316684726,2.0970159194764912,4.012723316684726,30.277875295025037,2.0970159220298323,4.012723305970806
signsuisse_test,sign_mt_v2,795,5.448250312759745,3780.1701825364385,5.415773008152793,6.609507046977182,6.609507046977182,5.4157749793697105,6.609507046977182,41.29412889298629,5.415774967106739,6.609507035043914
signsuisse_test,sign_mt_v2,796,3.403331783563229,2795.091925645952,3.397426148674648,5.251531034561572,5.251531034561572,3.3974253230236773,5.251531034561572,13.838910775375847,3.397425304066869,5.251531024364153
signsuisse_test,sign_mt_v2,797,3.699122622088754,2966.295256312147,2.822360815390937,6.071986251224192,6.071986251224192,3.6731456563943645,7.281153296729129,70.66893801178703,2.8223602321535237,6.071986138744855
signsuisse_test,sign_mt_v2,798,7.525030728399969,5313.90123221983,7.500900928515304,12.382905192271881,12.382905192271881,7.500901450408738,12.382905192271881,130.49297529058015,7.500901436879252,12.382905191706822
signsuisse_test,sign_mt_v2,799,7.718588123260141,5291.972194335736,7.34016040656575,13.1566915560429,13.1566915560429,7.6723054443001635,13.403629048723799,127.35426287584423,7.340163748241973,13.15669155377555
signsuisse_test,sign_mt_v2,800,4.161556921999881,2847.1662303941594,4.293991639189077,7.622980435928385,7.622980435928385,4.162108154099213,7.369777435852226,22.752256018220148,4.293989994186713,7.622980092315622
signsuisse_test,sign_mt_v2,801,6.251137893414667,4916.481779915715,6.616643312704644,12.200219230939311,12.200219230939311,6.238906844536308,11.936115382796805,126.61955549229779,6.616644483887239,12.200219194094343
signsuisse_test,sign_mt_v2,802,5.408280109291568,4093.9619675220274,5.385334448248723,7.3579991792387816,7.3579991792387816,5.385333711965243,7.3579991792387816,54.76812775316788,5.3853337208514365,7.35799918518227
signsuisse_test,sign_mt_v2,803,3.721261722168132,3216.8972300466953,3.7059997268505653,6.679399899788315,6.679399899788315,3.7059984008255316,6.679399899788315,58.74626276526961,3.7059983986658835,6.679399907601858
signsuisse_test,sign_mt_v2,804,9.371752319062349,5592.100371220217,9.346966177163063,12.455313684433111,12.455313684433111,9.34696623922559,12.455313684433111,71.17674343201362,9.346966140103564,12.45531367699759
signsuisse_test,sign_mt_v2,805,6.52906861197205,4685.372390137932,6.818714948367779,9.04300450455295,9.04300450455295,6.529414190140115,8.621041173625134,66.53255554275789,6.8187161246412025,9.043004878196532
signsuisse_test,sign_mt_v2,806,6.301072607760706,4026.8369653864365,6.288434558024746,11.818738551871832,11.818738551871832,6.2884327244225675,11.818738551871832,113.06749076738987,6.288433451990022,11.81873882473548
signsuisse_test,sign_mt_v2,807,4.605939924646478,4728.229709609923,4.607408224784386,8.051438838288025,8.051438838288025,4.607403663271934,8.051438838288025,74.81244765783796,4.607403164371505,8.051438542985478
signsuisse_test,sign_mt_v2,808,6.904393388397644,4773.839157848695,6.55617979152813,10.537143306826009,10.537143306826009,6.876145964114086,11.343624332457848,102.30858208226705,6.556180213335642,10.537143268077433
signsuisse_test,sign_mt_v2,809,4.0598924531754905,2761.4467910367025,4.024320235898931,6.633946060491462,6.633946060491462,4.024320062763678,6.633946060491462,59.62998930619206,4.024320514543087,6.633946320374306
signsuisse_test,sign_mt_v2,810,3.3891810497143218,2894.2128519907483,3.3839278842517824,3.5592320258369963,3.5592320258369963,3.383928764295676,3.5592320258369963,17.071641969786402,3.3839287673769056,3.5592320262111024
signsuisse_test,sign_mt_v2,811,9.416528636066582,6290.349435811933,9.738363119937011,15.817844009271894,15.817844009271894,9.408443806330682,15.45062475219498,105.3503198756164,9.738363537267997,15.817844009576815
signsuisse_test,sign_mt_v2,812,5.417185111624557,3702.8661497614057,5.392738710658542,11.919882670143176,11.919882670143176,5.392739000158077,11.919882670143176,124.254405245617,5.39273900927963,11.919882651450353
signsuisse_test,sign_mt_v2,813,6.570950799695258,4601.961087598605,6.571217480449431,8.525753549562339,8.525753549562339,6.5712169939469405,8.525753549562339,52.6176464612873,6.571216999487563,8.52575355026731
signsuisse_test,sign_mt_v2,814,6.968304401849562,5668.999274964273,6.974629469515205,10.142199741744253,10.142199741744253,6.97665370667376,10.139034369428217,88.91462648866155,6.974628777256424,10.1422001867423
signsuisse_test,sign_mt_v2,815,5.878806267958807,4185.26147441605,5.872127779250716,6.625918431732991,6.625918431732991,5.872128997522589,6.625918431732991,31.36119802185528,5.872129006041412,6.625918437197448
signsuisse_test,sign_mt_v2,816,6.5432629302976055,4165.982016419041,6.648150913436149,8.834820348475768,8.834820348475768,6.528538753714507,8.718433606494326,72.36738567063496,6.648149397938704,8.83482071441335
signsuisse_test,sign_mt_v2,817,7.92151120517635,5288.56502282519,7.750552132686967,8.632502550586135,8.632502550586135,7.882429828730683,10.03399864262931,62.8139935746695,7.750551733274849,8.632501181822855
signsuisse_test,sign_mt_v2,818,3.6061340907370227,3338.418493560193,3.4650141943472015,5.746081540440782,5.746081540440782,3.6011242343898755,5.795891718678105,47.72145325747239,3.465013142638602,5.746081557559901
signsuisse_test,sign_mt_v2,819,6.199825779469369,4838.617260337082,6.16702593578469,8.436625653495101,8.436625653495101,6.167026017821728,8.436625653495101,63.062486623743794,6.167026286200963,8.436625842138543
signsuisse_test,sign_mt_v2,820,8.67431553309702,4980.142173819954,8.649908435768456,10.041861364992956,10.041861364992956,8.649908332097937,10.041861364992956,25.993045578106543,8.64990842583055,10.04186144965848
signsuisse_test,sign_mt_v2,821,7.172335314206973,4654.189452320431,7.149919801084996,16.194706910706525,16.194706910706525,7.149919809350135,16.194706910706525,150.0102297387782,7.1499198119516825,16.194706894562223
signsuisse_test,sign_mt_v2,822,5.570066131630625,4311.683347941223,5.551533967639691,10.157308963486468,10.157308963486468,5.551534929035061,10.157308963486468,88.5768647670959,5.551534259264448,10.15730855519288
signsuisse_test,sign_mt_v2,823,7.743708405961529,4064.9061369757083,7.782920293249284,12.776034229248975,12.776034229248975,7.625163222136739,12.4928410690125,111.29909788741432,7.782920415747135,12.776035000710056
signsuisse_test,sign_mt_v2,824,6.655740724355437,5507.067901495419,6.609657865026845,16.611563285346183,16.611563285346183,6.609660142911072,16.611563285346183,166.73884768810925,6.6096601690561165,16.611563242483793
signsuisse_test,sign_mt_v2,825,5.4165426129008125,4425.084147302256,6.975117501098737,10.92711961571971,10.92711961571971,5.390750529761292,9.36693761455875,85.81170446790219,6.975115895214042,10.927119548936934
signsuisse_test,sign_mt_v2,826,7.218665641721715,4446.93911399905,6.736793097163837,9.66471382703958,9.66471382703958,7.168449164396476,10.038213732998056,60.11277397917927,6.736793048121257,9.664713084456151
signsuisse_test,sign_mt_v2,827,7.430926082019156,5557.813342088632,7.424992958166143,12.033605653179071,12.033605653179071,7.424992555353379,12.033605653179071,97.4866907697559,7.424993453333175,12.033606232940429
signsuisse_test,sign_mt_v2,828,5.58313205500581,4683.99060255805,5.589748834652238,7.599093143177821,7.599093143177821,5.589747148312337,7.599093143177821,60.21194854581034,5.589747147800474,7.59909314496961
signsuisse_test,sign_mt_v2,829,8.217453828742055,4996.7134213609115,8.207940899443358,10.413360508695327,10.413360508695327,8.207941273384623,10.413360508695327,54.704534013077755,8.207941276534392,10.41336051264906
signsuisse_test,sign_mt_v2,830,4.326064172887727,3244.9629197513673,4.337924378393062,5.02173263236598,5.02173263236598,4.3379240467683005,5.02173263236598,33.55813325315668,4.337925104963622,5.0217334969187055
signsuisse_test,sign_mt_v2,831,8.000030312866581,5066.51477743011,8.78442107697642,10.703238259204229,10.703238259204229,8.024342198432507,9.27358327060751,59.148518351347306,8.784425051937987,10.70323844481934
signsuisse_test,sign_mt_v2,832,9.36825181263798,5937.88348836244,10.508151443946842,16.134855224572515,16.134855224572515,9.333295876588116,15.218800544088529,114.26386218454272,10.508150863976292,16.13485516635574
signsuisse_test,sign_mt_v2,833,9.144216112697869,4922.520682468727,9.132471759482039,11.079821687250936,11.079821687250936,9.132469654953237,11.079821687250936,45.09142261847564,9.132471604389385,11.079823317638326
signsuisse_test,sign_mt_v2,834,9.54092253125854,5585.915881618303,9.7297177758413,11.233575803921603,11.233575803921603,9.545146513863276,11.400802813984038,57.73563479136111,9.729720913396683,11.233575792269393
signsuisse_test,sign_mt_v2,835,8.143024881645623,4578.941972907919,6.796327054216221,9.929158191378319,9.929158191378319,8.12640130743878,10.468414167084552,76.01120652522403,6.796325347323974,9.929158234400685
signsuisse_test,sign_mt_v2,836,7.082812924856248,4886.338255342924,7.052955974642799,10.720464450467633,10.720464450467633,7.052955409047276,10.720464450467633,87.1020653366954,7.052955394669792,10.72046444735537
signsuisse_test,sign_mt_v2,837,1.2974590537934911,1425.2054771227006,1.2974590537934911,2.6716302453717176,2.6716302453717176,1.2974587900670067,2.6716302453717176,20.969748347539223,1.2974587932464905,2.6716302159439653
signsuisse_test,sign_mt_v2,838,12.845116421621123,7835.4104623443145,12.98605431063731,14.76597250749186,14.76597250749186,12.836516684540822,14.6691422213236,81.79043558113048,12.986052906465916,14.765972565654076
signsuisse_test,sign_mt_v2,839,8.1305439017582,5422.003876717451,8.124851745854182,9.93636191872697,9.93636191872697,8.124850609439456,9.93636191872697,63.288478297256496,8.124850538493417,9.936361879304362
signsuisse_test,sign_mt_v2,840,9.956548913686603,5713.385869342042,10.355464734931306,12.229643157014737,12.229643157014737,9.914896263016276,11.869365621768273,68.27241367436704,10.355467835534956,12.229643148377315
signsuisse_test,sign_mt_v2,841,4.5204029466297015,3024.811083115625,4.507744305849214,9.090369776400657,9.090369776400657,4.507743130199633,9.090369776400657,81.61185521703753,4.50774314128901,9.090369770929845
signsuisse_test,sign_mt_v2,842,6.381005767528635,4663.977159435003,6.3726839191313225,9.167836668966373,9.167836668966373,6.372683175667669,9.167836668966373,68.28915198729983,6.372683574174708,9.167837016232422
signsuisse_test,sign_mt_v2,843,7.964951523361388,4977.218796622543,8.302441480565271,11.624954607286785,11.624954607286785,7.953386044518786,11.030782225524538,96.27121957666691,8.302441502102107,11.624954666872423
signsuisse_test,sign_mt_v2,844,7.934321640491858,4810.200396456181,7.250435669738369,8.714640601243353,8.714640601243353,7.876466559658367,9.269976823237137,58.923917637176686,7.25043767297271,8.714640046431683
signsuisse_test,sign_mt_v2,845,8.18708096211944,4800.822907647239,9.004582522304334,10.505679775549728,10.505679775549728,8.153140636977403,9.695472447107942,34.34577406096529,9.004582681543972,10.505679794054183
signsuisse_test,sign_mt_v2,846,11.942475294218625,5684.54068285291,11.878382693782967,12.859968277334644,12.859968277334644,11.878380303562821,12.859968277334644,60.494112043270974,11.878380297336925,12.859968282699267
signsuisse_test,sign_mt_v2,847,9.067072775077445,5953.795589606198,9.462095581785041,12.40196439589256,12.40196439589256,9.073499105933456,11.679595249482114,75.46708211737176,9.462093669977959,12.401964403673688
signsuisse_test,sign_mt_v2,848,11.546791402849452,5945.520536265482,10.927284360144634,11.498525186442128,11.498525186442128,11.383284683569585,13.503897834870605,78.19937557015038,10.927282737217356,11.498525197090876
signsuisse_test,sign_mt_v2,849,9.584946270216864,4989.806894960734,9.592458292451909,10.512759276992169,10.512759276992169,9.579167983756296,10.395892621520236,50.72127629623068,9.592461195859048,10.512759277116244
signsuisse_test,sign_mt_v2,850,3.9940258721242765,3089.517203577508,3.807044497471626,5.431240696079563,5.431240696079563,3.965354878147198,5.706581679397177,45.694918482777126,3.807044160448341,5.43124080735199
signsuisse_test,sign_mt_v2,851,7.407434058022241,4804.591551601766,7.90127720625824,10.854042526639374,10.854042526639374,7.410144952996082,10.434070643525205,64.0901461999035,7.901278335385407,10.854042591443612
signsuisse_test,sign_mt_v2,852,5.9012568699270975,4493.2180720974775,5.887217304152,8.22842733791437,8.22842733791437,5.887216646811282,8.22842733791437,56.697954365980614,5.8872166432872435,8.228427344975103
signsuisse_test,sign_mt_v2,853,8.37876133756892,6055.775561161254,8.365746684811743,11.77484588237428,11.77484588237428,8.365746704795411,11.77484588237428,92.74492887820726,8.365746727247105,11.7748458841037
signsuisse_test,sign_mt_v2,854,4.527446906268161,2988.955669962022,4.512686586073044,5.565483979834708,5.565483979834708,4.512686431236129,5.565483979834708,33.95697485563095,4.512686745543336,5.565484285526396
signsuisse_test,sign_mt_v2,855,5.565854719671461,3702.6666128302236,5.484778607064488,5.836094469648846,5.836094469648846,5.5708301010475205,5.927862461112815,23.26567685823021,5.484779498921599,5.836094473202077
signsuisse_test,sign_mt_v2,856,5.811528655772894,2871.3205254291365,5.508220535059072,6.661279548460605,6.661279548460605,5.771470403415127,7.106856836808215,51.96962602082448,5.508220338112114,6.661279060806191
signsuisse_test,sign_mt_v2,857,5.670424616052123,4673.115095513998,5.669126254374167,8.111473982711008,8.111473982711008,5.669124543582735,8.111473982711008,67.94102561457991,5.669124540291162,8.111473983672502
signsuisse_test,sign_mt_v2,858,5.565885256982154,4096.128483528066,5.67178042795007,7.276430010146861,7.276430010146861,5.567065588556709,7.160705568107436,43.58056790053861,5.67178216810365,7.2764293562792135
signsuisse_test,sign_mt_v2,859,9.596317574069436,4701.726827294861,10.259810339521076,12.143174620838172,12.143174620838172,9.583681019916265,11.382229033297737,65.88732135826532,10.259811529533948,12.143173795029183
signsuisse_test,sign_mt_v2,860,5.412324589310962,3688.392795409716,5.365167592747288,10.484425767333724,10.484425767333724,5.365171190083111,10.484425767333724,107.67161128635804,5.365171214785086,10.484425884314067
signsuisse_test,sign_mt_v2,861,4.257288629485406,3359.8503106476246,4.251056977360008,5.504491553513536,5.504491553513536,4.2510589092739774,5.504491553513536,29.6517264285948,4.251058907687857,5.504491557496546
signsuisse_test,sign_mt_v2,862,6.230453218686454,4074.5709738208934,6.2161570647733795,7.652871591192276,7.652871591192276,6.216156694888443,7.652871591192276,46.49157176837567,6.216156826016092,7.652871713587207
signsuisse_test,sign_mt_v2,863,4.381599691844954,3611.1935690921114,4.373776992426155,5.203607253413161,5.203607253413161,4.373777215226665,5.203607253413161,27.70880337915011,4.373777213283303,5.203607246024766
signsuisse_test,sign_mt_v2,864,7.3127878455860085,4119.933796033505,6.888495190286911,7.183045090764913,7.183045090764913,7.26088358705311,7.777520091434308,43.08571805514153,6.888496109078062,7.183045118297005
signsuisse_test,sign_mt_v2,865,4.246286113770451,3369.4249931171485,4.902257204229254,6.934539784187768,6.934539784187768,4.22387417958427,6.4642944236828175,62.759087968098356,4.902257948604035,6.934539803843426
signsuisse_test,sign_mt_v2,866,6.048068721423324,4017.6152853650588,5.875522866310258,8.102747013975787,8.102747013975787,6.020862290972939,8.102747013975787,54.45172632671308,5.875521758728738,8.102746691966475
signsuisse_test,sign_mt_v2,867,5.524740709505125,3967.3724000316647,5.524886413166472,5.87647589604091,5.87647589604091,5.524885489609645,5.87647589604091,26.926902393126046,5.524885297005473,5.876475669037693
signsuisse_test,sign_mt_v2,868,6.61113845039814,4275.802284155479,6.681721807987266,10.25114652307481,10.25114652307481,6.602198206961379,10.19299695129462,63.85757204084968,6.681720657602649,10.251146470252044
signsuisse_test,sign_mt_v2,869,5.20268432644807,3748.678096478469,4.813507051447959,7.33196030236496,7.33196030236496,5.1878598596203105,7.541880599982531,70.61892315159892,4.8135064594637775,7.331960311694452
signsuisse_test,sign_mt_v2,870,3.0886608735545273,2810.3607097633853,3.0646190596934724,5.110993629213643,5.110993629213643,3.0646191910774703,5.110993629213643,44.33745385739438,3.0646190522730685,5.110993526275794
signsuisse_test,sign_mt_v2,871,7.153959147637927,4955.263174654539,6.9815507769591605,8.30201985125117,8.30201985125117,7.1389656629264735,8.586312605617914,48.90575550898221,6.981550442150106,8.302019898240108
signsuisse_test,sign_mt_v2,872,6.999383179334792,4867.051417922326,6.973095215255328,8.06569186603843,8.06569186603843,6.973096215523219,8.06569186603843,41.494198717917854,6.973096375851226,8.065691929382742
signsuisse_test,sign_mt_v2,873,7.547253236208242,4797.086755265936,7.229675873875071,8.124326812885338,8.124326812885338,7.536571360545364,8.395167102359967,37.63001217432257,7.229675438828968,8.12432700770825
signsuisse_test,sign_mt_v2,874,6.160632578201746,4762.305102189743,6.574943827866235,9.538434444525414,9.538434444525414,6.148251859082546,8.880592621856453,75.3311376493783,6.574942677075596,9.53843448224068
signsuisse_test,sign_mt_v2,875,3.669186904633511,3515.5306272477665,3.6525710508218427,5.529390910836485,5.529390910836485,3.652570307404708,5.529390910836485,44.096238135927514,3.6525701622978217,5.529390798554305
signsuisse_test,sign_mt_v2,876,5.206515327307354,4043.8590651290974,5.19081436888512,6.472960493697263,6.472960493697263,5.190813836642331,6.472960493697263,40.021411123933746,5.190814080128967,6.472960607056055
signsuisse_test,sign_mt_v2,877,10.472001799208082,6674.238697632867,11.237454516840023,12.756861298767912,12.756861298767912,10.449103661116604,11.639647576596127,54.64233317530478,11.2374589706941,12.756861295918915
signsuisse_test,sign_mt_v2,878,3.727063217661013,3345.610981748672,3.712388464144845,6.387448614236777,6.387448614236777,3.7123881085738644,6.387448614236777,61.3777444311615,3.712388107061501,6.38744861785276
signsuisse_test,sign_mt_v2,879,5.911168272910338,4155.061368024101,5.877983235713127,9.420194136662166,9.420194136662166,5.894028609791637,9.31604844576643,95.07671476870321,5.877982803685002,9.420194205317806
signsuisse_test,sign_mt_v2,880,5.4615157032775725,3657.020650441954,6.50973326101533,9.359432954059821,9.359432954059821,5.418743355138715,8.778306837958112,83.58072708361458,6.50973470379657,9.35943296799456
signsuisse_test,sign_mt_v2,881,3.969834594359921,3692.616486034478,3.9607732962846263,7.081235790657913,7.081235790657913,3.960772817996888,7.081235790657913,64.84036774727586,3.9607728183710056,7.081235811077011
signsuisse_test,sign_mt_v2,882,5.862933695801638,3827.9498264388462,5.902448440498666,6.432860669760951,6.432860669760951,5.87212547985489,6.084674894449004,35.49074678436686,5.9024513934227905,6.432860760724194
signsuisse_test,sign_mt_v2,883,7.227240135765457,4803.712187346532,6.783991559760771,7.9909773944895255,7.9909773944895255,7.260989071022493,8.647943652886735,62.77001549372233,6.783992177866542,7.990977389393741
signsuisse_test,sign_mt_v2,884,5.775004135457785,4181.423875760571,5.742790978045386,6.213225267560458,6.213225267560458,5.742789374622949,6.213225267560458,21.83591726868053,5.742790084139256,6.213225935759796
signsuisse_test,sign_mt_v2,885,7.4449749221944534,4629.072777196474,7.447773492407348,7.832151383155677,7.832151383155677,7.447776112340764,7.832151383155677,27.081868898312738,7.447775849280271,7.832151167247087
signsuisse_test,sign_mt_v2,886,2.955882830271124,3417.0720741578602,3.6498315899648786,6.34300996279035,6.34300996279035,2.943740577616698,5.8865856661187355,51.244705561411756,3.6498311390144558,6.3430100204036535
signsuisse_test,sign_mt_v2,887,4.628831717942942,3057.5723535792827,4.701388001852169,6.7918821865027095,6.7918821865027095,4.634055901511702,6.735720366968815,53.87779700270616,4.70138812610758,6.791882544765041
signsuisse_test,sign_mt_v2,888,10.841659320942027,5544.209569650823,10.50412730715443,13.76561946736906,13.76561946736906,10.81450750968701,15.157478161108077,81.37686963468367,10.504127492719755,13.765619397593463
signsuisse_test,sign_mt_v2,889,3.829351189728191,3008.0408023024693,3.8171340287748787,8.007377144397214,8.007377144397214,3.8171355534972933,8.007377144397214,75.53464474545015,3.817135328429557,8.007377053792359
signsuisse_test,sign_mt_v2,890,4.2326215142459445,3687.513564818151,4.227366995806139,5.646268134198978,5.646268134198978,4.2273693480497805,5.646268134198978,33.94824250079524,4.227369318754491,5.646268112702637
signsuisse_test,sign_mt_v2,891,4.247880468798677,2909.392776783542,4.23793549579541,8.112999402452957,8.112999402452957,4.237935463200701,8.112999402452957,73.61833583375089,4.237935234437708,8.112999560092911
signsuisse_test,sign_mt_v2,892,5.785802790108911,3642.424152727986,5.770978247577665,9.410925105723695,9.410925105723695,5.770978355022346,9.410925105723695,78.0768117750293,5.7709783679313915,9.410925088513803
signsuisse_test,sign_mt_v2,893,3.2319709607679723,2826.7416392601876,3.215021124552748,5.75998436231763,5.75998436231763,3.2150212612506444,5.75998436231763,50.815216910046196,3.2150210951442775,5.75998422510222
signsuisse_test,sign_mt_v2,894,7.551142289528154,4281.3371986342545,8.349303397858705,10.177645061204222,10.177645061204222,7.527801755392495,9.43229210767773,81.35317094471182,8.34930524693475,10.177645075524156
signsuisse_test,sign_mt_v2,895,5.031564448653934,3087.521523147389,4.988361497129317,5.446061023037915,5.446061023037915,4.988361250486067,5.446061023037915,11.123771650926155,4.988361235864678,5.446061004963819
signsuisse_test,sign_mt_v2,896,4.906813411840373,2881.8897262685737,4.886133983612883,6.0073247297567915,6.0073247297567915,4.886133125261061,6.0073247297567915,31.07165462302678,4.886133291970585,6.0073249081516495
signsuisse_test,sign_mt_v2,897,5.905558210994779,4255.710200594643,5.901024534388575,7.625093836359646,7.625093836359646,5.9010242462892775,7.625093836359646,50.208600066904076,5.901024253757827,7.62509384205238
signsuisse_test,sign_mt_v2,898,6.490003577227572,4663.425521583013,6.481787857228291,8.238655699843903,8.238655699843903,6.481785992519189,8.238655699843903,51.34726082774062,6.481785951711619,8.238655691682872
signsuisse_test,sign_mt_v2,899,7.974593528711948,5623.719556030362,7.7903040501058225,11.56345489858734,11.56345489858734,7.935834426269953,11.659526212230523,99.73456791433996,7.790306988872614,11.563454908331616
signsuisse_test,sign_mt_v2,900,5.197824488109584,3580.144270182635,5.684374367714064,7.901248769366059,7.901248769366059,5.154827801839413,7.20147775104685,58.90037854816259,5.684373730168614,7.9012489484985755
signsuisse_test,sign_mt_v2,901,4.249605838765341,3822.9453380002574,4.248618363822812,7.177100305019751,7.177100305019751,4.248617956038889,7.177100305019751,58.1263241807935,4.248617964171066,7.177100300618916
signsuisse_test,sign_mt_v2,902,7.60896266363215,4851.742408898379,8.059315630005113,10.71339453322165,10.71339453322165,7.595470818385704,10.47296819961954,102.42402554006172,8.059313787968819,10.713394497372512
signsuisse_test,sign_mt_v2,903,4.7660536810268,4026.119795704659,4.7467192596326795,7.090770646796053,7.090770646796053,4.74671980516265,7.090770646796053,64.86479945878081,4.746719790613831,7.090770623281138
signsuisse_test,sign_mt_v2,904,7.244892109519201,4911.7535927151,6.8712340271201215,10.790181696820268,10.790181696820268,7.219136534339695,10.695321478094362,76.69186918464786,6.8712295532890675,10.790181652034196
signsuisse_test,sign_mt_v2,905,1.7217558340084784,2106.056756526593,1.7169577968397651,2.0441978169434543,2.0441978169434543,1.7169578520378295,2.0441978169434543,9.347478808995714,1.7169578627833944,2.0441978295102166
signsuisse_test,sign_mt_v2,906,4.659265669646798,4432.794536614647,4.647197484104268,7.581161301721799,7.581161301721799,4.647198405338519,7.581161301721799,62.10505735453634,4.647198825673578,7.581161559735403
signsuisse_test,sign_mt_v2,907,3.1293243142199416,2980.148150568328,3.10835217238674,4.807422614016601,4.807422614016601,3.108353247258723,4.807422614016601,37.69464962382534,3.108353272832253,4.807422630924733
signsuisse_test,sign_mt_v2,908,6.396124139593873,3939.2102429767465,6.823659201870639,10.952387629919562,10.952387629919562,6.3995239542510065,11.492708025130206,107.81824956503074,6.823657891960559,10.952387884128772
signsuisse_test,sign_mt_v2,909,12.436342058594871,7558.314536070563,12.38725054596858,14.661085929548321,14.661085929548321,12.387251843795298,14.661085929548321,79.52600486938799,12.387254048984124,14.661087948569829
signsuisse_test,sign_mt_v2,910,6.662535404435336,3812.8713110364797,6.173612769757476,8.92596382910581,8.92596382910581,6.596955836524597,8.960102029988976,66.97380543299529,6.173612085812592,8.925963858484057
signsuisse_test,sign_mt_v2,911,2.3907618526239807,2768.7738724719597,2.378923493515582,4.532982477139224,4.532982477139224,2.378923484141319,4.532982477139224,50.13474433273044,2.378923483685466,4.532982493379692
signsuisse_test,sign_mt_v2,912,7.7161543942835085,5398.578502427519,7.712940797012886,10.462114620842199,10.462114620842199,7.7129417753596305,10.462114620842199,74.16367409194847,7.712940867915832,10.462113949696263
signsuisse_test,sign_mt_v2,913,5.44731891789474,3587.8394461065404,5.41215347546976,7.5879355799505435,7.5879355799505435,5.421099764170559,7.5879355799505435,69.91348673670674,5.412152889505017,7.587935569535479
signsuisse_test,sign_mt_v2,914,7.12810764935778,4803.392996346982,7.127979110622042,8.027816979021834,8.027816979021834,7.127976567104021,8.027816979021834,43.07143184208415,7.1279765795066075,8.027816986388029
signsuisse_test,sign_mt_v2,915,4.713195560246267,4134.988656207695,4.978560276820766,8.825261096859657,8.825261096859657,4.685013631831209,8.476696926899312,75.70278425919159,4.978560422369864,8.825261090716669
signsuisse_test,sign_mt_v2,916,2.7861743665258176,2528.2795664406185,2.7814394357892915,5.1263234882689925,5.1263234882689925,2.7814396535576105,5.1263234882689925,46.687989070106326,2.781439489706904,5.126323475561567
signsuisse_test,sign_mt_v2,917,7.6554859281336105,4761.147898722113,7.7103849782986735,10.364580954496292,10.364580954496292,7.647807595749172,10.260878177612273,80.13122561062669,7.7103852025709925,10.364581497361392
signsuisse_test,sign_mt_v2,918,4.992940718363648,4359.503230357659,5.423726638416445,10.422799099186244,10.422799099186244,4.972266520180343,10.198418093517054,102.2746860195471,5.423728018023103,10.422799137193172
signsuisse_test,sign_mt_v2,919,9.32650836630046,4992.06844152963,10.91322902580476,10.998244597412812,10.998244597412812,9.313552736775089,11.256767860103466,45.324751244659446,10.91322668829704,10.998244627260753
signsuisse_test,sign_mt_v2,920,7.012433331506471,5412.374473056349,6.982385947106118,8.45970462804954,8.45970462804954,6.982386135197009,8.45970462804954,50.60780707268104,6.982386141805346,8.459704633695889
signsuisse_test,sign_mt_v2,921,5.737656657807992,4235.468564330244,6.143593908124615,8.913250124413262,8.913250124413262,5.719207815902341,8.599506818808576,77.21975547131481,6.143593649355905,8.913250144682094
signsuisse_test,sign_mt_v2,922,6.701342251420767,4291.100793239854,6.527803052083457,10.924871579285934,10.924871579285934,6.656690392264199,11.000028721029665,98.01397706872264,6.527803564033455,10.924871607470632
signsuisse_test,sign_mt_v2,923,7.234588520744133,4841.6176992433375,7.219582327430327,10.030673246488865,10.030673246488865,7.217736120757433,9.202332494455735,62.5379310685603,7.219582446923351,10.030673810260684
signsuisse_test,sign_mt_v2,924,7.498721831367227,4844.551136409064,7.2629837692593995,11.855816692564874,11.855816692564874,7.477041069849057,11.842532716641298,71.1195232476477,7.26298364481062,11.855816725832247
signsuisse_test,sign_mt_v2,925,6.837897856698673,5058.450345273944,8.125264484832206,10.922085343359758,10.922085343359758,6.778678353709334,9.749790987921191,90.56313215240381,8.125264414322647,10.922085360642464
signsuisse_test,sign_mt_v2,926,5.937053442748761,4520.575271370714,5.921841911426838,7.405407116441611,7.405407116441611,5.921839957698964,7.405407116441611,40.25717647894152,5.921839972673902,7.405407091740697
signsuisse_test,sign_mt_v2,927,5.2279144921704255,3518.832176621351,5.189596087929146,6.141682527448978,6.141682527448978,5.189597023454884,6.141682527448978,21.036766429873655,5.189596996363594,6.141682504798716
signsuisse_test,sign_mt_v2,928,9.93919520321352,5913.029450996833,9.543486219789393,11.188192823927432,11.188192823927432,9.910231249813595,11.51087962885219,57.21356792492855,9.543486711191798,11.18819274069211
signsuisse_test,sign_mt_v2,929,4.307002384462908,4274.724886253818,4.318156792488321,7.864186396453601,7.864186396453601,4.318154194580623,7.864186396453601,72.9609540419342,4.318154169425626,7.864186399577258
signsuisse_test,sign_mt_v2,930,8.88222795558902,5513.824233824231,8.522170658683162,9.734034637647401,9.734034637647401,8.867739027460205,10.45466936302847,56.053983011010715,8.522169959270636,9.734034634973117
signsuisse_test,sign_mt_v2,931,6.370552469133751,2535.7668967952523,6.3555397598437136,10.000182382223116,10.000182382223116,6.35553964633948,10.000182382223116,70.46868946993678,6.3555396463776175,10.000182381975621
signsuisse_test,sign_mt_v2,932,3.55791851274143,3434.7090733573687,3.5495812946528775,4.8685409517456275,4.8685409517456275,3.549582283519883,4.8685409517456275,38.29378450549909,3.549582260997108,4.868540932717471
signsuisse_test,sign_mt_v2,933,3.76050950503648,3090.9577989200707,3.3760266458718786,3.49225793761916,3.49225793761916,3.684889657921775,4.896319805748948,42.80432872502828,3.376024547308872,3.4922575457329947
signsuisse_test,sign_mt_v2,934,6.245275470728809,4152.214906777584,6.211109684384277,7.778150005812827,7.778150005812827,6.211108950797781,7.778150005812827,47.92755385403217,6.21110883304603,7.778149919016495
signsuisse_test,sign_mt_v2,935,8.921966071948257,6900.265705708352,9.030574494276587,15.05468728688273,15.05468728688273,8.911893682994199,14.811904476119537,130.09744370495014,9.030573193284882,15.05468730348218
signsuisse_test,sign_mt_v2,936,5.562222273078781,4189.714240927676,5.567848424886661,9.415241351944436,9.415241351944436,5.567847811658565,9.415241351944436,74.586771852462,5.5678478130840325,9.415241370333344
signsuisse_test,sign_mt_v2,937,6.370859287355255,4271.627066135933,6.787300689001647,8.434526790946373,8.434526790946373,6.356487932079854,7.971528598771123,37.69507368248776,6.787299936718256,8.434526428336953
signsuisse_test,sign_mt_v2,938,4.9540800101615865,3563.7888291126883,4.936502547106393,6.632176493031934,6.632176493031934,4.936503481288581,6.632176493031934,27.838719101776157,4.936503347920381,6.632176242665327
signsuisse_test,sign_mt_v2,939,9.224648189065935,4989.95302500456,9.183313111959885,11.525320856917883,11.525320856917883,9.183313827437862,11.525320856917883,45.532798917283266,9.183313823030632,11.525320849511845
signsuisse_test,sign_mt_v2,940,6.4086122820810685,4515.595363103645,6.773264745891543,8.581300182565949,8.581300182565949,6.418100136921298,8.317076370111318,53.39550145228798,6.773264913924612,8.581300184006441
signsuisse_test,sign_mt_v2,941,3.810395226656289,3590.0699979036235,5.239467580231209,5.566300856792839,5.566300856792839,3.7896533337530833,3.9597120615681614,25.161698565284603,5.2394677382116015,5.566300818362175
signsuisse_test,sign_mt_v2,942,4.869512465092766,4209.831618734332,5.87502855038076,7.132003647934006,7.132003647934006,4.862161760349167,5.82464075725218,40.79813510825901,5.875029216125027,7.1320039466042715
signsuisse_test,sign_mt_v2,943,4.506136746442694,3376.133489252945,4.323788553061455,4.7660012926087685,4.7660012926087685,4.493240093530356,4.862569717005201,23.311321351698524,4.323790308185234,4.766001303134304
signsuisse_test,sign_mt_v2,944,9.592229898609764,5258.341153050191,9.079513742391605,10.97579842167069,10.97579842167069,9.544663127494912,11.673093806592211,66.36957008564971,9.079512239087402,10.975797505043206
signsuisse_test,sign_mt_v2,945,10.936392779989447,6838.678407559629,10.621474000933754,11.017482323216019,11.017482323216019,10.918028767179871,11.415331959466897,42.008781220116276,10.621470269501135,11.017482551235805
signsuisse_test,sign_mt_v2,946,4.8200738428013,4636.419265291544,4.821244049702214,6.375399376337058,6.375399376337058,4.82124516451103,6.375399376337058,46.37730349786326,4.82124537602023,6.375399557990225
signsuisse_test,sign_mt_v2,947,7.037861924766197,5428.344135180516,7.0567469157485565,10.042070583521701,10.042070583521701,7.056742859746311,10.042070583521701,80.09080360237488,7.056743172126131,10.042070823998094
signsuisse_test,sign_mt_v2,948,5.806178204258042,4844.241865429531,5.793026115862018,10.143370846539595,10.143370846539595,5.793027141416796,10.143370846539595,76.7676230168163,5.793027135660742,10.1433709423058
signsuisse_test,sign_mt_v2,949,8.369303628407025,5687.549843417583,8.36819743403831,10.329857554104965,10.329857554104965,8.36819342154311,10.329857554104965,61.910250063092256,8.368193423641083,10.32985756493195
signsuisse_test,sign_mt_v2,950,5.944956759740933,4870.980336958934,5.929879074834599,7.904822491775879,7.904822491775879,5.929879533731802,7.904822491775879,49.141415322465804,5.929879533842186,7.904822485120698
signsuisse_test,sign_mt_v2,951,7.3000859533320455,5564.318941047912,7.299796058918608,8.245411550381696,8.245411550381696,7.299794897609243,8.245411550381696,44.67284784629569,7.299794896095333,8.245411551425068
signsuisse_test,sign_mt_v2,952,6.900804512824953,5203.716863961278,6.896889989297203,8.786248456837152,8.786248456837152,6.896890508559236,8.786248456837152,57.57554706157256,6.896889733689779,8.78624782607832
signsuisse_test,sign_mt_v2,953,4.0011195510324535,3380.570425427492,4.01945533979087,6.201046295439485,6.201046295439485,4.0194545005461455,6.201046295439485,54.9219316594609,4.019454502914487,6.201046298525315
signsuisse_test,sign_mt_v2,954,8.592397124198133,6163.4886227664665,8.246300009089401,9.614567656873405,9.614567656873405,8.586488896625486,10.964726185176664,82.94564226524959,8.24630056239449,9.614567662852213
signsuisse_test,sign_mt_v2,955,5.8237027289817505,4016.5793254397786,5.964862629182498,8.261572788640018,8.261572788640018,5.809586354398782,7.927641105511211,64.89182591595691,5.964863633188569,8.261572775262445
signsuisse_test,sign_mt_v2,956,7.821360509421347,3761.7874097999775,7.750933522606767,9.486108171978575,9.486108171978575,7.750932568373768,9.486108171978575,93.56253583423316,7.7509325594588585,9.486108180308198
signsuisse_test,sign_mt_v2,957,4.076420528152342,3632.3508925156502,4.168858067711345,7.210400932380535,7.210400932380535,4.076218240486077,7.1189909330285435,68.3008460571991,4.168857086022321,7.210400911797161
signsuisse_test,sign_mt_v2,958,4.504818621476209,3401.678470162498,4.489736599309888,6.655365466465156,6.655365466465156,4.4897372416373695,6.655365466465156,54.435448582422794,4.489736800043494,6.655365208904093
signsuisse_test,sign_mt_v2,959,4.745252287995743,3627.635105040157,4.73917400033124,7.324949275156299,7.324949275156299,4.739174472297986,7.324949275156299,55.803075618155496,4.739174527755883,7.324949373620821
signsuisse_test,sign_mt_v2,960,3.3618885349083794,3033.7817620252395,3.347514941645202,6.327590472427768,6.327590472427768,3.347514779893964,6.327590472427768,54.509225611608805,3.347514603288458,6.327590375762084
signsuisse_test,sign_mt_v2,961,4.740814363842521,3341.8134746823657,4.721794124216212,7.24832785828563,7.24832785828563,4.721795348379883,7.24832785828563,27.758598388585607,4.721795370772561,7.248327872679748
signsuisse_test,sign_mt_v2,962,3.3163209201601584,2835.222741781355,3.30415287681869,3.6732454935827934,3.6732454935827934,3.3041514540267554,3.6732454935827934,20.47248651153477,3.304151450556661,3.6732454907739744
signsuisse_test,sign_mt_v2,963,5.431022934629481,4017.0897871314164,5.398109423235924,10.05771407958938,10.05771407958938,5.398111088724494,10.05771407958938,90.51460118185118,5.398111112856442,10.05771410197489
signsuisse_test,sign_mt_v2,964,7.239589316600269,5425.821225683965,7.233637013742088,8.192536824289585,8.192536824289585,7.233639636617041,8.192536824289585,36.458254751665415,7.233639638880344,8.192536825825922
signsuisse_test,sign_mt_v2,965,8.667189729070804,6124.153289077133,8.118141728775825,10.191238256787111,10.191238256787111,8.657113621311906,10.485236337326464,61.403905704868436,8.118142420651768,10.191238222397349
signsuisse_test,sign_mt_v2,966,7.431864883475699,4316.780533169924,6.917404486730959,9.30748932802435,9.30748932802435,7.390437632915378,9.85150253703179,64.91152046242254,6.917403815684203,9.30748932808097
signsuisse_test,sign_mt_v2,967,7.5981019132193,4830.593953190108,7.58405752799742,8.890507559470507,8.890507559470507,7.58405715720581,8.890507559470507,49.96454388194271,7.584057551879914,8.890507920936356
signsuisse_test,sign_mt_v2,968,5.152799674396979,3856.3742244745004,5.115414742935474,8.005402793123066,8.005402793123066,5.11541465760712,8.005402793123066,68.40598853559779,5.115414681027057,8.005402800994327
signsuisse_test,sign_mt_v2,969,3.8904592188769973,3852.636652714866,4.719630266167811,6.709428210095195,6.709428210095195,3.877648555667968,5.886651097169329,55.47788987732667,4.719630119723405,6.709428105399438
signsuisse_test,sign_mt_v2,970,6.602554713471371,4599.159526169957,6.72533628544282,8.60823376124596,8.60823376124596,6.617395637458987,8.363577060515354,64.85568302917666,6.725339824540417,8.608233556356543
signsuisse_test,sign_mt_v2,971,6.233234257292819,4205.835679638577,6.240252424681098,8.453259464192325,8.453259464192325,6.240255030980891,8.453259464192325,57.18850034547823,6.240254315804147,8.453258923771134
signsuisse_test,sign_mt_v2,972,3.8038518507676145,3347.5495469217726,3.4007850132118267,5.792694139587992,5.792694139587992,3.776464726154492,6.303766909776285,59.07378769729065,3.4007850574353737,5.792694132898689
signsuisse_test,sign_mt_v2,973,6.646604266355121,4762.511041991597,6.435197210395224,7.9857928705885115,7.9857928705885115,6.64884656622178,8.106925432560166,52.66118776959847,6.435195455071982,7.985792827518364
signsuisse_test,sign_mt_v2,974,4.690769546489618,3102.883019812384,4.678934122738797,6.864301405394265,6.864301405394265,4.6789357203673925,6.864301405394265,44.63605213513459,4.6789353367619935,6.864301119398567
signsuisse_test,sign_mt_v2,975,5.903982628064249,4406.145832289633,5.865130742696477,8.071816468875019,8.071816468875019,5.865130651546115,8.071816468875019,46.539217291895824,5.865130573975203,8.071816613406579
signsuisse_test,sign_mt_v2,976,7.540618077896061,6130.518689445556,7.538916457767499,9.541089111725146,9.541089111725146,7.538916938847749,9.541089111725146,63.84164138586613,7.538916931706537,9.541089101937297
signsuisse_test,sign_mt_v2,977,5.697844075925313,4577.478434550283,5.694244650814518,6.105355533768008,6.105355533768008,5.694245793625145,6.105355533768008,28.858709133580767,5.694245788623614,6.105355528916344
signsuisse_test,sign_mt_v2,978,4.795103888504364,3630.397438817021,4.791105273232161,6.219849291964039,6.219849291964039,4.79110596466658,6.219849291964039,36.52592183859258,4.791105944660571,6.2198492800635865
signsuisse_test,sign_mt_v2,979,4.3874602995603835,2806.619441188282,5.976159272641188,9.731405238277878,9.731405238277878,4.334191349195837,8.015737860355628,56.410380666465166,5.976158206391723,9.73140520597897
signsuisse_test,sign_mt_v2,980,4.566971786696915,3550.1085966397222,4.563700434735487,5.4754241275161295,5.4754241275161295,4.563700223304983,5.4754241275161295,31.19348732542488,4.563700229694933,5.475424136078469
signsuisse_test,sign_mt_v2,981,3.874963569548333,3057.7078083767897,3.8577041340346145,6.339016123123925,6.339016123123925,3.8577039643654816,6.339016123123925,62.91727534894661,3.857703989376158,6.339016126760441
signsuisse_test,sign_mt_v2,982,6.971432103815022,4599.777805098403,7.4369651937589385,11.400628591741375,11.400628591741375,6.954684026441773,10.806146656800811,96.46505955371192,7.436962737056927,11.400628615706248
signsuisse_test,sign_mt_v2,983,5.2121027732394145,4039.5370200835473,5.1856302770472755,7.43843068846844,7.43843068846844,5.185630185435009,7.43843068846844,60.19377006758793,5.185629667523157,7.438430350513078
signsuisse_test,sign_mt_v2,984,8.88094276412911,5417.1094860340745,9.883116261516317,11.669099378350737,11.669099378350737,8.866441733293241,10.992991009350064,68.22353202918883,9.883116080730789,11.669099387757415
signsuisse_test,sign_mt_v2,985,4.01330527912257,3845.9355852015588,3.9923623457748185,8.110269186542894,8.110269186542894,3.9923612031037043,8.110269186542894,76.65008970932222,3.9923612147070564,8.110269330345137
signsuisse_test,sign_mt_v2,986,6.702432778682547,3103.500935593653,6.659466826407554,14.236622211861365,14.236622211861365,6.6594663368105405,14.236622211861365,118.8211489701713,6.65946570729936,14.236622255045177
signsuisse_test,sign_mt_v2,987,5.994908917324902,3989.8365691633,5.725500207466852,7.3912849445300965,7.3912849445300965,5.987945928684129,7.616195730062598,49.337258879436845,5.725500646914828,7.391285303095907
signsuisse_test,sign_mt_v2,988,7.468324142345766,4769.761648565325,7.440558999183005,9.19398447011245,9.19398447011245,7.440560268105995,9.19398447011245,54.005334706350865,7.440560280227127,9.193984476810083
signsuisse_test,sign_mt_v2,989,5.315521559830428,4208.2137657954245,5.280762450392335,7.5505127907207275,7.5505127907207275,5.280761379994422,7.5505127907207275,45.51102023038142,5.280761968404962,7.550513426340245
signsuisse_test,sign_mt_v2,990,3.929928852907145,3373.5961893125796,4.521526229837936,5.582607489345776,5.582607489345776,3.932372670885623,5.089255624712202,38.432965748481784,4.521529689262506,5.582607476431322
signsuisse_test,sign_mt_v2,991,2.481090807556554,2603.7901158099694,2.477724394053457,6.330022798416799,6.330022798416799,2.4777243319562317,6.330022798416799,54.318017817720275,2.47772432791022,6.330022805571817
signsuisse_test,sign_mt_v2,992,7.199922207855743,4013.625335070057,6.1801583161351115,10.080166400394486,10.080166400394486,7.175823217771631,10.27970808164652,63.89033987572883,6.180157768396095,10.080166426421743
signsuisse_test,sign_mt_v2,993,10.667569501396283,6369.274621969984,10.536996514262233,11.507518934104342,11.507518934104342,10.68013436397513,11.618627495616309,39.19411939165285,10.536996639485345,11.507518937025987
signsuisse_test,sign_mt_v2,994,8.873402529005624,5841.770036946265,8.880562872502209,14.309882749220302,14.309882749220302,8.874789691351415,14.30609791483601,105.8370346493625,8.880567799115136,14.309881972156782
signsuisse_test,sign_mt_v2,995,6.934118166249023,5142.48003439981,6.054253201542419,8.596806051424288,8.596806051424288,6.869790074651896,10.294133617833738,94.33176700390202,6.054253873615021,8.5968060512566
signsuisse_test,sign_mt_v2,996,5.322354844239125,3706.4507713706025,6.443632979484056,8.46325355751865,8.46325355751865,5.274833959502766,7.423175361113325,53.13218796554311,6.443632783467022,8.463253849437844
signsuisse_test,sign_mt_v2,997,8.232894407519261,5321.844910373159,8.369746930771479,11.3744397438689,11.3744397438689,8.218864113726074,11.091868126549182,74.76258421793847,8.369747184872605,11.374439730536448
signsuisse_test,sign_mt_v2,998,6.197113922945233,4349.393678335023,6.165104994544327,7.965146302327237,7.965146302327237,6.1651063250010365,7.965146302327237,55.88537652513506,6.165106320086913,7.965146301391028
signsuisse_test,sign_mt_v2,999,7.4127027178372895,5418.011778189022,7.3266262641326865,10.662407461297224,10.662407461297224,7.404211852351151,10.725048681469566,76.23934507238016,7.326627446815429,10.662407471703341
