data,system,example_id,startendtrimmed_normalizedbyshoulders_hands_defaultdist0.0_nointerp_dtw_fillmasked0.0_dtaiDTWAggregatedDistanceMetricFast,startendtrimmed_unnormalized_hands_defaultdist0.0_nointerp_dtw_fillmasked10.0_dtaiDTWAggregatedDistanceMetricFast,untrimmed_normalizedbyshoulders_hands_defaultdist1.0_nointerp_dtw_fillmasked0.0_dtaiDTWAggregatedDistanceMetricFast,untrimmed_normalizedbyshoulders_hands_defaultdist1.0_nointerp_dtw_fillmasked1.0_dtaiDTWAggregatedDistanceMetricFast,untrimmed_unnormalized_hands_defaultdist1.0_nointerp_dtw_fillmasked1.0_dtaiDTWAggregatedDistanceMetricFast,startendtrimmed_unnormalized_hands_defaultdist10.0_nointerp_dtw_fillmasked0.0_dtaiDTWAggregatedDistanceMetricFast,startendtrimmed_unnormalized_hands_defaultdist10.0_nointerp_dtw_fillmasked1.0_dtaiDTWAggregatedDistanceMetricFast,startendtrimmed_unnormalized_hands_defaultdist10.0_nointerp_dtw_fillmasked10.0_dtaiDTWAggregatedDistanceMetricFast,untrimmed_normalizedbyshoulders_hands_defaultdist10.0_nointerp_dtw_fillmasked0.0_dtaiDTWAggregatedDistanceMetricFast,untrimmed_unnormalized_hands_defaultdist10.0_nointerp_dtw_fillmasked1.0_dtaiDTWAggregatedDistanceMetricFast
signsuisse_test,sign_mt,0,12.989275723056334,7755.456602761159,12.840127219694978,14.421969553240265,14.421969553240265,13.005491415335355,14.584504968966582,71.23545744270804,12.840127527468386,14.421969545575378
signsuisse_test,sign_mt,1,8.807702094487874,6418.65292323834,8.878726301013527,11.319724695781028,11.319724695781028,8.835331391074845,11.093067728199577,81.23008324730915,8.878735395708016,11.319724691240102
signsuisse_test,sign_mt,2,10.546353789151013,4695.390817273289,10.168220344639424,16.900505370661694,16.900505370661694,10.45128011920049,16.132860260380603,25.283158792702473,10.16821471271253,16.90050662565319
signsuisse_test,sign_mt,3,11.42957001837395,6287.053330876773,10.551445421848667,13.69935688353076,13.69935688353076,11.403366507795102,18.44361621662713,95.71455321700194,10.551443916873486,13.699356936976791
signsuisse_test,sign_mt,4,7.553774588758996,5460.75728170885,7.510395639961045,9.655663434876796,9.655663434876796,7.51039462371149,9.655663434876796,45.300667738204204,7.510394599236207,9.655663411174286
signsuisse_test,sign_mt,5,5.482968753520138,4336.416724734042,5.1653888175642715,7.514509660288804,7.514509660288804,5.453459562074774,7.950689582581579,48.88690430694917,5.165388862349635,7.514509655257397
signsuisse_test,sign_mt,6,5.824748990770771,3174.7392671709213,5.825643484911054,6.553196370872482,6.553196370872482,5.825642478220122,6.553196370872482,24.594718407641576,5.825642453232459,6.55319635124539
signsuisse_test,sign_mt,7,14.93745232273754,8304.926119704283,15.011890234516727,18.790637961557167,18.790637961557167,14.928827894288201,18.783063068581896,189.86518623460682,15.011890016662822,18.79063787668519
signsuisse_test,sign_mt,8,9.630450951013678,5535.515482487499,9.30380678427729,10.467500822196259,10.467500822196259,9.588562841071647,10.763655260254705,63.16853905891055,9.303801759952892,10.46750052222107
signsuisse_test,sign_mt,9,7.18228320046873,7416.266333759819,7.221662790298503,8.25247975462662,8.25247975462662,7.189322280806989,8.041578171046499,39.250108783880265,7.221663751025468,8.252479807565546
signsuisse_test,sign_mt,10,6.676186017350065,6134.794396228504,6.746438511074718,9.568159253396646,9.568159253396646,6.67463815180295,9.513003646676838,71.07764834381443,6.746436679999701,9.568159298123545
signsuisse_test,sign_mt,11,6.099703821423456,3529.7695216608117,6.813266889672821,9.271467564426336,9.271467564426336,6.054587816194631,8.200059333034488,66.56462125857225,6.813268115384892,9.27146754525971
signsuisse_test,sign_mt,12,10.650245397550462,6755.2853671416215,10.737408837507928,11.641424622860427,11.641424622860427,10.633300585825694,11.988165048253101,42.91025724250416,10.737409483381999,11.641424618940276
signsuisse_test,sign_mt,13,9.737310456244435,10827.325463454335,9.832447716646922,12.105694143659784,12.105694143659784,9.73652984199229,11.799386458820997,78.60953140463867,9.832449183905853,12.105694141365419
signsuisse_test,sign_mt,14,4.732472298490837,4587.203452012262,4.735687130097965,6.611904175618711,6.611904175618711,4.735685989955949,6.611904175618711,50.251068784684264,4.735686181996322,6.611904303726952
signsuisse_test,sign_mt,15,10.619443369499358,5434.65410304209,10.733432374233782,13.890611482517173,13.890611482517173,10.48782313075811,13.485531429202297,88.08243293036973,10.733434196154102,13.890611463661955
signsuisse_test,sign_mt,16,5.927381791357865,5742.842433660829,6.300067601917029,8.949548719416063,8.949548719416063,5.921122762003366,8.467598589853852,74.43883511892334,6.300066328626943,8.949548728063716
signsuisse_test,sign_mt,17,6.473706003466718,4956.443668030366,6.482207641432604,7.555271242701037,7.555271242701037,6.482207660990956,7.555271242701037,42.80046339254359,6.482207671694395,7.555271253007303
signsuisse_test,sign_mt,18,5.531493086667658,3412.730381710705,5.500353836509245,5.750157479089108,5.750157479089108,5.500353972518108,5.750157479089108,17.278930577081937,5.50035397279142,5.750157479708908
signsuisse_test,sign_mt,19,10.096324952285158,5742.576420502893,8.710784213938707,11.548186243295003,11.548186243295003,10.066143750044132,12.48340368273297,103.43555128644728,8.710785127443968,11.548185482477415
signsuisse_test,sign_mt,20,5.349124889622398,3618.6431179322485,5.0637873255998755,7.137889803374256,7.137889803374256,5.229791977278268,7.42073489451688,23.551326186200495,5.063786576832795,7.137889751902553
signsuisse_test,sign_mt,21,13.862321586233511,8829.658052263683,13.804578767007737,17.044404213788923,17.044404213788923,13.804583900160418,17.044404213788923,62.37796675551734,13.80458391402196,17.04440423256835
signsuisse_test,sign_mt,22,5.457884391811421,4689.940662294849,5.76114397392188,6.655324547905879,6.655324547905879,5.490326702754614,6.116913913370818,34.57478816403569,5.761141155892787,6.655324195047318
signsuisse_test,sign_mt,23,7.946300177208286,6379.728097992173,7.934265403151678,9.423693867260468,9.423693867260468,7.934264104537478,9.423693867260468,49.875218805128874,7.934264091267561,9.423693858000217
signsuisse_test,sign_mt,24,7.751606677122273,7969.39956945668,11.54139859367444,12.264388115428394,12.264388115428394,7.790627576629653,8.955137891026046,51.65603790316137,11.541391398726963,12.264388118774033
signsuisse_test,sign_mt,25,3.6227245893591493,3607.2168451442913,3.339640493956594,6.076774465189916,6.076774465189916,3.626184671095615,6.247439670172819,60.770669879349285,3.339640080025643,6.076774721753536
signsuisse_test,sign_mt,26,5.814865594041947,5908.785689227509,5.803161420293323,7.926964551018382,7.926964551018382,5.803162086394709,7.926964551018382,64.44347570184522,5.803162084153159,7.926964548204043
signsuisse_test,sign_mt,27,9.191183041345209,7222.565464710676,9.220000780539273,12.438251666871317,12.438251666871317,9.19350318541031,12.326121180055745,82.63963776928908,9.219998851194353,12.438251675611324
signsuisse_test,sign_mt,28,5.643185879731378,4582.209615619113,5.608575141914532,7.710765965213854,7.710765965213854,5.608574699792849,7.710765965213854,38.34070901566016,5.608575072838732,7.710766156986094
signsuisse_test,sign_mt,29,8.82650416797415,6343.197884424026,8.604243101786599,10.109497588883457,10.109497588883457,8.814347466196837,10.325382826900102,49.63191416346994,8.604241958300687,10.10949778429829
signsuisse_test,sign_mt,30,4.619800707113872,4215.609672783351,4.669977492246971,7.393895329131847,7.393895329131847,4.616489040270797,7.203982528735141,59.341526982440286,4.669976781614842,7.3938953365489954
signsuisse_test,sign_mt,31,12.065493142312144,6873.884364376183,12.108298532455088,15.432227924563733,15.432227924563733,12.067478500121767,15.178271392988089,54.49400173145299,12.108298374906285,15.432227930484792
signsuisse_test,sign_mt,32,7.070615663101548,5762.8852198610975,7.216393478510248,10.825351706947249,10.825351706947249,7.101601431272347,10.267133926464183,47.3556377282517,7.216399805970249,10.82535174373422
signsuisse_test,sign_mt,33,7.388793680174935,4980.948390969823,7.57353075232182,10.110408018522362,10.110408018522362,7.338045662684798,9.3902148274917,56.455321024939686,7.57353053646791,10.11040803507081
signsuisse_test,sign_mt,34,3.450870329567302,3658.8412102623633,3.607384722762108,5.6928354704467266,5.6928354704467266,3.4501229159988416,5.007150122430068,34.88504321687787,3.6073862878741614,5.692835686292557
signsuisse_test,sign_mt,35,6.762538927486265,4995.517896819419,6.417053848888432,9.134007260043397,9.134007260043397,6.756476240969654,8.923579300097355,61.85977307366435,6.4170520157617075,9.134007244873457
signsuisse_test,sign_mt,36,6.421824574534281,4910.407431404236,6.415848154135634,8.279904448798934,8.279904448798934,6.415848520101985,8.279904448798934,26.648283201008326,6.415848646818141,8.279904567143864
signsuisse_test,sign_mt,37,9.019105075793712,5902.6327494429825,9.488597642026058,11.763847679279117,11.763847679279117,9.01255898574197,11.152016979131526,108.54822317621823,9.48860010202848,11.763847690967804
signsuisse_test,sign_mt,38,7.267495815365221,5062.689866677426,7.4703165632852215,12.31210357766031,12.31210357766031,7.2227677738074805,11.819403015488925,114.39483439912377,7.4703175835358,12.312103461587375
signsuisse_test,sign_mt,39,5.3145598368900195,4302.5763663448815,5.326395719569741,6.730454274827561,6.730454274827561,5.296778972723418,6.354106215514984,35.19074294819074,5.326401009214883,6.730454916601061
signsuisse_test,sign_mt,40,6.184555344206297,4128.841736519571,6.114604770742988,7.678747778246123,7.678747778246123,6.120596989087692,7.881092390987835,42.08810540802458,6.114605502073455,7.678747768415661
signsuisse_test,sign_mt,41,8.567689646913863,6638.917582017702,8.510328052797279,12.021119205117841,12.021119205117841,8.510331128650469,12.021119205117841,89.50403053599209,8.510331135199078,12.021119210723034
signsuisse_test,sign_mt,42,3.679222023716266,3382.7613091956473,3.638046515983624,6.642551138120203,6.642551138120203,3.6380460526909895,6.642551138120203,62.72456713059686,3.6380458296434703,6.642550981428956
signsuisse_test,sign_mt,43,3.125765494163625,2579.6061011796246,3.1127085037473807,4.609380698423541,4.609380698423541,3.1127084354743486,4.609380698423541,29.481624049558533,3.112708665926413,4.609380865029525
signsuisse_test,sign_mt,44,11.432085226754825,7149.497788740317,11.493232807658927,14.564541242021917,14.564541242021917,11.447507315136889,14.371627205744833,96.60819308929811,11.493231802990492,14.564541237818824
signsuisse_test,sign_mt,45,13.204834612193462,7711.679149670746,13.163298238699387,15.072845645190004,15.072845645190004,13.1522400851404,15.010929063721717,72.1399304454139,13.163298423748468,15.072845657624528
signsuisse_test,sign_mt,46,9.371659318267993,5820.111314505949,9.358931445346665,10.449512981642046,10.449512981642046,9.326543232253117,10.207038159114944,53.22409357833831,9.358934370123555,10.449513002781405
signsuisse_test,sign_mt,47,4.994040480179043,4502.393680119593,5.010646715202371,6.313254822692166,6.313254822692166,5.010637736052654,6.313254822692166,33.36330063454478,5.010638040435781,6.313255001018885
signsuisse_test,sign_mt,48,4.728680308237601,5229.271630582866,4.726104006785878,6.377389124211463,6.377389124211463,4.726103039786551,6.377389124211463,45.409534496670666,4.726103055031045,6.377389135651067
signsuisse_test,sign_mt,49,9.77918595331782,9495.768800617176,9.88498039870629,11.842184323866077,11.842184323866077,9.785509778526299,11.483786257130646,69.39993414047096,9.884982532853934,11.842183457315128
signsuisse_test,sign_mt,50,9.49704673269467,6167.181477852287,9.381365219829501,10.205934805968731,10.205934805968731,9.495607986508187,10.34493498354573,39.781417635156195,9.381366014488664,10.205934924282612
signsuisse_test,sign_mt,51,5.839526012443282,5619.226823915106,5.834195958069587,8.77706897883987,8.77706897883987,5.834199512686681,8.77706897883987,71.57982124562693,5.834199628487388,8.777069089145288
signsuisse_test,sign_mt,52,4.3762519857072135,3350.313117203098,4.35602444131093,5.220407994016169,5.220407994016169,4.3560231782743255,5.220407994016169,30.685283510350775,4.3560227735929065,5.220407634825445
signsuisse_test,sign_mt,53,8.593039223066029,7172.510382169384,8.374885543822238,12.476091323867335,12.476091323867335,8.605055871433422,12.559905880344187,94.4135889322386,8.37488584538556,12.476091332697479
signsuisse_test,sign_mt,54,8.208821507402726,6972.889908204705,8.250666303781369,12.04987122585907,12.04987122585907,8.201452432813412,11.97181307838722,88.47490825345417,8.250670397396792,12.049871199122455
signsuisse_test,sign_mt,55,11.262463795411223,6970.403314593108,11.520949962843961,12.584666321485583,12.584666321485583,11.236168964087728,12.312259914730637,38.80349739892605,11.520952488325678,12.584666321109545
signsuisse_test,sign_mt,56,10.714277814567449,6274.2895471941,10.717899593924837,12.362471017741623,12.362471017741623,10.717898647153621,12.362471017741623,42.55349836806834,10.71789864796144,12.362471024947572
signsuisse_test,sign_mt,57,8.803988492454655,7946.0412290487175,8.932995983559646,12.679393916922566,12.679393916922566,8.804140865817624,12.499147527595667,118.97822912668414,8.93299213397819,12.67939345454073
signsuisse_test,sign_mt,58,11.50429017232977,6762.321713888044,11.359812819409418,12.50571142734328,12.50571142734328,11.469708266728155,12.782230211267041,34.44857767728942,11.359806755902419,12.505711850998342
signsuisse_test,sign_mt,59,7.376786093853605,4873.4727417201775,6.972193799881838,10.245216065531245,10.245216065531245,7.3247239774992705,10.598636594424866,81.50772711948164,6.972193092317225,10.245216063745854
signsuisse_test,sign_mt,60,10.306105405805509,7823.793672545292,10.447687713342317,15.069195458087883,15.069195458087883,10.251028335094894,14.324118023742404,122.99199212920936,10.447689663709568,15.069195359920213
signsuisse_test,sign_mt,61,5.594462484343633,4971.619814161144,4.727756749145409,7.325622794360599,7.325622794360599,5.585415342056307,7.886716482094199,67.70286292254431,4.727758324581979,7.325623095116431
signsuisse_test,sign_mt,62,7.822900980866682,6890.863728518596,7.871251668985484,10.968165527017046,10.968165527017046,7.821157222440592,10.793407127178481,82.54914762971863,7.871252432683659,10.968165512930621
signsuisse_test,sign_mt,63,7.853862530517885,4905.516849893391,7.355901592444475,8.065526698791215,8.065526698791215,7.8368544389978165,9.174514129611374,69.71156073623163,7.355901444175818,8.065526675139226
signsuisse_test,sign_mt,64,9.339893938701511,6431.483768646711,9.378909662607269,11.527676632663011,11.527676632663011,9.34153981052015,11.459436273065757,61.50498813038695,9.37890198176025,11.5276778388952
signsuisse_test,sign_mt,65,14.283022316710907,8489.253189382502,14.684690363760959,18.349341767096185,18.349341767096185,14.313623178803512,17.630485964383883,93.81024651869903,14.684703076016008,18.349341769892277
signsuisse_test,sign_mt,66,9.972535408280361,5326.231014050184,9.967643864858669,15.055878769504991,15.055878769504991,9.967642791584241,15.055878769504991,110.75431829316588,9.967642792614846,15.055878775697291
signsuisse_test,sign_mt,67,3.954595412992834,3722.336280985416,4.494494147464269,5.153154164016566,5.153154164016566,3.9340636965641163,4.649289712659516,18.569127465857605,4.494493419178803,5.153153836461536
signsuisse_test,sign_mt,68,2.7375389037488396,2275.9904340110916,2.740939436682235,5.6649699718139725,5.6649699718139725,2.7409392137595177,5.6649699718139725,40.64920799460391,2.7409389731824927,5.664969804400197
signsuisse_test,sign_mt,69,12.445253784403674,7125.583760473303,12.392510672701633,14.715762082012205,14.715762082012205,12.433375045902377,14.554582852539129,46.79452884607519,12.392510497476998,14.71576210898775
signsuisse_test,sign_mt,70,6.906357324790758,4845.061379663025,6.88103491004115,8.377653480400527,8.377653480400527,6.860388893465382,8.322019997949539,67.98356982112686,6.881036473936943,8.377654030395414
signsuisse_test,sign_mt,71,4.242207616575856,3602.2771686783326,4.242207616575856,4.633127895230942,4.633127895230942,4.242206419456792,4.633127895230942,20.82824946761343,4.242206414571274,4.633127891007247
signsuisse_test,sign_mt,72,3.558746448739192,3689.5889263941012,3.5246524972538174,5.804232293172862,5.804232293172862,3.524651667136629,5.804232293172862,52.47941585917911,3.5246513611961205,5.804232213214843
signsuisse_test,sign_mt,73,9.946989886683188,6985.406220789943,9.938851270392949,12.023487424209502,12.023487424209502,9.938849998891985,12.023487424209502,81.71264810786977,9.938850005689751,12.023487448231439
signsuisse_test,sign_mt,74,8.041580413435954,6211.3095817936755,8.291198207795277,9.681891940507823,9.681891940507823,8.036543589510336,9.318037041408706,62.48242467511464,8.291194453917333,9.681891901513028
signsuisse_test,sign_mt,75,14.47334617329701,9032.555774226212,13.437912791360299,17.499572678438625,17.499572678438625,14.39242018836417,17.54717781827906,120.75438357337518,13.437921608661224,17.49957265549636
signsuisse_test,sign_mt,76,5.0501354659327315,4400.512195931284,5.02885043867124,8.675197005696937,8.675197005696937,5.0288498677676925,8.675197005696937,74.36717717036159,5.028850260431875,8.67519727580419
signsuisse_test,sign_mt,77,8.698145502437166,5387.6137057033175,7.969489205979923,9.010972270602215,9.010972270602215,8.520666315547299,15.426698099332306,120.03238688194047,7.969488586609335,9.010972270178895
signsuisse_test,sign_mt,78,9.991408013300306,6280.848749649229,9.79197083422224,10.86726455322124,10.86726455322124,10.020594357339306,10.816006386459271,44.77735860255734,9.791971419090153,10.867264540150893
signsuisse_test,sign_mt,79,9.616268600642943,4838.800362049712,9.556904552826404,13.508504058073372,13.508504058073372,9.556900162965073,13.508504058073372,71.94090844019128,9.556900042067193,13.508503666269515
signsuisse_test,sign_mt,80,3.858853982425333,3861.0125584069283,3.848062775621627,5.250069947122589,5.250069947122589,3.8480635581353355,5.250069947122589,38.72790085345848,3.848063558009916,5.250069936752688
signsuisse_test,sign_mt,81,4.866186577819265,3763.221834292601,4.8616028893326,5.978318652209389,5.978318652209389,4.861602943657134,5.978318652209389,41.1493306328652,4.861603405915435,5.978318996274027
signsuisse_test,sign_mt,82,7.371521687607751,5530.640995229304,7.365783250412987,10.006808284154339,10.006808284154339,7.36578349475837,10.006808284154339,55.00752564820141,7.3657834915342475,10.006808275084339
signsuisse_test,sign_mt,83,6.318267022796735,4376.765256182308,6.299125646419909,7.783488527472478,7.783488527472478,6.299125382394008,7.783488527472478,50.15696802399174,6.299125404137389,7.783488442993514
signsuisse_test,sign_mt,84,16.69000576384331,8964.750912527332,16.67547669520155,18.575364313750256,18.575364313750256,16.6754743674924,18.575364313750256,90.46172587638395,16.675474332386994,18.57536424757837
signsuisse_test,sign_mt,85,5.738549370472038,5495.359267763262,5.732245461599066,6.46303859040821,6.46303859040821,5.732247472041064,6.46303859040821,24.77121249558603,5.7322474666793655,6.463038588790813
signsuisse_test,sign_mt,86,4.485753767519548,4319.481480364326,4.620155282585934,8.107652210857735,8.107652210857735,4.4861120041733,7.664209793331155,68.81791681359823,4.620156033187236,8.107652224786198
signsuisse_test,sign_mt,87,9.07579726503333,6204.262824279298,9.016457140464016,10.750568811477097,10.750568811477097,9.014656995848428,10.665132206031378,67.02949002254417,9.016456720031604,10.750568812614418
signsuisse_test,sign_mt,88,5.214569725995643,3523.7326230652957,4.199581711655726,5.7566691620895645,5.7566691620895645,5.183425184932671,6.9333193040297925,66.19534579839375,4.19958147359691,5.756669280140028
signsuisse_test,sign_mt,89,2.846919361686659,2003.8773878853397,2.846919361686659,4.420961572169882,4.420961572169882,2.846919170043226,4.420961572169882,37.71118046897658,2.8469191645224736,4.420961578205223
signsuisse_test,sign_mt,90,9.757902491941264,6954.942608546672,9.799743191902458,11.744337939497932,11.744337939497932,9.746109839832965,11.535379314565938,67.5590814716486,9.79974681102168,11.744338482578364
signsuisse_test,sign_mt,91,6.090263902774244,3861.2586917849017,6.870903285823023,7.2463430803815685,7.2463430803815685,6.038910208670619,6.313336857888085,33.71071887295391,6.870907152014364,7.246343068625968
signsuisse_test,sign_mt,92,6.602587128280572,4120.040091760353,6.141468844986555,7.146645829643913,7.146645829643913,6.593170515010242,7.264357283303316,40.03130476591283,6.141466708215999,7.146645289714378
signsuisse_test,sign_mt,93,3.4781928889834424,4040.8464292615527,3.4765804915703535,7.846839658633738,7.846839658633738,3.476577160513837,7.846839658633738,76.241446712483,3.476577126050339,7.846839671908843
signsuisse_test,sign_mt,94,9.816695960376554,6129.059611313534,10.413493821691967,13.908970399474132,13.908970399474132,9.813423761767691,13.373845106045897,104.16789826656625,10.413496628412778,13.9089704147105
signsuisse_test,sign_mt,95,4.3617109952746755,5273.722559751352,4.3541423963353925,6.482990671103264,6.482990671103264,4.354141590256283,6.482990671103264,49.393497308305086,4.354141883951083,6.482990826129398
signsuisse_test,sign_mt,96,6.210827513883086,5380.813186228699,6.252642817291602,9.599937916352669,9.599937916352669,6.193870476323558,9.471034761792234,92.38187255709042,6.252644004397023,9.599937915856714
signsuisse_test,sign_mt,97,8.713444594509207,6959.871453876332,8.802070619894836,10.547227848403546,10.547227848403546,8.7123757850892,10.364867410028232,54.0722645171857,8.802068933363525,10.547227873175501
signsuisse_test,sign_mt,98,5.69228380532326,4352.651831919716,6.058839954450808,8.387735667980646,8.387735667980646,5.66079952129498,8.1094109212225,59.97340507350915,6.0588409983944755,8.387735689761671
signsuisse_test,sign_mt,99,4.096244185660704,3450.6471763578134,4.3000585481912745,5.92139801295766,5.92139801295766,4.085937781310111,5.4847496450795115,43.448083961082226,4.300057657779349,5.9213980964148645
signsuisse_test,sign_mt,100,7.67335162950575,5088.932963324604,7.382386335103945,9.751706621842702,9.751706621842702,7.6525430989533465,9.980200250617466,70.35921554147049,7.382387735499025,9.75170668306868
signsuisse_test,sign_mt,101,7.979606078919799,6589.32501442287,7.977176478573877,10.687592529448263,10.687592529448263,7.977176609239081,10.687592529448263,81.62108496958508,7.9771765922632385,10.687592539462694
signsuisse_test,sign_mt,102,5.98731144879622,5762.929450650418,5.962366994833667,8.006037141541729,8.006037141541729,5.962367117220102,8.006037141541729,61.04804434280461,5.962367123601043,8.006037145524951
signsuisse_test,sign_mt,103,4.6614524914372915,3499.614535469554,4.648178647745207,6.612078396861594,6.612078396861594,4.648178449512882,6.612078396861594,48.74006900762109,4.648178254023663,6.6120782368218185
signsuisse_test,sign_mt,104,9.018494536232609,5441.923587644673,9.40087054795395,10.955246175402307,10.955246175402307,9.007589465479473,10.598268259276189,61.82290818679551,9.400870469351096,10.955246186806411
signsuisse_test,sign_mt,105,9.199844347314833,6056.209586302256,9.895888716881316,12.69145778608806,12.69145778608806,9.185520505397148,11.750563985081168,89.75780537108938,9.895892275842952,12.691457764061237
signsuisse_test,sign_mt,106,7.460348851247431,6131.025409125234,7.487170633883123,9.704033641189778,9.704033641189778,7.457947234431546,9.506052701161176,60.18361217984051,7.48716911018018,9.704033680821382
signsuisse_test,sign_mt,107,9.988031508367161,7710.669664861547,9.984297116992892,11.593556371925033,11.593556371925033,9.978976441662658,11.588948684517678,60.392835442032165,9.984290051461413,11.593556375231369
signsuisse_test,sign_mt,108,6.645825645016624,4219.836654529475,6.869975592367839,10.247939185039115,10.247939185039115,6.638159851666335,9.784857892400101,87.98418500302564,6.869974363750278,10.247939185143549
signsuisse_test,sign_mt,109,8.242410400751575,7070.837651216465,8.28568059693822,10.217329754646384,10.217329754646384,8.242621984183135,10.090884801316191,60.69263108118363,8.285681385048754,10.217329722648007
signsuisse_test,sign_mt,110,7.728783751362809,6952.257593405523,7.805679233075471,8.719367554941519,8.719367554941519,7.740348388829104,8.51544543297525,29.246523914179893,7.805679776163492,8.719367555124835
signsuisse_test,sign_mt,111,8.781969647360038,5345.972571103583,8.830313749289612,10.725694793171167,10.725694793171167,8.730352883033678,10.48455340382563,53.141229167687264,8.830314142241516,10.7256948145492
signsuisse_test,sign_mt,112,9.558858729241935,6136.170619406308,9.547296304123613,14.560831473728033,14.560831473728033,9.547293900650834,14.560831473728033,148.60761977023066,9.547293905345493,14.560831456086952
signsuisse_test,sign_mt,113,4.457068438374861,4090.8832022311635,4.585990242439377,7.9426471923981,7.9426471923981,4.4571812973122125,7.6846807113407545,68.74786882331135,4.585991105067156,7.942647197626466
signsuisse_test,sign_mt,114,6.589356153898706,6598.255120025373,6.67610255362744,8.562968894532215,8.562968894532215,6.582535563017111,8.298261213916867,54.42203289116521,6.676103443005287,8.562968565696629
signsuisse_test,sign_mt,115,4.410863827989614,3942.5724723799494,3.9343371549067863,4.868496472542611,4.868496472542611,4.408265344319865,5.399699507031034,37.62385195173018,3.9343386887570544,4.868496780489729
signsuisse_test,sign_mt,116,1.522363448776872,2306.6859632431315,1.5141328114467858,1.8952793281505993,1.8952793281505993,1.5141327436580276,1.8952793281505993,16.52188946246271,1.5141327459417693,1.895279327986553
signsuisse_test,sign_mt,117,6.348015487190598,5754.425658548311,6.354135620134795,8.88635862809234,8.88635862809234,6.354135357094998,8.88635862809234,72.32808680295767,6.354135332427495,8.886358627333223
signsuisse_test,sign_mt,118,6.329154155603819,6250.702199687724,6.380361371402809,9.582278203480783,9.582278203480783,6.3803638602077175,9.582278203480783,69.94394097979367,6.380364775622018,9.582278894466706
signsuisse_test,sign_mt,119,9.889650137890005,6330.475790592221,9.946129868644816,12.446666756390842,12.446666756390842,9.889821336383255,12.20258720550506,93.1191406347559,9.946122192317985,12.44666675493771
signsuisse_test,sign_mt,120,14.126125368605003,7505.116990463723,13.008020640008082,18.10004706458522,18.10004706458522,14.085038235797773,18.10030854432167,103.51014903928498,13.008020321425564,18.10004707804395
signsuisse_test,sign_mt,121,6.794713279421413,4411.857225945922,6.297677545845794,6.45521623485969,6.45521623485969,6.755261821114945,7.252069606861989,39.641585017883244,6.297676593255592,6.45521623470292
signsuisse_test,sign_mt,122,6.91432974771439,5020.505395329054,6.513675856792059,7.388261771022106,7.388261771022106,6.893342981810566,7.7517821222874765,43.52224145179724,6.513675220580609,7.388261768650675
signsuisse_test,sign_mt,123,12.134618686377673,8162.251566418698,12.19393529323167,15.346606260558527,15.346606260558527,12.138326963211984,15.003368730404041,80.67999927172971,12.193943719275193,15.346606267593565
signsuisse_test,sign_mt,124,7.861666010190064,6946.876615152313,7.854645666822451,9.257998282002879,9.257998282002879,7.854649125230181,9.257998282002879,39.32114335631637,7.854649164007544,9.257998323370888
signsuisse_test,sign_mt,125,5.323990097508247,5113.0551398939615,5.3334322360074315,5.758149939761797,5.758149939761797,5.333436174029168,5.758149939761797,23.707332867574014,5.33343565769786,5.758149465315332
signsuisse_test,sign_mt,126,7.593587056036569,5268.669560246187,7.642817047672963,9.032485036302347,9.032485036302347,7.597317914021178,8.937721263070022,47.88291200771162,7.642817314374784,9.032484971751503
signsuisse_test,sign_mt,127,6.286258330070992,4748.055627385563,6.359662695024512,7.630674776728624,7.630674776728624,6.359664935153652,7.630674776728624,39.86898442179072,6.3596649334871715,7.630674778157838
signsuisse_test,sign_mt,128,12.650870089981554,6003.973228477135,12.595174664175968,17.39072277194997,17.39072277194997,12.560971016083938,16.674285237062115,77.48987261372696,12.595186675829636,17.390722867322452
signsuisse_test,sign_mt,129,9.396456878008784,5619.814595572459,9.391671507246098,11.580436218001186,11.580436218001186,9.391673484281657,11.580436218001186,69.69049908881475,9.391673407826612,11.580436067718606
signsuisse_test,sign_mt,130,8.85939735207274,7093.04240752246,8.900448323714576,10.31256035685657,10.31256035685657,8.859828641123594,9.991683137708254,43.32458616523428,8.900444133777563,10.312560283486969
signsuisse_test,sign_mt,131,7.529885667964036,5582.380169079941,7.562038525216614,8.197703306325602,8.197703306325602,7.562039641381256,8.197703306325602,23.217864037918996,7.562039641255487,8.19770330589512
signsuisse_test,sign_mt,132,10.156294278789645,4987.7495264702275,10.126431926450202,15.863914353815138,15.863914353815138,10.117713577660888,15.567487174368,81.46966874886645,10.126426156894693,15.86391440550024
signsuisse_test,sign_mt,133,11.030033419384454,7606.548499989985,10.426823806561224,18.57551221742157,18.57551221742157,11.013072130010436,19.85080175394217,206.68420555510014,10.426824062139389,18.575512218771223
signsuisse_test,sign_mt,134,8.448376266392124,6683.658864890493,8.431024995158559,11.63764334534077,11.63764334534077,8.43102321726853,11.63764334534077,75.61466835316382,8.431023243934021,11.637643357961045
signsuisse_test,sign_mt,135,8.551008778281242,6596.332202617456,8.507186099100258,9.272482389381977,9.272482389381977,8.507181606218502,9.272482389381977,34.15589005999904,8.507181620353796,9.272482403019344
signsuisse_test,sign_mt,136,4.949369239868604,3677.535360649575,4.912046345705161,5.568993297440736,5.568993297440736,4.912046051832146,5.568993297440736,23.274656238611218,4.912045886002841,5.5689932693721795
signsuisse_test,sign_mt,137,12.973515021226644,9254.937734517427,13.209455387830582,14.45433607339978,14.45433607339978,12.948047273003453,14.242198861797899,65.9694609683048,13.209456338739669,14.45433611056761
signsuisse_test,sign_mt,138,7.8812835390413705,5585.443214140589,7.8270798116007105,11.274703591083844,11.274703591083844,7.8270807905087505,11.274703591083844,76.8082646108647,7.8270807897090595,11.274703606494317
signsuisse_test,sign_mt,139,6.158883289619367,5461.701099756965,6.499347230592197,8.636413866637058,8.636413866637058,6.146558946693217,8.096925565845952,58.48963978513503,6.499349246443488,8.636413866047851
signsuisse_test,sign_mt,140,8.59345164957553,4863.341526974533,8.729687306392455,10.435066475396113,10.435066475396113,8.469639951684387,9.443185578383837,48.002514066220705,8.729690190519415,10.435065632317524
signsuisse_test,sign_mt,141,4.7461567273476675,4685.027759634918,4.852470059906339,10.33851985699721,10.33851985699721,4.729762909391229,10.031807689908499,91.52876338468089,4.852469657472996,10.338519853515795
signsuisse_test,sign_mt,142,14.880958277895456,8634.135236696438,13.109596968482776,17.01594040587985,17.01594040587985,14.878646997878253,21.80870380294135,193.86739064989757,13.109596617460879,17.015940401019265
signsuisse_test,sign_mt,143,7.022993751995299,5449.23451553975,7.865712713831838,10.738038031761663,10.738038031761663,7.008865263913024,9.971629802951675,64.99688586605096,7.865713040568904,10.738038005697499
signsuisse_test,sign_mt,144,7.277182597414402,4478.614893750938,7.735034473399955,9.592591273155856,9.592591273155856,7.2579697758340975,9.045737006496825,34.19691272430872,7.735034171592053,9.592591272181174
signsuisse_test,sign_mt,145,8.130857667729803,5648.618361730274,8.219230274007188,10.517110792147271,10.517110792147271,8.119708210423697,10.298108590329836,75.99629798786887,8.219227798701988,10.51711078855879
signsuisse_test,sign_mt,146,4.1222117356956645,3526.3353734773737,4.108577349129073,4.52904151396384,4.52904151396384,4.108574232582014,4.52904151396384,17.646463719980126,4.10857453319333,4.529041794619212
signsuisse_test,sign_mt,147,7.4002745003933645,8401.214508966366,7.414438604293976,8.41791737522826,8.41791737522826,7.39327052012196,8.255386730072447,41.912126439959074,7.414448622069503,8.417917301676892
signsuisse_test,sign_mt,148,4.79882244953949,4256.429760020146,4.815837984427448,4.9230709717205805,4.9230709717205805,4.808899632963565,4.916303065352163,10.99557894993872,4.815837800941706,4.9230714686665875
signsuisse_test,sign_mt,149,6.189538789330622,7141.813365194409,6.524988575331608,8.167116253708404,8.167116253708404,6.1710979313677266,7.817165508375624,58.21070369868116,6.524991675527546,8.16711656803641
signsuisse_test,sign_mt,150,8.621070308985901,7516.116106681237,8.828046892804908,10.382761312004728,10.382761312004728,8.627945128823498,9.933327804122817,49.38632725483334,8.828048508984896,10.38276130555669
signsuisse_test,sign_mt,151,12.371111174809474,6901.607787533592,13.611215689503622,16.58815730655251,16.58815730655251,12.33557393882631,15.586913839349435,120.34514210684794,13.611218898225095,16.588157295602016
signsuisse_test,sign_mt,152,2.9000307084927672,2721.0162656851603,2.877149436232824,3.7416512159210136,3.7416512159210136,2.8771516839765447,3.7416512159210136,23.862449374877876,2.8771519379181734,3.7416513963706413
signsuisse_test,sign_mt,153,7.27394298118149,4794.279181311904,7.341070798796285,9.344395188595124,9.344395188595124,7.303162817938192,9.247872266450793,67.10079568052976,7.341068086787761,9.344395910640959
signsuisse_test,sign_mt,154,5.726623240978132,4408.558893802624,5.297520834487341,8.031583484589943,8.031583484589943,5.692327233623148,8.39981931881705,63.54445775207362,5.297519671708834,8.031583491171634
signsuisse_test,sign_mt,155,12.578578057927494,7277.327162060754,11.627849726212895,13.526605734488179,13.526605734488179,12.48001864652223,14.528079088488303,90.12632742766355,11.627852563426895,13.526605500930687
signsuisse_test,sign_mt,156,11.137306461469983,5841.904333217167,11.171296366669232,15.111422576204028,15.111422576204028,11.137152195819624,14.684186983932761,75.87896874446682,11.171296685025672,15.111422581649734
signsuisse_test,sign_mt,157,7.732467490118266,5312.780988447355,7.732164311084178,8.648066343807942,8.648066343807942,7.732162904320772,8.648066343807942,41.51696399346317,7.7321629270993455,8.648066363401844
signsuisse_test,sign_mt,158,12.351354044921507,8964.88775113987,12.389661527680733,14.376424246275121,14.376424246275121,12.335365631570065,14.209927289818902,77.93288821073568,12.389661347471954,14.376424249730462
signsuisse_test,sign_mt,159,7.082409734033167,5301.201494518245,7.133762233308088,9.106481065559363,9.106481065559363,7.0712138650662855,8.950609226638047,71.47607332046171,7.133760305540288,9.106481063375712
signsuisse_test,sign_mt,160,6.381130053859142,5123.043480282802,6.171332844817047,8.471265073052127,8.471265073052127,6.376676028379737,8.598294969914722,60.782781440921575,6.1713350509381595,8.471265086092382
signsuisse_test,sign_mt,161,5.618541680313774,5228.4253530942115,5.619239671037916,5.956616093407384,5.956616093407384,5.619239137574524,5.956616093407384,5.956616093407384,5.619239161276116,5.956616098571027
signsuisse_test,sign_mt,162,11.565875016647489,8782.339027078471,11.59936379863084,15.372162849307326,15.372162849307326,11.597101015131923,15.284877484255947,112.01352818992109,11.599371276352851,15.372161777511925
signsuisse_test,sign_mt,163,7.9503990574088865,5539.701840520782,8.07058987868638,10.233014861733501,10.233014861733501,7.940876305117262,10.022774966245631,59.05718422259878,8.070595683530767,10.233014872471228
signsuisse_test,sign_mt,164,3.9870612119878373,4169.735911341447,3.978730308101123,6.076025511418753,6.076025511418753,3.978731120378732,6.076025511418753,48.70858302925495,3.978730911376663,6.076025331138479
signsuisse_test,sign_mt,165,5.215716233943285,4173.057043937481,5.377178915154427,6.595300163703107,6.595300163703107,5.208670333746441,6.161376130862325,34.93686262173043,5.377178265644914,6.595300078886845
signsuisse_test,sign_mt,166,8.178591266778293,5766.3800209647125,7.165748783689331,8.269637420757164,8.269637420757164,8.133334732765935,11.534451949507112,88.14681598875242,7.16574849331251,8.269637405406565
signsuisse_test,sign_mt,167,5.688164011860417,4690.048418477015,5.680370198320635,6.260495645140757,6.260495645140757,5.680369828593559,6.260495645140757,23.771030984331645,5.680369833429124,6.260495658836932
signsuisse_test,sign_mt,168,6.543165060552828,4779.32793069282,6.676407928201267,8.473098744016065,8.473098744016065,6.5389987002171965,7.665554681994422,39.12417948782521,6.676404577537415,8.473098750191216
signsuisse_test,sign_mt,169,4.618850384540984,3584.0368489418047,4.393585568411602,6.590691510868676,6.590691510868676,4.614842934452685,6.821954933898248,61.276939218853485,4.393585057182564,6.5906916995518205
signsuisse_test,sign_mt,170,6.004319264137371,4460.540522541623,6.066586067970237,9.824061223309899,9.824061223309899,5.98832099627722,9.449437084526139,78.65787028373717,6.066585358648263,9.824061240235897
signsuisse_test,sign_mt,171,7.064237671082191,5390.428745822746,7.058218416830094,8.267489311101155,8.267489311101155,7.058214299433512,8.267489311101155,47.74941709078069,7.058214317232375,8.267489321350757
signsuisse_test,sign_mt,172,12.513882802556804,6781.1201995566325,12.773067092911727,15.385394558304025,15.385394558304025,12.489483451229423,14.60654582445797,65.06459484873173,12.773070803990208,15.385394459472773
signsuisse_test,sign_mt,173,8.372035350014025,5973.260111236907,8.355147554715602,10.13430130226919,10.13430130226919,8.355147524809436,10.13430130226919,45.440693830413096,8.355147611053122,10.134301420944409
signsuisse_test,sign_mt,174,5.248282754366529,3444.947813013984,5.236174226634484,7.720137869168582,7.720137869168582,5.236173884332082,7.720137869168582,48.29825836317194,5.236173865904348,7.720137867412996
signsuisse_test,sign_mt,175,12.688763038577068,9097.172796996076,12.705215838766211,17.065729831287655,17.065729831287655,12.66696495120128,16.35476800011717,76.16122350803775,12.705219391667134,17.065729839505178
signsuisse_test,sign_mt,176,5.236877461194298,4465.258251714285,5.408826097145807,8.409174849532063,8.409174849532063,5.24711275175679,8.007625775242127,56.61998684083942,5.408825511628971,8.409175209055732
signsuisse_test,sign_mt,177,5.041901830447208,3728.2196885629714,5.01804582384795,9.181933114032272,9.181933114032272,5.018045609682848,9.181933114032272,78.19959727002735,5.018045607940759,9.181933118006244
signsuisse_test,sign_mt,178,6.647683750847877,3768.5564968454987,6.628306726773038,7.331666678445076,7.331666678445076,6.6283071697206095,7.331666678445076,31.7481686944482,6.628307778698321,7.331667313598025
signsuisse_test,sign_mt,179,6.3499015680370485,5643.306563079324,6.695580043281955,8.338859024227778,8.338859024227778,6.31071725193819,7.821315667037443,52.432205679374064,6.695580481461532,8.338859198523549
signsuisse_test,sign_mt,180,5.810452085875478,4550.69393436273,5.818182536187566,9.661960888606226,9.661960888606226,5.806848499886245,9.655461304733091,81.34232794504828,5.818178543377736,9.661960871462137
signsuisse_test,sign_mt,181,8.825061659809668,5240.782140791987,8.813542793934515,11.185634615569857,11.185634615569857,8.810558744224906,11.035349261080192,75.40137553136042,8.813543441506527,11.185634535659682
signsuisse_test,sign_mt,182,6.891148357946497,8484.414520432023,7.458299969564386,8.752589294977627,8.752589294977627,6.880204163698395,8.083669682544244,59.67312662597271,7.458298777704758,8.752589533295568
signsuisse_test,sign_mt,183,5.062812463411937,4410.984649299021,5.175621408202222,8.32149610526199,8.32149610526199,5.061820110687654,7.943602338694601,68.58600941515016,5.1756225071801,8.321495888724346
signsuisse_test,sign_mt,184,3.2457686159518926,2859.942511809294,3.2361430384797423,5.3127733287886665,5.3127733287886665,3.2361430124440846,5.3127733287886665,43.52066212058112,3.236143010554951,5.312773328135477
signsuisse_test,sign_mt,185,8.637634352504513,5478.244911767461,8.163044409577994,9.911400730077487,9.911400730077487,8.598937768628709,10.349460478879827,76.95817639527286,8.163045163236479,9.911400718858077
signsuisse_test,sign_mt,186,4.060811901434303,3294.3369874759346,4.055062003833808,5.842723070225526,5.842723070225526,4.055061696312064,5.842723070225526,51.707877558860424,4.055061695441019,5.842723068282505
signsuisse_test,sign_mt,187,6.344843607415088,4292.119791387418,6.29171725990421,6.529051521137981,6.529051521137981,6.291714177580595,6.529051521137981,16.841619853951613,6.291713395608558,6.52905078617462
signsuisse_test,sign_mt,188,8.043490557016975,7248.781214257472,8.454222038437765,12.748820781573237,12.748820781573237,8.029722039606172,12.137718127707732,98.38817093390207,8.454225164473629,12.748820945890408
signsuisse_test,sign_mt,189,4.402161196122663,3437.424472677175,4.379261253631218,7.676324041089763,7.676324041089763,4.379260974913297,7.676324041089763,83.50613558920006,4.379260977042275,7.676324047658288
signsuisse_test,sign_mt,190,8.899875965208032,5898.293605704088,8.902652989989855,9.40766509572357,9.40766509572357,8.902649722332162,9.40766509572357,27.363852489919346,8.902649732572705,9.407665104462893
signsuisse_test,sign_mt,191,11.851748294095737,7212.191699515523,11.971630249045514,14.87424674771419,14.87424674771419,11.85086629015946,14.203159284549892,65.88026917213776,11.971631890410976,14.874246745469147
signsuisse_test,sign_mt,192,8.301623705843094,5582.937324103967,7.679946787225326,9.317108641445165,9.317108641445165,8.309188502111091,10.010203309732995,55.8460162061468,7.6799429465739895,9.317108644958637
signsuisse_test,sign_mt,193,11.088444397518085,7045.6511119914385,11.113277445685046,11.432276466229741,11.432276466229741,11.113279365033048,11.432276466229741,11.432276466229741,11.113279364651955,11.432276489073848
signsuisse_test,sign_mt,194,10.513501892599214,7233.83565640489,10.92021096290226,14.181018096499212,14.181018096499212,10.485986716863522,13.402414545230263,111.45816777259162,10.920210277562042,14.181018123251471
signsuisse_test,sign_mt,195,6.511588444803899,4413.817050133921,6.314051230820233,8.800842762168626,8.800842762168626,6.523700087625123,8.964086520985365,53.14657823559968,6.3140530357896,8.800842383297795
signsuisse_test,sign_mt,196,3.54879647184786,2860.3670765866086,3.5338631982140614,5.009959884383891,5.009959884383891,3.533862703706776,5.009959884383891,45.011091059585794,3.533862714916,5.009959880330609
signsuisse_test,sign_mt,197,5.256155011776402,4396.200280521791,5.32031019325256,6.250268298681013,6.250268298681013,5.245237898120374,5.995094916380768,42.11178561733189,5.32031062827885,6.2502681339007715
signsuisse_test,sign_mt,198,6.155965060848223,5031.892346157116,6.19261770652428,7.448199735525228,7.448199735525228,6.129314675399022,7.187236547505204,41.5417875948205,6.192621204081806,7.448199747344507
signsuisse_test,sign_mt,199,5.4336181718890835,4399.109592388476,5.647208408309548,7.014612724279214,7.014612724279214,5.4183319493242745,6.393301665745006,36.484158941989264,5.64720845197215,7.014612501094122
signsuisse_test,sign_mt,200,6.324062854345339,5346.048419360804,6.329660267810007,8.154857153745635,8.154857153745635,6.329657096250189,8.154857153745635,59.88737039124189,6.329656981750648,8.154857121012235
signsuisse_test,sign_mt,201,9.102322214612025,5416.699105850927,9.081483719464268,11.293912559286579,11.293912559286579,9.081487340528902,11.293912559286579,11.296950738534239,9.08148733867013,11.293912538325655
signsuisse_test,sign_mt,202,5.186342036582316,4184.831785299475,5.166238288737376,9.109363392549053,9.109363392549053,5.166237224250608,9.109363392549053,70.14628776974406,5.166237214037836,9.109363405180222
signsuisse_test,sign_mt,203,7.2680987207084415,4708.994841558367,7.336136363195983,8.900537135763356,8.900537135763356,7.2439738786965195,8.518707782842013,48.246003192860044,7.336134702564313,8.90053709357447
signsuisse_test,sign_mt,204,6.360972709074071,4355.328867408306,6.5202815218487515,8.764285776650675,8.764285776650675,6.347079839681389,8.5747221207725,48.642566372747446,6.520282154520157,8.76428579905917
signsuisse_test,sign_mt,205,6.882616878840956,7501.009701095968,6.99728795420698,8.264062865676383,8.264062865676383,6.885411142742655,7.988324301494257,47.737410951942756,6.997288074965277,8.264062893885049
signsuisse_test,sign_mt,206,7.527616640856131,5479.268953258066,7.490522757755263,9.156367380113007,9.156367380113007,7.490526175677248,9.156367380113007,31.839172625577415,7.49052530236423,9.156366587388586
signsuisse_test,sign_mt,207,13.481632039132469,8682.625663550942,13.434896083143103,14.760309899754992,14.760309899754992,13.480771638815481,14.969727813515135,46.42258732983335,13.43489832330351,14.760311406807665
signsuisse_test,sign_mt,208,12.152714232762753,7299.9322588170835,12.472392896416828,15.52836796135927,15.52836796135927,12.178410656207173,15.171625439471953,81.36026613378188,12.47239838438406,15.528367928141844
signsuisse_test,sign_mt,209,10.184500603456387,6783.431377592661,10.239530196114051,11.773587279812642,11.773587279812642,10.197078049668448,11.668176102701457,64.63455370653968,10.23953189301628,11.773587402577173
signsuisse_test,sign_mt,210,8.11017664366911,6557.854518973049,8.34923320913348,12.5674706885131,12.5674706885131,8.111686747309054,12.212261750227155,112.07810992942814,8.349240655448437,12.567470727510923
signsuisse_test,sign_mt,211,7.013503671555304,4470.073774266139,6.9732300182061255,9.981372849159214,9.981372849159214,6.973229356716008,9.981372849159214,64.80218289971432,6.973229364884051,9.981372871288533
signsuisse_test,sign_mt,212,5.5285256284326465,4705.4712355736065,5.462196437467368,7.102838716168274,7.102838716168274,5.519948441056086,7.1646995140315495,54.81652534643569,5.462195868317143,7.102838714901444
signsuisse_test,sign_mt,213,2.543559625672862,1714.0901099320267,2.543559625672862,3.3888342665642375,3.3888342665642375,2.5435599473212376,3.3888342665642375,24.04817482127591,2.5435599420155195,3.3888342657349386
signsuisse_test,sign_mt,214,4.172018299285931,3614.9634323634227,4.258440172328155,5.323485977225693,5.323485977225693,4.12949506382227,5.181788201226982,29.50743667625286,4.258439970711079,5.323486628240564
signsuisse_test,sign_mt,215,4.7567837833127005,4388.6812542599955,4.7479704717472915,4.9177823233312585,4.9177823233312585,4.747971385565341,4.9177823233312585,17.383066539299037,4.747971372836537,4.917782311519365
signsuisse_test,sign_mt,216,5.031930421632701,4698.261929737405,5.09368694900297,8.48338492098836,8.48338492098836,5.039755969098406,8.182984670633383,71.15708753469107,5.093682150834135,8.483384929386974
signsuisse_test,sign_mt,217,9.83234457378418,5520.815763273601,10.789008484010601,13.35701490503205,13.35701490503205,9.802342225969259,12.291731705293863,101.4110892382825,10.789006897753685,13.357014864136426
signsuisse_test,sign_mt,218,18.03565210835914,9796.47503367296,18.079957856409425,21.674825135352012,21.674825135352012,18.019004465783603,21.81096306098288,90.99087829823725,18.079955454230845,21.67482552327529
signsuisse_test,sign_mt,219,7.1731092382338595,4786.157806933924,7.149176819563708,8.05405066585826,8.05405066585826,7.149174640993553,8.05405066585826,29.59461573576313,7.149176566736538,8.05405250994875
signsuisse_test,sign_mt,220,9.25702624247308,4906.551402883942,9.495909935893508,11.940806101737909,11.940806101737909,9.203918688121174,11.540847662240841,85.66469675360068,9.495910061958417,11.940806122750793
signsuisse_test,sign_mt,221,4.8543130577644025,3952.560575737265,4.834618237515867,5.191398983058013,5.191398983058013,4.8346188691063015,5.191398983058013,17.789574815881803,4.834618604302445,5.19139872212998
signsuisse_test,sign_mt,222,12.615539879445478,9275.022862515347,12.604440807941952,23.589583192315647,23.589583192315647,12.604436505133771,23.589583192315647,247.9388642288802,12.604436513768833,23.589583208041393
signsuisse_test,sign_mt,223,5.45746999909183,4294.356304627998,5.900048929499291,9.000858836651481,9.000858836651481,5.447800804327142,8.459131872953154,75.27936245542368,5.9000494630552645,9.000859026881548
signsuisse_test,sign_mt,224,5.517324048493542,5056.023221185209,5.5181377234785725,6.766970181407838,6.766970181407838,5.518137260889231,6.766970181407838,38.17312022330007,5.518137233803665,6.766970166628117
signsuisse_test,sign_mt,225,8.136332733141474,5278.868944299256,8.917236730315224,10.750093875942758,10.750093875942758,8.096865134287166,10.027106137189412,79.17427786583345,8.917237266411837,10.750093874781504
signsuisse_test,sign_mt,226,15.987088742642403,9153.396491234915,16.006417503394296,17.855983011537383,17.855983011537383,16.00642446918844,17.855983011537383,54.71828555790491,16.006424350672596,17.85598292599147
signsuisse_test,sign_mt,227,11.363348283308946,6576.7592897982795,10.777576817910083,12.33578906261765,12.33578906261765,11.343034734385594,12.914518231858775,43.632611571469546,10.777573527372292,12.335789096439957
signsuisse_test,sign_mt,228,4.685739029979493,4270.598525541858,4.681529214423359,8.192208699255241,8.192208699255241,4.681528307622388,8.192208699255241,65.60642824958781,4.681528269584726,8.192208588318238
signsuisse_test,sign_mt,229,12.038139639939935,7251.215936407268,12.039877294955534,15.180689651894944,15.180689651894944,12.025477742316781,15.128503644054774,110.77504229109711,12.039879670039047,15.180689589108692
signsuisse_test,sign_mt,230,9.282439509730793,5097.565207962741,10.478681342945851,11.628304813381087,11.628304813381087,9.199173724758097,9.827297368767155,50.42839431061032,10.478682625115928,11.628304488307226
signsuisse_test,sign_mt,231,5.396801712229793,4036.0138514803534,5.396468266170971,6.7639378194988975,6.7639378194988975,5.396469491928745,6.7639378194988975,40.002420803948105,5.396469621546792,6.763937921431575
signsuisse_test,sign_mt,232,10.4111586280556,7285.074611910766,10.403228074023993,11.909868802200931,11.909868802200931,10.403229320319426,11.909868802200931,64.1603168886621,10.40322931512716,11.909868814413406
signsuisse_test,sign_mt,233,3.5987705978375484,3309.01781933334,3.7283249406355066,5.2876186768321345,5.2876186768321345,3.5888255145692023,4.763800886416333,39.25760400252252,3.7283246249162225,5.287618654902477
signsuisse_test,sign_mt,234,7.796343144454134,5688.910949662327,7.166865349655387,9.080579601685816,9.080579601685816,7.740617582566047,9.610863682998465,56.17335460005161,7.1668654044358435,9.080579685763357
signsuisse_test,sign_mt,235,7.257812182231173,5722.724793669249,7.263848356309891,8.0811411849388,8.0811411849388,7.263847118407011,8.0811411849388,24.369374995897182,7.2638479214360085,8.081142153398892
signsuisse_test,sign_mt,236,6.793733106183852,4649.783014647877,7.417773122995829,10.501480822583188,10.501480822583188,6.786661121552868,10.095849351574849,88.12648325966283,7.417771500209622,10.501480810153595
signsuisse_test,sign_mt,237,6.061869703077916,5113.281061676427,6.0857572697033095,7.691275950594322,7.691275950594322,6.129081149853973,7.787638049431406,53.14625695610217,6.0857590956219125,7.691275959304495
signsuisse_test,sign_mt,238,9.87314797677188,6727.466130928839,9.873643563429473,11.202081123962268,11.202081123962268,9.87365172294901,11.202081123962268,45.286207063001925,9.873651629298005,11.202081017021722
signsuisse_test,sign_mt,239,4.747299518375606,3430.901257350694,4.715194231070833,6.0063499719181666,6.0063499719181666,4.715194241335875,6.0063499719181666,45.587685742156694,4.715194270415113,6.006349995069103
signsuisse_test,sign_mt,240,8.408715491515808,4798.850852342543,8.287320241563013,9.821280121290462,9.821280121290462,8.381197505699019,10.904696287783981,57.80117012013613,8.287320173063376,9.821280140744523
signsuisse_test,sign_mt,241,9.850630428283456,8636.811677870348,9.875856243761879,11.872514940208948,11.872514940208948,9.861218895618268,11.809293046207543,74.91926000517222,9.875863117102929,11.872513844746285
signsuisse_test,sign_mt,242,7.667213048631652,4347.311714855865,7.199643531981069,9.153939403128115,9.153939403128115,7.659738639554206,8.95835942087064,56.211437174675225,7.199645060538604,9.153938700503218
signsuisse_test,sign_mt,243,5.05271404122031,4796.971483241128,5.306423644961349,6.696285325874289,6.696285325874289,5.0579658535284935,6.106317792431001,29.09529123523948,5.306423910924153,6.696285315708045
signsuisse_test,sign_mt,244,4.668963941745864,3645.023114698905,4.653640699219905,8.139038247452895,8.139038247452895,4.6536408553893995,8.139038247452895,79.10727924460885,4.653640857739343,8.139038253378317
signsuisse_test,sign_mt,245,3.9603431996824034,3729.703823837367,4.028629451613502,7.077320050450273,7.077320050450273,3.9487407669295287,6.818857852810427,47.92699430156311,4.028628968119863,7.077319764736199
signsuisse_test,sign_mt,246,4.6748030014608855,3753.0022686742386,4.646601107429917,7.280443633443026,7.280443633443026,4.646602182827879,7.280443633443026,53.30797559697972,4.6466025292818784,7.280443869506908
signsuisse_test,sign_mt,247,5.253285373915779,6405.747875127259,5.253805915943282,6.045887078015629,6.045887078015629,5.253805748510558,6.045887078015629,31.01921843066012,5.253805758288406,6.045887045756869
signsuisse_test,sign_mt,248,9.268826456479609,6431.348747299497,9.731828515493305,13.834816990757972,13.834816990757972,9.285333032617237,12.714612829365928,98.44812605880637,9.73182573521293,13.834816961816298
signsuisse_test,sign_mt,249,6.641294192400329,4975.839818969243,6.632458168832757,8.150729669681581,8.150729669681581,6.632461481354641,8.150729669681581,44.84933417937137,6.63246144887229,8.150729625572563
signsuisse_test,sign_mt,250,6.52245654430075,4406.790827493989,6.577673447872831,8.992189970226937,8.992189970226937,6.5281531534274,8.747879246793595,62.643359078689734,6.5776706824291535,8.992189927906955
signsuisse_test,sign_mt,251,4.531589182518081,4232.060383699615,4.727877943688816,11.509558917621613,11.509558917621613,4.520161024758898,11.026971929890264,105.17114101319397,4.72787890049964,11.50955866730997
signsuisse_test,sign_mt,252,9.85366841553907,8319.195608007916,10.312339142470758,18.81034933753763,18.81034933753763,9.817489433516497,18.646918759694493,191.02112549954575,10.31234067696339,18.81034933785335
signsuisse_test,sign_mt,253,5.748819640933038,5166.004728902252,5.878328221465035,9.772309423612224,9.772309423612224,5.743264385886128,9.085031760566043,83.9023914503774,5.878334123347143,9.772309422377036
signsuisse_test,sign_mt,254,9.817053659583568,4906.893536586342,9.201797492981376,12.452842600937837,12.452842600937837,9.608936449294426,12.390897737973448,69.04714280013835,9.20179743732566,12.452842528483037
signsuisse_test,sign_mt,255,7.335577260186362,4140.9085896001825,7.626551804500446,10.203938559660985,10.203938559660985,7.316466614912659,9.984998281703882,53.53774648127472,7.626552489900088,10.203938566283593
signsuisse_test,sign_mt,256,5.115471759437954,4144.929894080444,5.11487140288599,8.876373074930129,8.876373074930129,5.1148734382571375,8.876373074930129,77.53481596250367,5.11487378566051,8.8763732931512
signsuisse_test,sign_mt,257,7.747123609244816,5694.704324029693,7.694840095807494,8.624404098177225,8.624404098177225,7.738968045299001,8.677796023555041,37.60022678536246,7.6948355714492305,8.624404194036586
signsuisse_test,sign_mt,258,7.388573311468259,7197.7151799195835,7.355521269442152,8.300035634386868,8.300035634386868,7.355517987509474,8.300035634386868,41.44513819390073,7.355518118104131,8.300035800394147
signsuisse_test,sign_mt,259,5.207894500138271,4962.573080108652,5.209454703332766,5.751356948521018,5.751356948521018,5.2094545453163335,5.751356948521018,20.951335587551814,5.209454557865626,5.75135696941981
signsuisse_test,sign_mt,260,12.476503873586543,6564.42541634543,12.080903549109372,14.124022948499245,14.124022948499245,12.296254074633353,14.247974393659076,69.76953303738621,12.080903861219833,14.124022980504733
signsuisse_test,sign_mt,261,6.004847802389106,5133.89140850683,6.015893760464207,6.755367341588709,6.755367341588709,6.015897264113328,6.755367341588709,24.65586028669446,6.015896472135511,6.755366496729822
signsuisse_test,sign_mt,262,6.643196774669543,4469.783334539988,6.743154656541673,7.803985896697443,7.803985896697443,6.6399999847858355,7.309466221285182,30.08165339651343,6.743151150735143,7.803985922684345
signsuisse_test,sign_mt,263,5.2305494787169495,4195.122184578569,5.217013448605913,5.757228803134176,5.757228803134176,5.217013427584417,5.757228803134176,21.063857295211214,5.217013439740964,5.757228817331324
signsuisse_test,sign_mt,264,5.845504772474817,4334.298765127549,5.880860281567128,7.088788202352506,7.088788202352506,5.838574214657634,6.9059388855847015,33.22896117098471,5.880858767994402,7.088788129433007
signsuisse_test,sign_mt,265,6.842939342801248,5955.555607612475,6.831871044317459,7.89009790784629,7.89009790784629,6.831872204210123,7.89009790784629,30.21641083829039,6.831871992133519,7.890097568698748
signsuisse_test,sign_mt,266,5.988495144935718,3955.871968605511,5.966017643508654,7.718079896267237,7.718079896267237,5.966017684408344,7.718079896267237,45.02803577416248,5.966017282262733,7.71807946130108
signsuisse_test,sign_mt,267,10.24297851686634,6405.036510041825,9.715753765277436,12.305353852860012,12.305353852860012,10.213032905875346,12.671886293857224,81.98932832572163,9.715757057968956,12.305353830535436
signsuisse_test,sign_mt,268,8.977221128942723,6889.690550573572,8.990909774776867,12.265347477261802,12.265347477261802,8.971180096203229,12.214534075430421,102.90483098356614,8.99090711691899,12.265347475384637
signsuisse_test,sign_mt,269,6.365448632040679,6054.665498745369,6.311490462461243,10.142123949463898,10.142123949463898,6.311494577928731,10.142123949463898,75.21534372347898,6.311494597796307,10.142123888770419
signsuisse_test,sign_mt,270,14.803991857078104,7776.743503437468,11.505164048495342,14.407413576452617,14.407413576452617,14.792672499375723,17.48543610811039,95.36352055575856,11.50516630498171,14.407413584844097
signsuisse_test,sign_mt,271,3.9277288787571947,3463.4440548401076,3.9069244949284303,6.131834632514956,6.131834632514956,3.9007901150728523,6.128209863524067,49.22899354181103,3.906924996327508,6.1318345847802735
signsuisse_test,sign_mt,272,6.265095823100257,4113.6703888729935,6.23730580219082,7.138971591626815,7.138971591626815,6.237305195039584,7.138971591626815,26.40029644165767,6.237305290521634,7.138971647426023
signsuisse_test,sign_mt,273,5.282060249001881,5357.8287856313855,5.278221281027731,6.791945956147262,6.791945956147262,5.278221580509198,6.791945956147262,49.20323836804228,5.2782215290037335,6.79194592132428
signsuisse_test,sign_mt,274,13.27781164751721,8227.251674292444,12.487919387785908,14.609834608042158,14.609834608042158,13.269173338083462,15.394907211171988,75.9192719384577,12.48791279947767,14.609835109333655
signsuisse_test,sign_mt,275,4.314729513366032,3725.356051281735,4.4507464667660015,8.99361988210106,8.99361988210106,4.299771748938023,8.59653944496931,75.25170953499011,4.450746681688549,8.993619881022855
signsuisse_test,sign_mt,276,9.09785339069585,10136.314918935463,9.176426454525142,11.782578894077162,11.782578894077162,9.108019774347529,11.585169464451216,75.97532487612905,9.176419630124744,11.782578895939997
signsuisse_test,sign_mt,277,5.254061187712933,4874.824436086858,5.24716189480256,6.997432133477172,6.997432133477172,5.247163211801749,6.997432133477172,53.96336555530064,5.247162822666444,6.997431878926472
signsuisse_test,sign_mt,278,10.404302912216888,9127.4426040485,10.469438298148198,14.558093903581602,14.558093903581602,10.416836028051321,14.326124755747706,109.70772432317165,10.469436666976796,14.558093882172335
signsuisse_test,sign_mt,279,5.724459066405882,4315.084217358521,5.978745440703959,7.467581641897885,7.467581641897885,5.68428123284846,7.186561170903458,47.75589551849432,5.978745364639956,7.4675816260110555
signsuisse_test,sign_mt,280,5.622123504887053,3728.0031056227826,6.1844829224227125,8.042662900391681,8.042662900391681,5.587454196970309,7.365486050999397,51.957134604687816,6.184484217615691,8.042662468286418
signsuisse_test,sign_mt,281,7.049321924105432,6785.7459765817375,7.094683842496295,7.929991561422407,7.929991561422407,7.039868320523821,7.749740457320492,35.810926922413216,7.094681100704865,7.929990862139034
signsuisse_test,sign_mt,282,6.53674564869539,5096.643372519589,6.618682955008769,8.670449282248953,8.670449282248953,6.545652983859872,8.478998678675525,67.9853592207434,6.618683729343743,8.670449263437863
signsuisse_test,sign_mt,283,6.8148133967211395,5415.811547245625,6.8120017939660995,7.257675912217903,7.257675912217903,6.812002287355737,7.257675912217903,12.980543616885726,6.812002345024029,7.25767598777508
signsuisse_test,sign_mt,284,7.557849210494477,5770.909755858261,7.6972823911302966,9.758365692182782,9.758365692182782,7.575862021661588,9.500313435000665,58.147427599088644,7.697281975264015,9.758365459578682
signsuisse_test,sign_mt,285,7.438711050029745,5902.417571957574,7.565300083799734,8.170816404163734,8.170816404163734,7.432274180460401,7.8438460303061746,31.33919711953395,7.565303335002472,8.170816413960234
signsuisse_test,sign_mt,286,5.9701583873749815,4609.995852942751,5.954193677456892,10.226294847702034,10.226294847702034,5.954192971361079,10.226294847702034,62.547379615641795,5.954192853909195,10.226294719546067
signsuisse_test,sign_mt,287,8.177436342496614,6061.083158158675,8.401556060380736,10.11174042904373,10.11174042904373,8.191486213123985,9.437527636608776,50.95068617575017,8.401559101620885,10.111740336378826
signsuisse_test,sign_mt,288,6.89274003793557,6839.740374560688,7.488698427115848,10.263733729967358,10.263733729967358,6.90214099268632,9.741174673879252,89.03966857166596,7.48869959308742,10.263733749291516
signsuisse_test,sign_mt,289,10.678729075665036,7692.109308866302,10.666859934993056,13.080565771751017,13.080565771751017,10.666859064495162,13.080565771751017,71.22426254441986,10.666860353583914,13.080566978618057
signsuisse_test,sign_mt,290,4.153383007217126,4382.903889953756,4.144098800511868,8.547143059271239,8.547143059271239,4.12459632420166,8.423157686985387,78.61429017953505,4.144098589190047,8.547142994137499
signsuisse_test,sign_mt,291,5.992214251591197,4371.510300719016,5.9764245339829545,6.820865083756598,6.820865083756598,5.976424315991228,6.820865083756598,29.77153440747851,5.976424316701473,6.8208650889288736
signsuisse_test,sign_mt,292,4.273434415563446,4208.763739669125,4.409797715831309,7.104239969668234,7.104239969668234,4.265847314094434,6.778326055467116,59.31098000341149,4.409798796974271,7.104240220673864
signsuisse_test,sign_mt,293,8.871805676332702,5204.820079458172,10.045418211451977,12.204441172396306,12.204441172396306,8.865810427953718,10.854479655659086,86.20033287347698,10.045421071063615,12.20444038487116
signsuisse_test,sign_mt,294,7.392244032277363,6516.153093193496,7.421257855710858,12.029142673437324,12.029142673437324,7.389449293380367,11.60409082987948,93.71289220298506,7.421258713924287,12.029142646427232
signsuisse_test,sign_mt,295,14.427486749260584,8101.125040740786,14.408705319365538,17.100949746020834,17.100949746020834,14.433365568164614,17.05838204942086,85.25914797014214,14.408714592036834,17.100949749739954
signsuisse_test,sign_mt,296,8.519614946562514,7248.9269557921425,8.541724370853363,9.557109095036388,9.557109095036388,8.50854122490375,9.361464443930272,35.6502231852077,8.54172649077859,9.55710906580631
signsuisse_test,sign_mt,297,6.602341033944533,4670.206318438156,6.681484558766438,9.440599350026114,9.440599350026114,6.600049518741997,8.905442099726748,71.77526293010884,6.681485200231427,9.440599383435533
signsuisse_test,sign_mt,298,5.822881473444943,4356.378740151006,5.8202976694250905,9.798504444631739,9.798504444631739,5.820299014150994,9.798504444631739,96.02305570714064,5.820299020104591,9.79850444811146
signsuisse_test,sign_mt,299,4.102465727278466,4397.280894691982,4.094432566219928,8.547877617486973,8.547877617486973,4.094433008209706,8.547877617486973,83.45768387089124,4.094432996938048,8.547877633652122
signsuisse_test,sign_mt,300,8.320236336438573,5010.51008386082,8.220938684919874,9.201648356898934,9.201648356898934,8.220946662799296,9.201648356898934,28.12436947087411,8.220946706203987,9.201648421780463
signsuisse_test,sign_mt,301,7.032844016609695,6232.964484229505,7.413829175617014,8.924682880649613,8.924682880649613,7.0293035589809225,8.287014002499152,54.58287208642126,7.413827153579872,8.924682898035092
signsuisse_test,sign_mt,302,11.60102176550577,6491.293479837281,11.89399911595476,14.244010009552047,14.244010009552047,11.564500459028594,13.928536389947059,65.7062168828265,11.893999869771946,14.244010039779571
signsuisse_test,sign_mt,303,7.087719607930625,5515.11332946816,6.759853583978976,10.127743361890603,10.127743361890603,7.0629873759051,10.359365760572413,87.14120977915847,6.759853132950861,10.127743361893623
signsuisse_test,sign_mt,304,5.197896252564828,6645.311938740781,5.1874405412344045,7.692196419533145,7.692196419533145,5.187441741739433,7.692196419533145,59.40319606803207,5.187441734714717,7.69219641537485
signsuisse_test,sign_mt,305,6.300480825755027,5234.170943762222,7.1803198638739385,8.930065985516798,8.930065985516798,6.29952762223044,8.06179522993235,57.639139454024566,7.180325526178045,8.930066012677662
signsuisse_test,sign_mt,306,8.761760074255854,6329.11451719205,7.349888213718846,7.947522814717166,7.947522814717166,8.73982571560632,12.15280837837324,114.12836805947794,7.3498866216344405,7.947522815818853
signsuisse_test,sign_mt,307,13.352166199452366,7632.337396443626,13.429643205991583,26.25128794829388,26.25128794829388,13.34346740748758,26.201736214322832,219.35673387418717,13.429636514209278,26.251287710974513
signsuisse_test,sign_mt,308,6.283070693267301,4720.803235998926,6.254867544959412,8.407409158744407,8.407409158744407,6.254867255906648,8.407409158744407,39.859663401343944,6.254866560872624,8.407408468939206
signsuisse_test,sign_mt,309,7.768221892897681,5930.702923906042,7.991300334555102,12.003484120488432,12.003484120488432,7.752941320928763,11.58277483247979,104.4682219261225,7.99129927911778,12.003483980265612
signsuisse_test,sign_mt,310,7.298076973438019,5018.699269750783,7.429700409237692,9.863128044986317,9.863128044986317,7.302249122237082,9.537675850189142,78.991638646695,7.4297042562410525,9.86312805347043
signsuisse_test,sign_mt,311,10.619680241329698,7140.798057143054,10.613361617051943,11.670200232963158,11.670200232963158,10.613358159848836,11.670200232963158,51.78533500420789,10.613358154212113,11.670200230236622
signsuisse_test,sign_mt,312,8.229790170503495,5585.853600873229,8.146595800610918,8.34682308695306,8.34682308695306,8.22268380273268,8.434864681986706,19.369084210856037,8.146598022625161,8.346823062467584
signsuisse_test,sign_mt,313,13.069749329479144,7145.25732970524,13.065537274220555,14.573887998055946,14.573887998055946,13.065547922617917,14.573887998055946,50.44205219060065,13.065547948314702,14.573888027751972
signsuisse_test,sign_mt,314,6.5598116491878935,5208.612033666583,6.5521058605040725,11.009600313647915,11.009600313647915,6.552106295040534,11.009600313647915,87.46914834633833,6.552106289702398,11.009600314471006
signsuisse_test,sign_mt,315,6.695735395290403,5135.41922708561,6.693315022030364,6.879970658693206,6.879970658693206,6.693316737512776,6.879970658693206,15.846873275096899,6.693316747369292,6.8799706680066155
signsuisse_test,sign_mt,316,5.340395947703162,3983.5810898136483,5.331999216634652,6.922475542478269,6.922475542478269,5.331999489891309,6.922475542478269,55.29659981832955,5.331999148858921,6.922475365401807
signsuisse_test,sign_mt,317,6.883491922678582,6471.206057980457,7.026679609345111,8.575269771537686,8.575269771537686,6.894883718139107,8.254787696860896,53.461718592377686,7.026680123780231,8.575270554727776
signsuisse_test,sign_mt,318,6.866854354529506,4888.557346272522,7.015722996945408,9.873493710931186,9.873493710931186,6.86504131756841,9.808984401064663,79.97034595433935,7.015722014875477,9.873493575542735
signsuisse_test,sign_mt,319,13.731679263425544,6052.265942908491,14.464508354398712,17.477761523029386,17.477761523029386,13.728176134750294,16.644009001714863,91.36133197694626,14.464505321193789,17.477761523685515
signsuisse_test,sign_mt,320,11.533932737764546,6657.0493641850435,12.116280058510558,14.829531202393653,14.829531202393653,11.533665605980095,14.037327261719085,81.33419043771735,12.116280831315175,14.829531042767908
signsuisse_test,sign_mt,321,8.333922533456965,5438.355696872876,8.31514492777039,10.965438619932021,10.965438619932021,8.31514481712518,10.965438619932021,60.53423793308415,8.31514482325808,10.965438587702142
signsuisse_test,sign_mt,322,7.881905274900682,7018.248356952322,7.980060887755594,10.809314735883298,10.809314735883298,7.88511341764585,10.084445726551648,72.09462217118514,7.980060291234393,10.809314750896736
signsuisse_test,sign_mt,323,9.401436031350345,4717.545945706178,11.591821194002407,14.631269832002973,14.631269832002973,9.378226919143241,12.745844684218403,96.73686684036691,11.591821661677276,14.631269832526183
signsuisse_test,sign_mt,324,5.928054706394704,4293.941438853638,5.928443388898583,6.214389829641019,6.214389829641019,5.928441924871869,6.214389829641019,21.104913633532007,5.928441904060943,6.214389813425371
signsuisse_test,sign_mt,325,4.869905136874806,4642.807125355927,5.007193303376426,6.999796223765471,6.999796223765471,4.868633498317617,6.6096715833140465,48.73960944537597,5.0071922213027165,6.999796238106184
signsuisse_test,sign_mt,326,9.567068767209832,5489.171973572412,9.319636178453058,10.681419933438258,10.681419933438258,9.55619127199661,10.968601456273952,43.37820938469366,9.319633527576016,10.681419566258729
signsuisse_test,sign_mt,327,8.606281723447893,6959.763407309315,8.609479233574236,10.528432478459445,10.528432478459445,8.609478587062267,10.528432478459445,61.42989270316485,8.609478559372453,10.528432470065017
signsuisse_test,sign_mt,328,16.76588843168212,9952.203743386584,15.893250119962287,19.353335714764,19.353335714764,16.777890092745334,19.430934131406154,79.07485420648179,15.893246440113765,19.353335713136705
signsuisse_test,sign_mt,329,5.997580221541808,4873.561094129643,6.05715901478669,8.03854701613383,8.03854701613383,5.999887350892045,7.834747448432128,52.12856872782055,6.057160321401709,8.038547026864999
signsuisse_test,sign_mt,330,7.14379141307071,7544.65600885529,7.154136593574721,10.605356237293398,10.605356237293398,7.136859635925553,10.544333774249253,68.8039225809369,7.1541320512303415,10.605356205306519
signsuisse_test,sign_mt,331,7.205105245237022,5218.428715018462,7.216443761315323,9.255904375285722,9.255904375285722,7.207363150665093,8.970769662511563,53.43262633120703,7.216440506725867,9.255904373649377
signsuisse_test,sign_mt,332,10.060958703822148,7973.080637449914,9.97232172553909,14.244205942433606,14.244205942433606,10.045311025452854,14.209081726030309,115.95362385349526,9.972321501461156,14.244205908269432
signsuisse_test,sign_mt,333,9.738570367371201,7324.402058424967,9.782587678202255,12.804268000224996,12.804268000224996,9.764408325151798,12.75451714591575,90.98875715853845,9.782585070683883,12.804268054388022
signsuisse_test,sign_mt,334,7.913447309152396,7749.171192174406,7.930086699105107,10.003382373653988,10.003382373653988,7.912959758744082,9.853020883592873,58.84898955191433,7.930086183335305,10.003382378117498
signsuisse_test,sign_mt,335,3.3951173139356907,3670.6045817532713,2.778305137428398,4.611740671148913,4.611740671148913,3.3687484558352145,5.363394304469612,52.804410389155215,2.7783050296010288,4.611740678606834
signsuisse_test,sign_mt,336,10.380244643809382,5776.436315275321,10.497992315306913,12.677041308519378,12.677041308519378,10.402993177645035,12.53952235811258,93.77392480138153,10.497993956505834,12.677041519624776
signsuisse_test,sign_mt,337,4.995305032712223,3536.0838362751147,4.989238007378735,5.481529263750408,5.481529263750408,4.9780404156430915,5.470791397960344,31.3827112321252,4.9892377880350995,5.481529261456318
signsuisse_test,sign_mt,338,11.284226047043223,9705.589435374843,11.648521105041299,13.63168352753477,13.63168352753477,11.27111698768081,12.940011304012696,89.57814345823984,11.648521025669178,13.631683590064128
signsuisse_test,sign_mt,339,6.625661888996874,6050.073000797925,6.661587285798703,9.43786309925472,9.43786309925472,6.653299881507043,9.43182594318719,67.66107077573118,6.661586562166905,9.4378631303214
signsuisse_test,sign_mt,340,5.569741449479396,4177.973668587889,5.683476766171627,8.726618497309135,8.726618497309135,5.559187642276734,8.112999830728413,73.17516165188347,5.68347607081475,8.726618480615707
signsuisse_test,sign_mt,341,11.151867785276373,5859.281013189117,10.76470603079406,14.624582634204327,14.624582634204327,11.118467068351956,17.078037056096395,115.34667007475677,10.764709236687912,14.624583570159876
signsuisse_test,sign_mt,342,4.357135531845733,4772.443273082179,4.3849673002011755,4.935482438430026,4.935482438430026,4.384966340079769,4.935482438430026,25.451631717456653,4.384966335014775,4.935482433346291
signsuisse_test,sign_mt,343,10.049142476198499,6339.330546924725,10.47280512894687,14.605152853438959,14.605152853438959,10.040361281044033,13.992362476522988,110.51742680602138,10.472809353750588,14.605152884561747
signsuisse_test,sign_mt,344,11.79022529489563,7353.885547828207,11.511963073485166,15.364792743192497,15.364792743192497,11.787270858900438,15.436924448786291,113.16340609817375,11.511960903636979,15.364792708151635
signsuisse_test,sign_mt,345,3.5439399188816996,3405.7616770533505,3.5240616292287776,6.17506091081601,6.17506091081601,3.5240625853470973,6.17506091081601,52.8772121022357,3.5240625914972066,6.17506092252297
signsuisse_test,sign_mt,346,5.692015004463309,6266.031390511309,5.781856106959138,6.358058416784855,6.358058416784855,5.689485143048966,6.008025601051918,19.448846093120505,5.781856514883579,6.358057901723915
signsuisse_test,sign_mt,347,9.057615001886864,7975.626410407039,9.063742467785605,11.96121710734921,11.96121710734921,9.051211262227133,11.883163215677106,86.02456826075498,9.063739718506778,11.96121711960625
signsuisse_test,sign_mt,348,4.970848148468538,3772.6458516958714,4.78448225980984,6.552173736286914,6.552173736286914,4.9074171908186,6.633581760773671,29.308643288059063,4.784483122607192,6.552173740952619
signsuisse_test,sign_mt,349,11.141357896674322,6212.491925626804,11.57241975687694,15.93452119789463,15.93452119789463,11.12989834476802,15.946796917975353,102.37565098329453,11.572419035398195,15.93452112783465
signsuisse_test,sign_mt,350,9.726814219348382,6192.738327302302,9.630136290923403,11.605443318798072,11.605443318798072,9.704078386788778,11.72555787334883,58.605488389768055,9.63013833221528,11.605444584622463
signsuisse_test,sign_mt,351,6.3981673284933,4283.983696850746,6.415073186514495,9.308670553640574,9.308670553640574,6.41507333340899,9.308670553640574,73.84552100084898,6.415073379984426,9.308670576741306
signsuisse_test,sign_mt,352,7.675379176788144,6119.723213997243,7.479039877135317,10.482010029814866,10.482010029814866,7.667562903680509,10.54341334714723,77.8260107728178,7.479038881574186,10.482009458067678
signsuisse_test,sign_mt,353,9.617541539934301,6908.963686386952,9.659033258110751,12.618972296303118,12.618972296303118,9.601137523011197,12.513451072675272,115.62784377191528,9.659034930275059,12.61897229961558
signsuisse_test,sign_mt,354,3.655742181058019,2877.2667087905443,3.629890274625759,5.875181045991883,5.875181045991883,3.629889924361078,5.875181045991883,45.46974703357417,3.629890037356302,5.875181162796482
signsuisse_test,sign_mt,355,11.726898873283577,7073.42759459335,11.722891222950784,16.003579382517625,16.003579382517625,11.720385168288548,15.964926993648321,109.57802970853842,11.722891814003944,16.003577631861553
signsuisse_test,sign_mt,356,6.330563169965964,4447.620927240256,6.351613984190668,9.452618441613835,9.452618441613835,6.320727013791533,9.284677128791689,67.00222649283609,6.351612969924347,9.452618416925688
signsuisse_test,sign_mt,357,6.569181214082649,6524.619827085736,6.565054808592483,7.4229171072924185,7.4229171072924185,6.565058235311415,7.4229171072924185,33.75285157097011,6.5650582820282235,7.422917152129747
signsuisse_test,sign_mt,358,7.675567378953087,5372.554830194649,7.9303620741141705,10.49412163106268,10.49412163106268,7.692490173867519,10.133101502409959,79.4229337315732,7.930358328756408,10.494121611596881
signsuisse_test,sign_mt,359,8.32131573037257,5250.350448491675,9.073737494042357,9.498460123147037,9.498460123147037,8.29896094094633,8.870853557021857,41.80147765280206,9.07373648958391,9.498460118937961
signsuisse_test,sign_mt,360,6.248114205066331,4993.124548238856,6.243565189264028,9.483642381279363,9.483642381279363,6.243565391169488,9.483642381279363,77.33057319340932,6.243565400496889,9.483642394654005
signsuisse_test,sign_mt,361,9.176063739340144,6043.057510359637,9.167477114252945,10.008524001893258,10.008524001893258,9.16747622954247,10.008524001893258,28.476212804053294,9.167476231980235,10.00852399178122
signsuisse_test,sign_mt,362,8.541079532365295,5441.7560754112765,8.47196900736749,9.284322572502052,9.284322572502052,8.47196934945691,9.284322572502052,21.946609883132517,8.47196915069025,9.284322436833147
signsuisse_test,sign_mt,363,9.071264177178518,6188.62884030225,9.367349813447673,12.596647919253233,12.596647919253233,9.046916143734833,12.507217018106925,95.32945541005698,9.367350209043256,12.596648172968184
signsuisse_test,sign_mt,364,13.333909061569434,6891.373664532002,14.448479996768175,16.36965116251429,16.36965116251429,13.335332172420207,15.182912836332743,103.83670074058189,14.448478970588448,16.36965009255499
signsuisse_test,sign_mt,365,5.87427052843447,4200.162587636646,5.846039110617722,6.956455875847503,6.956455875847503,5.846037399021056,6.956455875847503,32.03068550505553,5.8460373847582705,6.9564558573338555
signsuisse_test,sign_mt,366,6.913694531605438,5788.340562066847,7.220082190171398,9.473725921956351,9.473725921956351,6.879084761405823,8.865990102440573,64.4311350403996,7.220081305491725,9.473725924665851
signsuisse_test,sign_mt,367,7.773195030890817,5122.901532016213,8.81841025673273,11.466155268228022,11.466155268228022,7.739881567137543,10.334716675907286,69.0914944777746,8.818411132988347,11.466155292942128
signsuisse_test,sign_mt,368,4.718100759400694,3282.813745711743,4.707713321672584,6.521602510770897,6.521602510770897,4.707712367363795,6.521602510770897,51.88717902881023,4.707712018503183,6.521602250088955
signsuisse_test,sign_mt,369,6.768404466031185,5340.913571899507,6.754529378867967,9.262903698699285,9.262903698699285,6.7545264409452574,9.262903698699285,64.75909265154075,6.754526440040384,9.26290369870926
signsuisse_test,sign_mt,370,8.403809598809266,4513.907077935468,8.507953676690269,11.127015779345484,11.127015779345484,8.321230420094698,9.850463625283503,38.287421793990966,8.507953822235258,11.127016699234122
signsuisse_test,sign_mt,371,8.2486243130642,7481.0502461027045,8.314419213511336,12.051371641644803,12.051371641644803,8.243113533392242,11.826865295141342,87.29890846411712,8.31441954979258,12.051371614668017
signsuisse_test,sign_mt,372,7.36657439243299,5013.6860113628145,7.812244511441413,11.075303260056383,11.075303260056383,7.312472875682997,10.384969561957478,80.89496322734655,7.812241867926685,11.075303290743076
signsuisse_test,sign_mt,373,5.674007166523579,4629.912505126372,5.7328271948346,8.277363300488767,8.277363300488767,5.659917617180633,7.993152290552749,56.716134185548135,5.732828958523807,8.277362905714492
signsuisse_test,sign_mt,374,7.567820135397334,8248.458547596028,7.659742659104983,9.99092472076037,9.99092472076037,7.572219912140871,9.619684468327906,53.34914316042659,7.659750191184069,9.990924649033545
signsuisse_test,sign_mt,375,5.737466792658703,4946.51935830562,5.665972460820102,8.113328611382835,8.113328611382835,5.7292670651570194,8.997003677580707,84.08255211102544,5.665971903432309,8.113328396393152
signsuisse_test,sign_mt,376,5.733780661020481,4119.109437183504,7.315716015887072,8.831085832669146,8.831085832669146,5.70436254015015,7.578648242531519,73.14653907615357,7.315718187205547,8.831085328092755
signsuisse_test,sign_mt,377,9.66236899892151,6757.279766638227,9.484173745210772,10.696792965548918,10.696792965548918,9.651958699856877,10.890958166969169,78.31362446262915,9.484174557622492,10.696792702182245
signsuisse_test,sign_mt,378,3.5015635160412595,3322.2903380333273,2.9343510165297344,5.694473832010685,5.694473832010685,3.490620732082838,6.127550006791733,60.41183900310956,2.9343513820481157,5.6944736946530075
signsuisse_test,sign_mt,379,8.471176391699268,6111.026549624133,8.776898964908277,11.43801951605194,11.43801951605194,8.4199549179474,9.180848994324384,25.122405554864084,8.776895828159354,11.438019507006036
signsuisse_test,sign_mt,380,10.110600566283154,7953.617293887322,10.131444584766955,13.348176956722,13.348176956722,10.1004973786879,13.298951556654561,101.82034353036707,10.131436862141905,13.34817696429236
signsuisse_test,sign_mt,381,13.021791301898375,7034.273498821827,13.084772419869456,15.220655937798702,15.220655937798702,13.059766651150378,15.058098171126986,82.37634570025881,13.084781122533942,15.220655943981605
signsuisse_test,sign_mt,382,10.222677927074502,9506.515454538117,10.361362248629089,13.109353539558459,13.109353539558459,10.224783914221135,12.702170319612534,86.30746089330637,10.36135762024028,13.109353216327753
signsuisse_test,sign_mt,383,12.703555731041039,7342.018158490397,13.120497209381462,15.292173239330285,15.292173239330285,12.6817263962398,14.415370320451416,72.27290971270948,13.120492618247784,15.292173207062834
signsuisse_test,sign_mt,384,9.344498002928871,5596.068470703846,9.317998755791303,12.372030397174612,12.372030397174612,9.317999265284405,12.372030397174612,54.33074759662286,9.31799926815288,12.372030396748801
signsuisse_test,sign_mt,385,4.495534511674758,4159.339049943553,4.682819071694228,7.413614876879261,7.413614876879261,4.490009984530718,6.6846130225079365,58.65344949166605,4.682820618148142,7.413614858273523
signsuisse_test,sign_mt,386,11.619437638816349,7775.211390711476,11.669649311151787,13.620142332775593,13.620142332775593,11.653609375727902,13.551952493475255,71.16845063251364,11.669654852434183,13.620142282999945
signsuisse_test,sign_mt,387,6.813156617953041,5155.671832338873,6.777572607597025,10.133132576349519,10.133132576349519,6.777571163156837,10.133132576349519,70.33799516910297,6.777571836885114,10.133133071899472
signsuisse_test,sign_mt,388,7.722298489955261,6320.687895832115,7.795959858713644,10.587826123094326,10.587826123094326,7.725615046517173,10.362084480236641,83.4889709086324,7.795957321262242,10.587826115244303
signsuisse_test,sign_mt,389,10.585119834273865,6735.450518070635,10.578334936386279,13.071759229233413,13.071759229233413,10.576770468057603,12.98147588631582,75.73970704334519,10.578335461582551,13.071759253246842
signsuisse_test,sign_mt,390,6.614644967295011,6530.2713295071235,6.599512665535708,7.043197323230541,7.043197323230541,6.5995188569166245,7.043197323230541,21.36930147483333,6.59951862575559,7.043197015913031
signsuisse_test,sign_mt,391,6.56869008557328,4404.547921510087,7.622034378718579,10.562677390452947,10.562677390452947,6.54592038136943,9.741840972489301,70.33645181205131,7.622034128473375,10.562677385216816
signsuisse_test,sign_mt,392,4.124212970378714,3472.6400622771303,4.1071074937971055,5.603762270368149,5.603762270368149,4.1071074436395305,5.603762270368149,38.70654866506747,4.107107448788972,5.6037622651882515
signsuisse_test,sign_mt,393,7.207452147894049,6485.245533378768,7.223262885644028,10.57298638892209,10.57298638892209,7.223266100519764,10.57298638892209,86.15409539262397,7.223266103430188,10.572986385398382
signsuisse_test,sign_mt,394,6.874833111771155,6372.374882728745,6.991750793815434,13.689665501897721,13.689665501897721,6.866556557049189,13.460466491950415,127.26134956495241,6.991751096766039,13.689665486383376
signsuisse_test,sign_mt,395,10.077385183250305,6244.963634696753,10.089617485235683,12.656838202885856,12.656838202885856,10.08114722604299,12.64973154776784,69.80573999287765,10.089618006162324,12.656838208253694
signsuisse_test,sign_mt,396,6.971007056640624,4710.293733423511,7.533723025229089,10.767932276563139,10.767932276563139,6.992560204878798,9.725202923923733,57.479356966549894,7.533724971821545,10.767932280863269
signsuisse_test,sign_mt,397,5.186165868191032,5850.450006382045,5.676851951497492,8.573272597249504,8.573272597249504,5.173733666604056,7.982515583787987,71.35334678457136,5.676851416397831,8.573272567148642
signsuisse_test,sign_mt,398,12.264032909381818,8115.868730627251,12.281182137889314,13.858452045292418,13.858452045292418,12.269189819797393,13.751328403161727,85.26644343076471,12.281182849345722,13.858450791409192
signsuisse_test,sign_mt,399,7.4030860789726365,7646.7594674175725,7.330014860844277,8.295713402722752,8.295713402722752,7.4479261205492735,8.442004820142383,44.376744109814666,7.330032646982224,8.295714463805155
signsuisse_test,sign_mt,400,6.136039973764497,5365.604950492691,6.228735242732175,11.094602209602998,11.094602209602998,6.1193426404496005,10.659009227027438,103.38525099180804,6.228733982961046,11.094602212894145
signsuisse_test,sign_mt,401,7.183384953149908,5663.03285854982,7.145692889655261,10.367262374560188,10.367262374560188,7.153520898627557,10.883414650448001,100.1992682212272,7.1456924090584595,10.367262451924196
signsuisse_test,sign_mt,402,8.724978242939093,6270.960594640452,8.767061577042126,10.437421740423876,10.437421740423876,8.710549492257623,9.929120267201979,43.38152993986762,8.767066300427407,10.43742173868591
signsuisse_test,sign_mt,403,7.598893309847305,5012.089281168282,8.837424213511701,11.876666220557777,11.876666220557777,7.573711569592962,10.721522185682945,85.64344183296058,8.837427383023595,11.876666312610025
signsuisse_test,sign_mt,404,5.354732845791576,3540.544760907106,5.418231292349951,6.680064069531196,6.680064069531196,5.353712187311797,6.670227439792983,53.22320333939194,5.418231031832346,6.680064241420574
signsuisse_test,sign_mt,405,5.833709920378181,5228.599202605746,5.85815467355653,7.6535890378093985,7.6535890378093985,5.858154419592525,7.6535890378093985,50.46185677378782,5.858154830607629,7.65358943126964
signsuisse_test,sign_mt,406,6.996523312124013,6417.37730073704,6.996874533028233,10.74614571017958,10.74614571017958,6.996874248222027,10.74614571017958,73.87304880938706,6.996874186385652,10.746145647651048
signsuisse_test,sign_mt,407,9.79667693295458,5703.090278740095,9.865396739734276,11.160800527531432,11.160800527531432,9.76250602446664,10.881501399988812,68.18815209286583,9.865395384086316,11.160800789423327
signsuisse_test,sign_mt,408,12.20217577922114,7325.167123752796,12.37300784950808,15.737132872229635,15.737132872229635,12.176827750029393,15.45378013575535,69.6750466240978,12.373009049159897,15.73713287187874
signsuisse_test,sign_mt,409,6.73285877789902,5002.856610437179,6.722258572065706,7.246795049010498,7.246795049010498,6.722257485134696,7.246795049010498,27.324470322133045,6.722257466152151,7.246795012109557
signsuisse_test,sign_mt,410,5.47376782439871,4380.179184412263,5.478790350229967,6.053687583541962,6.053687583541962,5.4787914870028755,6.053687583541962,34.521456651638495,5.478791502176668,6.05368759794524
signsuisse_test,sign_mt,411,5.4689182872134765,5170.559259157318,5.4768202216981665,6.54100483824203,6.54100483824203,5.476823336322962,6.54100483824203,23.962348514419052,5.476823339436054,6.541004836947623
signsuisse_test,sign_mt,412,6.0522965245720215,5664.411545998657,6.302046871555946,9.705936530055842,9.705936530055842,6.046549902735394,9.218403879588275,78.63912492091494,6.302045605221655,9.705936511513332
signsuisse_test,sign_mt,413,7.107944960182435,5282.183291530203,7.098907313565915,7.487149953705928,7.487149953705928,7.09890753608409,7.487149953705928,19.837671383673573,7.098907712497824,7.487150108822819
signsuisse_test,sign_mt,414,5.2871131754325305,4521.052540907768,4.868817145481957,9.762037439771307,9.762037439771307,5.286800045748783,10.161435192338718,85.76124383146987,4.868815049472055,9.762037443759835
signsuisse_test,sign_mt,415,5.569190088185007,4739.7416050507645,5.525380147729499,7.9608542207967075,7.9608542207967075,5.560738748667338,7.7109110484988586,59.22469896448164,5.525378101380921,7.960854232673514
signsuisse_test,sign_mt,416,7.691185528072528,4879.60554816081,7.807568930352481,11.81482814921541,11.81482814921541,7.649025428736828,11.086476121106198,57.99350011124992,7.807567343528976,11.814828148612346
signsuisse_test,sign_mt,417,13.033360523772355,9145.964110076757,13.02301820595751,14.746727988465254,14.746727988465254,13.023014852345966,14.746727988465254,85.24568727886619,13.023014883085366,14.746728026143769
signsuisse_test,sign_mt,418,2.693659543089464,3686.1545313281185,2.685344179299937,5.459489346928285,5.459489346928285,2.6853439159028687,5.459489346928285,54.11992143621426,2.6853439163454604,5.459489362956903
signsuisse_test,sign_mt,419,5.5159124628458285,4271.577197902554,4.852205830172659,9.252524211135183,9.252524211135183,5.5132399292435865,9.42426189527706,83.30925648472386,4.85220529005651,9.252524216704211
signsuisse_test,sign_mt,420,4.283718890054728,3927.9033087829553,4.2791205780935,6.259342486066288,6.259342486066288,4.279121719247967,6.259342486066288,45.9663150859442,4.279121795877034,6.259342530379699
signsuisse_test,sign_mt,421,10.706581033022271,6995.769149956728,10.98177020403895,11.533236938624848,11.533236938624848,10.662829735593519,12.18598614282392,76.06169672467165,10.981761296327061,11.533236875294964
signsuisse_test,sign_mt,422,5.875168411179606,3878.7069525435986,5.871960136539327,6.289107549186879,6.289107549186879,5.871960870987475,6.289107549186879,18.44724062382056,5.8719608576801265,6.289107522872866
signsuisse_test,sign_mt,423,4.6657554161630825,5668.983027522595,4.742348346556303,8.664416077276844,8.664416077276844,4.667685067516582,8.306224844647554,71.14413819129447,4.74235379620889,8.664416076003432
signsuisse_test,sign_mt,424,6.172204377781314,4275.305628342523,6.5172734881620356,9.68651722174915,9.68651722174915,6.19333845843244,8.66199902289802,67.0998657095729,6.517274534366764,9.686517545916566
signsuisse_test,sign_mt,425,7.814779257711704,5617.617689870975,7.770568935802102,10.116574384670708,10.116574384670708,7.770570089040715,10.116574384670708,67.66157155462002,7.770570193604344,10.116574446547585
signsuisse_test,sign_mt,426,4.783672722673349,3577.9110544990767,5.218464704413215,6.818847728287546,6.818847728287546,4.76443087435791,6.354753943960652,47.448309601905414,5.218464274670355,6.818847710748493
signsuisse_test,sign_mt,427,7.031133990090374,5399.547952002766,6.998689717705187,9.032960597241667,9.032960597241667,7.0047496761877115,9.037409220617311,57.27686256550752,6.998689430763203,9.032960547438767
signsuisse_test,sign_mt,428,3.213231200775411,2764.766266238975,3.204891197046029,4.625989753785853,4.625989753785853,3.204891709558404,4.625989753785853,35.34806425368677,3.204891713602411,4.625989751164343
signsuisse_test,sign_mt,429,4.1053404457817875,4103.8127034911095,4.1003529294602865,4.236696081746446,4.236696081746446,4.100354603205059,4.236696081746446,10.281999281546675,4.100354604585838,4.236696083863565
signsuisse_test,sign_mt,430,3.913239388310164,3986.0020255380973,3.909499990547051,6.999042939317003,6.999042939317003,3.909500291610102,6.999042939317003,68.96693654308949,3.9095005812218537,6.999043015969462
signsuisse_test,sign_mt,431,5.502655445427083,4799.782317447774,5.692215472323247,7.495321297659875,7.495321297659875,5.512858553518837,6.842968361302778,50.268073457337266,5.692217958015486,7.495321323643201
signsuisse_test,sign_mt,432,4.3251230222854655,3237.297382048878,4.351160251976357,6.830879912621216,6.830879912621216,4.307999869651004,6.411406202351887,53.152130544069664,4.351160122270791,6.830880144799736
signsuisse_test,sign_mt,433,6.568725935825723,6012.655616108026,6.589081110519489,7.242946467618258,7.242946467618258,6.5890837496200945,7.242946467618258,34.75523055008914,6.589083803778225,7.24294650791901
signsuisse_test,sign_mt,434,6.779131303671018,5836.08000906325,7.268973023210092,9.220111162853811,9.220111162853811,6.783440578056645,8.66735570937014,73.32074160728983,7.268973621319997,9.22011117602796
signsuisse_test,sign_mt,435,5.844920710009978,3677.804773528813,5.887029256750105,7.791268612015898,7.791268612015898,5.834535257630162,7.467422819289115,47.47251690619926,5.887029210832618,7.791268970086995
signsuisse_test,sign_mt,436,9.953364505329656,6860.977146848701,10.897741559236982,12.482935499777847,12.482935499777847,9.94779907851027,10.917503786817685,46.3871880727644,10.897741602042672,12.482935499866631
signsuisse_test,sign_mt,437,4.802809019152004,4358.383919619052,4.799158812906917,9.659611336088624,9.659611336088624,4.799157986561137,9.659611336088624,87.42025934664187,4.7991580338614295,9.6596114126613
signsuisse_test,sign_mt,438,4.761623170420481,2935.7210150247793,4.721022670261606,6.076178271557776,6.076178271557776,4.721025174533017,6.076178271557776,37.01519136688043,4.721025142267031,6.076178198179027
signsuisse_test,sign_mt,439,4.606333528060425,3400.5313535919013,4.983313756990634,6.064473914037216,6.064473914037216,4.585915275794197,5.7261667929464135,45.50255438222891,4.983314958348876,6.064473938000531
signsuisse_test,sign_mt,440,4.992418744417158,3534.440115696777,4.98812659811606,7.2960834512070125,7.2960834512070125,4.988130078077175,7.2960834512070125,52.645968694212364,4.988130108763251,7.296083552288853
signsuisse_test,sign_mt,441,8.600129827513573,5658.521129993595,8.800717740751821,10.214397041144004,10.214397041144004,8.572898631858717,9.88487202295612,42.44808285198633,8.800709578175406,10.214397080390725
signsuisse_test,sign_mt,442,8.431573609869453,5178.255390167518,8.393889901807276,10.127690578142765,10.127690578142765,8.393890946506042,10.127690578142765,46.021769520756706,8.393890909953788,10.127690562735653
signsuisse_test,sign_mt,443,12.050126127057522,6549.986424811043,12.069861758776264,15.715516030675868,15.715516030675868,12.060947232981404,15.083835935976222,76.50741775702019,12.069856677523902,15.715516051413683
signsuisse_test,sign_mt,444,1.5804046910721687,2206.703568197348,1.5671663685346908,2.7061078337984807,2.7061078337984807,1.5671661703794428,2.7061078337984807,23.107792146519554,1.5671661785154383,2.706107838721942
signsuisse_test,sign_mt,445,4.010474535810266,3897.379854707975,4.001562325809057,5.443161197383651,5.443161197383651,4.001562711452487,5.443161197383651,41.97440815392539,4.001562736806967,5.443161238431122
signsuisse_test,sign_mt,446,5.706023747334866,4568.180650903132,5.800833506093075,7.0256504920249725,7.0256504920249725,5.704213670592896,6.571166325342769,33.151675624097415,5.800833124037876,7.025650477234187
signsuisse_test,sign_mt,447,12.834842146240248,7763.044747457408,13.692582829451261,18.10322279099664,18.10322279099664,12.819180546734163,17.66515076641583,90.19755659522558,13.692585238776136,18.103222780384527
signsuisse_test,sign_mt,448,5.253020086146405,3086.1047199621016,5.13249810904276,9.107268540368194,9.107268540368194,5.132497828198604,9.107268540368194,81.25160496584577,5.132497523109284,9.10726848081401
signsuisse_test,sign_mt,449,5.029597476289834,5392.976644728235,5.023709933881616,6.931168150646241,6.931168150646241,5.02370804405886,6.931168150646241,53.163669030502334,5.023708033697965,6.931168145893614
signsuisse_test,sign_mt,450,8.662074736999497,6582.642426332143,8.252363055976165,10.235204048588681,10.235204048588681,8.672505917990971,10.76067770194334,78.66953755959194,8.25236476218071,10.235204019929434
signsuisse_test,sign_mt,451,6.549303439281589,4970.543613139637,6.598112608809533,8.79627052897698,8.79627052897698,6.536284055550998,8.487748471586773,57.81842958587462,6.598112128418075,8.796270907751019
signsuisse_test,sign_mt,452,3.4725907277432047,2434.9437683014926,3.4578522084460066,5.000620080958674,5.000620080958674,3.457848886139795,5.000620080958674,24.479703331124036,3.457848883970879,5.000620080184866
signsuisse_test,sign_mt,453,10.142002934189577,8483.43478188146,10.204300929466312,13.196805011298094,13.196805011298094,10.139042056905677,13.030410999628335,95.75796150327864,10.204298021101616,13.196805033321967
signsuisse_test,sign_mt,454,6.191335046778811,5476.101814142369,6.3827522703790995,8.564050170853449,8.564050170853449,6.189855448337958,7.860999747326175,54.98920647082714,6.3827489368254176,8.564050188664389
signsuisse_test,sign_mt,455,6.2130721192553855,5532.819827808104,6.207919384133734,7.163908624609947,7.163908624609947,6.207924660200801,7.163908624609947,24.894053651864354,6.207925402740283,7.16390930516067
signsuisse_test,sign_mt,456,5.510612891230093,5081.985461703992,5.512113928848185,6.169683672739128,6.169683672739128,5.512114293415758,6.169683672739128,23.70387189619252,5.512114208039397,6.169683621518999
signsuisse_test,sign_mt,457,8.198528173712779,6420.224999677768,8.50273572035486,9.938103424189482,9.938103424189482,8.221221581022515,9.628794142092898,52.887421706845025,8.502738425508287,9.93810339339527
signsuisse_test,sign_mt,458,5.278313009237503,4023.4982063944562,5.25767159491499,8.12615187370836,8.12615187370836,5.257671692322429,8.12615187370836,72.41670740203335,5.257671458008011,8.126151794941233
signsuisse_test,sign_mt,459,10.266387252787654,7056.136995866942,10.349328739076881,13.261335941482187,13.261335941482187,10.230393550026253,13.109142576059568,116.91942847329238,10.349334222230889,13.261335502011471
signsuisse_test,sign_mt,460,16.76160894315737,8931.347977028498,17.180484787739747,18.66048124816731,18.66048124816731,16.726899521009383,17.945621804062494,71.65058641751207,17.180482129029944,18.66048116102808
signsuisse_test,sign_mt,461,7.191053693606839,5593.870807004646,7.177860293550897,9.164931832904111,9.164931832904111,7.17786239835253,9.164931832904111,59.90739024396211,7.1778623895908185,9.164931847948099
signsuisse_test,sign_mt,462,6.723227395164759,5247.790396133519,6.7728896092110045,8.601403076836469,8.601403076836469,6.72280350791318,8.578632128961571,61.41665332258015,6.772889557561954,8.601404259568909
signsuisse_test,sign_mt,463,18.445110319344185,9674.267334982713,18.303155304708167,19.08895210851355,19.08895210851355,18.42803602757893,19.201523171470495,50.46078060099313,18.303150577849962,19.08895215458319
signsuisse_test,sign_mt,464,4.364559172243612,3633.9127303313503,5.303663490229031,9.572784903007356,9.572784903007356,4.3040752072203405,8.18354058115377,78.77533906044195,5.303664628207473,9.572784866641591
signsuisse_test,sign_mt,465,4.248319343977636,5187.5018260495035,4.253158308127816,6.202003522029218,6.202003522029218,4.253160284428516,6.202003522029218,48.478447563041556,4.253160331431322,6.202003536220799
signsuisse_test,sign_mt,466,5.977555936228559,5023.98521172737,5.964192141826372,9.009264302486208,9.009264302486208,5.964192428184686,9.009264302486208,60.0496352724108,5.964191961860441,9.009263927288917
signsuisse_test,sign_mt,467,6.825168477155438,4209.416712618928,6.816872596232243,6.991995293359021,6.991995293359021,6.816871401573151,6.991995293359021,6.992694892308951,6.816871383150369,6.991995275065223
signsuisse_test,sign_mt,468,6.271968212352959,4771.528975994374,6.795094102121856,10.343727397913886,10.343727397913886,6.257070160758589,9.56724035919745,98.45067052328668,6.795093504557469,10.343727401060534
signsuisse_test,sign_mt,469,10.454668563612106,6317.731120905197,10.460255106775229,21.533540897399465,21.533540897399465,10.450204326897111,21.449120045325806,158.2841942945885,10.460254547212921,21.533541632783155
signsuisse_test,sign_mt,470,9.246847522606597,7069.434628292749,9.222942910850925,18.104211510931798,18.104211510931798,9.22294328713373,18.104211510931798,178.52871670944074,9.2229432919846,18.10421154254621
signsuisse_test,sign_mt,471,6.701534371767528,4378.98815635742,6.981082399991728,9.583598392801187,9.583598392801187,6.679716376174238,9.306689231745972,68.05842667562756,6.981081223610346,9.58359810053328
signsuisse_test,sign_mt,472,11.623079238284017,7276.450471989259,11.638573017038285,15.02062404561926,15.02062404561926,11.638576934895278,15.02062404561926,66.0763687318317,11.638576938413959,15.02062404860045
signsuisse_test,sign_mt,473,11.758681290663596,6702.073829048392,11.441215623761451,12.274346913452142,12.274346913452142,11.759217590075124,12.47380463959037,37.31284406343522,11.441219822442918,12.274345556254238
signsuisse_test,sign_mt,474,6.163594612590667,4620.876230099764,5.819512662948714,8.65398663609753,8.65398663609753,6.136511470741652,8.891037583269876,79.1894796954997,5.819512969987754,8.653986672383382
signsuisse_test,sign_mt,475,8.373473925810304,5541.778594509456,8.355372562066387,9.375192767787428,9.375192767787428,8.35537062061207,9.375192767787428,20.833571993733514,8.355370627016907,9.375192764220378
signsuisse_test,sign_mt,476,10.544972733464824,7236.655901128739,10.526735900834844,11.462634468955535,11.462634468955535,10.52674209050024,11.462634468955535,25.640236450037172,10.526742056743814,11.462634442549046
signsuisse_test,sign_mt,477,5.259272024390343,4029.5499667595395,5.239435954145799,6.52402901293698,6.52402901293698,5.239435596872603,6.52402901293698,46.013856444408155,5.239435589319979,6.524029016233958
signsuisse_test,sign_mt,478,7.5691278975052985,5375.333064654694,7.668453733114756,9.558687134219035,9.558687134219035,7.554869294363829,9.508677037925153,55.30640014298882,7.668454624585995,9.558687160633337
signsuisse_test,sign_mt,479,15.404300346110611,7993.2302777559435,15.357092175780505,19.431960642836437,19.431960642836437,15.357092500814534,19.431960642836437,81.22511568087653,15.357092499841324,19.431960644959908
signsuisse_test,sign_mt,480,2.0973544086039446,2105.7517950661427,2.0973544086039446,3.458406504418236,3.458406504418236,2.0973542350692647,3.458406504418236,32.66139662717857,2.097354233609321,3.4584065015002885
signsuisse_test,sign_mt,481,5.545179811463056,4801.922355308511,5.544084848977595,6.385478933572317,6.385478933572317,5.544082797626878,6.385478933572317,26.081312145909507,5.544082801919459,6.385478931531131
signsuisse_test,sign_mt,482,11.938055773218833,6479.48879917189,12.041620679742765,14.643161275090872,14.643161275090872,11.97975783547974,14.380090944172615,70.88017519132846,12.041615052834095,14.64316134214925
signsuisse_test,sign_mt,483,4.408871462450504,4822.110384978259,4.4087122388276505,5.026754516615599,5.026754516615599,4.408713526394845,5.026754516615599,14.518375881785257,4.408713079890936,5.026754029351978
signsuisse_test,sign_mt,484,12.1405132057784,8131.503195566374,12.145740948077696,14.682636826488181,14.682636826488181,12.145750017527682,14.682636826488181,98.04040131248684,12.145750002339911,14.682636847986352
signsuisse_test,sign_mt,485,4.445646888489706,3562.3183116170258,4.870421241888822,5.44248062046021,5.44248062046021,4.442602564175716,5.04783086376147,27.337154507338045,4.870420821724536,5.442480629892712
signsuisse_test,sign_mt,486,5.71741028657267,4957.788890253356,5.801293567201123,8.088494482775687,8.088494482775687,5.714660113568553,7.8418470325272995,58.76815664264593,5.801297982047906,8.08849384836706
signsuisse_test,sign_mt,487,5.077097355852209,4646.04665584888,5.308288275016073,9.504825260882262,9.504825260882262,5.077898910499776,8.820768182407877,78.3942759928214,5.308287154285879,9.504825369569167
signsuisse_test,sign_mt,488,11.42588109668665,7595.224345135475,11.418108702561161,20.02669713567836,20.02669713567836,11.418106505559846,20.02669713567836,221.32553448567828,11.418106510238093,20.02669712186944
signsuisse_test,sign_mt,489,8.243441945336983,4619.270717163309,8.953751622451078,9.987134540474736,9.987134540474736,8.203404559586826,9.236261124738135,79.60087328544611,8.953751292613322,9.987134672189786
signsuisse_test,sign_mt,490,4.846083486663638,4986.830849870228,4.838628869036074,6.136970266390797,6.136970266390797,4.838629699758919,6.136970266390797,32.372262290916474,4.838629319180349,6.136969958781921
signsuisse_test,sign_mt,491,5.5665737109507045,4281.306247327416,5.6481423385087615,6.134051277170265,6.134051277170265,5.560735887079661,5.924038188680851,29.336097362137533,5.648141049272563,6.134050838373774
signsuisse_test,sign_mt,492,4.173403213521908,3162.2973197399538,3.9806589271672914,5.448572944391472,5.448572944391472,4.172659142788104,5.721897276973183,39.91127598687853,3.9806593197572693,5.448572986981712
signsuisse_test,sign_mt,493,5.341925406671744,4697.6961560128675,5.405825191888336,12.07974829724863,12.07974829724863,5.317675300580671,11.84885072267294,119.25067402383435,5.405825657964442,12.07974814479677
signsuisse_test,sign_mt,494,6.006750170771444,4192.882395867932,6.0090232133265395,8.24508440272822,8.24508440272822,5.991998887619039,8.474363727917435,57.105363484565196,6.009022667961283,8.245084402378131
signsuisse_test,sign_mt,495,11.303801232159278,6975.941275896221,10.975877148325688,11.665459621521883,11.665459621521883,11.23548925718076,12.065045981717544,38.39332034110608,10.975879605482643,11.665459666707928
signsuisse_test,sign_mt,496,6.605139653593948,4833.750228470791,7.112614746522216,11.973062036805498,11.973062036805498,6.5940377682773725,11.297540426097758,114.91252810471104,7.112614647386304,11.973061926176012
signsuisse_test,sign_mt,497,10.771841088052607,7479.454391831004,10.511877413871145,13.389812121645347,13.389812121645347,10.749672458878957,13.59050998892049,102.78343323996867,10.511874754150412,13.389811286836968
signsuisse_test,sign_mt,498,9.174496406705405,5491.1363503106595,9.174733038403176,10.765957182189533,10.765957182189533,9.174732054101362,10.765957182189533,50.824504744309955,9.174732055100533,10.765957185272383
signsuisse_test,sign_mt,499,5.743524632451305,5032.860013189719,5.72320808196414,8.143573653544893,8.143573653544893,5.7232100193643385,8.143573653544893,54.156805508506174,5.723210026206974,8.14357365576915
signsuisse_test,sign_mt,500,5.412462638579963,5523.105631685218,5.626090020874652,7.171299693787859,7.171299693787859,5.417505328510722,6.592024828834151,40.523349675267625,5.626084644145914,7.171299692235852
signsuisse_test,sign_mt,501,3.7002281506256,2869.1485923069645,3.453769116443815,6.247872155882644,6.247872155882644,3.662226152411417,6.221852602771538,57.44184777992585,3.453768806930636,6.247872101747954
signsuisse_test,sign_mt,502,2.6178804319455664,2460.051741353502,2.5820958259693865,5.842154458735021,5.842154458735021,2.5820951245724353,5.842154458735021,46.38225047205971,2.5820951260080998,5.842154457850189
signsuisse_test,sign_mt,503,12.527042492116374,6582.568274366121,12.665554816653732,14.656484880353132,14.656484880353132,12.549123565854318,14.16839977538535,43.41313809889154,12.66555643920122,14.656484889792342
signsuisse_test,sign_mt,504,11.096085627309451,6830.072943648932,12.210287846965153,14.388613445114334,14.388613445114334,11.059820098372095,13.181128687204694,77.03212853282858,12.210283285007497,14.388613410073912
signsuisse_test,sign_mt,505,12.600512562108705,7113.549678409189,12.556299165782312,15.139477096657444,15.139477096657444,12.617231584343033,15.155008152826335,80.6148318512637,12.556299504514175,15.139477110899659
signsuisse_test,sign_mt,506,5.820837370532162,5256.036603271582,5.953726062513297,9.10951843602605,9.10951843602605,5.820609654973329,8.778969958528991,83.05067985556983,5.953729336054557,9.109518669407873
signsuisse_test,sign_mt,507,6.752294974296774,4860.134301394286,6.577760947692559,10.584016082621307,10.584016082621307,6.712191166999185,10.417787409700102,79.6981162674759,6.577760828062413,10.584016078306993
signsuisse_test,sign_mt,508,6.310591992583728,3709.4515118388567,6.3931954454618465,8.409351693215052,8.409351693215052,6.241589834053009,8.02500511799931,60.48198441569031,6.393196091485881,8.409351692075676
signsuisse_test,sign_mt,509,13.04121396831814,9727.751178962308,13.025937702264363,14.880737632380132,14.880737632380132,13.025936828319816,14.880737632380132,49.56043059919385,13.025936729853036,14.88073751097775
signsuisse_test,sign_mt,510,8.835249977068832,5757.132708025225,9.76769494037051,10.445131847628229,10.445131847628229,8.826296503233666,9.895563617312973,32.62305344701612,9.767702865851888,10.44513286139094
signsuisse_test,sign_mt,511,10.508619593121193,5444.526163450956,9.070944398333419,11.993083527303254,11.993083527303254,10.380172376312805,12.451931818372683,89.3935355834247,9.070941012851634,11.99308239677105
signsuisse_test,sign_mt,512,8.062994290637628,6632.682722184191,8.056127236695698,9.20823317212045,9.20823317212045,8.05612667610562,9.20823317212045,9.20823317212045,8.05612670137128,9.208233208077639
signsuisse_test,sign_mt,513,8.399398154857115,8478.225238125427,8.457278684624386,11.848397960987162,11.848397960987162,8.395803564403364,11.703986743499685,84.98285501973984,8.45727713228514,11.848397964105297
signsuisse_test,sign_mt,514,6.614270845247101,4845.373130538226,6.604060486664929,7.522003821676428,7.522003821676428,6.60406169667849,7.522003821676428,30.152815700631365,6.60406102822905,7.522003235098443
signsuisse_test,sign_mt,515,9.208405340066694,6848.386124327212,9.253502832484527,10.942233152351573,10.942233152351573,9.240729825459185,10.90763291461588,74.38038195645628,9.253501571419227,10.942233329370717
signsuisse_test,sign_mt,516,8.843461241058051,5260.1818130377815,9.842696497189186,12.499477062004845,12.499477062004845,8.756159353930174,11.428596317241093,78.80101634190147,9.842697034582592,12.499476891415728
signsuisse_test,sign_mt,517,4.81366703625928,4374.804941897847,4.863084078867824,8.952253247775925,8.952253247775925,4.81689399838412,8.717987083891447,80.98186328665874,4.863083927857308,8.952253262385097
signsuisse_test,sign_mt,518,11.040099482009643,6473.601426701516,11.971079531585966,13.949423061866835,13.949423061866835,11.037934911207826,12.820300322267439,66.83720167422682,11.971077219133887,13.949423104695839
signsuisse_test,sign_mt,519,5.877124960032263,4586.3243904259125,5.872038182591855,6.669320414798438,6.669320414798438,5.872039281089305,6.669320414798438,29.37382142155591,5.872039268960095,6.669320404986308
signsuisse_test,sign_mt,520,6.56038108633204,4973.911703772105,6.649242685260889,7.260034637797963,7.260034637797963,6.567889813868956,7.035269542620573,31.319604488595658,6.649239193004694,7.260034595343288
signsuisse_test,sign_mt,521,6.9882767570290305,6082.2020479608755,6.7507963812609155,9.13805335679065,9.13805335679065,6.9679386197801705,9.310856123707987,78.25395516078362,6.750796545498683,9.138053364580621
signsuisse_test,sign_mt,522,6.37368748220798,5406.671126349737,6.44258571190643,7.396998530147012,7.396998530147012,6.36455696980493,6.939666340251108,29.86043252922923,6.442585431197888,7.396998244964584
signsuisse_test,sign_mt,523,11.790488975651721,8323.088354182106,11.942626007357838,14.323831289164426,14.323831289164426,11.77609453381693,14.13583190239269,110.00535826108349,11.942627142546069,14.323831288467954
signsuisse_test,sign_mt,524,6.51870789882332,4677.027697606658,6.5500428092162615,9.148004505511674,9.148004505511674,6.522129659059826,9.050500894450566,70.87947430015413,6.550043561335373,9.14800450025011
signsuisse_test,sign_mt,525,6.59609907598884,4601.416101953114,6.717695330959794,8.00594737444087,8.00594737444087,6.595752640478675,7.486291801313141,28.32390239355245,6.717691708128567,8.005946857438515
signsuisse_test,sign_mt,526,5.7297246086807325,4889.572580627535,5.730206781049704,6.223615452538946,6.223615452538946,5.730206070784329,6.223615452538946,29.409801725425535,5.730206071256417,6.223615459810931
signsuisse_test,sign_mt,527,8.304587995842258,6851.47989379954,8.624472577908971,10.829827630743921,10.829827630743921,8.265617785529466,10.11331288801722,66.10127406930107,8.62447200721687,10.82982762503814
signsuisse_test,sign_mt,528,6.881117246708284,5788.793180778118,5.999978024694705,8.29117007619429,8.29117007619429,6.829689467708828,8.80243146672661,66.76773658061722,5.9999766971761535,8.291170086275653
signsuisse_test,sign_mt,529,6.211407373111936,5978.690914698296,6.209420415653428,9.952366345239197,9.952366345239197,6.2169285881045635,9.530993768202189,72.8220454516281,6.20941888279064,9.952366352334913
signsuisse_test,sign_mt,530,4.728088548932049,5193.327542156864,5.358471227263468,5.943860271540498,5.943860271540498,4.770719533333371,5.276686236991931,33.459556468074275,5.358472860213386,5.943860256165547
signsuisse_test,sign_mt,531,4.963836776415828,4785.023739923149,5.072644010833484,7.418886681643688,7.418886681643688,4.9777263251505275,7.1221884137261675,55.48308839464955,5.0726415703333165,7.418886655595785
signsuisse_test,sign_mt,532,5.520990240709702,5001.612004686675,5.514832786597874,5.598520884271763,5.598520884271763,5.51483423171291,5.598520884271763,11.99213705548596,5.514834229580665,5.598520880519864
signsuisse_test,sign_mt,533,4.609527778736938,4659.547803865169,4.605053061891133,7.827834037638165,7.827834037638165,4.605052611340976,7.827834037638165,71.0346749907872,4.605052616726442,7.827834039982447
signsuisse_test,sign_mt,534,5.911981469432779,5732.391268127221,6.104760423430238,12.251570912159615,12.251570912159615,5.904648150507519,11.601298642690793,111.58876832358521,6.104760103224185,12.25157090214565
signsuisse_test,sign_mt,535,7.502389237457969,6108.027282902748,8.114786435028545,12.16897514896626,12.16897514896626,7.479798139007743,11.472971517424465,105.77223207451338,8.114787163005994,12.168975292992874
signsuisse_test,sign_mt,536,12.269575716665383,10738.230746989177,11.591368206539814,13.25933333168489,13.25933333168489,12.245359242949824,21.714526849218096,232.05874263150312,11.59136292270255,13.259333338196305
signsuisse_test,sign_mt,537,5.539177678527723,3526.5295773426064,5.966073648598876,8.183605110256778,8.183605110256778,5.517588339216342,7.438763632432835,70.29513684142239,5.9660718470943594,8.183605219654055
signsuisse_test,sign_mt,538,6.856649770345172,5333.042226729851,6.8743568512639985,7.9944442952677,7.9944442952677,6.874356771636231,7.9944442952677,32.898919209928216,6.8743566642751,7.994444195084351
signsuisse_test,sign_mt,539,7.022353733904285,4860.745123492052,7.007250381498411,8.80553636684367,8.80553636684367,7.007250711685698,8.80553636684367,71.27291574169723,7.007250759936319,8.805536361301629
signsuisse_test,sign_mt,540,6.275364626407217,5569.102884903871,6.001158614672081,8.908227908669542,8.908227908669542,6.280340386384596,9.095818422534377,74.32463583459146,6.001153438885777,8.908227913722818
signsuisse_test,sign_mt,541,10.261944340086822,9573.024804565966,10.685997151700013,13.970168911553108,13.970168911553108,10.266477118060982,13.356498842318864,108.45227410083692,10.686010567531312,13.970168905401522
signsuisse_test,sign_mt,542,9.689786896650071,7262.611792212231,9.719221343165046,11.811541671197356,11.811541671197356,9.688670420360358,11.748538564752442,81.18978944676245,9.71922543291842,11.811541703497412
signsuisse_test,sign_mt,543,10.41491999706424,6582.880107941902,10.443423335328474,12.246426497079202,12.246426497079202,10.443421246215935,12.246426497079202,57.06068738552304,10.443421242196466,12.246426504832542
signsuisse_test,sign_mt,544,3.160935390716258,2563.851860979484,3.1452889419874492,4.1913581271183915,4.1913581271183915,3.1452899070961395,4.1913581271183915,32.77773730226433,3.145289887860577,4.191358120663248
signsuisse_test,sign_mt,545,4.3484149984347535,4271.115888529809,4.445687982392939,7.599226939390072,7.599226939390072,4.343920969272254,7.0222203774189484,58.844400652671894,4.445686157533033,7.599226939913675
signsuisse_test,sign_mt,546,6.8792192208359415,5765.412564055236,7.200077050267561,11.119113333144563,11.119113333144563,6.893383252495875,9.929027527817563,56.236600679997515,7.200076488337588,11.119113342805694
signsuisse_test,sign_mt,547,8.305868394040811,5916.298950437548,8.549430426585584,11.719654400890997,11.719654400890997,8.32389199917616,11.085738414972168,94.11607238438887,8.549432041263648,11.719654532575706
signsuisse_test,sign_mt,548,9.566947607753605,6675.5518024165285,9.566947607753605,17.67606273825526,17.67606273825526,9.566948164085673,17.67606273825526,196.21843344388526,9.566949115345027,17.676062760168385
signsuisse_test,sign_mt,549,6.827218807413002,5313.3808153645905,6.96748286783183,8.941336263816986,8.941336263816986,6.800500545297062,8.250181834510359,49.32057152941239,6.967485957507817,8.941336254891256
signsuisse_test,sign_mt,550,9.77371583072205,7365.567476100407,9.76906828598354,12.994893253563253,12.994893253563253,9.744116876865004,12.745284384622622,86.98076070187263,9.769065874875215,12.994892471787777
signsuisse_test,sign_mt,551,9.399859117346654,8544.336691882132,9.22253500789044,13.040121800369242,13.040121800369242,9.399151514964098,13.177241999310437,105.24351061001806,9.222537545975172,13.040121799275429
signsuisse_test,sign_mt,552,4.872389941677477,3560.4882286201923,4.871988706610956,5.891251428300402,5.891251428300402,4.871988509440172,5.891251428300402,35.70683222619228,4.8719885126653555,5.891251429884313
signsuisse_test,sign_mt,553,5.7819602273166355,3760.182659468657,5.758079641806648,7.810559528654231,7.810559528654231,5.758079965740028,7.810559528654231,52.53802995947258,5.7580803240848795,7.810559785427417
signsuisse_test,sign_mt,554,6.8331858500825,4696.698547527028,7.3608686863159285,10.58668728152389,10.58668728152389,6.841786830729724,9.55793928514614,88.14453359323703,7.3608700902154975,10.586687259481891
signsuisse_test,sign_mt,555,6.849354351717362,5257.654739519059,7.965842156776899,8.979880301996449,8.979880301996449,6.8218674164930135,7.824996066109898,54.21783688655047,7.965839578631322,8.979879881534135
signsuisse_test,sign_mt,556,13.101161846767976,9794.74969848487,13.098139356360708,14.942339875369722,14.942339875369722,13.098139912611465,14.942339875369722,76.98773140391131,13.098140036507335,14.942339993648384
signsuisse_test,sign_mt,557,8.459784920196068,4997.259470419168,8.245461973230798,11.05021440952304,11.05021440952304,8.441769142280226,11.307062428181467,51.221571741339915,8.245460492206,11.050214057727747
signsuisse_test,sign_mt,558,6.408117133116731,5646.628202235706,6.399303861995763,8.847477914894416,8.847477914894416,6.399303087120168,8.847477914894416,65.77054543733408,6.399303079880874,8.847477926475095
signsuisse_test,sign_mt,559,14.53699704721987,7556.125338667287,14.531554833500433,15.966854384126748,15.966854384126748,14.531547062708475,15.966854384126748,66.0455227194533,14.5315470107341,15.966854315770755
signsuisse_test,sign_mt,560,7.164662374871353,5453.234376238826,6.999474709649751,10.483022659813592,10.483022659813592,7.142348059333519,10.774408975117373,90.98336067720625,6.99947377414753,10.483022957656987
signsuisse_test,sign_mt,561,7.0310105557021325,5544.80208534347,6.824371793771702,7.808224361228724,7.808224361228724,7.034669889686031,8.126852486264681,49.359469589001435,6.824372833373283,7.808224358246387
signsuisse_test,sign_mt,562,5.5114867582959945,5444.380567510132,5.494808118344292,8.725099077144908,8.725099077144908,5.4948063665137505,8.725099077144908,70.00695189401208,5.494807001517958,8.72509947558847
signsuisse_test,sign_mt,563,5.374711759609103,4692.776816206855,5.4575852219986825,6.7406902323316515,6.7406902323316515,5.378409228380462,6.554271088170798,36.38581971653602,5.4575850585774015,6.7406903151453825
signsuisse_test,sign_mt,564,7.172957710874591,4662.479958281351,7.550319603492152,9.309611370558006,9.309611370558006,7.176439261989424,8.470295381710997,59.567201769334346,7.550318789543367,9.309611433242221
signsuisse_test,sign_mt,565,9.891936815543156,6332.574868743266,10.058277640878316,14.809787407513944,14.809787407513944,9.812886616144224,14.411102766057642,124.20337656736761,10.058270208471978,14.809787411016547
signsuisse_test,sign_mt,566,6.925280781747256,5199.895195388109,6.966418019335379,9.592143599047196,9.592143599047196,6.953742077937143,9.560445738417407,85.60969867705512,6.9664188471717186,9.592144546550216
signsuisse_test,sign_mt,567,9.06488265061137,5945.219571496103,8.979480933294854,9.57985246989816,9.57985246989816,9.064408546096958,15.721267952159394,113.7091280919249,8.979480328049883,9.579852294767791
signsuisse_test,sign_mt,568,6.458200198518245,4892.881067698564,6.436970882248086,9.406138730624482,9.406138730624482,6.436967466949844,9.406138730624482,54.18589045576534,6.436967389723885,9.406138672692562
signsuisse_test,sign_mt,569,11.478208068203909,6608.703292222695,11.939820276070906,13.8202015977802,13.8202015977802,11.462475033330968,13.334245624898012,56.483861750978306,11.939820635936698,13.820201597321912
signsuisse_test,sign_mt,570,10.827879023563673,7310.649625502257,10.820870666555704,14.768737424876008,14.768737424876008,10.820868753837614,14.768737424876008,75.49981899951179,10.820867468641872,14.768736349714246
signsuisse_test,sign_mt,571,10.19594746014249,5700.30346451991,10.936916315433693,20.915046838466882,20.915046838466882,10.126712999208085,20.096972916914833,149.62067442815737,10.93691779939266,20.915046797436073
signsuisse_test,sign_mt,572,7.552646613251788,5686.002046552858,7.627966723996993,9.155980927467452,9.155980927467452,7.555319808083989,8.954197723086853,64.12166170261101,7.6279667619723455,9.15598106525229
signsuisse_test,sign_mt,573,13.70676732956549,7932.337065767037,13.676853370521096,15.815520148025165,15.815520148025165,13.643013205030933,15.800038794526385,89.82621824752304,13.676843142848709,15.815520160246123
signsuisse_test,sign_mt,574,5.919093512178192,4084.391402275839,5.901990846039485,7.744384452301646,7.744384452301646,5.901990887438275,7.744384452301646,40.71109509090741,5.901990868048645,7.74438444688465
signsuisse_test,sign_mt,575,9.442565480489966,5907.881653080288,10.246463052735066,12.02923007755389,12.02923007755389,9.385553554856923,11.108391323343591,72.95402528080281,10.246459891994043,12.029230078434823
signsuisse_test,sign_mt,576,8.31193247609456,6528.624357635825,8.279375063482135,10.638832142776085,10.638832142776085,8.27937277051985,10.638832142776085,50.835040553169534,8.279372700143867,10.63883209625388
signsuisse_test,sign_mt,577,6.108960058045371,6873.009233863911,6.183411454823027,7.883073383077855,7.883073383077855,6.104600811978078,7.505994884152936,29.810402926065596,6.183414644784905,7.883072568812649
signsuisse_test,sign_mt,578,8.417133361371809,5145.100649497063,8.514995284390471,10.375375307235508,10.375375307235508,8.390703206973166,10.011672583902302,55.72790575861412,8.514997288019996,10.375374823101327
signsuisse_test,sign_mt,579,10.42885382982542,6069.1247985764885,10.486490137960512,13.769108314569669,13.769108314569669,10.389923497768434,13.597068388741961,69.25461629604717,10.486486072889132,13.769108313538302
signsuisse_test,sign_mt,580,6.525632019872567,5136.6140972813355,6.582746365443044,11.129505562912266,11.129505562912266,6.524867000175588,11.122719471028708,110.71837583852155,6.58274708100267,11.129505574202904
signsuisse_test,sign_mt,581,8.55356585408911,7001.996202234431,8.451127969045864,10.390189973278074,10.390189973278074,8.537638984308428,10.437964651885908,64.12695444106038,8.45113000248486,10.390189973836064
signsuisse_test,sign_mt,582,9.856466233017843,6332.295711732089,10.3921960958704,12.992273205536414,12.992273205536414,9.849707937941298,12.419116846416856,91.44404499802444,10.392196532594207,12.992273182019241
signsuisse_test,sign_mt,583,5.864791976986431,4346.507300274017,5.7360184401615175,8.725852574126204,8.725852574126204,5.844065149912541,10.25174784302904,97.6532064889231,5.736018996268888,8.725852591755094
signsuisse_test,sign_mt,584,5.834183122183622,4821.143519337669,6.366565287979088,6.776930772677249,6.776930772677249,5.83609269427837,6.11775114367469,31.557770193460886,6.3665650931988536,6.776930776742572
signsuisse_test,sign_mt,585,11.778501500185314,8349.955939534193,11.925845004272556,12.813100215757581,12.813100215757581,11.781286226541548,12.405521346775293,35.712514623394306,11.925844519829596,12.8131001601666
signsuisse_test,sign_mt,586,4.630382778970915,3921.275010658471,4.601476299561357,6.920768164751396,6.920768164751396,4.601476018651294,6.920768164751396,35.56300559933483,4.601476015538045,6.920768156635135
signsuisse_test,sign_mt,587,5.675307035164781,4393.933792759591,6.403504831014862,9.63361170452956,9.63361170452956,5.660605326542756,8.464852078642489,73.06543880328347,6.40350412431214,9.633611681640037
signsuisse_test,sign_mt,588,5.106726486358802,4792.787516742573,5.0997852040401455,9.263986968760848,9.263986968760848,5.099785350439153,9.263986968760848,88.2890794896132,5.099785490486347,9.263987007315121
signsuisse_test,sign_mt,589,7.038130757179259,6603.672629910901,7.528865237355815,8.948842824780508,8.948842824780508,7.135205734448383,8.385784608618899,48.37662226989388,7.528864525807135,8.948842960771552
signsuisse_test,sign_mt,590,5.485492899627305,4303.312400275743,5.510505111632238,7.300226845598481,7.300226845598481,5.489922034157745,7.196955794704941,41.90577711075095,5.510504953923626,7.30022681166281
signsuisse_test,sign_mt,591,10.172205773823217,5806.808648677124,10.323182939697963,12.403595166909916,12.403595166909916,10.202250740259895,11.801173938745935,55.67011698466606,10.323190445292868,12.403595163622567
signsuisse_test,sign_mt,592,6.9997518929853655,4764.379549370655,7.0364129182092965,9.930292278495806,9.930292278495806,7.003371609461797,9.657350912082784,70.17987092247556,7.036412470239378,9.930291638291802
signsuisse_test,sign_mt,593,7.74722075617007,6479.842265854169,7.766710011892813,10.642467582363205,10.642467582363205,7.742145632952582,10.53425725945951,85.03088430735339,7.766708742902658,10.642467602354342
signsuisse_test,sign_mt,594,4.601035029139007,4310.638579227077,4.598643231733521,5.649755777521362,5.649755777521362,4.598642913012303,5.649755777521362,37.476731741159554,4.5986432838120255,5.649756051980585
signsuisse_test,sign_mt,595,8.146317058443588,6118.453580358397,7.055860963336052,8.20946859176935,8.20946859176935,8.127071855525616,11.436695897002581,87.46067676518042,7.055860546086191,8.209468568934565
signsuisse_test,sign_mt,596,10.590394098564147,8524.265249391501,10.485128672301455,11.584991808018765,11.584991808018765,10.579803484405105,11.755030803669296,56.942607985263685,10.48513202596201,11.58499182916298
signsuisse_test,sign_mt,597,5.243688167828592,4678.473224755254,5.239517343768102,7.461267412235038,7.461267412235038,5.239515908045092,7.461267412235038,61.796850727650835,5.239516489217052,7.4612677866376895
signsuisse_test,sign_mt,598,4.726161025450267,4006.0111566542882,4.724795977521525,7.97293443584441,7.97293443584441,4.724796353510543,7.97293443584441,80.8882556707093,4.724796375365661,7.972934428718862
signsuisse_test,sign_mt,599,5.603692465916433,6435.876360473588,5.941775908053323,8.033397457336907,8.033397457336907,5.598430957557432,7.753133167577266,57.82741656755246,5.941777865117475,8.03339742728094
signsuisse_test,sign_mt,600,7.663598176351048,5405.041505749258,7.636179149893487,11.132525383516567,11.132525383516567,7.62109553065023,10.999737200196803,96.4255316193282,7.636175691907873,11.132525037141727
signsuisse_test,sign_mt,601,11.314218897442645,6566.837151683536,11.313165137458615,19.877510250063697,19.877510250063697,11.291681410970073,19.754289989300105,76.652193374285,11.313166258029096,19.87751030013481
signsuisse_test,sign_mt,602,5.122436290756106,4441.323571449243,5.114551927892826,6.990696107983121,6.990696107983121,5.1145522209555985,6.990696107983121,44.81784477433581,5.1145522047695335,6.990696095227439
signsuisse_test,sign_mt,603,9.948388342505897,5809.175532773019,9.997488470322004,11.83789333827293,11.83789333827293,9.934979528184245,11.719331982171726,53.124394473963534,9.997487531900829,11.837893238554978
signsuisse_test,sign_mt,604,4.152211646186117,3635.3371933582503,4.140620534046386,5.256029643936591,5.256029643936591,4.140620033559638,5.256029643936591,39.60681648363381,4.1406203385110825,5.256029856420154
signsuisse_test,sign_mt,605,10.366171716817098,6389.547739511335,11.156042905013297,14.618424422766477,14.618424422766477,10.38255305306269,14.002048556497444,111.52882405342676,11.156040522437971,14.61842372327281
signsuisse_test,sign_mt,606,8.223046872968128,7492.5413209725675,8.254189404493829,13.213464888102603,13.213464888102603,8.193876758170907,13.162384244342409,98.10099676382292,8.254183197822153,13.213464895002021
signsuisse_test,sign_mt,607,9.22115801008517,5252.110717018599,9.501114533425685,11.936864894074285,11.936864894074285,9.191128786317629,11.788716263099946,72.63577623300577,9.501116375382725,11.936864881418748
signsuisse_test,sign_mt,608,4.970707785846449,4047.8810608922067,5.1665959195724165,6.904368358634981,6.904368358634981,4.983613352342266,6.449930501330103,41.2819024828835,5.166596220670683,6.90436835936828
signsuisse_test,sign_mt,609,9.413699821261835,6718.923304491624,9.992988002855284,12.70263302802325,12.70263302802325,9.378580125181692,12.015391698523594,112.8370474402184,9.992985831258796,12.702633309136187
signsuisse_test,sign_mt,610,9.387738062254114,5202.321841840838,9.377256504871939,11.376283024301804,11.376283024301804,9.377259026948344,11.376283024301804,24.213143083076073,9.37725819818627,11.376282370127207
signsuisse_test,sign_mt,611,9.303303608663603,7050.831460942638,9.400146258783172,11.11416229088319,11.11416229088319,9.31419293587438,10.873344836186018,58.8775929942898,9.400143822709136,11.114161493175132
signsuisse_test,sign_mt,612,4.650344015051441,4686.199479353321,4.647451123913774,6.836763206949249,6.836763206949249,4.64744883751325,6.836763206949249,53.984161285152084,4.647449199393841,6.836763508409183
signsuisse_test,sign_mt,613,8.890095506127278,5571.6024638044455,8.663805282561906,11.300633740003688,11.300633740003688,8.8757556835075,11.555594293376666,74.12644250046618,8.663804986347591,11.300633709602188
signsuisse_test,sign_mt,614,6.70992305190004,7620.149477965121,6.8232495999751235,8.135928973035623,8.135928973035623,6.7390287052880975,7.95406086570593,47.02094557136461,6.823252034080172,8.13592898595062
signsuisse_test,sign_mt,615,12.660854669328975,7117.668336785753,12.728303468724619,14.203663334352834,14.203663334352834,12.580040652208627,13.99014772266168,52.869418493719664,12.728304223750559,14.203662920349727
signsuisse_test,sign_mt,616,1.8509355415681317,1937.8967708794464,1.8509355415681317,5.050151451740435,5.050151451740435,1.8509350954968866,5.050151451740435,46.90909298763432,1.8509350949007077,5.050151453080255
signsuisse_test,sign_mt,617,12.590582162419683,5942.490873326871,11.339887924188673,12.236618131947615,12.236618131947615,12.572557467764709,16.15554279967321,95.63553504919093,11.33988756928969,12.236618113935734
signsuisse_test,sign_mt,618,11.931664816679039,7136.423664989741,11.46203151321561,15.420449477711125,15.420449477711125,11.931660336213547,15.26478846126463,90.21390966472521,11.46203427463781,15.420449435495904
signsuisse_test,sign_mt,619,7.140296735322135,5070.273240009788,7.162742694359059,8.463759556617687,8.463759556617687,7.137311882844097,8.316697746846227,34.118643056451695,7.162740784002921,8.463759504297784
signsuisse_test,sign_mt,620,4.850520384648196,3996.3161629641886,4.860351154872854,7.278159953063094,7.278159953063094,4.860353266824578,7.278159953063094,58.04320608213189,4.860353158014403,7.278159923046557
signsuisse_test,sign_mt,621,7.3204263808009715,5897.411686429457,7.354139199389836,9.680472894503172,9.680472894503172,7.318575413525451,9.612338733618762,71.3786247145199,7.354136020640622,9.680472897140712
signsuisse_test,sign_mt,622,9.880007735447716,5534.409458844097,9.855907949561233,10.371772703023948,10.371772703023948,9.855906618719937,10.371772703023948,20.11948071707881,9.855906575893087,10.371772664441298
signsuisse_test,sign_mt,623,6.817425819371336,5652.943300897447,6.85475136695259,8.032913096271338,8.032913096271338,6.802189854498245,7.754718674361452,40.50965559274828,6.8547564621152315,8.032913092500873
signsuisse_test,sign_mt,624,9.374024388333876,5824.821679187108,9.325048410500893,10.984634489442444,10.984634489442444,9.325048957916819,10.984634489442444,47.02192606587654,9.325048938255057,10.984634471010882
signsuisse_test,sign_mt,625,8.961277407641475,6500.632652153867,8.944426050095936,11.180164737777606,11.180164737777606,8.941287458571942,11.177125509755792,54.611731587715006,8.944431905088878,11.18016468789653
signsuisse_test,sign_mt,626,7.657772881900826,4477.698854703806,7.569260905358898,11.671802739257359,11.671802739257359,7.63379044291253,11.671832009411697,59.628022549827335,7.569261446343089,11.671802739978913
signsuisse_test,sign_mt,627,8.58398199774672,5706.592775356447,8.603490906791528,9.880045942322704,9.880045942322704,8.603492609747793,9.880045942322704,36.301889720332554,8.603492453123115,9.880045830646209
signsuisse_test,sign_mt,628,12.538811632038538,8610.90125655381,12.44378429091407,14.2408940132597,14.2408940132597,12.566533801923832,14.350788602470072,102.2348249554849,12.443785427187192,14.24089550498189
signsuisse_test,sign_mt,629,8.98899731506098,5903.030409559254,7.95475435684087,8.845985903932958,8.845985903932958,8.971003219252728,10.581001221361564,75.59328581858462,7.954752177084086,8.84598591081595
signsuisse_test,sign_mt,630,6.9100677282066885,5829.060734006433,6.965004912556401,10.35758062046167,10.35758062046167,6.916617902752351,10.231676842015295,72.41431781026508,6.965004978333091,10.357580672913326
signsuisse_test,sign_mt,631,9.4639699969244,6224.566399056657,9.446766498579056,11.661606290827493,11.661606290827493,9.440441190454143,11.605984611603738,64.92870753230466,9.446765020240221,11.661606291310719
signsuisse_test,sign_mt,632,6.044502237905353,4773.279798440945,5.519361095828943,6.590841928265506,6.590841928265506,6.029781712172128,7.3167641283044915,37.8820743084926,5.51935927900596,6.590841837138341
signsuisse_test,sign_mt,633,6.386805615709722,4663.208528775111,6.426877489539551,8.031164496700317,8.031164496700317,6.382658889237565,7.757058875990826,28.509185746312617,6.426878700471114,8.031165222385209
signsuisse_test,sign_mt,634,6.4699526097013615,4611.363409988642,6.274428218699669,8.744215745050102,8.744215745050102,6.463584597845927,8.84415075429014,69.46034076621349,6.274429919166393,8.744215672913006
signsuisse_test,sign_mt,635,7.7031882463284065,5362.371366428493,9.367712610164943,10.272444967179277,10.272444967179277,7.669007056568956,8.00281214244229,44.14503320274022,9.367716174163665,10.272444981703645
signsuisse_test,sign_mt,636,11.678060072825255,7071.695899494314,11.265500565185889,14.4463305813457,14.4463305813457,11.665116430783334,16.354916109992473,127.58064543212697,11.26549890782824,14.446331222495129
signsuisse_test,sign_mt,637,10.730460938655458,7766.661268521785,10.723517660995073,12.774158088066082,12.774158088066082,10.723518579551712,12.774158088066082,45.43196586793998,10.723518790930134,12.774158379255098
signsuisse_test,sign_mt,638,5.020162227049771,4565.333151951789,5.025940632914757,7.065017521790669,7.065017521790669,5.025941812305998,7.065017521790669,50.30794669011092,5.025941720626972,7.065017434152965
signsuisse_test,sign_mt,639,5.280130579737744,4397.697150741408,5.2288377626468145,6.165231915962812,6.165231915962812,5.228837787241405,6.165231915962812,29.483822332126632,5.228837592883325,6.165231788352314
signsuisse_test,sign_mt,640,4.963637842534393,4349.203517740561,5.1501650987908345,8.86871650649896,8.86871650649896,4.952920719050023,8.179879804116444,71.18029032018886,5.15016435506394,8.868716517445472
signsuisse_test,sign_mt,641,3.890628646425579,4362.295713859568,3.89029885435617,7.346545341993279,7.346545341993279,3.8902978284460428,7.346545341993279,69.0059313895397,3.890297803956083,7.346545341567739
signsuisse_test,sign_mt,642,14.79033268132775,7433.789856216179,15.007782598806982,19.055595138082396,19.055595138082396,14.757713198046014,18.679991846714014,87.4130319540482,15.007792185265554,19.055595268758264
signsuisse_test,sign_mt,643,4.678081153941839,4477.055541804933,4.865749475759276,6.638007955695919,6.638007955695919,4.6644423370055295,6.088296490537746,45.35239119416061,4.865748778159569,6.6380079576027295
signsuisse_test,sign_mt,644,10.489231382588079,6170.836047692232,10.124017848060252,13.469048094293136,13.469048094293136,10.478543881855881,13.597372796240412,83.632401919876,10.124019286603348,13.469048286231674
signsuisse_test,sign_mt,645,6.661151033963178,6193.850654698634,6.649839728175747,12.211045064710138,12.211045064710138,6.649839332602978,12.211045064710138,118.13648356912125,6.649839520129005,12.211044834185982
signsuisse_test,sign_mt,646,8.146814346570846,5255.280179299133,9.174122440384073,10.090147055138946,10.090147055138946,8.114035652659785,8.630685517126627,34.38794243411168,9.174126720783066,10.09014700663059
signsuisse_test,sign_mt,647,6.607813458827316,4977.969726772057,6.547181322766313,9.714094830073082,9.714094830073082,6.547179649745309,9.714094830073082,78.78877899834363,6.547179160206479,9.714094523207338
signsuisse_test,sign_mt,648,7.9839873049210075,4499.489918241956,8.195957362585315,10.001862758563725,10.001862758563725,7.925442644758368,9.920369288391722,78.63786604655279,8.19595713434003,10.001862375037009
signsuisse_test,sign_mt,649,5.462745667583881,4717.63448147367,5.478972370295547,6.747731401036767,6.747731401036767,5.478971774236067,6.747731401036767,44.031091297983444,5.478971773932242,6.747731401584286
signsuisse_test,sign_mt,650,6.5492985490055995,5146.343269881264,6.431201071593498,10.635645510475804,10.635645510475804,6.532246935786487,10.470609429075896,91.68929909843969,6.431200379676538,10.635645496925346
signsuisse_test,sign_mt,651,9.259853400568101,6575.015109909133,9.286358190401423,12.18683454375811,12.18683454375811,9.261864397665004,12.103338832685342,63.12018870197858,9.286356303421039,12.186834548754524
signsuisse_test,sign_mt,652,4.92645452171153,4122.188955358664,5.169824275517401,7.409555164080587,7.409555164080587,4.899701851303792,7.229776430153658,66.79861512478058,5.169825079223465,7.409555260600624
signsuisse_test,sign_mt,653,10.655601009796937,6423.02898641271,12.065212108041669,14.86555928295429,14.86555928295429,10.606795488972377,13.066623349241194,101.3801724957998,12.06521127024155,14.86555928511215
signsuisse_test,sign_mt,654,11.865541072374745,7219.60566917158,11.883789504980248,14.331699162351716,14.331699162351716,11.87779053747966,14.327138322320181,79.63667113914691,11.883791459606964,14.331699278867445
signsuisse_test,sign_mt,655,3.627912880122607,3554.3032738188763,3.6104950301096514,4.0800722855565015,4.0800722855565015,3.610494943778061,4.0800722855565015,20.720729377008453,3.610495170727268,4.080072476395243
signsuisse_test,sign_mt,656,9.58806346870026,5993.099021956652,9.288609659353583,12.02086470982938,12.02086470982938,9.583959383879352,12.008732090502818,76.83825072858102,9.288609792709371,12.020864703089911
signsuisse_test,sign_mt,657,5.4402612417611,3397.2439299736066,5.392081959062144,8.618971380387617,8.618971380387617,5.39208030626631,8.618971380387617,54.69804373991387,5.392080864151261,8.618971809699818
signsuisse_test,sign_mt,658,4.585919815032242,3663.657825966356,4.579697551683985,5.767729008676123,5.767729008676123,4.5796975519261425,5.767729008676123,39.718600864876144,4.579697759244361,5.76772915847834
signsuisse_test,sign_mt,659,5.545866354115982,4501.699042224593,5.619635382936443,8.637300147928157,8.637300147928157,5.5460040496189205,8.270857712777671,59.253507667446705,5.619635823398218,8.637300114062606
signsuisse_test,sign_mt,660,11.804150334798262,6938.473507058459,12.024224655556747,14.667633596555115,14.667633596555115,11.788697716066277,14.276288473730503,86.82875825856192,12.024231184667808,14.667633581944685
signsuisse_test,sign_mt,661,4.56489484599534,3381.650993722457,4.059739842707526,4.760361553593212,4.760361553593212,4.532939737048293,5.150287274891825,36.767242001849226,4.059740259988078,4.760361518396577
signsuisse_test,sign_mt,662,8.767218090942086,6297.560077127971,8.78555096178251,9.483300442146426,9.483300442146426,8.7254472235893,9.163011259580191,34.66089737094445,8.785561267683123,9.4833003407912
signsuisse_test,sign_mt,663,16.777866076486024,9558.543865590567,17.207089969986765,18.643283682169105,18.643283682169105,16.769632658129257,17.921415941121094,58.59150331213629,17.207081650022676,18.643283683480895
signsuisse_test,sign_mt,664,5.853990130100775,5275.153202469475,5.858774394694145,8.77167520367357,8.77167520367357,5.85877377874643,8.77167520367357,62.584094168245926,5.85877374822343,8.771675213618913
signsuisse_test,sign_mt,665,12.245128295484335,6353.545014946325,12.905410549885342,15.190098500053352,15.190098500053352,12.236434503995756,14.39059430937779,61.98330967626711,12.905414785825243,15.19009841872166
signsuisse_test,sign_mt,666,6.4851519452166215,6210.497019327048,6.497721360024472,7.975983547684562,7.975983547684562,6.497732367754602,7.975983547684562,55.77188506982429,6.497732474130389,7.975983654912364
signsuisse_test,sign_mt,667,8.970360397651389,8032.360365418669,8.980861305133091,12.781572563878964,12.781572563878964,8.970088197275816,12.68767004585412,79.76764540005465,8.980862091880187,12.781572548442066
signsuisse_test,sign_mt,668,8.339343193175832,5096.946203650807,8.71162236820687,10.825918968334813,10.825918968334813,8.27401307228369,10.37352745786507,82.69835779330535,8.71161897996217,10.825918899764911
signsuisse_test,sign_mt,669,7.9736553395827245,5367.531272428012,7.066790301810203,8.36123600304549,8.36123600304549,7.948591813155415,10.374789938010318,95.62925473369265,7.066788730701832,8.361235994911233
signsuisse_test,sign_mt,670,8.131267889807281,7003.878819321307,8.206162817065488,10.53768035213918,10.53768035213918,8.13860939841483,10.331194682120815,68.6552170063768,8.206164164148177,10.537680327013764
signsuisse_test,sign_mt,671,8.474832745901331,5927.447524371747,8.723170182956894,11.58671778841004,11.58671778841004,8.45384378042426,11.138972103346067,88.87200420313422,8.723170705744039,11.586717762476772
signsuisse_test,sign_mt,672,5.636981895554454,4732.849188940002,5.612036681992298,6.256122537746734,6.256122537746734,5.612037048539705,6.256122537746734,29.304008648312518,5.612036862890609,6.256122466868346
signsuisse_test,sign_mt,673,5.362653164818249,5761.4267241251955,5.941005717422994,6.129613548320265,6.129613548320265,5.345846501958719,5.40835357777599,14.03332535303626,5.941006004145292,6.129613325552338
signsuisse_test,sign_mt,674,7.6950771928844555,4616.781429451408,8.032123194739846,11.892162295939173,11.892162295939173,7.672544903109931,11.62732054243958,70.19906067092927,8.032122022988256,11.892162301860017
signsuisse_test,sign_mt,675,14.412918494932889,8698.453988843457,14.17677639244889,16.778785323770286,16.778785323770286,14.347898650870196,16.10220023306138,67.34009753697605,14.176778797470783,16.778785881121006
signsuisse_test,sign_mt,676,10.65442341742326,7158.317586694638,10.680830474804155,12.409272436725105,12.409272436725105,10.668847794789125,12.360743788505223,70.4029037749701,10.680830857611644,12.409273456774494
signsuisse_test,sign_mt,677,6.7711979957298665,4569.064301863242,6.4357542201882305,9.403148430492363,9.403148430492363,6.765898313035874,9.624133697220458,68.39537803103165,6.435753524055909,9.403148434659087
signsuisse_test,sign_mt,678,5.1505217049481855,4090.0725357894644,5.361986486499409,8.975276148798036,8.975276148798036,5.137393612348796,8.644912336340019,77.22612006865248,5.361985627932324,8.97527618565493
signsuisse_test,sign_mt,679,3.878487896546323,3869.001932339695,3.878065090839114,6.50942582654409,6.50942582654409,3.878064324793825,6.50942582654409,58.3112071021009,3.8780638712641484,6.509425624544023
signsuisse_test,sign_mt,680,6.549679845304147,6016.574751270551,6.627961840868838,8.593166218714847,8.593166218714847,6.547666330805265,8.435985866439893,63.220484430209616,6.627961356189522,8.59316621136289
signsuisse_test,sign_mt,681,6.252290733651491,4515.288018593741,6.236326687941,7.605976106633123,7.605976106633123,6.236322927368343,7.605976106633123,52.28994359862118,6.2363229072536726,7.605976085166686
signsuisse_test,sign_mt,682,8.830728693997937,5481.271002685793,8.67784778247744,9.728395959521233,9.728395959521233,8.67785188996074,9.728395959521233,35.09223093223269,8.677851431397702,9.728395250793366
signsuisse_test,sign_mt,683,4.7729347332800485,4177.013273498953,4.812889323408995,6.155425023651449,6.155425023651449,4.74157567651105,6.102778680894612,14.930924467704054,4.812887923837914,6.155425014247328
signsuisse_test,sign_mt,684,10.378588344787218,6338.7242744335035,10.236416759096377,11.679130069089448,11.679130069089448,10.338639652526503,13.082453622452404,84.00618711129314,10.236418213564594,11.679130060526873
signsuisse_test,sign_mt,685,14.565135927351843,8387.924364603728,14.223610136224073,18.179878510324027,18.179878510324027,14.54677595901226,19.273456982658832,92.48669666457073,14.22360184725014,18.179878516373414
signsuisse_test,sign_mt,686,9.695794811508463,6941.719337440911,10.3670421836045,12.550142344341582,12.550142344341582,9.692268658420756,12.101749178133128,83.37324759156799,10.367042019542678,12.550142290274017
signsuisse_test,sign_mt,687,6.106692711636731,4506.268998626064,6.16386229492719,8.44940115985157,8.44940115985157,6.105770601291536,8.213270956139963,65.36887358768898,6.163859420565847,8.449400742683022
signsuisse_test,sign_mt,688,5.274519769811808,4069.5188625988335,5.2679112462984055,6.593131157051717,6.593131157051717,5.267908589947966,6.593131157051717,44.64942224827463,5.2679085714547575,6.593131138035514
signsuisse_test,sign_mt,689,6.033373588221653,4029.3232807455734,6.015136796186422,9.347043602809034,9.347043602809034,6.015136759975303,9.347043602809034,89.74955525107231,6.0151367556189275,9.347043620617082
signsuisse_test,sign_mt,690,7.4042054085269395,6470.9474063520265,7.960618085566652,13.009766875187449,13.009766875187449,7.370907878805066,12.380369810755946,107.61185862097747,7.960621226922552,13.009766575205484
signsuisse_test,sign_mt,691,8.266567605885378,7599.731512081579,8.319996688836715,10.860623231968574,10.860623231968574,8.270869697770074,10.529178588928037,72.90098198999617,8.319997104185804,10.860623229211845
signsuisse_test,sign_mt,692,4.542789911713193,3950.6932795053326,4.528039509164099,6.940438917712141,6.940438917712141,4.52803926461181,6.940438917712141,46.18446874915793,4.528039372779253,6.940439095826003
signsuisse_test,sign_mt,693,13.256468719218574,8138.130154614201,13.234209711480652,15.401931173788542,15.401931173788542,13.234204600490964,15.401931173788542,73.02840077049538,13.234204565720377,15.401931131225691
signsuisse_test,sign_mt,694,6.21543649726277,5580.418456438549,6.2151487629239535,6.415681536657788,6.415681536657788,6.215150369548737,6.415681536657788,12.118028744468454,6.215150366214477,6.415681448681273
signsuisse_test,sign_mt,695,5.178408972878091,4870.720215932829,5.147594106661779,5.904187675881478,5.904187675881478,5.147591515987374,5.904187675881478,27.499950351744186,5.147591176030397,5.904187451061432
signsuisse_test,sign_mt,696,7.936992754289202,5785.454791607715,7.692139010307332,10.196243268441522,10.196243268441522,7.932691288241446,10.34477781441341,69.78536074416843,7.692139029830008,10.196243245436076
signsuisse_test,sign_mt,697,11.182957931746257,6724.597832883546,11.156870425747403,15.204573884013842,15.204573884013842,11.154564753603083,15.202652321734996,47.735099828332956,11.156869251401062,15.204573882776558
signsuisse_test,sign_mt,698,9.880064178697205,6553.456018378444,9.86978707342898,12.115531675985011,12.115531675985011,9.869785534525203,12.115531675985011,71.86790747640879,9.869785534641585,12.115531676158152
signsuisse_test,sign_mt,699,7.466804855752271,6377.997344111045,7.479327935273096,9.440009273247513,9.440009273247513,7.479334474140309,9.440009273247513,46.11737719569076,7.479333784524967,9.440008787549598
signsuisse_test,sign_mt,700,7.206836723737271,6967.798735335384,7.2938245011105804,9.240924632424392,9.240924632424392,7.214242322468581,8.956420790059783,56.24606821934848,7.293822991804441,9.240924637810608
signsuisse_test,sign_mt,701,5.791641346228276,5635.0300480541555,6.877533842020429,8.936704342423699,8.936704342423699,5.769733465371987,8.085425382976826,47.93552995121816,6.877536294439084,8.93670372163301
signsuisse_test,sign_mt,702,7.582422250503252,6622.027461909702,7.587213358674832,10.951610037753266,10.951610037753266,7.587214757978605,10.951610037753266,83.88797629522311,7.587214781303471,10.951610048855231
signsuisse_test,sign_mt,703,11.447383642363022,8239.464306097521,11.321055130490716,12.70981668829453,12.70981668829453,11.425474682332858,13.092887918997498,84.16644791520783,11.321055570335059,12.709815661889902
signsuisse_test,sign_mt,704,6.416618980573544,5893.812262577972,6.490218984074591,8.791283782925163,8.791283782925163,6.409394964743957,8.124771111649753,34.670082345540955,6.490219908927957,8.791283760817379
signsuisse_test,sign_mt,705,8.706464694971979,7796.234822501104,8.700311894407267,14.276449593042075,14.276449593042075,8.700313818356195,14.276449593042075,110.95444843932806,8.700312858262,14.276448704442421
signsuisse_test,sign_mt,706,5.9217352644714625,3587.566223712855,5.924704982451796,8.06213651948316,8.06213651948316,5.924705022393097,8.35911337202512,55.85953102755043,5.924704037582889,8.062135382088774
signsuisse_test,sign_mt,707,10.166553182391576,6956.826409484993,10.176181753444002,12.010672323930592,12.010672323930592,10.132919013342779,11.900519899271346,81.42034044564481,10.176179239117301,12.010672136567564
signsuisse_test,sign_mt,708,7.348664440883657,5691.574516928218,7.325699086324145,10.13826691571031,10.13826691571031,7.325697522533533,10.13826691571031,74.10619722845175,7.325698195464524,10.138267381077727
signsuisse_test,sign_mt,709,7.8851491557034805,5196.411138673673,7.487895914727291,8.117597295664089,8.117597295664089,7.845949221409593,8.505656213300227,44.66835156730311,7.487896497988446,8.117597015632324
signsuisse_test,sign_mt,710,5.858554934529904,4863.263268322214,5.815161788786274,9.715704294953087,9.715704294953087,5.806097317739569,9.709017871106795,85.03754480888311,5.815159897363485,9.715704292168581
signsuisse_test,sign_mt,711,7.31188243210867,5045.416655705447,7.058054296624241,9.427143587032257,9.427143587032257,7.245717743473899,9.647403057497675,66.54741172011525,7.05805607199978,9.427143599559198
signsuisse_test,sign_mt,712,9.03390474507566,7299.9410435245745,9.347497987352531,11.91701667685646,11.91701667685646,9.025268290426514,11.328184113190483,87.74977286172792,9.347498495067283,11.917016697090068
signsuisse_test,sign_mt,713,10.992222283389932,7125.09569140444,11.422020931845847,13.608386053356245,13.608386053356245,11.009564977129552,12.445131061839167,47.34957336064383,11.422034205180772,13.608387245201719
signsuisse_test,sign_mt,714,6.26902495069865,4428.701009479097,5.359884758098051,7.669986610201737,7.669986610201737,6.220053321671866,9.01560026747038,89.15186989814593,5.359890111445881,7.669986406791456
signsuisse_test,sign_mt,715,10.844511083780542,7386.251523496689,11.116387568226193,11.808681964657843,11.808681964657843,10.83780682577213,11.565562750293948,40.08019131942004,11.116391465022375,11.808681968218243
signsuisse_test,sign_mt,716,5.621334379832874,4690.243701356362,5.980762935863617,8.208108514933958,8.208108514933958,5.620272431718204,7.766078790027468,60.53655776195253,5.980763730456489,8.208108445615656
signsuisse_test,sign_mt,717,3.8353927349469434,3549.0602417804016,3.823970728331942,6.0196409764665235,6.0196409764665235,3.82397222437251,6.0196409764665235,53.27232095298648,3.823972705541704,6.0196412478596795
signsuisse_test,sign_mt,718,6.655134848276238,3876.4262481725127,6.211410131106461,6.577097992243105,6.577097992243105,6.605602458422219,7.083880731789621,37.79883075475626,6.211407665179609,6.577097990758872
signsuisse_test,sign_mt,719,5.735186326486234,5193.6865490819355,5.6666419875673615,7.208272497440256,7.208272497440256,5.73046239427885,7.591340393619698,55.899771845012324,5.666640652498489,7.208272491843934
signsuisse_test,sign_mt,720,4.882045315739357,5634.0184427588765,5.959110521332114,7.29985830389201,7.29985830389201,4.911218854509359,5.986517965791175,25.144662886178953,5.959108871125615,7.299858248460305
signsuisse_test,sign_mt,721,9.491824133899883,6957.939107541294,9.488903635919842,10.68165124512453,10.68165124512453,9.488902649199659,10.68165124512453,45.7979776833642,9.488902855343344,10.681651410268685
signsuisse_test,sign_mt,722,10.077566685544014,7695.8356687581645,10.060641101588587,22.26534142032306,22.26534142032306,10.060641262795697,22.26534142032306,222.81205432711,10.060641268039385,22.265341382521385
signsuisse_test,sign_mt,723,5.910534820642271,4225.020350552619,6.523853694692967,8.023375991089821,8.023375991089821,5.884319250633867,7.541323187245198,53.87988051968513,6.523853576881617,8.023375986816141
signsuisse_test,sign_mt,724,7.9777080439972865,6684.926050116534,7.8639184057769835,9.58939094802573,9.58939094802573,7.966826012085417,9.76533680452298,64.102787827421,7.863918680020644,9.589390907805038
signsuisse_test,sign_mt,725,8.33591262700426,4491.679123397074,8.331483341149676,11.50779585298988,11.50779585298988,8.331484345685471,11.50779585298988,47.981126403676136,8.331484357549678,11.50779586762543
signsuisse_test,sign_mt,726,9.032949523841515,7195.145373893534,9.715301118206822,13.542294410511953,13.542294410511953,9.034192219380246,12.609098095304386,85.63700040053011,9.715297000827073,13.542294408366851
signsuisse_test,sign_mt,727,9.388149064461881,6904.092582056103,9.377641404906612,10.883554326931328,10.883554326931328,9.377641383386758,10.883554326931328,47.79090012223844,9.377640350259279,10.883553313214474
signsuisse_test,sign_mt,728,6.5199925597924375,5308.928168635741,6.720998398026983,8.25876843715724,8.25876843715724,6.518661235075986,7.570048418000816,40.783107990014926,6.720997245331434,8.25876790307981
signsuisse_test,sign_mt,729,7.400370155788442,5470.307820993997,7.409452113699899,9.81404228987461,9.81404228987461,7.409452620997792,9.81404228987461,67.32576711076715,7.409452614071432,9.814042361400933
signsuisse_test,sign_mt,730,8.80593305622496,5332.486922108968,8.793420620789774,10.970708792655945,10.970708792655945,8.793422103585726,10.970708792655945,28.276399739745493,8.793422104199403,10.97070876412155
signsuisse_test,sign_mt,731,4.722595508045576,3985.23522861807,4.715789840271576,8.287346641954391,8.287346641954391,4.715787582387771,8.287346641954391,73.5749691672199,4.715788098492262,8.287346959811547
signsuisse_test,sign_mt,732,3.6567197942932976,3475.1174036532598,3.657943812948516,4.633926265532515,4.633926265532515,3.6579442712834176,4.633926265532515,30.974487752003494,3.65794434435082,4.63392636540133
signsuisse_test,sign_mt,733,6.574649916802134,6306.292264913574,6.623300978904964,8.404620796319488,8.404620796319488,6.561741547276675,8.351468607734567,54.845518906303994,6.623318244599116,8.404620792438005
signsuisse_test,sign_mt,734,9.256563481566685,5162.1864400074155,9.22610638312781,11.047989993390258,11.047989993390258,9.226107342528168,11.047989993390258,38.41285632198701,9.22610732960924,11.047989957542978
signsuisse_test,sign_mt,735,7.664993193858346,4303.156443352847,7.38878333199536,12.21729518406868,12.21729518406868,7.633898985220297,12.007313039148405,85.6786449238938,7.388784443338401,12.217295493612115
signsuisse_test,sign_mt,736,7.922686572610101,5091.505294474318,7.929894264423049,10.803566624392708,10.803566624392708,7.912638051971235,10.790560356411252,89.71396310180414,7.92989487707843,10.803565979024915
signsuisse_test,sign_mt,737,3.3815170262053367,3419.6493868765006,3.3529400959545663,5.815916799776449,5.815916799776449,3.3529372570927247,5.815916799776449,49.60416104457512,3.3529372161605773,5.815916772643872
signsuisse_test,sign_mt,738,12.263488137363382,6147.080416829802,12.162387234963267,13.030913857914806,13.030913857914806,12.260443286846847,13.111510820435816,35.70316747500334,12.162385630520689,13.0309139346773
signsuisse_test,sign_mt,739,6.081483520423141,5129.6695121346165,6.079013278514656,7.839496552844935,7.839496552844935,6.079013217963064,7.839496552844935,49.98939273612537,6.0790132235577055,7.839496549567033
signsuisse_test,sign_mt,740,10.893011829172794,6817.286784293868,10.682770532907819,12.17770113380823,12.17770113380823,10.885876200347566,12.371669962897546,38.88343722519596,10.682764817525419,12.177701125570149
signsuisse_test,sign_mt,741,3.535620614898203,3580.4831102265416,3.5282287923635427,5.334884014994604,5.334884014994604,3.5282281294444457,5.334884014994604,37.38207280319925,3.5282281017689545,5.334883998471587
signsuisse_test,sign_mt,742,7.411739042743545,7116.999280014924,7.567331697119396,10.540066489864515,10.540066489864515,7.4217045783830145,10.250645206385444,66.86082614498875,7.567329103887356,10.540066459027415
signsuisse_test,sign_mt,743,6.421597185349237,5774.5792564939775,6.517430938892552,7.837772845034036,7.837772845034036,6.454170079043649,7.689921712778403,51.363410722291455,6.517432889760388,7.837772243481073
signsuisse_test,sign_mt,744,6.941419488026742,6026.858579437224,6.671540072987194,9.210881898834643,9.210881898834643,6.93583422230748,9.155015004010714,66.25109532224197,6.671540674268776,9.210881898882594
signsuisse_test,sign_mt,745,14.902924622235522,8270.01583419676,15.629604146915415,17.849716431437123,17.849716431437123,14.891395775428185,17.323586133485243,73.7601887453945,15.629595089998034,17.84971625053617
signsuisse_test,sign_mt,746,2.850197141293991,2931.370345668222,2.8485429601387886,4.507759484591728,4.507759484591728,2.8485436338058996,4.507759484591728,30.985310933832096,2.848543634581413,4.507759486056696
signsuisse_test,sign_mt,747,4.298083287732745,3690.226028749603,4.283789574599159,4.80402295188027,4.80402295188027,4.283788635668533,4.80402295188027,20.20023324988325,4.283788634158633,4.804022950940052
signsuisse_test,sign_mt,748,4.52713326319008,4133.976809487953,4.634265597139978,6.252358591078072,6.252358591078072,4.496596928801592,5.6523468982037945,37.90387097476182,4.634266742119618,6.252358602215638
signsuisse_test,sign_mt,749,4.853953624445943,4500.398873735107,4.991907056452599,7.178648560661737,7.178648560661737,4.836298152097779,6.362093097084549,48.37641472591114,4.991907144283337,7.178648537689924
signsuisse_test,sign_mt,750,5.298352048653497,5524.907831285605,5.289905035113428,8.228760521623101,8.228760521623101,5.289903644982889,8.228760521623101,72.26355013519387,5.289903684665822,8.228760561439705
signsuisse_test,sign_mt,751,7.124306132717333,4674.304631816196,7.108023918573305,9.762135187086177,9.762135187086177,7.108025692390769,9.762135187086177,71.98841759724736,7.108025590671356,9.762135069071089
signsuisse_test,sign_mt,752,4.998673165523424,4324.252538897032,4.976379793137743,9.13341212276848,9.13341212276848,4.976380346603818,9.13341212276848,85.27217235915357,4.976380354853414,9.133412106067473
signsuisse_test,sign_mt,753,5.968504424352685,4260.9198670499945,5.957483698437247,8.129402680153476,8.129402680153476,5.957484766537115,8.129402680153476,40.00658901957207,5.957484046381541,8.129402112016288
signsuisse_test,sign_mt,754,7.486720622290586,5077.661857368042,7.529764475070062,10.579230833394703,10.579230833394703,7.501433559913884,10.51136332983579,82.54622305870843,7.529766863951524,10.579230786955602
signsuisse_test,sign_mt,755,15.283180824550781,8957.942426294348,15.270495308317166,17.17865547476815,17.17865547476815,15.278631434448046,17.968592618698576,67.81596728006431,15.270492860671508,17.17865552705543
signsuisse_test,sign_mt,756,9.27736969446041,6407.5248219570685,9.227575140503788,11.207924080682787,11.207924080682787,9.22236435838463,11.101727616619849,71.36553356558804,9.22757407176653,11.207924113256373
signsuisse_test,sign_mt,757,4.344585549733226,5754.432894217879,4.347743044829434,4.93403415461877,4.93403415461877,4.347743824763762,4.93403415461877,19.073010260786365,4.347743797117175,4.934034124233873
signsuisse_test,sign_mt,758,9.39652821119508,6477.29084196636,9.293129047579827,13.925568006998798,13.925568006998798,9.408292073612065,13.925529045153647,111.52452304132787,9.293130440721699,13.92556800571862
signsuisse_test,sign_mt,759,5.040299149560828,5282.621942576645,5.1162707519039925,5.940028004205138,5.940028004205138,5.0410556442289005,5.5366752606090115,29.294117240155543,5.116276766780721,5.940028121038046
signsuisse_test,sign_mt,760,6.2569648221444405,7319.403510972644,6.478891616019023,9.158830344937607,9.158830344937607,6.28225697296444,8.4961910943646,56.887428800575066,6.478890840281598,9.158830348622203
signsuisse_test,sign_mt,761,9.518159394463222,5723.893465687816,9.752877957109892,12.885553808976246,12.885553808976246,9.510658524842857,12.704794514880874,53.110557077192276,9.752876756147229,12.885553810816642
signsuisse_test,sign_mt,762,7.063920159917608,6551.932423440392,7.084115114439569,9.80361421470677,9.80361421470677,7.0841195504402705,9.80361421470677,73.76292882548266,7.084119550425955,9.80361419488634
signsuisse_test,sign_mt,763,5.85924793565163,4170.240202108433,6.372177976675332,11.16183389590621,11.16183389590621,5.8486746437329575,10.604712413016712,99.84879702591927,6.372177273806373,11.161833890382209
signsuisse_test,sign_mt,764,7.503443858272784,6648.888448808702,7.632890064032466,9.02369511694494,9.02369511694494,7.534581970876571,8.729141152067633,49.53408788919352,7.632888615376361,9.023695172548596
signsuisse_test,sign_mt,765,9.354380684036133,8619.70118956693,9.512621326963696,11.492282092282428,11.492282092282428,9.369981267260382,11.095194445005925,47.989066085557944,9.512622730930044,11.492282146810377
signsuisse_test,sign_mt,766,5.970190215363813,5363.097184233703,5.5969851709450715,9.130623103104329,9.130623103104329,5.939741656972754,10.023836557596699,97.78498173394757,5.59698503618195,9.130623107082963
signsuisse_test,sign_mt,767,10.173284219586323,6545.961997128123,10.169515137308261,13.285821290134791,13.285821290134791,10.15101061964368,13.129374540697624,84.3797264076223,10.16951358782979,13.285820466840866
signsuisse_test,sign_mt,768,19.50327520749536,10558.672243910343,19.4316427625354,21.66143295474847,21.66143295474847,19.501278312189452,21.69340870147691,108.19490422375624,19.431644779058157,21.661432971657707
signsuisse_test,sign_mt,769,5.540418608080701,6219.445256356128,5.805894299420059,7.851551525317662,7.851551525317662,5.546991435320214,6.835188063242741,35.98810452509285,5.805894502982531,7.851551529023498
signsuisse_test,sign_mt,770,6.383185685298322,5561.702865357513,5.987148101183592,9.315157561748352,9.315157561748352,6.3770160336151465,9.713512615662635,82.36495379707222,5.98714359378757,9.3151576006093
signsuisse_test,sign_mt,771,9.276068658971834,6436.819125942534,9.364656890984397,15.445438734514674,15.445438734514674,9.265667181018928,14.921457232192315,125.95812292690103,9.364652671227926,15.445439223098386
signsuisse_test,sign_mt,772,4.216666826475494,3028.9895432629623,4.185161824567619,6.767242483113744,6.767242483113744,4.185161163553377,6.767242483113744,63.55711736632103,4.185161600894573,6.7672426589213615
signsuisse_test,sign_mt,773,4.579999100420867,3267.755408758135,4.417740256442558,6.571077563576407,6.571077563576407,4.577717338246127,6.3781312143178885,34.2606526479059,4.417739537349522,6.57107755881066
signsuisse_test,sign_mt,774,5.488774108993588,3640.405968572668,5.4744667785752785,6.614078254077433,6.614078254077433,5.474467291359967,6.614078254077433,41.976377744471826,5.474466935743556,6.614078209829897
signsuisse_test,sign_mt,775,9.644611010132866,5938.7419419556745,9.665905151463583,11.970611599833447,11.970611599833447,9.62611064778749,11.089038075179657,43.5224827333382,9.66590705495058,11.97061162742235
signsuisse_test,sign_mt,776,10.625804180736463,6338.881080430297,11.304959174353248,13.47246203693126,13.47246203693126,10.617741805065037,12.86409145345422,72.52756161983359,11.30496229895024,13.472462036909452
signsuisse_test,sign_mt,777,10.64507186511181,6831.261987980238,9.493377739436333,11.718722321534807,11.718722321534807,10.683521239049739,13.35801972936819,81.57868890420205,9.493379613409177,11.718722309455165
signsuisse_test,sign_mt,778,9.503062171363105,6086.274448374301,9.52338396286203,12.272977534049904,12.272977534049904,9.493640526573119,12.219330739315042,76.79885557377429,9.52338541368176,12.27297859224164
signsuisse_test,sign_mt,779,9.931017115185442,6167.934084737919,10.075888034954758,11.50063246158269,11.50063246158269,9.930941669327819,11.310673103902175,108.64815216597064,10.075887752507041,11.500632447514937
signsuisse_test,sign_mt,780,7.578207084674823,6391.825166698265,7.601750103563399,9.039479332206874,9.039479332206874,7.601749884996577,9.039479332206874,53.54254012923943,7.601749883271235,9.039479326560025
signsuisse_test,sign_mt,781,7.547525577230222,4401.372690924165,7.893224003982091,9.382513163880573,9.382513163880573,7.534105212269609,8.783789125285956,62.85642568239413,7.893224033779502,9.382513165138343
signsuisse_test,sign_mt,782,7.234254989049555,4401.142972099207,8.182889119531938,10.765771844646665,10.765771844646665,7.228873927564059,10.03319346516431,89.27221538839078,8.18289094006471,10.765772358474813
signsuisse_test,sign_mt,783,7.285502697748301,5928.281443185208,7.284366550973963,13.48555092134198,13.48555092134198,7.284363964448183,13.48555092134198,149.6576269768781,7.284363961573571,13.485550923522375
signsuisse_test,sign_mt,784,12.286648764293757,6456.485699318141,13.054796355837103,15.699882673014992,15.699882673014992,12.146320586611374,14.802138244867328,96.66188341900114,13.05480139353925,15.699882660425923
signsuisse_test,sign_mt,785,5.532832104214328,4044.963605649453,5.702377604267656,7.3430310852929965,7.3430310852929965,5.511044074880253,7.464720147181833,20.463550697463056,5.702377292885855,7.34303108665437
signsuisse_test,sign_mt,786,7.140802418201578,5864.557294022402,6.956093322911429,8.939230741557397,8.939230741557397,7.154452485346773,9.105487118550833,58.44101741138256,6.956090537433646,8.93923073999471
signsuisse_test,sign_mt,787,6.986027321750971,4999.697942935216,6.981303291006425,8.147534304845786,8.147534304845786,6.981302705525654,8.147534304845786,43.52933457355524,6.981302719162965,8.14753433950201
signsuisse_test,sign_mt,788,7.340791310562981,5273.140442272973,7.054972314447778,7.801299657071458,7.801299657071458,7.353012824872355,8.152571572117969,39.90320170492373,7.054973718062445,7.801299656964894
signsuisse_test,sign_mt,789,6.632037260728824,6748.768309715902,6.6119989026847845,8.680553482615931,8.680553482615931,6.611998994774909,8.680553482615931,55.46696089182795,6.61199898249631,8.6805534801365
signsuisse_test,sign_mt,790,15.159244016812435,8202.580985528044,15.134817705118765,17.65246881275436,17.65246881275436,15.134819254391097,17.65246881275436,68.7606366039128,15.134819187059628,17.652468844744263
signsuisse_test,sign_mt,791,7.861813728966212,5697.370051466177,8.821079105456954,11.641345303466023,11.641345303466023,7.863877437254869,10.674875645455122,74.95252534604293,8.821078287785353,11.64134530213391
signsuisse_test,sign_mt,792,6.240155193586851,4132.950066769612,6.323040841447153,8.150495731949544,8.150495731949544,6.236956527441377,7.874880158777946,55.85507876963693,6.323040279769366,8.150495748363534
signsuisse_test,sign_mt,793,8.740130965065589,5321.838805618026,7.215677827624058,8.852869181073022,8.852869181073022,8.704174215850685,9.30304054281898,44.52332987571805,7.215677409080454,8.852869214505203
signsuisse_test,sign_mt,794,4.3274392442580725,3896.481236518046,4.4590916587767415,5.99342357449964,5.99342357449964,4.33271237233947,5.580024268477665,35.05679155635111,4.459090460934726,5.9934235607025155
signsuisse_test,sign_mt,795,10.492949517939568,6727.483092469427,10.566671869041258,12.376210801791458,12.376210801791458,10.534073490795674,12.28724623956326,86.72440955559915,10.566677227105956,12.376210819681676
signsuisse_test,sign_mt,796,3.403331783563229,2795.091925645952,3.397426148674648,5.251531034561572,5.251531034561572,3.3974253230236773,5.251531034561572,13.838910775375847,3.397425304066869,5.251531024364153
signsuisse_test,sign_mt,797,5.480431055499225,3899.9215353445097,4.600939954194115,7.034041797923614,7.034041797923614,5.447599838879665,8.240366312388321,70.80407104579346,4.600935987867241,7.034041789218965
signsuisse_test,sign_mt,798,7.525030728399969,5313.90123221983,7.500900928515304,12.382905192271881,12.382905192271881,7.500901450408738,12.382905192271881,130.49297529058015,7.500901436879252,12.382905191706822
signsuisse_test,sign_mt,799,10.244547605975097,7366.353204134393,9.986003204703096,14.948962340887752,14.948962340887752,10.249843247454951,15.167243846065452,127.66034191367218,9.986012647991354,14.948962329751392
signsuisse_test,sign_mt,800,9.997012872873414,6772.121368588953,10.707108860795008,14.263464405009007,14.263464405009007,9.957440633104241,13.320951537796812,98.86032319541825,10.707105754656205,14.263465156562775
signsuisse_test,sign_mt,801,8.063460495243556,6615.528301359583,8.30430697131067,13.145066314169815,13.145066314169815,8.054410857259123,12.910174497209022,127.00146794360965,8.304308791804173,13.145066202199438
signsuisse_test,sign_mt,802,6.342741369479287,5356.201089116237,6.495040321993827,8.253835492752046,8.253835492752046,6.33599045730425,7.941323393848693,55.93948179579177,6.495036461738204,8.253835492904022
signsuisse_test,sign_mt,803,6.7731172183927315,6640.823970848488,6.789995528791128,9.743404138643994,9.743404138643994,6.776767958608118,9.570813651766693,66.34773496216334,6.789996628676952,9.743404089106644
signsuisse_test,sign_mt,804,9.371752325405518,5592.100371210824,9.346966183527206,12.45531368624991,12.45531368624991,9.346966245589732,12.45531368624991,71.17674343248054,9.346966146467704,12.455313678814393
signsuisse_test,sign_mt,805,7.065516198006978,6366.212117691543,7.337053084887779,9.352177714584295,9.352177714584295,7.071093951206221,8.944968757172132,66.73187665435138,7.337053267092461,9.352177706945966
signsuisse_test,sign_mt,806,6.301072611018348,4026.83696453914,6.288434561087378,11.818738560004814,11.818738560004814,6.288432727485261,11.818738560004814,113.0674907643702,6.2884334550527194,11.818738832868465
signsuisse_test,sign_mt,807,10.582320657132916,9813.457172842369,10.593682182743406,12.438609258910747,12.438609258910747,10.593680824469095,12.438609258910747,75.50538885207796,10.593680799781676,12.438609238286306
signsuisse_test,sign_mt,808,6.904393387231174,4773.839158644587,6.556179787029539,10.537143306260143,10.537143306260143,6.876145962811237,11.343624331205577,102.30858208774283,6.556180208837047,10.537143267511563
signsuisse_test,sign_mt,809,4.5354749352112655,3565.716121546812,4.49323402083803,6.972225836856756,6.972225836856756,4.493233701396589,6.972225836856756,59.80416674187782,4.493234201844455,6.972226167546164
signsuisse_test,sign_mt,810,4.218013487116666,3559.722607401549,4.425263580963123,5.561626439009264,5.561626439009264,4.205789929545863,4.558311469828744,25.51144010850944,4.425264315308906,5.5616264369866695
signsuisse_test,sign_mt,811,15.598395630154785,8403.263169256677,15.915913440959653,22.92747769770725,22.92747769770725,15.57359620423386,21.735255820797832,147.4150240231325,15.915903732146845,22.92747628948097
signsuisse_test,sign_mt,812,6.498460002446501,4650.93386276166,6.54694674516518,13.179402735363288,13.179402735363288,6.482097553166308,13.00892245541867,127.32075953383182,6.5469463480762435,13.17940271978565
signsuisse_test,sign_mt,813,6.570950790775416,4601.9610888434645,6.5712174715576355,8.525753551609508,8.525753551609508,6.571216985055206,8.525753551609508,52.61764647466509,6.571216990595828,8.52575355231448
signsuisse_test,sign_mt,814,8.577135254771132,6221.4866265700675,8.566442286269412,11.408908485852574,11.408908485852574,8.567967023817895,11.405805993475408,88.99042453305154,8.566441482543487,11.408908479323976
signsuisse_test,sign_mt,815,8.220391521932404,6952.696165047406,8.311352259945297,9.416039757635323,9.416039757635323,8.22219034308782,9.045788517533285,36.233987747455885,8.311343362427005,9.416039742277812
signsuisse_test,sign_mt,816,6.172865125420921,4835.617654163753,6.178078599143428,8.642100837658818,8.642100837658818,6.161328788684022,8.566492849127709,65.4075898902399,6.178074962688636,8.64210082379574
signsuisse_test,sign_mt,817,9.09463301813383,5583.279639218408,8.930967196989595,10.192267558335255,10.192267558335255,9.056710087794697,11.17655676334132,63.14906691107994,8.930968877559392,10.192266720735372
signsuisse_test,sign_mt,818,3.606134082778815,3338.418490214285,3.4650141887260357,5.746081516631444,5.746081516631444,3.6011242286060754,5.795891695001832,47.72145323051446,3.4650131370171815,5.7460815337505675
signsuisse_test,sign_mt,819,6.634985872787998,5115.304419296905,6.6977580439877595,8.895058368764003,8.895058368764003,6.633196510623218,8.782133506767192,67.64324736721174,6.697759671993199,8.895058539477356
signsuisse_test,sign_mt,820,8.674315525316107,4980.142171988238,8.649908428449956,10.041861363677832,10.041861363677832,8.649908324779389,10.041861363677832,25.993045578366065,8.649908418512002,10.041861448343358
signsuisse_test,sign_mt,821,8.374714774364744,5986.207875113006,8.523102480734291,17.240300580586037,17.240300580586037,8.347297258434532,16.8612022738405,155.18656386731502,8.523102262012575,17.240300562881128
signsuisse_test,sign_mt,822,7.817894762090317,7703.062397617299,7.81735739115785,11.690313858253962,11.690313858253962,7.817352957246122,11.690313858253962,88.92749815107857,7.817352711058954,11.690313562335147
signsuisse_test,sign_mt,823,7.743708405961529,4064.9061369757083,7.782920293249284,12.776034229248975,12.776034229248975,7.625163222136739,12.4928410690125,111.29909788741432,7.782920415747135,12.776035000710056
signsuisse_test,sign_mt,824,10.663981137468657,7793.091144503923,10.638602911358785,22.516864754044107,22.516864754044107,10.638602084256608,22.516864754044107,212.6052164903109,10.638602103254378,22.516864756810133
signsuisse_test,sign_mt,825,5.4165426129008125,4425.084147302256,6.975117501098737,10.92711961571971,10.92711961571971,5.390750529761292,9.36693761455875,85.81170446790219,6.975115895214042,10.927119548936934
signsuisse_test,sign_mt,826,9.230047885681355,5095.407523712063,9.13501441324016,13.171397553953682,13.171397553953682,9.179468020188109,12.707585867649808,60.73024283191324,9.135011433175196,13.171397375911448
signsuisse_test,sign_mt,827,9.935391695084409,7143.3693644393115,9.968648517045281,14.47999896404593,14.47999896404593,9.922780593022635,14.40822240766319,109.17932615970047,9.96865079126545,14.479998947294984
signsuisse_test,sign_mt,828,7.622611561633554,7098.534706880441,7.766774191428314,9.989374580371639,9.989374580371639,7.631209656925925,9.555102297062456,63.91605359004003,7.766772717186496,9.989374592808106
signsuisse_test,sign_mt,829,13.61127345895898,8021.085083731414,13.61733581492751,18.04219976421799,18.04219976421799,13.591151653458377,17.78149123974432,101.3046337712749,13.617336244775816,18.04219867375901
signsuisse_test,sign_mt,830,4.326064172887727,3244.9629197513673,4.337924378393062,5.02173263236598,5.02173263236598,4.3379240467683005,5.02173263236598,33.55813325315668,4.337925104963622,5.0217334969187055
signsuisse_test,sign_mt,831,9.0461412138256,6166.298013808029,9.77087765741464,11.508075313984358,11.508075313984358,9.095815218451117,10.172545660613073,59.274097570282414,9.770880075229043,11.508075456982391
signsuisse_test,sign_mt,832,9.368251809352316,5937.883487447518,10.508151439991948,16.134855177716528,16.134855177716528,9.333295873149504,15.218800506725048,114.26386217987448,10.508150860021649,16.134855119490652
signsuisse_test,sign_mt,833,9.905242081637558,5633.546752422877,9.886141976654935,11.73581329077093,11.73581329077093,9.886141038101162,11.73581329077093,45.67955946174139,9.886141002551847,11.735813261440981
signsuisse_test,sign_mt,834,9.54092253125854,5585.915881618303,9.7297177758413,11.233575803921603,11.233575803921603,9.545146513863276,11.400802813984038,57.73563479136111,9.729720913396683,11.233575792269393
signsuisse_test,sign_mt,835,10.041450691959223,5731.865578934735,8.762989510882264,11.766417283976532,11.766417283976532,10.044324155357096,12.187476498546696,81.96594857580573,8.76298985306958,11.766417220590826
signsuisse_test,sign_mt,836,12.174153929910338,8635.801733415445,12.21011193856733,15.415265010704456,15.415265010704456,12.155564151986173,15.282036394830234,91.11231839285308,12.210108367359505,15.41526500694546
signsuisse_test,sign_mt,837,1.2974590537934911,1425.2054771227006,1.2974590537934911,2.6716302453717176,2.6716302453717176,1.2974587900670067,2.6716302453717176,20.969748347539223,1.2974587932464905,2.6716302159439653
signsuisse_test,sign_mt,838,15.29141629209736,9891.130705669833,15.37457888515606,17.04619713456365,17.04619713456365,15.28014316266596,16.96962831424635,82.32800768859454,15.374575443988956,17.046197213796308
signsuisse_test,sign_mt,839,8.1305439017582,5422.003876717451,8.124851745854182,9.93636191872697,9.93636191872697,8.124850609439456,9.93636191872697,63.288478297256496,8.124850538493417,9.936361879304362
signsuisse_test,sign_mt,840,9.956548913686603,5713.385869342042,10.355464734931306,12.229643157014737,12.229643157014737,9.914896263016276,11.869365621768273,68.27241367436704,10.355467835534956,12.229643148377315
signsuisse_test,sign_mt,841,5.110389065453109,4316.700058249252,5.154789774666359,9.929821923197254,9.929821923197254,5.098297858494099,9.667104375310524,93.03819405975345,5.154790874968471,9.92982181313311
signsuisse_test,sign_mt,842,8.342923739586865,8204.802356800988,8.344716916168935,10.737649004194797,10.737649004194797,8.344714672445539,10.737649004194797,68.59333073593166,8.344714643133434,10.73764905417609
signsuisse_test,sign_mt,843,7.9649515206365145,4977.218796052254,8.302441478203265,11.624954602025857,11.624954602025857,7.953386042618072,11.030782219985431,96.27121957620338,8.302441499740109,11.624954661611493
signsuisse_test,sign_mt,844,7.934321640491858,4810.200396456181,7.250435669738369,8.714640601243353,8.714640601243353,7.876466559658367,9.269976823237137,58.923917637176686,7.25043767297271,8.714640046431683
signsuisse_test,sign_mt,845,8.18708096211944,4800.822907647239,9.004582522304334,10.505679775549728,10.505679775549728,8.153140636977403,9.695472447107942,34.34577406096529,9.004582681543972,10.505679794054183
signsuisse_test,sign_mt,846,11.942475298881101,5684.54068072513,11.878382698479973,12.859968284139537,12.859968284139537,11.878380308259855,12.859968284139537,60.49411204067953,11.87838030203396,12.859968289504168
signsuisse_test,sign_mt,847,10.318737231374332,6763.295154160032,10.443888744719843,13.368554034648602,13.368554034648602,10.318973509629652,12.700542409176995,75.7366298342673,10.443889899083578,13.368554039859797
signsuisse_test,sign_mt,848,11.546791301277555,5945.52052938096,10.927284250873724,11.498525072629437,11.498525072629437,11.38328458665818,13.503897753781086,78.19937555758244,10.927282627946484,11.498525083278183
signsuisse_test,sign_mt,849,11.964442436922903,6084.851534603123,11.999920821062323,13.370583947983945,13.370583947983945,11.964530366589194,13.052534216830855,52.171073447860344,11.999922741366321,13.370582533762265
signsuisse_test,sign_mt,850,4.71907888135261,3903.9985042033672,5.0893830261535955,6.857163017127712,6.857163017127712,4.706787371753694,6.147369456015987,40.276023914621675,5.089382976507769,6.857162718730199
signsuisse_test,sign_mt,851,7.407434048874826,4804.59154914664,7.901277196581942,10.85404249171817,10.85404249171817,7.410144944246505,10.43407061711695,64.09014597854718,7.901278325708988,10.854042556522396
signsuisse_test,sign_mt,852,6.653860824203652,5698.512774070735,6.636533820343278,8.816279925462524,8.816279925462524,6.6365333537132285,8.816279925462524,56.85229755420648,6.636533361881358,8.816279915875016
signsuisse_test,sign_mt,853,9.302564923560118,6545.271525739219,9.291892725626639,12.658286761044511,12.658286761044511,9.291892343652231,12.658286761044511,92.86790800496698,9.291892328250867,12.658286772248946
signsuisse_test,sign_mt,854,6.354620390512769,4087.125311497789,6.465696825656047,7.447491210677586,7.447491210677586,6.33482092105132,7.083788311637544,35.673470139315135,6.46569843846681,7.44749151953056
signsuisse_test,sign_mt,855,8.58296762505873,5037.959908510952,8.578524453138673,8.952276691902965,8.952276691902965,8.593053082487504,8.94019368193681,30.158015945434336,8.578523996443073,8.95227670138436
signsuisse_test,sign_mt,856,5.811528655772894,2871.3205254291365,5.508220535059072,6.661279548460605,6.661279548460605,5.771470403415127,7.106856836808215,51.96962602082448,5.508220338112114,6.661279060806191
signsuisse_test,sign_mt,857,6.340234965279824,5193.341343019386,6.419325309206014,9.288583471883786,9.288583471883786,6.341449724832695,8.927729769045532,72.93705814326952,6.419323844182078,9.288583483643468
signsuisse_test,sign_mt,858,7.312134637649969,4806.994922258034,7.392396554127858,8.753592643539484,8.753592643539484,7.3247893538919655,8.67198970396066,43.960505967147604,7.392399533719065,8.753592629864286
signsuisse_test,sign_mt,859,13.753593782212317,6126.216181035734,13.826357798249385,15.818596572655435,15.818596572655435,13.751225174458053,15.354576605322306,63.79626559209384,13.826359559519656,15.81859712264576
signsuisse_test,sign_mt,860,6.546202688198372,5371.316922230016,6.578519183199665,12.538308786914532,12.538308786914532,6.5108718028938215,12.264747211834644,125.62276529394455,6.578523980687671,12.538308786776007
signsuisse_test,sign_mt,861,4.257288629485406,3359.8503106476246,4.251056977360008,5.504491553513536,5.504491553513536,4.2510589092739774,5.504491553513536,29.6517264285948,4.251058907687857,5.504491557496546
signsuisse_test,sign_mt,862,7.5577048672329,8035.5815159461035,7.594999300517042,9.050587786142096,9.050587786142096,7.594996004770022,9.050587786142096,46.916342616944426,7.5949958072515615,9.050587719886922
signsuisse_test,sign_mt,863,5.282702857999886,4370.2173550294,5.364071535752421,6.973643034186585,6.973643034186585,5.279447025944857,6.57219138438442,34.70221573792062,5.364072309299249,6.973643022857785
signsuisse_test,sign_mt,864,9.593467485718438,6543.233743550732,9.296058137411697,9.491436906430083,9.491436906430083,9.570340199205638,9.95956295914614,43.57044907735884,9.296057927050715,9.491436905756595
signsuisse_test,sign_mt,865,5.700609852384211,4978.406658791662,5.761934150888914,7.616003092456556,7.616003092456556,5.6926409574992665,7.558383803727318,53.619726998083166,5.761938474348583,7.616003107959051
signsuisse_test,sign_mt,866,12.280627373575985,7412.0971597412135,12.277722381568662,14.29123410989888,14.29123410989888,12.261785174629514,14.244089273901517,74.6606081469669,12.2777203296873,14.291234116058826
signsuisse_test,sign_mt,867,7.085612548310587,6217.008698634839,7.208614190159985,8.037711566461955,8.037711566461955,7.089634738857465,7.533258606785986,32.292202153572255,7.208614033159042,8.03771145595974
signsuisse_test,sign_mt,868,7.599410305882493,4549.400946481149,7.6118748723300795,11.302139793264105,11.302139793264105,7.595863435138737,11.208811961183207,64.78317290097623,7.611874661360794,11.302139710313567
signsuisse_test,sign_mt,869,5.594526667524241,4440.182904619117,5.211070398735548,7.6421440963555725,7.6421440963555725,5.58261963953571,7.851607737068985,70.69581609308695,5.211070451109767,7.642144110583219
signsuisse_test,sign_mt,870,5.562847800698983,4331.739102195513,5.5294247968988826,7.07416544109375,7.07416544109375,5.52942647078917,7.07416544109375,44.68503319057436,5.529426429279137,7.074165465167099
signsuisse_test,sign_mt,871,11.4361129452935,7357.512887085332,11.361528854790588,14.5149830148133,14.5149830148133,11.43928638795156,14.596619961912253,79.63408051423032,11.361527741029303,14.514983114793283
signsuisse_test,sign_mt,872,9.413470835560668,5533.173336134138,9.40433243284524,14.669348675462992,14.669348675462992,9.397049651257614,14.567208283382802,109.75656407685594,9.404332985579032,14.669347894371356
signsuisse_test,sign_mt,873,8.234164057346963,5101.028618645499,8.358167632636944,10.504874416267034,10.504874416267034,8.239869272545901,9.79715222157603,39.4850599722905,8.358170007513385,10.504873493745091
signsuisse_test,sign_mt,874,6.160632578201746,4762.305102189743,6.574943827866235,9.538434444525414,9.538434444525414,6.148251859082546,8.880592621856453,75.3311376493783,6.574942677075596,9.53843448224068
signsuisse_test,sign_mt,875,6.397682366884277,6405.676593816835,6.534683171730665,8.447503907346615,8.447503907346615,6.393266704731387,7.80919161353852,48.42892111890188,6.534681842509822,8.447503892425507
signsuisse_test,sign_mt,876,6.973420597441594,5439.7316038802155,6.963044037233769,8.130822189767162,8.130822189767162,6.963043115644858,8.130822189767162,40.58715113572956,6.963043992791657,8.130822948962127
signsuisse_test,sign_mt,877,12.135690455682232,7611.099998958589,12.833371634989492,13.955620209955582,13.955620209955582,12.112459930279238,12.906354250484174,54.967246026609416,12.833364413920654,13.95562020923355
signsuisse_test,sign_mt,878,3.727063217661013,3345.610981748672,3.712388464144845,6.387448614236777,6.387448614236777,3.7123881085738644,6.387448614236777,61.3777444311615,3.712388107061501,6.38744861785276
signsuisse_test,sign_mt,879,6.7228704895433316,5584.34689971432,6.671406344261887,9.94854483651994,9.94854483651994,6.709967718931351,9.857420683174292,95.19353221231434,6.671405059567723,9.94854480502784
signsuisse_test,sign_mt,880,5.461515729473641,3657.0206243689095,6.509733257976941,9.359432890307176,9.359432890307176,5.418743380010962,8.778306770919023,83.58072686931196,6.509734700757427,9.35943290424191
signsuisse_test,sign_mt,881,4.542371820480547,4885.532141683512,4.541100007534194,7.503939221887286,7.503939221887286,4.5410999645197725,7.503939221887286,64.98943423372927,4.541099962364366,7.503939228470067
signsuisse_test,sign_mt,882,8.108760536473739,4674.903566054207,8.154716416519694,9.390106108573292,9.390106108573292,8.107291634591428,8.835623127068576,37.42259795068213,8.154717098991304,9.390106250347637
signsuisse_test,sign_mt,883,7.227240135765457,4803.712187346532,6.783991559760771,7.9909773944895255,7.9909773944895255,7.260989071022493,8.647943652886735,62.77001549372233,6.783992177866542,7.990977389393741
signsuisse_test,sign_mt,884,10.140800387690067,6774.379034022282,10.103018830475039,11.181758491698158,11.181758491698158,10.098558156754024,11.131160059475267,68.07481940534426,10.103016205840584,11.181758497193268
signsuisse_test,sign_mt,885,11.276668041603997,6315.529152803541,11.385079274250343,12.326655487130612,12.326655487130612,11.289109345832706,12.042822267028134,41.78782875319921,11.385079338248106,12.326655120391338
signsuisse_test,sign_mt,886,4.252665892220238,5138.0802283591875,4.741687572970914,7.1478650175373035,7.1478650175373035,4.2470072848620095,6.743177685790259,51.422689825980015,4.74168506462892,7.147865146230215
signsuisse_test,sign_mt,887,10.073481032888395,6653.198773026866,9.682963999158764,11.774342745745667,11.774342745745667,10.06433632413114,12.250512537722264,87.88745204504467,9.682962991583528,11.774343128819615
signsuisse_test,sign_mt,888,10.841659320942027,5544.209569650823,10.50412730715443,13.76561946736906,13.76561946736906,10.81450750968701,15.157478161108077,81.37686963468367,10.504127492719755,13.765619397593463
signsuisse_test,sign_mt,889,3.829351189728191,3008.0408023024693,3.8171340287748787,8.007377144397214,8.007377144397214,3.8171355534972933,8.007377144397214,75.53464474545015,3.817135328429557,8.007377053792359
signsuisse_test,sign_mt,890,5.242709631879551,4559.441620483441,5.3407137389367465,6.804256415993993,6.804256415993993,5.24284979118507,6.515796596156323,38.154033991363924,5.340713893987299,6.804256343677576
signsuisse_test,sign_mt,891,5.279798284612049,4949.332340887317,5.288273158592942,9.265380845468698,9.265380845468698,5.273605683101197,9.195182241003627,82.27905888617377,5.2882750217078005,9.265380927164404
signsuisse_test,sign_mt,892,9.745518422595278,6167.783062869064,9.756459797972404,13.669740584487439,13.669740584487439,9.738074394613003,13.620758212576643,113.85930924338378,9.756461004211896,13.669740574418071
signsuisse_test,sign_mt,893,4.717053265162915,3560.0109592288277,4.827218653123275,8.083259884603066,8.083259884603066,4.703942379245695,7.677324208960794,54.70267336809882,4.827217225326099,8.083260211760614
signsuisse_test,sign_mt,894,8.694291318635711,5022.823794581059,9.402160521424108,11.103116797447228,11.103116797447228,8.670060541850207,10.419662662980334,81.53190001784496,9.402162986180139,11.103116809952354
signsuisse_test,sign_mt,895,5.031564448653934,3087.521523147389,4.988361497129317,5.446061023037915,5.446061023037915,4.988361250486067,5.446061023037915,11.123771650926155,4.988361235864678,5.446061004963819
signsuisse_test,sign_mt,896,4.906813411840373,2881.8897262685737,4.886133983612883,6.0073247297567915,6.0073247297567915,4.886133125261061,6.0073247297567915,31.07165462302678,4.886133291970585,6.0073249081516495
signsuisse_test,sign_mt,897,6.574065943416874,5257.449254624098,6.5736436136104865,8.097382657465522,8.097382657465522,6.5736461728772815,8.097382657465522,50.31287955771476,6.573646203069809,8.097382670190704
signsuisse_test,sign_mt,898,7.144460614055897,5450.492329233472,7.133664866007303,8.82603157384398,8.82603157384398,7.133662838850547,8.82603157384398,51.513238942245934,7.133662799289213,8.826031569782211
signsuisse_test,sign_mt,899,12.31560300971436,8189.961712423707,12.216145528986416,14.811250228463363,14.811250228463363,12.300806996650326,14.884120680383154,100.325363458195,12.216137974337522,14.811250213836074
signsuisse_test,sign_mt,900,5.197824485422752,3580.1442695317696,5.68437436502118,7.901248764901358,7.901248764901358,5.154827799016427,7.201477746379759,58.9003785470829,5.6843737274757205,7.901248944033877
signsuisse_test,sign_mt,901,5.053019796722209,4586.075791880487,5.062891719555122,7.994647633350476,7.994647633350476,5.062891425027797,7.994647633350476,62.12978671985731,5.06289142901215,7.994647617810663
signsuisse_test,sign_mt,902,10.870481371899572,10059.604494526904,11.571386293172369,22.396661196597055,22.396661196597055,10.848774771010106,22.044714722586654,232.41918820726036,11.571386202905163,22.396661155956433
signsuisse_test,sign_mt,903,6.295395217757225,6015.802615553419,6.324910655944833,8.726438785674762,8.726438785674762,6.29262122468757,8.53052684426307,69.8002384155663,6.324912424874483,8.726438872048025
signsuisse_test,sign_mt,904,9.935397230784833,6432.375281184629,9.693944284250884,13.532664367463935,13.532664367463935,9.942874184940449,13.389297443706694,93.84521235734984,9.693943709890338,13.532664328529327
signsuisse_test,sign_mt,905,4.380959903099591,3661.6198724381616,4.488183092824563,5.149305602951086,5.149305602951086,4.386997655853832,4.978044237205901,43.723105662185226,4.488182676300597,5.149305603020492
signsuisse_test,sign_mt,906,5.566687464246171,5208.303091985692,5.62255993433685,8.867730769565949,8.867730769565949,5.556296339115879,8.494060532356674,66.86786387035099,5.622559183270856,8.867731241822131
signsuisse_test,sign_mt,907,4.900455663758338,4490.4148537884075,4.97211417263338,6.629394590900644,6.629394590900644,4.879505163521184,6.345762817809747,44.761073966126254,4.972116970505596,6.629394330204563
signsuisse_test,sign_mt,908,8.020925106556685,6140.784014285462,8.187291179535496,11.481370674775079,11.481370674775079,8.025388059103614,12.642478268412653,124.18660288776573,8.187291115724443,11.48137062985712
signsuisse_test,sign_mt,909,14.680291419647924,9912.983442998458,14.633882714031664,17.14992028483829,17.14992028483829,14.633886458770817,17.14992028483829,80.15740502852562,14.633886347248671,17.14992017343738
signsuisse_test,sign_mt,910,7.754482206429577,4388.05301028854,7.346088195727972,10.653272534119726,10.653272534119726,7.71112047309885,10.679279727833446,67.02894139612775,7.346088622891549,10.653272559474877
signsuisse_test,sign_mt,911,2.3907618526239807,2768.7738724719597,2.378923493515582,4.532982477139224,4.532982477139224,2.378923484141319,4.532982477139224,50.13474433273044,2.378923483685466,4.532982493379692
signsuisse_test,sign_mt,912,9.428670883353048,6155.478472641057,9.450231460891207,12.003878517118462,12.003878517118462,9.450229127272943,12.003878517118462,74.3601159380429,9.450229119641634,12.003878503055411
signsuisse_test,sign_mt,913,8.082784228817452,4940.256100982476,8.060446922154284,10.264965060866961,10.264965060866961,8.05063649132791,10.139604482839156,85.78010016294792,8.060448575377837,10.264965045942883
signsuisse_test,sign_mt,914,7.128107649407225,4803.3929963591145,7.127979110674013,8.027816979438498,8.027816979438498,7.127976567155993,8.027816979438498,43.07143184216334,7.127976579558577,8.027816986804691
signsuisse_test,sign_mt,915,6.119178433814008,6500.479267775174,6.3153208040551405,9.554928463568194,9.554928463568194,6.079658385297088,9.237616349495118,75.82688047442194,6.315324127099168,9.554928490069711
signsuisse_test,sign_mt,916,3.6410946111388487,3128.253430863256,4.064939687180519,7.171916703240504,7.171916703240504,3.6298227500519795,5.971814945466873,50.29250170964334,4.064939158411508,7.171916938718301
signsuisse_test,sign_mt,917,8.357207246027414,5488.972126204191,8.54398358688575,11.762708146485718,11.762708146485718,8.35334058746103,11.280710893215899,82.97799827179645,8.54398580887145,11.762708309649772
signsuisse_test,sign_mt,918,5.803781498328327,5012.401266509645,6.132102085320029,10.825141727898952,10.825141727898952,5.7775413157776985,10.614249376448388,102.38538652598461,6.13210209255815,10.82514170349658
signsuisse_test,sign_mt,919,9.32650836630046,4992.06844152963,10.91322902580476,10.998244597412812,10.998244597412812,9.313552736775089,11.256767860103466,45.324751244659446,10.91322668829704,10.998244627260753
signsuisse_test,sign_mt,920,8.146075250923857,6026.205134295571,8.112758688790574,9.509478782280503,9.509478782280503,8.112756544726972,9.509478782280503,50.75545705966773,8.1127565377736,9.509478780978473
signsuisse_test,sign_mt,921,6.718206987319512,6163.91233207223,7.0842940330261985,9.723855412344026,9.723855412344026,6.705229266322298,9.435209888717772,77.46872071584411,7.084292480079256,9.723855402177433
signsuisse_test,sign_mt,922,6.7013422518211465,4291.100793306477,6.5278030533305555,10.924871586429694,10.924871586429694,6.656690392699201,11.000028727553657,98.01397706875035,6.527803565280557,10.924871614614394
signsuisse_test,sign_mt,923,8.149010321683855,6839.816710221864,8.064041863959195,11.031305526410986,11.031305526410986,8.146756147292887,10.337435928570844,62.71383130710568,8.064041307982999,11.031305553026138
signsuisse_test,sign_mt,924,9.653993103997843,6318.947609862932,9.853882925646973,14.98563293280734,14.98563293280734,9.646693695833727,14.35505851970301,78.04082497539305,9.853877524743039,14.985632942300217
signsuisse_test,sign_mt,925,6.837897856698673,5058.450345273944,8.125264484832206,10.922085343359758,10.922085343359758,6.778678353709334,9.749790987921191,90.56313215240381,8.125264414322647,10.922085360642464
signsuisse_test,sign_mt,926,7.6979838953308315,5719.2635462124945,7.750972997841741,9.442771609749094,9.442771609749094,7.675479993238104,9.254946737969828,64.45825332533337,7.750974234533236,9.442771607915512
signsuisse_test,sign_mt,927,5.2279144921704255,3518.832176621351,5.189596087929146,6.141682527448978,6.141682527448978,5.189597023454884,6.141682527448978,21.036766429873655,5.189596996363594,6.141682504798716
signsuisse_test,sign_mt,928,11.335793761929366,6913.88582145329,11.006654781355296,12.865982543495694,12.865982543495694,11.29587564525519,13.142171101360107,57.60274152038565,11.00665905762133,12.865982525195886
signsuisse_test,sign_mt,929,11.309786752035661,7946.482149362575,11.363060164516233,13.77835284704214,13.77835284704214,11.30165865091837,13.465964059334542,80.04548141931619,11.3630517873306,13.778352845383246
signsuisse_test,sign_mt,930,9.365052953928316,6161.985237114808,8.970819528949733,10.130841673935517,10.130841673935517,9.352203692027345,10.88606148102237,56.1336205667198,8.970818897005453,10.130841673550258
signsuisse_test,sign_mt,931,6.133123066524433,5175.290004233509,6.419944659648988,10.971256803377425,10.971256803377425,6.120639716450228,9.798336296048474,92.0593117212904,6.419944089899569,10.971256804025083
signsuisse_test,sign_mt,932,7.575752616586143,6057.109179799301,7.586849352542901,8.668048794814707,8.668048794814707,7.586854342532009,8.668048794814707,39.13018146974358,7.586854127929218,8.668048582547053
signsuisse_test,sign_mt,933,3.76050950503648,3090.9577989200707,3.3760266458718786,3.49225793761916,3.49225793761916,3.684889657921775,4.896319805748948,42.80432872502828,3.376024547308872,3.4922575457329947
signsuisse_test,sign_mt,934,7.519134192498835,6153.7855618238555,7.5106202842403995,8.825745626039266,8.825745626039266,7.510620280975583,8.825745626039266,48.422925505606266,7.510620181016234,8.825745559512884
signsuisse_test,sign_mt,935,9.397365859627497,7229.396964498732,9.492509662943958,15.39557653764065,15.39557653764065,9.388198227867617,15.164453467254063,130.150592248009,9.492508257774867,15.395576566563367
signsuisse_test,sign_mt,936,6.485886189517394,4927.806914251917,6.541678137274691,10.778486146480564,10.778486146480564,6.499305822486032,10.535683955371878,86.00155724364629,6.541683818443462,10.77848613587666
signsuisse_test,sign_mt,937,8.24952694041055,7844.847350925572,8.543588254809324,9.98714363589855,9.98714363589855,8.24250135436361,9.648080604281427,38.16333722545759,8.543591346758765,9.987143633414327
signsuisse_test,sign_mt,938,9.231508380461971,5767.106082510947,9.262339355421274,10.52884303150067,10.52884303150067,9.262340446103202,10.52884303150067,29.505028504447232,9.262340609369788,10.528843063192628
signsuisse_test,sign_mt,939,11.326711217134015,5764.861929553307,11.321895724176446,13.191124709238986,13.191124709238986,11.293963021612193,13.115347809059239,71.48721722970177,11.321898470330918,13.19112470107772
signsuisse_test,sign_mt,940,8.634785005731398,8368.161841446054,8.869555054844259,10.318691381228675,10.318691381228675,8.625305834793286,10.102625553824625,53.83180098593975,8.869551841303892,10.318691306985752
signsuisse_test,sign_mt,941,6.88075210824612,4742.669817717081,7.817560629241856,8.062954597729327,8.062954597729327,6.84392871520671,6.930317113775169,25.760005225011565,7.817560513121518,8.062954591910254
signsuisse_test,sign_mt,942,7.782809595041036,5851.8184223239905,8.528307325570967,11.026103819544678,11.026103819544678,7.773866815773831,10.092497206258773,86.1045301372915,8.528307261569713,11.026103785475376
signsuisse_test,sign_mt,943,6.4499272104718814,5867.778180945427,6.3294472288503005,7.454917669250557,7.454917669250557,6.449383791657635,7.522816783407798,24.051581949279903,6.329445595640438,7.454917673104513
signsuisse_test,sign_mt,944,9.592229898609764,5258.341153050191,9.079513742391605,10.97579842167069,10.97579842167069,9.544663127494912,11.673093806592211,66.36957008564971,9.079512239087402,10.975797505043206
signsuisse_test,sign_mt,945,14.73932947273158,9298.157241488165,14.47407778587527,14.635665957381915,14.635665957381915,14.7245984662997,14.938247784104012,43.11856820850728,14.474077721148598,14.6356663611811
signsuisse_test,sign_mt,946,6.569587631830501,6589.757168543789,6.578729963793726,7.740316034895109,7.740316034895109,6.578728472155605,7.740316034895109,46.617066858884684,6.578728453235264,7.74031604080314
signsuisse_test,sign_mt,947,7.7438334678465495,6513.260755703424,7.77334960500735,10.688044573743856,10.688044573743856,7.773342653466156,10.688044573743856,80.20049446395868,7.773343040128649,10.68804494715413
signsuisse_test,sign_mt,948,8.466705017549295,7293.372021413623,8.465540037358569,11.883196582413362,11.883196582413362,8.465537916314483,11.883196582413362,77.12615127012351,8.465538937711326,11.883197395819332
signsuisse_test,sign_mt,949,9.74268043646756,6408.569094322741,9.748405403236617,11.182895164429146,11.182895164429146,9.748400614186302,11.182895164429146,62.13221178921675,9.748400630828277,11.182895180376775
signsuisse_test,sign_mt,950,5.944956737663113,4870.980335538876,5.929879053648363,7.904822475800104,7.904822475800104,5.929879512545639,7.904822475800104,49.141415320658226,5.92987951265602,7.904822469144921
signsuisse_test,sign_mt,951,8.576513724768589,7221.3543862491815,8.57350017452672,9.408012884446805,9.408012884446805,8.57350013658091,9.408012884446805,44.99234908906177,8.573500149681381,9.408012899948288
signsuisse_test,sign_mt,952,6.900804512824953,5203.716863961278,6.896889989297203,8.786248456837152,8.786248456837152,6.896890508559236,8.786248456837152,57.57554706157256,6.896889733689779,8.78624782607832
signsuisse_test,sign_mt,953,5.470540195773342,4614.501082028692,5.490451706674823,7.378742113664286,7.378742113664286,5.490451264261641,7.378742113664286,55.23228870140148,5.490451261971261,7.378742126770845
signsuisse_test,sign_mt,954,13.588261366055772,8339.554684861596,13.311397729413855,14.628589637095322,14.628589637095322,13.588345976473274,15.500309232202905,83.74382120691725,13.311392416012506,14.628589617410558
signsuisse_test,sign_mt,955,5.576080007239305,5791.702974239108,5.628315513688959,7.255595134937401,7.255595134937401,5.567822488654791,7.011487077439149,39.07546332361528,5.628319109153804,7.255595136464398
signsuisse_test,sign_mt,956,9.206690062045888,5074.732678318584,9.14328427881009,10.631480280667907,10.631480280667907,9.14328413890058,10.631480280667907,93.72576367700783,9.143284141941505,10.631480287125713
signsuisse_test,sign_mt,957,5.191320247167802,4418.868086431084,5.715252879400492,8.80937170383563,8.80937170383563,5.18550839329839,8.149220548790698,68.44367650761941,5.715253232788635,8.809371700222144
signsuisse_test,sign_mt,958,4.504818621476209,3401.678470162498,4.489736599309888,6.655365466465156,6.655365466465156,4.4897372416373695,6.655365466465156,54.435448582422794,4.489736800043494,6.655365208904093
signsuisse_test,sign_mt,959,4.745252287995743,3627.635105040157,4.73917400033124,7.324949275156299,7.324949275156299,4.739174472297986,7.324949275156299,55.803075618155496,4.739174527755883,7.324949373620821
signsuisse_test,sign_mt,960,4.731009202423055,5786.253356206288,4.7173510586330005,6.943718760574614,6.943718760574614,4.717349976703851,6.943718760574614,54.50435286891226,4.7173502521533965,6.9437187800667335
signsuisse_test,sign_mt,961,9.019583488504459,4685.887344356665,9.020855245581503,11.799659924276966,11.799659924276966,9.020857155337088,11.73096016806014,38.441815946150925,9.020857148370252,11.799659892097385
signsuisse_test,sign_mt,962,3.5911170449805883,4578.329392389524,3.592213945625067,3.9474371628722786,3.9474371628722786,3.592214814840535,3.9474371628722786,20.534899525202107,3.592214820939378,3.9474371699431456
signsuisse_test,sign_mt,963,7.003372809268295,6600.734984731945,6.960970920019207,11.012645609974207,11.012645609974207,6.960978715886343,11.012645609974207,90.69221775081726,6.960978765621645,11.012645664365557
signsuisse_test,sign_mt,964,9.09501724009644,8030.521909497443,9.267316786277403,10.599306335980495,10.599306335980495,9.099184816197171,10.155072705472978,39.664582365013985,9.267317816850882,10.599306333136976
signsuisse_test,sign_mt,965,11.382089444738758,7971.951510614578,11.194817618887347,12.701365895597368,12.701365895597368,11.378753849921784,12.950562880800444,61.90255851691166,11.194817618144072,12.70136590151986
signsuisse_test,sign_mt,966,9.353302477700264,4870.015528534552,9.009316065810388,12.604214939069374,12.604214939069374,9.342544177634478,12.572933198641149,72.49740519324087,9.00931764198508,12.604214967129625
signsuisse_test,sign_mt,967,9.509584501928831,6184.498663767941,9.482724038636897,10.389495611518297,10.389495611518297,9.482724347262595,10.389495611518297,50.420016220994384,9.482725018098758,10.389496232487222
signsuisse_test,sign_mt,968,7.849071662882922,5446.274060106091,7.8698325124468775,11.79428332806508,11.79428332806508,7.793966949060628,11.42881421452096,90.81418144706879,7.869830020276561,11.794283366834174
signsuisse_test,sign_mt,969,3.8904592099448045,3852.636656097013,4.7196302632335305,6.709428243548651,6.709428243548651,3.877648545775217,5.886651091867124,55.47788989497197,4.719630116789146,6.709428138852898
signsuisse_test,sign_mt,970,6.602554713471371,4599.159526169957,6.72533628544282,8.60823376124596,8.60823376124596,6.617395637458987,8.363577060515354,64.85568302917666,6.725339824540417,8.608233556356543
signsuisse_test,sign_mt,971,7.1724606141965,5946.261974867028,7.193290114744265,9.621789189029982,9.621789189029982,7.193291150555757,9.621789189029982,57.62224741935378,7.193290239262733,9.621788534779936
signsuisse_test,sign_mt,972,5.634846670252658,5238.022424274588,5.388983471943739,7.575655779585193,7.575655779585193,5.609730495009156,7.896398784687227,59.318835755016735,5.388983158438404,7.5756557815312915
signsuisse_test,sign_mt,973,8.056636669599506,5488.672836649875,7.892938282027607,9.52508054700407,9.52508054700407,8.066644434646046,9.581583678358138,66.47602501272972,7.892938262564209,9.525080387056951
signsuisse_test,sign_mt,974,4.690769546489618,3102.883019812384,4.678934122738797,6.864301405394265,6.864301405394265,4.6789357203673925,6.864301405394265,44.63605213513459,4.6789353367619935,6.864301119398567
signsuisse_test,sign_mt,975,5.903982628486832,4406.1458320093225,5.865130743135144,8.071816468751946,8.071816468751946,5.865130651984771,8.071816468751946,46.53921729154264,5.865130574413861,8.071816613283504
signsuisse_test,sign_mt,976,11.658545844010357,10851.478445962106,11.679538570636105,13.19146954720068,13.19146954720068,11.679542912374174,13.19146954720068,64.59269446772171,11.67954290621876,13.19146951168906
signsuisse_test,sign_mt,977,8.334970137569384,6459.336522095607,8.337995099619818,8.664947988406281,8.664947988406281,8.337998092234377,8.664947988406281,29.59924093370973,8.337998087326305,8.664947983163263
signsuisse_test,sign_mt,978,8.335246363209992,6600.014418524666,8.444928019778576,10.234507079868408,10.234507079868408,8.357049441817185,9.833716952359058,42.14971515737328,8.444920681693171,10.234507069831167
signsuisse_test,sign_mt,979,4.826277702878111,3400.3285324721983,6.468377428510789,10.172678851145559,10.172678851145559,4.822339300089527,8.248613035537351,58.48467057176477,6.468375890875742,10.172678895366772
signsuisse_test,sign_mt,980,5.095961980753645,4409.983879588038,5.096169708843171,5.9840361569544385,5.9840361569544385,5.096169499438089,5.9840361569544385,31.34799107806336,5.096169526267121,5.984036187692994
signsuisse_test,sign_mt,981,6.047082484528888,4800.183086371421,6.158251950363585,8.692820459311335,8.692820459311335,6.044938838666423,8.398973221699888,65.51370188530063,6.15825135063255,8.692820459126347
signsuisse_test,sign_mt,982,8.913973839074632,8404.567994194806,9.137397183465714,12.392887611738203,12.392887611738203,8.91297833617309,12.090206602531424,93.43972672804946,9.137393498169397,12.39288763881074
signsuisse_test,sign_mt,983,6.399626617279622,5756.950100213976,6.393701740681168,8.26849806861561,8.26849806861561,6.393703638097888,8.26849806861561,60.302832536581015,6.39370276431472,8.268497406929336
signsuisse_test,sign_mt,984,8.88094276412911,5417.1094860340745,9.883116261516317,11.669099378350737,11.669099378350737,8.866441733293241,10.992991009350064,68.22353202918883,9.883116080730789,11.669099387757415
signsuisse_test,sign_mt,985,4.013305278974293,3845.9355851899636,3.992362345623695,8.110269186152825,8.110269186152825,3.9923612029612316,8.110269186152825,76.65008970929203,3.992361214564445,8.110269329955006
signsuisse_test,sign_mt,986,7.405525626055756,5968.343212493425,7.613344819320059,14.67553076896106,14.67553076896106,7.375114374799283,13.83655855057625,133.9898693174703,7.613343620287026,14.675530733563667
signsuisse_test,sign_mt,987,8.262475247325584,6238.66770134593,8.084799147505434,9.438766813712785,9.438766813712785,8.251167943523512,9.434760671695187,53.57434417677971,8.084797690982324,9.438766796478369
signsuisse_test,sign_mt,988,10.420595806873132,6697.286140276064,10.385728732184475,12.353394683456232,12.353394683456232,10.385728354499824,12.353394683456232,55.04430266308348,10.385728355420467,12.353394679747954
signsuisse_test,sign_mt,989,6.417294361403212,4933.030128466659,6.390443936116109,8.928030170910956,8.928030170910956,6.390442964912131,8.928030170910956,46.05966859090732,6.390442939445163,8.928030264586946
signsuisse_test,sign_mt,990,5.747340620475046,5048.115859694868,6.173585130651418,7.040967589724726,7.040967589724726,5.771758109197099,6.656922213915458,38.816703945230515,6.173586504963488,7.040967580994006
signsuisse_test,sign_mt,991,4.26603929579331,4382.3305868297975,4.396641175537678,7.494061492636051,7.494061492636051,4.274779784065254,7.2507622508421194,57.08761145818492,4.396638904560839,7.49406148495272
signsuisse_test,sign_mt,992,7.199922207855743,4013.625335070057,6.1801583161351115,10.080166400394486,10.080166400394486,7.175823217771631,10.27970808164652,63.89033987572883,6.180157768396095,10.080166426421743
signsuisse_test,sign_mt,993,11.325241570549704,6745.024175005955,11.188426723062712,12.109179572087873,12.109179572087873,11.33186968595952,12.21756460489407,39.68280055486576,11.18842477865729,12.10917957435099
signsuisse_test,sign_mt,994,9.706002967311404,6343.493821108034,9.728732732649222,15.16062485426344,15.16062485426344,9.723661005881159,15.157046223213245,105.9757327386991,9.72873621638881,15.16062484168984
signsuisse_test,sign_mt,995,6.934118145517958,5142.480031655291,6.054253219785387,8.596806030165034,8.596806030165034,6.869790043714416,10.294133598001684,94.33176701407925,6.05425389187399,8.596806030021034
signsuisse_test,sign_mt,996,6.286632082298806,4180.419435142133,7.408900944871244,10.167075082775042,10.167075082775042,6.274016837152142,8.894302833721445,61.357153937297596,7.408899376950287,10.16707570217114
signsuisse_test,sign_mt,997,10.602464659581866,6868.502432459267,10.379603358794375,13.644799943660555,13.644799943660555,10.616014531623291,12.869095680297546,75.42775379187924,10.37959874595549,13.644799969969927
signsuisse_test,sign_mt,998,7.37292653612693,5569.731936917529,7.348266462969623,8.87211793368293,8.87211793368293,7.348265982677754,8.87211793368293,55.95531727606348,7.348265964164436,8.872117912891587
signsuisse_test,sign_mt,999,7.4127027178372895,5418.011778189022,7.3266262641326865,10.662407461297224,10.662407461297224,7.404211852351151,10.725048681469566,76.23934507238016,7.326627446815429,10.662407471703341
