data,system,example_id,source,target,nMSE,nAPE,DTW,nDTW
signsuisse_test,sign_mt,0,fra,fsl,0.4433057893042071,0.5729902355515786,142.6008307487458,46.869723290584055
signsuisse_test,sign_mt,1,ita,lse,0.3897277756909115,0.558645250685392,89.47867340169722,29.72621200745713
signsuisse_test,sign_mt,2,fra,fsl,0.3897902759672939,0.47688139106594296,62.01159541693899,17.80119633281687
signsuisse_test,sign_mt,3,fra,fsl,0.37278850379376616,0.4485154632718129,98.64218139724966,62.6067958710059
signsuisse_test,sign_mt,4,ita,lse,0.3288290303944434,0.4736632227685852,56.96651103766302,31.862428302850372
signsuisse_test,sign_mt,5,ita,lse,0.34386827565161526,0.4800029612032826,35.859604297649376,18.357246924323114
signsuisse_test,sign_mt,6,deu,sgg,0.34935212641201224,0.44285883658303776,25.122018533617975,11.230161615509731
signsuisse_test,sign_mt,7,deu,sgg,0.4140018940542462,0.5283425592883205,81.22996386352128,14.340180830005185
signsuisse_test,sign_mt,8,ita,lse,0.4216886536078547,0.5623407072669084,75.686894330069,19.593968657673233
signsuisse_test,sign_mt,9,deu,sgg,0.37527953210170334,0.5484620564224313,83.31241505185872,32.274563982365045
signsuisse_test,sign_mt,10,deu,sgg,0.34928939023443895,0.5203098103949653,52.12795506840146,19.210185407644556
signsuisse_test,sign_mt,11,fra,fsl,0.2370093178204574,0.32726841750041724,25.7326936801298,12.834200331733527
signsuisse_test,sign_mt,12,ita,lse,0.4175043356394429,0.5532831844129847,97.57326216602655,40.74352194825181
signsuisse_test,sign_mt,13,deu,sgg,0.39833516995709883,0.5663906827524727,192.45437966994575,69.83243815161987
signsuisse_test,sign_mt,14,deu,sgg,0.3022158867938419,0.450684714050472,32.362436855118894,12.616146186771696
signsuisse_test,sign_mt,15,deu,sgg,0.372526702446508,0.4977586078869598,63.938292671380154,31.194445604286116
signsuisse_test,sign_mt,16,deu,sgg,0.344365871906729,0.4756259433353617,39.89114954958603,21.05098861250872
signsuisse_test,sign_mt,17,deu,sgg,0.3068610125884907,0.44547693222445794,31.673448864381278,13.985769994418837
signsuisse_test,sign_mt,18,fra,fsl,0.22376631871578628,0.31253207961865137,23.909873336847703,15.581334445271674
signsuisse_test,sign_mt,19,ita,lse,0.41360960084967935,0.5470785010928316,73.76749795701197,25.850258657918733
signsuisse_test,sign_mt,20,fra,fsl,0.21601674371877114,0.3145433239645367,25.805475644453463,16.42842962558574
signsuisse_test,sign_mt,21,ita,lse,0.4593582587302814,0.6089788366026427,194.5874038509814,52.48065510731265
signsuisse_test,sign_mt,22,deu,sgg,0.4293705614415507,0.556291723600561,38.15119876189027,14.07692903582177
signsuisse_test,sign_mt,23,deu,sgg,0.350708945785132,0.5125752664770685,70.85866453495639,28.699912326254562
signsuisse_test,sign_mt,24,deu,sgg,0.38357374813239836,0.5401800121335674,103.98884255918504,50.067049667331766
signsuisse_test,sign_mt,25,deu,sgg,0.27007030583506675,0.3767572129300566,19.387871128034185,6.155441442709897
signsuisse_test,sign_mt,26,deu,sgg,0.3503775516534059,0.49472169607844435,51.86358000868738,25.294186774921645
signsuisse_test,sign_mt,27,deu,sgg,0.38689691166847345,0.5298654523580165,113.90399032844323,40.944709759705376
signsuisse_test,sign_mt,28,ita,lse,0.3192492304647242,0.4703865823763575,38.70312281491848,17.0348981036084
signsuisse_test,sign_mt,29,ita,lse,0.3780747080115565,0.5444715335862398,68.08598315745526,27.275459143091805
signsuisse_test,sign_mt,30,deu,sgg,0.26629813887176906,0.41281734134246884,39.74989486951038,25.983848590000623
signsuisse_test,sign_mt,31,fra,fsl,0.44508114703884105,0.5505026918265378,99.95570046919448,36.31440189425117
signsuisse_test,sign_mt,32,fra,fsl,0.44158852362550594,0.5663490668378184,69.47163947814649,22.041016393225135
signsuisse_test,sign_mt,33,deu,sgg,0.32757158592928554,0.4709433463799995,54.87765318721377,30.552067503206953
signsuisse_test,sign_mt,34,deu,sgg,0.2687053354438441,0.4092082187423712,26.362163948583028,15.248216660365848
signsuisse_test,sign_mt,35,deu,sgg,0.33214447066811426,0.4808353006460932,44.96755161812188,21.5664123326484
signsuisse_test,sign_mt,36,deu,sgg,0.3667005321811259,0.49900215787964985,36.667995904386004,17.33768581372718
signsuisse_test,sign_mt,37,fra,fsl,0.38445462673058906,0.4466888575363157,54.12586070969847,18.128006256757132
signsuisse_test,sign_mt,38,deu,sgg,0.2957797644442405,0.44600027702664086,40.84681291577739,22.184022201993585
signsuisse_test,sign_mt,39,deu,sgg,0.3238600986798663,0.47891175479317877,47.32755273385173,20.555722546113188
signsuisse_test,sign_mt,40,fra,fsl,0.2183840496069389,0.33019090032189624,40.70375266646204,24.72531444908977
signsuisse_test,sign_mt,41,ita,lse,0.3157117582311351,0.468689945304308,96.34201073535145,43.48785373792973
signsuisse_test,sign_mt,42,ita,lse,0.21939147538054304,0.3421490251054619,22.58907974598396,13.739980234921298
signsuisse_test,sign_mt,43,deu,sgg,0.17871594799690324,0.28339938224856775,17.683651269376725,10.587992840635463
signsuisse_test,sign_mt,44,ita,lse,0.3755273685564632,0.5262427214402327,119.75235668232703,49.792835541637075
signsuisse_test,sign_mt,45,ita,lse,0.42614168322134377,0.5952266055036332,134.44078491684692,35.39877064058388
signsuisse_test,sign_mt,46,fra,fsl,0.3939641959025746,0.46751177468488,76.33496407994691,26.443859285995973
signsuisse_test,sign_mt,47,deu,sgg,0.3273764843061219,0.4813066048784627,49.605609707593075,15.239066596258033
signsuisse_test,sign_mt,48,deu,sgg,0.3311182074154299,0.4937621047158332,40.19109197262417,17.824111304016647
signsuisse_test,sign_mt,49,deu,sgg,0.3964043963625706,0.5680581245271581,136.62062104330303,60.3794501129777
signsuisse_test,sign_mt,50,ita,lse,0.3858842684566112,0.54270222377665,67.5803722437253,26.50329846612939
signsuisse_test,sign_mt,51,deu,sgg,0.35711347092318996,0.5045174686137109,43.862142531702744,18.51263226002855
signsuisse_test,sign_mt,52,deu,sgg,0.28636412213703843,0.3666898673941334,21.100916579523048,14.000088833320515
signsuisse_test,sign_mt,53,ita,lse,0.3583477996609473,0.5193012466529341,105.01953706191924,54.259573313918295
signsuisse_test,sign_mt,54,ita,lse,0.3705745758352408,0.5231380144433799,102.38493479500671,34.73860458637433
signsuisse_test,sign_mt,55,fra,fsl,0.4932983321580473,0.5918724491453894,118.67322094821519,51.03638452440352
signsuisse_test,sign_mt,56,ita,lse,0.40867910869271984,0.5483330916896283,89.16344419885444,28.28564717310827
signsuisse_test,sign_mt,57,deu,sgg,0.3526589801143935,0.505246090863291,99.11532877153027,33.766746144592716
signsuisse_test,sign_mt,58,fra,fsl,0.36097310669273847,0.4812565423088524,105.40555192859952,43.99206889369193
signsuisse_test,sign_mt,59,ita,lse,0.33222685080801745,0.47421658778172593,61.593488709805406,31.032957758404006
signsuisse_test,sign_mt,60,deu,sgg,0.33764387408285096,0.5009792506302118,110.29723254495399,59.38297236212586
signsuisse_test,sign_mt,61,deu,sgg,0.30132950076866505,0.4366109348268409,32.127964468568855,13.575640977113006
signsuisse_test,sign_mt,62,deu,sgg,0.3343424809617952,0.5039908334117292,140.91332733335392,79.93061703016203
signsuisse_test,sign_mt,63,fra,fsl,0.4245705787658465,0.5033869342136693,47.86779113681524,18.487044179826256
signsuisse_test,sign_mt,64,ita,lse,0.3902043157997158,0.548881238596801,87.64840696960094,38.3178350334138
signsuisse_test,sign_mt,65,fra,fsl,0.41505114057695286,0.5425316560325162,172.7786627855193,61.184279555772456
signsuisse_test,sign_mt,66,fra,fsl,0.41133004618295915,0.5028678229765113,44.72054471493946,14.218713407336018
signsuisse_test,sign_mt,67,deu,sgg,0.34592459358037503,0.4775362687865712,32.26678849174984,20.585905005443443
signsuisse_test,sign_mt,68,deu,sgg,0.11999864323709689,0.19665932476242012,11.811470952584097,5.123807716656295
signsuisse_test,sign_mt,69,fra,fsl,0.5139822339138159,0.6263317822261693,110.20609501703206,37.75754382000676
signsuisse_test,sign_mt,70,ita,lse,0.3549513597091732,0.5038665233188957,50.602878698230924,22.82523327813695
signsuisse_test,sign_mt,71,deu,sgg,0.29716999452288767,0.43653331868163836,49.85615228170086,32.85137306017973
signsuisse_test,sign_mt,72,deu,sgg,0.18328545519833775,0.2967622772706209,17.9878400685926,10.991288198888324
signsuisse_test,sign_mt,73,deu,sgg,0.3658371189980232,0.5139144401243801,81.56799429326995,34.46025107796354
signsuisse_test,sign_mt,74,fra,fsl,0.32722060901445266,0.43720496480710885,72.6101872332974,46.1004757320476
signsuisse_test,sign_mt,75,fra,fsl,0.4744533826846523,0.6151679948583969,127.05410663132147,35.25078093569576
signsuisse_test,sign_mt,76,deu,sgg,0.3103824885367195,0.45614675669698795,37.39583966269686,22.257342188778363
signsuisse_test,sign_mt,77,fra,fsl,0.34919452299434905,0.4924968388146269,55.88759022767725,38.03648697540373
signsuisse_test,sign_mt,78,ita,lse,0.36414550649362465,0.5127694580114295,84.5317500424699,39.46941448015107
signsuisse_test,sign_mt,79,ita,lse,0.40859167942522295,0.5080511151004724,47.279380358211014,16.289892271164796
signsuisse_test,sign_mt,80,deu,sgg,0.3111970115076684,0.45785641069888194,27.581578032796184,18.279560484284772
signsuisse_test,sign_mt,81,deu,sgg,0.2885553304760773,0.42964334966914314,33.87501600865984,14.556591327356756
signsuisse_test,sign_mt,82,ita,lse,0.3496422089144779,0.4982980319944347,56.883632320374375,25.184012484546578
signsuisse_test,sign_mt,83,ita,lse,0.37640324707291933,0.4982326737203283,34.54866811465611,14.574171511208863
signsuisse_test,sign_mt,84,ita,lse,0.43997136291082206,0.5928671512049246,207.7484971913243,79.65464449171462
signsuisse_test,sign_mt,85,deu,sgg,0.31333000601372923,0.4586802684736873,44.74684215198294,26.241726500350183
signsuisse_test,sign_mt,86,deu,sgg,0.253939268092176,0.3945765424436425,41.33870560046679,21.073455815971244
signsuisse_test,sign_mt,87,ita,lse,0.39470778000622486,0.5524978580747951,96.30902269826406,39.192043531868705
signsuisse_test,sign_mt,88,fra,fsl,0.20876834350185264,0.2884770861907294,17.45300943099645,8.959555000544562
signsuisse_test,sign_mt,89,deu,sgg,0.19610774597721511,0.3010157819891381,16.43309740265351,7.443087765806512
signsuisse_test,sign_mt,90,deu,sgg,0.3523782602801058,0.5041513623153114,89.9620550894888,47.414592903851556
signsuisse_test,sign_mt,91,fra,fsl,0.2710018411830149,0.3869249717592913,42.88389396150592,25.057920248517863
signsuisse_test,sign_mt,92,fra,fsl,0.3010354901812859,0.4154542711703338,32.829990398683776,18.008032288669643
signsuisse_test,sign_mt,93,deu,sgg,0.14705147892017023,0.2457838267463563,20.843036874713704,12.045782572647159
signsuisse_test,sign_mt,94,fra,fsl,0.45969244849076574,0.5560119635850047,82.0675899243979,33.98690944655447
signsuisse_test,sign_mt,95,deu,sgg,0.2593183529088034,0.4118466068669193,48.642231106345065,25.672173154401953
signsuisse_test,sign_mt,96,ita,lse,0.3518295630975052,0.5051767301233709,72.70529460667049,24.215528984640805
signsuisse_test,sign_mt,97,deu,sgg,0.33854234887510065,0.5078327102019979,97.9334277494016,43.38013636578857
signsuisse_test,sign_mt,98,deu,sgg,0.3325740650675051,0.48504329954219333,50.84077755923466,27.772106411439417
signsuisse_test,sign_mt,99,deu,sgg,0.2543205166844515,0.3938173225475413,24.437420690196017,13.459926601424007
signsuisse_test,sign_mt,100,fra,fsl,0.32370085393662107,0.45841693434148734,53.16452951901151,25.420710073331644
signsuisse_test,sign_mt,101,deu,sgg,0.3629940458816977,0.5015769628586945,103.78364924504203,27.13908409286247
signsuisse_test,sign_mt,102,deu,sgg,0.327539894844334,0.4716277764983574,45.27737401021596,26.054455123893064
signsuisse_test,sign_mt,103,deu,sgg,0.2880512666231492,0.4238546900225598,22.051342992486013,13.410909647174797
signsuisse_test,sign_mt,104,fra,fsl,0.39362451796900066,0.4704611030498544,60.62081454986643,28.073801268569063
signsuisse_test,sign_mt,105,fra,fsl,0.2797354944168626,0.35949970411725124,60.96629674669916,26.8492152394596
signsuisse_test,sign_mt,106,deu,sgg,0.334308195113902,0.4879659162743585,63.9818902795058,29.12247617668577
signsuisse_test,sign_mt,107,fra,fsl,0.46424263545577027,0.5886409399768052,116.82293834060847,37.69505980713063
signsuisse_test,sign_mt,108,deu,sgg,2216.1095572727363,5.170854988471972,773.151306122513,18.644685337273426
signsuisse_test,sign_mt,109,deu,sgg,0.32461531603783467,0.48649217358292085,93.21950966847703,39.14624956611925
signsuisse_test,sign_mt,110,deu,sgg,0.35622161873436764,0.5003613425582543,87.86792387801172,31.535988686326036
signsuisse_test,sign_mt,111,ita,lse,0.3633218524976254,0.5253415799006805,71.35019111599884,26.097060386730274
signsuisse_test,sign_mt,112,ita,lse,0.3657079163305875,0.5167631757378489,41.98089990662807,13.785243377990751
signsuisse_test,sign_mt,113,deu,sgg,0.2601985590596495,0.38734272281637466,32.71538123987832,20.439761582850927
signsuisse_test,sign_mt,114,deu,sgg,0.3700806429015484,0.5368421942659403,76.45127241795329,33.098525059109534
signsuisse_test,sign_mt,115,deu,sgg,0.28420618379785856,0.42438365048466814,19.494433871764965,10.111525451572396
signsuisse_test,sign_mt,116,deu,sgg,0.14593556522621876,0.23082561636593776,5.433871060386633,4.48683249736422
signsuisse_test,sign_mt,117,deu,sgg,0.2709359817163427,0.38139448192819847,41.22107901899783,25.672460505019092
signsuisse_test,sign_mt,118,deu,sgg,0.40410208940373904,0.5419566728629347,67.20436270106039,15.253739867781034
signsuisse_test,sign_mt,119,ita,lse,0.36365742118094213,0.5197351011203716,110.42863052194959,39.90139295692581
signsuisse_test,sign_mt,120,fra,fsl,0.4714405806231744,0.5770385784801209,108.81755356331387,33.218894662336815
signsuisse_test,sign_mt,121,fra,fsl,0.30600567212641827,0.3979247105687516,39.50233539937929,20.317737353939208
signsuisse_test,sign_mt,122,ita,lse,0.35591430197419627,0.5099669063008613,38.99862791088325,16.504633453752113
signsuisse_test,sign_mt,123,fra,fsl,0.38804155391772266,0.46897961182207365,139.03622735914408,76.40542508104402
signsuisse_test,sign_mt,124,deu,sgg,0.40615576323098207,0.5551134534505295,87.14046118348494,32.28598725562342
signsuisse_test,sign_mt,125,deu,sgg,0.4091241427305653,0.5212235819388795,36.2138915022323,18.754391559966354
signsuisse_test,sign_mt,126,ita,lse,0.3796024811594714,0.5336473084821183,53.528422286766144,20.435387289873294
signsuisse_test,sign_mt,127,ita,lse,0.30631633044410944,0.42771597616136825,43.36432943094441,18.332146369425278
signsuisse_test,sign_mt,128,fra,fsl,0.403449897679022,0.5423197624018271,101.64801505656088,34.935078158587004
signsuisse_test,sign_mt,129,ita,lse,0.371011862317564,0.5325075444557434,60.654221592882266,23.221299072492517
signsuisse_test,sign_mt,130,deu,sgg,0.3654029256336894,0.514333019218287,73.01927191170964,33.204129202786746
signsuisse_test,sign_mt,131,ita,lse,0.38358630815685213,0.5280451483134523,52.726152314829285,22.88296881293628
signsuisse_test,sign_mt,132,fra,fsl,0.3656786377817061,0.43732560683686816,62.45290601410209,33.12407341084631
signsuisse_test,sign_mt,133,ita,lse,0.34659172899808893,0.48807529740047273,69.42566160362615,22.70709430355496
signsuisse_test,sign_mt,134,deu,sgg,0.40680140293719746,0.5299716116357367,84.61588225573709,30.338007308817165
signsuisse_test,sign_mt,135,ita,lse,0.36218137057828037,0.5253208101328126,85.75290807491746,41.30054370252989
signsuisse_test,sign_mt,136,deu,sgg,0.30557098861419296,0.4343933783797142,18.669494584508932,12.778425363653977
signsuisse_test,sign_mt,137,fra,fsl,0.5098208924994957,0.6039772131337067,207.46904140725263,82.97545573830504
signsuisse_test,sign_mt,138,ita,lse,0.36052876863242667,0.5077073573740495,83.00372137328826,36.134592939318296
signsuisse_test,sign_mt,139,deu,sgg,0.2984420294227952,0.4460870991012348,59.72682376638449,29.857350187377072
signsuisse_test,sign_mt,140,fra,fsl,0.37862347716656497,0.5182224151500092,64.1851856182793,33.49564794149316
signsuisse_test,sign_mt,141,deu,sgg,0.2851211828219183,0.4334665015200009,40.92853413818288,23.363414058192816
signsuisse_test,sign_mt,142,fra,fsl,0.4358506037954285,0.5429236786177534,160.09214966592586,64.85988521819948
signsuisse_test,sign_mt,143,fra,fsl,0.4028571434029901,0.5335650190118245,49.45795044573489,19.373201254262344
signsuisse_test,sign_mt,144,deu,sgg,0.29112012366331974,0.3531490454064545,33.810651210030386,18.113275493157413
signsuisse_test,sign_mt,145,deu,sgg,0.317006876699771,0.46466132760501716,65.14680166369845,32.91977129909152
signsuisse_test,sign_mt,146,deu,sgg,0.2602697956585127,0.4018825097155909,26.57602852715401,18.25279402065131
signsuisse_test,sign_mt,147,deu,sgg,0.39048217650336986,0.5671226618720574,116.02232447679835,47.00511208054288
signsuisse_test,sign_mt,148,deu,sgg,0.29070782892209035,0.42634860729341945,23.46858378476104,17.778877411685755
signsuisse_test,sign_mt,149,deu,sgg,0.4577852448908911,0.5933906500536129,69.23996778521351,37.42638734886306
signsuisse_test,sign_mt,150,deu,sgg,0.42070002930783507,0.53410702931663,117.02598086938686,34.115497054428516
signsuisse_test,sign_mt,151,fra,fsl,0.35330982174814285,0.4156017036281764,87.06413944523337,39.259462489544454
signsuisse_test,sign_mt,152,deu,sgg,0.13697764042159644,0.2285826769939125,11.716538091837998,9.735746090698205
signsuisse_test,sign_mt,153,ita,lse,0.3740499651526638,0.5209499477736297,52.61314327696132,17.484590939252545
signsuisse_test,sign_mt,154,ita,lse,0.3328636255190184,0.46213757860214927,33.793296567439114,14.865677814789471
signsuisse_test,sign_mt,155,fra,fsl,0.42453568468916575,0.536956464835511,120.66271062120005,41.577457374188064
signsuisse_test,sign_mt,156,fra,fsl,0.3733749396137916,0.49581665582681395,92.15080240832418,36.35797593691118
signsuisse_test,sign_mt,157,fra,fsl,0.36818807354563066,0.4195093918701931,51.247200967635465,29.269882639235547
signsuisse_test,sign_mt,158,ita,lse,0.4461084981402175,0.6023267901281899,173.06493496468264,52.74801963831224
signsuisse_test,sign_mt,159,ita,lse,0.36559627542795264,0.5187098897548013,52.905017764016094,23.20376676572449
signsuisse_test,sign_mt,160,ita,lse,0.2962328884259929,0.45264386197532624,44.61591003076149,21.994274462028024
signsuisse_test,sign_mt,161,deu,sgg,0.36428874657170546,0.4950994412384242,45.13403267545294,20.007528901316057
signsuisse_test,sign_mt,162,ita,lse,0.3859136068647743,0.5454991991447428,130.78413794199432,47.349533315159604
signsuisse_test,sign_mt,163,ita,lse,0.3791500455087361,0.5221383980982268,61.53068723627681,20.09508629710042
signsuisse_test,sign_mt,164,deu,sgg,0.30598277265788304,0.4521167167347201,40.976875102919486,22.66580635938678
signsuisse_test,sign_mt,165,deu,sgg,0.29947570090481723,0.4428107044558621,38.69349612337029,17.506211321817332
signsuisse_test,sign_mt,166,ita,lse,0.30288772139174036,0.4565603066934734,51.01272085927109,26.818184175846945
signsuisse_test,sign_mt,167,fra,fsl,0.15728629212733006,0.27662413671193453,44.02036641038852,26.512757545542428
signsuisse_test,sign_mt,168,deu,sgg,0.2905956344603436,0.43223538783492094,49.74723247756698,23.574097753962935
signsuisse_test,sign_mt,169,deu,sgg,0.30599427689485303,0.4448870164970018,20.73995683044924,9.478572126953734
signsuisse_test,sign_mt,170,deu,sgg,0.29374297861554,0.43674021878563163,40.059635809784844,16.698994882790156
signsuisse_test,sign_mt,171,ita,lse,0.35795470866182155,0.5021904773388205,55.86690172513802,25.317693191074923
signsuisse_test,sign_mt,172,fra,fsl,0.47601215913572853,0.5620869899447616,95.06947282096786,22.318336037366304
signsuisse_test,sign_mt,173,deu,sgg,0.40822352689864044,0.5041326951607549,61.519995272793984,33.211939456542176
signsuisse_test,sign_mt,174,deu,sgg,0.1685091500717661,0.22077579719222656,21.229247732916907,10.40441377578186
signsuisse_test,sign_mt,175,fra,fsl,0.380661532223487,0.5086268437057951,167.71308053322656,62.560767577934314
signsuisse_test,sign_mt,176,deu,sgg,0.26230740664387103,0.39219649390784583,34.837335814973194,15.502181832959412
signsuisse_test,sign_mt,177,deu,sgg,0.2303667926128973,0.3315132990672512,23.576146024217383,12.936318427514939
signsuisse_test,sign_mt,178,fra,fsl,0.2820214964467488,0.37965224193023717,35.81663331359689,21.210933567417882
signsuisse_test,sign_mt,179,deu,sgg,0.342708068804885,0.5049725590030532,62.60897085845259,56.160523595044396
signsuisse_test,sign_mt,180,fra,fsl,0.34719149861521986,0.4376513119447865,35.75405966526773,15.144374203730173
signsuisse_test,sign_mt,181,fra,fsl,0.3887303629659898,0.4849414399587416,56.429745217827055,24.80030474864282
signsuisse_test,sign_mt,182,deu,sgg,0.40013535718728344,0.5732319410240392,73.98816544014107,49.901370106513816
signsuisse_test,sign_mt,183,deu,sgg,0.26998269854855256,0.4111111179359251,46.02811427734368,22.365872032971247
signsuisse_test,sign_mt,184,deu,sgg,0.21127239299468367,0.3084108192164166,13.714347037265336,8.600625491973105
signsuisse_test,sign_mt,185,ita,lse,0.33815432252659694,0.49454794647558875,57.20614977632623,26.16566358453377
signsuisse_test,sign_mt,186,deu,sgg,0.24275767416369678,0.34578774568984844,15.13487374130462,8.237453778449341
signsuisse_test,sign_mt,187,deu,sgg,0.3289512052374205,0.487817600168149,43.600952129706435,19.309114292203603
signsuisse_test,sign_mt,188,deu,sgg,0.3960337336978319,0.5427289259028576,99.75103651067971,47.78331538099274
signsuisse_test,sign_mt,189,ita,lse,0.1870464084041093,0.2964228631558604,18.999466890278313,11.97096857497578
signsuisse_test,sign_mt,190,ita,lse,0.41925595472797034,0.569517071930724,60.12723912810456,22.26184350131014
signsuisse_test,sign_mt,191,fra,fsl,0.492910633827742,0.5306923401401288,171.48556092214005,110.24669647600832
signsuisse_test,sign_mt,192,ita,lse,0.3640119693528291,0.48048844385338974,56.201293009827616,26.788491440693047
signsuisse_test,sign_mt,193,ita,lse,0.42849763314440625,0.5800586663578862,104.73746007085197,47.958143218261036
signsuisse_test,sign_mt,194,deu,sgg,0.3487153943526753,0.5042763411841393,96.16325037033937,42.035379194509495
signsuisse_test,sign_mt,195,ita,lse,0.3744522557218894,0.5088200091806007,35.969132555892536,18.86779122687914
signsuisse_test,sign_mt,196,deu,sgg,0.1925974600395003,0.2984839255189443,18.976003005303685,12.553779139394376
signsuisse_test,sign_mt,197,deu,sgg,0.31642161507827554,0.46230773253354873,36.949757965065295,24.253589244971632
signsuisse_test,sign_mt,198,deu,sgg,0.3665761990387856,0.5076606791509491,59.609434171707974,32.245846864623154
signsuisse_test,sign_mt,199,deu,sgg,0.3316548917578847,0.4949149876871488,63.56076458250735,34.13047659513917
signsuisse_test,sign_mt,200,deu,sgg,0.33107678736020674,0.486449777719378,55.880646947288746,24.933674308465914
signsuisse_test,sign_mt,201,fra,fsl,0.3980155265017178,0.4796678150970977,62.18231523447934,22.569466237290346
signsuisse_test,sign_mt,202,deu,sgg,0.29707421032522086,0.423160516011556,32.54473403683209,8.26036153498413
signsuisse_test,sign_mt,203,fra,fsl,0.3737935561973816,0.5025577734882621,56.302269497951855,27.156525100972747
signsuisse_test,sign_mt,204,fra,fsl,0.39495087019471553,0.46856819423351026,33.35472955401312,12.68582751246054
signsuisse_test,sign_mt,205,deu,sgg,0.39970797012821785,0.5505190717542068,97.34850277244428,33.18236286751785
signsuisse_test,sign_mt,206,fra,fsl,0.4461068133447837,0.5373916674887199,73.94865757339345,28.757183755087134
signsuisse_test,sign_mt,207,fra,fsl,0.45146323053472354,0.5730345557125905,145.9915221829402,48.28309126175619
signsuisse_test,sign_mt,208,fra,fsl,0.4222964678440156,0.5338021451776475,110.5236824595025,36.6200574070858
signsuisse_test,sign_mt,209,ita,lse,0.431762371665062,0.579723878223831,96.52359911677695,32.57630544913734
signsuisse_test,sign_mt,210,deu,sgg,0.33509422318547116,0.49400023076030114,79.85257467560099,39.810933372354114
signsuisse_test,sign_mt,211,ita,lse,0.3470807567435879,0.4912738855630724,57.38672587083445,23.368001951171106
signsuisse_test,sign_mt,212,deu,sgg,0.29793883953879097,0.4480935768629589,42.31085344062426,25.861063805642466
signsuisse_test,sign_mt,213,ita,lse,0.21926898190382196,0.334907041558626,15.654595974056448,10.987669237901622
signsuisse_test,sign_mt,214,ita,lse,0.2669579952721795,0.3950660118395705,23.758867084797252,15.470888178867952
signsuisse_test,sign_mt,215,fra,fsl,0.3266633178741066,0.44431674928764603,31.117251377157213,21.92332985194392
signsuisse_test,sign_mt,216,deu,sgg,0.3202969445746818,0.4580606659371718,34.52434437177696,20.167455549621316
signsuisse_test,sign_mt,217,fra,fsl,0.4918376041985671,0.5508640750890954,55.32460166749478,20.577994281426857
signsuisse_test,sign_mt,218,fra,fsl,0.48489882414464935,0.5640372669831226,217.36768985513325,91.1374277723519
signsuisse_test,sign_mt,219,ita,lse,0.36389816759387905,0.5098690345839348,39.36499335571868,16.167760081983733
signsuisse_test,sign_mt,220,deu,sgg,0.3910418267147977,0.5335402666938869,77.13855347990979,42.215775247224414
signsuisse_test,sign_mt,221,deu,sgg,0.3268095434114441,0.48250018729309446,35.58275021218135,21.000733704751404
signsuisse_test,sign_mt,222,ita,lse,0.357391796179956,0.5157454387004307,99.42379882724784,26.50544803401344
signsuisse_test,sign_mt,223,deu,sgg,0.16973800661467497,0.28196457672020325,29.395994411088324,18.894102793109692
signsuisse_test,sign_mt,224,deu,sgg,0.32280747135585586,0.4739689311039945,41.2554526386387,22.618671377043036
signsuisse_test,sign_mt,225,fra,fsl,0.42593483996304204,0.5270352849845754,44.04113936250055,20.183646749315162
signsuisse_test,sign_mt,226,fra,fsl,0.48665042840283484,0.6383076014990815,159.08072996510495,47.03232982940842
signsuisse_test,sign_mt,227,fra,fsl,0.3952391259770375,0.502993440381335,110.28342754692787,44.04955774755237
signsuisse_test,sign_mt,228,deu,sgg,0.31385072380587326,0.4500260623432994,38.8926355987618,20.26268783782337
signsuisse_test,sign_mt,229,ita,lse,0.3935669164637168,0.5546017308919227,101.97725410806221,30.39852584831931
signsuisse_test,sign_mt,230,fra,fsl,0.36916541285300064,0.43531532670173656,72.755735603886,48.388588268510134
signsuisse_test,sign_mt,231,deu,sgg,0.2975810469253508,0.42268964527937863,24.99544432526305,15.431395802403069
signsuisse_test,sign_mt,232,ita,lse,0.40395858468334755,0.5660826440532191,107.01465710044492,41.3057778577356
signsuisse_test,sign_mt,233,deu,sgg,0.2783368672035012,0.42566064565746453,26.91586504149775,16.23363902636586
signsuisse_test,sign_mt,234,ita,lse,0.3495367008860348,0.5117010410812478,59.443241766905,23.075945296517183
signsuisse_test,sign_mt,235,deu,sgg,0.33516335387940577,0.47724060161042064,60.138782693128334,31.925550080587403
signsuisse_test,sign_mt,236,fra,fsl,0.4252834056196295,0.5209474424570398,51.996142033363874,15.797859971550345
signsuisse_test,sign_mt,237,ita,lse,0.3661627464066695,0.5055861984654784,41.55697471186629,18.380954679073717
signsuisse_test,sign_mt,238,ita,lse,0.4100971347934929,0.5815586000365085,99.40221256415582,28.74341757025427
signsuisse_test,sign_mt,239,deu,sgg,0.22947961531780647,0.3471601115916743,24.069728802170435,14.853650352952346
signsuisse_test,sign_mt,240,fra,fsl,0.4332645345077902,0.5226457370661641,58.385834174231064,16.17964210124157
signsuisse_test,sign_mt,241,deu,sgg,0.41403942166950986,0.5762969158061577,103.63225150933404,41.5399907279119
signsuisse_test,sign_mt,242,ita,lse,0.42497067034024416,0.5316214709902034,38.74629870418857,14.303647125039467
signsuisse_test,sign_mt,243,deu,sgg,0.31708690310848486,0.46280002610753646,42.23562770485965,21.014506839207773
signsuisse_test,sign_mt,244,deu,sgg,0.2540939982629757,0.3624879135288294,21.514622756397543,9.380844520628418
signsuisse_test,sign_mt,245,deu,sgg,0.3029505048902009,0.45052269045573845,33.769137298484665,21.652259623615514
signsuisse_test,sign_mt,246,ita,lse,0.301917639157007,0.42694111408879215,32.72292518009562,12.267241047767548
signsuisse_test,sign_mt,247,deu,sgg,0.4187452641922929,0.56881924193437,47.385522003820036,25.091376776127127
signsuisse_test,sign_mt,248,ita,lse,0.34961505672382664,0.4848852211869357,97.63721868002997,37.95239851539161
signsuisse_test,sign_mt,249,fra,fsl,5076.576656323111,11.632912945605005,1660.19795690261,28.489937096640777
signsuisse_test,sign_mt,250,deu,sgg,0.3245017121213334,0.47030267239607204,39.86274723680937,20.772814459657873
signsuisse_test,sign_mt,251,deu,sgg,0.24930121441792052,0.37993079656478507,28.105673499322933,16.2128825824493
signsuisse_test,sign_mt,252,deu,sgg,0.33082800614735386,0.4835798561341837,79.20131839016996,46.19445243737332
signsuisse_test,sign_mt,253,deu,sgg,0.31342962922479667,0.4735034601981436,63.12975080314393,36.638962384780015
signsuisse_test,sign_mt,254,fra,fsl,0.32088505938649253,0.4471300029419617,61.726687673250446,30.85916212882097
signsuisse_test,sign_mt,255,fra,fsl,0.3447975452908731,0.4472182305374814,34.74716555891141,9.616139585538772
signsuisse_test,sign_mt,256,deu,sgg,0.15112830364225674,0.22257357526447935,30.088445633980243,15.056141841086149
signsuisse_test,sign_mt,257,ita,lse,0.3756283188607367,0.5394767183986814,63.94265493775411,29.461525438052877
signsuisse_test,sign_mt,258,deu,sgg,0.3717881186659804,0.5466766614242331,100.28590629798559,57.3237270824545
signsuisse_test,sign_mt,259,deu,sgg,0.303569426402039,0.4572095333280229,39.26497475694534,20.204342088038654
signsuisse_test,sign_mt,260,fra,fsl,0.5813611324053095,0.6411002059588147,97.64895783416092,24.92267121744868
signsuisse_test,sign_mt,261,deu,sgg,0.33905706932340385,0.481749014719512,35.16092756746477,15.163062949900883
signsuisse_test,sign_mt,262,fra,fsl,0.23584734723853681,0.3716799370860506,53.10736521175819,35.25661359919155
signsuisse_test,sign_mt,263,deu,sgg,0.3032709522610596,0.42971894657701465,29.2760870565186,15.265882427441273
signsuisse_test,sign_mt,264,deu,sgg,0.3365769476900481,0.49130674890035214,56.57783213414277,24.47398971151764
signsuisse_test,sign_mt,265,deu,sgg,0.370223617567762,0.5382248886805727,69.90248718862736,27.12103206680543
signsuisse_test,sign_mt,266,deu,sgg,0.2982336280016394,0.36421615010536906,31.12163358570189,14.89867540003732
signsuisse_test,sign_mt,267,ita,lse,0.3916246848051061,0.5465235552412353,78.93605829867204,25.397258348856017
signsuisse_test,sign_mt,268,ita,lse,0.36232037545158224,0.5203850458983158,87.95786524672012,28.7883267801639
signsuisse_test,sign_mt,269,deu,sgg,0.3627375561259044,0.5223772600716173,59.517142756325164,21.669544098774608
signsuisse_test,sign_mt,270,fra,fsl,0.41817401549824135,0.5288820653114743,117.9536759808669,49.339426095029495
signsuisse_test,sign_mt,271,fra,fsl,0.2627365640407666,0.35720999614019694,19.378651499976353,9.171456463170179
signsuisse_test,sign_mt,272,ita,lse,0.3905066110333328,0.5089933941844923,27.898044138665988,12.023797998134208
signsuisse_test,sign_mt,273,deu,sgg,0.3360488148599176,0.49062431432831394,40.39098525894594,17.915981299029635
signsuisse_test,sign_mt,274,fra,fsl,0.30514681791297144,0.44103053888311466,185.97835974014745,128.0913315480932
signsuisse_test,sign_mt,275,deu,sgg,0.28299369183811557,0.4212343397849894,34.29660272113016,18.3141993110387
signsuisse_test,sign_mt,276,deu,sgg,0.40003756526970213,0.5574796953974264,157.44133107008327,70.59651035375062
signsuisse_test,sign_mt,277,deu,sgg,0.3287643101406768,0.4928473247522941,81.13560536917149,46.77915817536904
signsuisse_test,sign_mt,278,deu,sgg,0.399337812468276,0.5548987118142112,164.27164369135056,49.92850073681572
signsuisse_test,sign_mt,279,deu,sgg,0.34810620590171404,0.49685054492546293,32.23306325894729,17.919823015866818
signsuisse_test,sign_mt,280,fra,fsl,0.3559424365192475,0.4441602481448391,31.34067514714959,18.212026141763353
signsuisse_test,sign_mt,281,deu,sgg,0.3270253477685865,0.4896464953120039,86.03811482486489,38.71401710002574
signsuisse_test,sign_mt,282,ita,lse,0.3656362208267885,0.511916644180559,44.34898845519136,16.79936840509654
signsuisse_test,sign_mt,283,deu,sgg,0.3829204802815429,0.49317258408300146,53.273292635486285,15.804660526371743
signsuisse_test,sign_mt,284,ita,lse,0.3481430961436637,0.5066265071003478,64.77145396018766,32.87975731425185
signsuisse_test,sign_mt,285,deu,sgg,0.34556650766167385,0.4804726257291362,57.43430557295205,28.426962546029948
signsuisse_test,sign_mt,286,ita,lse,0.33959379570570264,0.4710452733946731,42.16360918862258,20.23231982935755
signsuisse_test,sign_mt,287,deu,sgg,0.31335788156595523,0.47002872753725095,79.63076222431366,37.40229385497247
signsuisse_test,sign_mt,288,deu,sgg,0.3910206853330705,0.5119607756487919,67.71136777336024,27.839429603468723
signsuisse_test,sign_mt,289,ita,lse,0.39852874176578207,0.560113650136622,121.90002821877123,36.38116966983457
signsuisse_test,sign_mt,290,deu,sgg,0.30216910139791325,0.4579356089575779,57.25994799465116,25.425954913812465
signsuisse_test,sign_mt,291,fra,fsl,1738.4122854114685,4.16127671001227,1579.3966134556395,31.580756700308672
signsuisse_test,sign_mt,292,deu,sgg,0.2630920362847059,0.4003092943532429,28.217076254264143,14.61124698111266
signsuisse_test,sign_mt,293,fra,fsl,0.3057803631600212,0.3460360477596493,56.721390715072545,26.834653091866233
signsuisse_test,sign_mt,294,deu,sgg,0.3362803767229027,0.5054934000520173,92.04579979466284,34.83545269949125
signsuisse_test,sign_mt,295,ita,lse,0.44362193376748443,0.5986458127671626,155.78872421375158,42.91762959340099
signsuisse_test,sign_mt,296,deu,sgg,0.35858349851349497,0.5284517370994204,113.61788749353634,63.032307207359416
signsuisse_test,sign_mt,297,deu,sgg,0.30123300521500007,0.43875007233496194,48.461668002280156,28.51890045898616
signsuisse_test,sign_mt,298,deu,sgg,0.07961457105510741,0.13586367262348084,25.390029609606582,15.029910081429097
signsuisse_test,sign_mt,299,deu,sgg,0.33019382477183346,0.4853615433124755,34.81013056805268,20.315713687564582
signsuisse_test,sign_mt,300,fra,fsl,0.3808837457672605,0.49599855682978355,56.02031882414546,32.42037161102709
signsuisse_test,sign_mt,301,deu,sgg,0.3282063327832544,0.4764723634288755,49.08074501289434,22.556982333500986
signsuisse_test,sign_mt,302,fra,fsl,0.44860103422619346,0.5327587884129416,75.19422957926393,19.00728955006977
signsuisse_test,sign_mt,303,fra,fsl,0.37308888285809655,0.46185245970245226,68.88526915217005,23.18520409693825
signsuisse_test,sign_mt,304,deu,sgg,0.38456692584768476,0.5385656674656123,57.215025236683125,32.93108870091125
signsuisse_test,sign_mt,305,fra,fsl,0.34745179821505834,0.4762518759754945,54.90416486289169,20.66581676657553
signsuisse_test,sign_mt,306,ita,lse,0.33226842233090176,0.47062371205510256,52.48160555931507,28.436086366193244
signsuisse_test,sign_mt,307,fra,fsl,0.4730480493904746,0.5588861717780729,100.68981388359224,25.121852943231495
signsuisse_test,sign_mt,308,ita,lse,0.33758798764825243,0.4785026388587176,35.45510768156923,19.69191068372644
signsuisse_test,sign_mt,309,ita,lse,0.3549202438344181,0.5115845041906816,78.38867797792963,29.42588653887039
signsuisse_test,sign_mt,310,ita,lse,0.3601210738046896,0.5075419366803441,79.3155588856337,35.57681058603904
signsuisse_test,sign_mt,311,ita,lse,0.4504588372730795,0.6055882211030476,100.66467888015843,36.68656129676123
signsuisse_test,sign_mt,312,fra,fsl,0.3932491810430661,0.43854122869072526,79.92930676300907,43.901707821599615
signsuisse_test,sign_mt,313,ita,lse,0.4328489946434551,0.5704788935190325,110.19943015477982,28.925117450236534
signsuisse_test,sign_mt,314,deu,sgg,0.1531888999880208,0.22096043647924274,45.277443358685076,21.533159460191477
signsuisse_test,sign_mt,315,deu,sgg,0.31197493779002927,0.4251342800266828,43.202627887465816,16.724809720424474
signsuisse_test,sign_mt,316,deu,sgg,0.2246566814848025,0.3200149855762396,28.31179578042983,17.758303299012223
signsuisse_test,sign_mt,317,deu,sgg,0.289089464496456,0.44102045751322094,68.48097738566833,39.832758557258856
signsuisse_test,sign_mt,318,fra,fsl,0.21098569226179612,0.29370275729864037,40.2429495045993,25.613751760563574
signsuisse_test,sign_mt,319,fra,fsl,0.4505712928341746,0.5260506405550497,89.04756265222154,43.900760412202295
signsuisse_test,sign_mt,320,fra,fsl,0.4722763480481367,0.5831606031882007,92.40296849620228,27.888810508816228
signsuisse_test,sign_mt,321,ita,lse,0.3214043688282518,0.4646953013505752,65.28243885644103,21.62192747394119
signsuisse_test,sign_mt,322,deu,sgg,0.3319954368661404,0.49905321959640936,82.29840419866858,38.55893322538043
signsuisse_test,sign_mt,323,fra,fsl,0.26097369058285286,0.35249588632248124,61.96759356887037,34.451342359384434
signsuisse_test,sign_mt,324,deu,sgg,0.2673909279152925,0.3737285676872643,27.035335642299007,16.200282665722316
signsuisse_test,sign_mt,325,deu,sgg,0.2802179063409309,0.4309877353131284,41.09522654207541,25.384147146432955
signsuisse_test,sign_mt,326,ita,lse,0.36399164788701455,0.44674597312329484,57.17545687220667,30.876405235098467
signsuisse_test,sign_mt,327,deu,sgg,0.3781792188593677,0.5345379252849073,75.26200172843221,20.901972602205074
signsuisse_test,sign_mt,328,fra,fsl,0.553690441139912,0.662565662894693,197.39655842054495,25.068750147901028
signsuisse_test,sign_mt,329,deu,sgg,0.2693254017021049,0.41199046463979305,43.736078390758365,20.624794151703572
signsuisse_test,sign_mt,330,deu,sgg,0.3872368570645683,0.5474078548451307,106.52071003234795,41.50407490675373
signsuisse_test,sign_mt,331,deu,sgg,0.35442447117216674,0.4937074238687138,57.478376415271974,35.927984829638284
signsuisse_test,sign_mt,332,ita,lse,0.3653386912142952,0.5357300846005988,133.8432858254147,68.29136426947682
signsuisse_test,sign_mt,333,ita,lse,0.39342410293116936,0.5528910214651614,88.68854415487725,32.79678081109354
signsuisse_test,sign_mt,334,deu,sgg,0.37847726397115217,0.5498376759154295,102.41712716851548,38.71926340616032
signsuisse_test,sign_mt,335,deu,sgg,0.24154296066230668,0.3647399608335178,12.757027075827136,7.010427465826131
signsuisse_test,sign_mt,336,fra,fsl,0.39523737153843264,0.5225622322777848,59.070652980254536,20.76596676795972
signsuisse_test,sign_mt,337,fra,fsl,2199.476739384752,5.182231094422113,5073.807599902766,22.547306920610833
signsuisse_test,sign_mt,338,deu,sgg,0.44452805902409787,0.606210500343396,149.13678747133318,95.77795968917764
signsuisse_test,sign_mt,339,fra,fsl,0.4914443843566018,0.5945114567030966,49.122404203523935,18.711321101759143
signsuisse_test,sign_mt,340,deu,sgg,0.20337795909034012,0.28568763002734765,27.77456200058288,14.429232008712482
signsuisse_test,sign_mt,341,ita,lse,0.33182212158288066,0.4754251809134751,73.31503700227438,31.601121861479193
signsuisse_test,sign_mt,342,deu,sgg,0.3304921940322131,0.48976706957645955,45.168970962534566,23.9214787021862
signsuisse_test,sign_mt,343,deu,sgg,0.3462934312938729,0.4908476811317535,86.38047802658463,25.697901034240807
signsuisse_test,sign_mt,344,fra,fsl,0.2761637324637166,0.3773375775778565,112.27311141451266,62.426840707345065
signsuisse_test,sign_mt,345,deu,sgg,0.2992898605639869,0.4457155925999245,35.736414782926346,12.04337487522985
signsuisse_test,sign_mt,346,deu,sgg,0.3876941658106076,0.546108576667896,61.26806267795646,35.97827094133567
signsuisse_test,sign_mt,347,deu,sgg,0.3492902507994052,0.5228491637084638,155.1693419728522,89.08411332470469
signsuisse_test,sign_mt,348,fra,fsl,0.30265785330753403,0.3964164891988308,30.52478374418429,15.12810195877528
signsuisse_test,sign_mt,349,fra,fsl,0.34054150220875923,0.4282641029993807,69.42600523208189,36.81568109348379
signsuisse_test,sign_mt,350,ita,lse,0.38950343539850507,0.5392535383478094,71.35970598551991,21.548833156935277
signsuisse_test,sign_mt,351,ita,lse,0.26075026040301746,0.3542597208577296,35.92918137845365,16.356232831259067
signsuisse_test,sign_mt,352,deu,sgg,0.33013167779525165,0.48925798669344495,86.30835197413734,44.65704908343385
signsuisse_test,sign_mt,353,ita,lse,0.3621822153214612,0.5206747496821005,97.2564019622638,27.155203638606768
signsuisse_test,sign_mt,354,deu,sgg,7559.995757105673,16.96861042770588,2476.6258306792924,8.201365198400758
signsuisse_test,sign_mt,355,ita,lse,0.3871619565929728,0.5424095040748402,124.80434549306452,30.779875493385298
signsuisse_test,sign_mt,356,ita,lse,0.34966357393071446,0.4844990674137102,39.859426500438936,13.665149643958355
signsuisse_test,sign_mt,357,deu,sgg,0.340311106406564,0.5145052544345771,54.98600867240769,22.050293723097806
signsuisse_test,sign_mt,358,ita,lse,0.3792716866979067,0.5271474309169228,73.96383622794527,33.8337738924011
signsuisse_test,sign_mt,359,deu,sgg,0.36041063917887406,0.5046138731614157,77.1238950470583,55.83376743386821
signsuisse_test,sign_mt,360,ita,lse,0.2727237186713462,0.40147803818825045,39.64596735150809,17.259425624832172
signsuisse_test,sign_mt,361,ita,lse,0.3734656192746724,0.5054923354898075,66.03594079396254,36.37486007401548
signsuisse_test,sign_mt,362,ita,lse,0.447309840948131,0.579057267872623,74.8184973970196,24.645802362678783
signsuisse_test,sign_mt,363,fra,fsl,0.35784027935330276,0.46535922050677686,66.36228251369155,23.051138064415493
signsuisse_test,sign_mt,364,fra,fsl,0.45171236332025466,0.5529652129471897,94.98206313430792,24.45291544838795
signsuisse_test,sign_mt,365,ita,lse,0.2869642298412412,0.428985240885777,40.35178843660751,23.595951049583476
signsuisse_test,sign_mt,366,deu,sgg,0.3186157610317494,0.4766700657201091,83.87101352042492,57.36042737455502
signsuisse_test,sign_mt,367,deu,sgg,0.36328343322111983,0.4773944692507689,52.80650301162587,25.2002066733321
signsuisse_test,sign_mt,368,deu,sgg,0.2598905624052963,0.37405062721557963,22.085826488847477,10.70833652392212
signsuisse_test,sign_mt,369,ita,lse,0.37877582569610174,0.5224391834321511,50.59489195370104,21.192133120034736
signsuisse_test,sign_mt,370,fra,fsl,0.40980731083383165,0.5243314903821867,56.81010240969963,30.12151953414924
signsuisse_test,sign_mt,371,deu,sgg,0.3362352543106494,0.49546294705556615,119.82784379659047,30.881610186574974
signsuisse_test,sign_mt,372,deu,sgg,0.32133738424268943,0.44866649860280494,45.84447027195439,23.150219936956756
signsuisse_test,sign_mt,373,deu,sgg,0.303154037194509,0.45634622285356863,53.81633696889693,30.02178032729756
signsuisse_test,sign_mt,374,deu,sgg,0.3140856900348254,0.4905740628975777,101.9157331591593,54.09997201266812
signsuisse_test,sign_mt,375,deu,sgg,0.227050423408276,0.3520583503141215,40.42412689491653,25.908988685526193
signsuisse_test,sign_mt,376,fra,fsl,0.23783716095482293,0.3012885703605942,33.03012328608334,16.414050422922244
signsuisse_test,sign_mt,377,ita,lse,0.3972523270078444,0.5608252253325682,72.84289494460845,21.757801490972152
signsuisse_test,sign_mt,378,deu,sgg,0.17167459985861858,0.2621268800014466,12.7800644050601,8.43524733438884
signsuisse_test,sign_mt,379,fra,fsl,0.3315471280717859,0.46303654030494124,71.96216313938358,43.83485168063142
signsuisse_test,sign_mt,380,ita,lse,0.36686152500296015,0.5215321131302333,151.1299444175034,46.455308815595245
signsuisse_test,sign_mt,381,ita,lse,0.4325802205265189,0.5837874460406322,123.94741493366864,27.213553292626656
signsuisse_test,sign_mt,382,deu,sgg,0.392156711701867,0.5563487832600679,146.05125741389583,56.08487561973562
signsuisse_test,sign_mt,383,fra,fsl,0.450625067097449,0.5296028674924915,129.00095607205873,46.265002618416446
signsuisse_test,sign_mt,384,ita,lse,0.4380392909621919,0.5517452127424731,65.82984557096799,19.67660677070758
signsuisse_test,sign_mt,385,deu,sgg,0.3098012234454551,0.46457452263607657,54.653737738023146,21.565896639549948
signsuisse_test,sign_mt,386,ita,lse,0.40178471660876897,0.57466493608453,118.76536417492231,49.53473121925762
signsuisse_test,sign_mt,387,ita,lse,0.34921635787937677,0.5065332576127992,64.14122865286726,19.28588643597195
signsuisse_test,sign_mt,388,deu,sgg,0.3349894301192716,0.49767661266084856,88.41684943741473,35.04030499215291
signsuisse_test,sign_mt,389,ita,lse,0.4208156294995422,0.5630433548747091,76.61220689503041,23.21718082696801
signsuisse_test,sign_mt,390,deu,sgg,0.4136562999411553,0.5782936988092002,58.30908705849446,29.024574650697183
signsuisse_test,sign_mt,391,fra,fsl,0.37073541912435926,0.4560273536186268,37.788224921949535,14.52629485458483
signsuisse_test,sign_mt,392,deu,sgg,0.29737175835364754,0.42597899966205155,26.266491925148163,13.020160006870384
signsuisse_test,sign_mt,393,ita,lse,0.3705452459430424,0.5283311397458949,93.47208560060551,33.26858696102535
signsuisse_test,sign_mt,394,deu,sgg,0.3176989941635639,0.48190933025362714,95.34554655917283,58.3500082777114
signsuisse_test,sign_mt,395,fra,fsl,0.4088508047935587,0.5185487190771393,82.62435970870878,25.152320332385244
signsuisse_test,sign_mt,396,deu,sgg,0.34482302561180617,0.49474087623203494,49.670464271987704,18.270061647956908
signsuisse_test,sign_mt,397,deu,sgg,0.33527772632234554,0.4752864956217305,42.42961134582632,24.78595199228374
signsuisse_test,sign_mt,398,ita,lse,0.40729060593605193,0.5673157866595144,118.13376319917404,37.04246650094453
signsuisse_test,sign_mt,399,deu,sgg,0.40137888228797697,0.5466387589815062,62.20435762615494,29.120542374158372
signsuisse_test,sign_mt,400,deu,sgg,0.29963888361033325,0.4520421296937366,51.8186956870085,33.17406641584229
signsuisse_test,sign_mt,401,deu,sgg,0.33920713124345353,0.4997038997069387,67.58532883949746,36.60870010989253
signsuisse_test,sign_mt,402,fra,fsl,0.3414362311821912,0.3962101512420184,87.26284907152994,55.59996374554689
signsuisse_test,sign_mt,403,fra,fsl,0.4296808252828878,0.4559141304419941,46.15099144013483,23.944646633535225
signsuisse_test,sign_mt,404,deu,sgg,0.3256799775430428,0.462809004628584,37.20120196076535,11.75945206689355
signsuisse_test,sign_mt,405,deu,sgg,0.38243468825165666,0.5313190210977278,49.618963026773756,20.917242975549247
signsuisse_test,sign_mt,406,deu,sgg,0.3919200818613408,0.5535540220860743,68.04669344259474,17.531226153119416
signsuisse_test,sign_mt,407,fra,fsl,0.46009702519190276,0.5632708946292341,62.470603911277436,24.247773295407146
signsuisse_test,sign_mt,408,ita,lse,0.4291499852287279,0.5735940223426119,121.04091055910331,46.891737873373415
signsuisse_test,sign_mt,409,deu,sgg,0.32283262460159995,0.47806675927119013,55.492847585901686,33.295060015440185
signsuisse_test,sign_mt,410,deu,sgg,0.3273163631032069,0.46207461406378186,37.78057595151571,14.560062888173768
signsuisse_test,sign_mt,411,deu,sgg,0.438457283716956,0.5539462890775873,33.96338647873481,16.982786047852212
signsuisse_test,sign_mt,412,deu,sgg,0.38361070434312183,0.5266398056570689,39.13554927491395,21.025730510861152
signsuisse_test,sign_mt,413,deu,sgg,0.49690715878547603,0.5327572457380002,122.55824298628617,94.40871261219729
signsuisse_test,sign_mt,414,deu,sgg,0.32243013184154795,0.48574577294215465,66.46359764111418,27.422919154291577
signsuisse_test,sign_mt,415,deu,sgg,0.3442169555664992,0.49314859189347093,42.449381004895415,18.561771176944113
signsuisse_test,sign_mt,416,fra,fsl,0.34331601615823537,0.4582704722466338,49.09657248323201,22.400380335060206
signsuisse_test,sign_mt,417,fra,fsl,0.4280335536711401,0.47696587271191065,150.80408976050023,72.93913408494703
signsuisse_test,sign_mt,418,deu,sgg,0.30280856720496635,0.44926569383116893,23.826183661929157,10.854617932951989
signsuisse_test,sign_mt,419,deu,sgg,0.2955474810008178,0.440083891229925,52.51641221489824,23.06824211442657
signsuisse_test,sign_mt,420,deu,sgg,0.32865608046954387,0.45813864252736963,31.808249623520457,14.924244174862753
signsuisse_test,sign_mt,421,fra,fsl,0.4244840869014729,0.48346600865997336,109.52469580694871,50.48643863386223
signsuisse_test,sign_mt,422,fra,fsl,0.2883206355431602,0.3844806187976846,31.692693178614554,13.298590655803311
signsuisse_test,sign_mt,423,deu,sgg,0.3163367725080761,0.470684128112567,60.22369012734353,37.860566225544474
signsuisse_test,sign_mt,424,fra,fsl,0.40813551654404157,0.43892799527403015,32.58385144835708,10.066130066177562
signsuisse_test,sign_mt,425,fra,fsl,0.4676290444834667,0.5851762182855782,55.940411102561946,20.016761719683753
signsuisse_test,sign_mt,426,deu,sgg,212.26623133317983,0.6304184463556463,654.1402442417195,13.155738183115446
signsuisse_test,sign_mt,427,ita,lse,0.36190876337455247,0.5113468465865217,59.4870987639151,35.69728696126438
signsuisse_test,sign_mt,428,deu,sgg,0.26764185555508324,0.38330383303018617,16.933163035908542,9.394424934929326
signsuisse_test,sign_mt,429,deu,sgg,0.2797536711563922,0.42482880930824346,30.622591726699333,13.869315166078637
signsuisse_test,sign_mt,430,deu,sgg,0.20896937989189596,0.32960032724065086,19.305337383392427,9.717707849764599
signsuisse_test,sign_mt,431,deu,sgg,0.2948526647758779,0.43769890902098046,42.587711025370126,21.429396755304353
signsuisse_test,sign_mt,432,deu,sgg,0.26485822482739924,0.3983741566767272,22.843320657146045,14.321103237813869
signsuisse_test,sign_mt,433,deu,sgg,0.3460762824485479,0.4945390727880331,53.83417651414733,24.203450598455387
signsuisse_test,sign_mt,434,deu,sgg,0.41341571918812753,0.5554687484853477,50.38974973472078,25.554327804701735
signsuisse_test,sign_mt,435,deu,sgg,0.27530090223246895,0.4010212535572963,29.45635445923162,14.15262465591442
signsuisse_test,sign_mt,436,fra,fsl,0.4329166048147403,0.5269839852159836,104.24209241255981,47.03483868654108
signsuisse_test,sign_mt,437,deu,sgg,0.26948933435385475,0.4074467783109607,31.419446407891755,9.570259084680812
signsuisse_test,sign_mt,438,deu,sgg,9860.170898486567,22.285068129451187,2854.642158192449,10.0223153231304
signsuisse_test,sign_mt,439,deu,sgg,0.260507621898512,0.35445110165761995,18.94931032493042,11.532054557879198
signsuisse_test,sign_mt,440,deu,sgg,0.18258819041656466,0.291217339839351,26.317713603775005,14.94935649941169
signsuisse_test,sign_mt,441,ita,lse,0.3375933147222442,0.4936765666047819,79.9202475550502,34.5742222133781
signsuisse_test,sign_mt,442,ita,lse,0.42269486698245423,0.5615112482467763,62.98054617262089,18.77125583487104
signsuisse_test,sign_mt,443,fra,fsl,0.3180009152188111,0.4270924944439267,99.82571376210167,52.974487981927844
signsuisse_test,sign_mt,444,deu,sgg,0.18872980877703455,0.2993512100029621,10.363534588860139,7.871804502815989
signsuisse_test,sign_mt,445,deu,sgg,0.29501606151257326,0.38896615334146195,20.24940356773595,10.051774263609197
signsuisse_test,sign_mt,446,deu,sgg,0.32418741993780187,0.4695443268393148,39.86056318750969,23.89150935793897
signsuisse_test,sign_mt,447,fra,fsl,0.46448332918720014,0.5649540399825491,138.8143356413661,47.585283869269524
signsuisse_test,sign_mt,448,deu,sgg,0.19622569982718374,0.29743462825040756,18.015538105482115,10.045764653255212
signsuisse_test,sign_mt,449,deu,sgg,0.2761864780617373,0.4067486166717109,37.68432682659431,22.83958901160148
signsuisse_test,sign_mt,450,ita,lse,0.39681746252858024,0.5520762532224782,76.2946862223236,33.33931243453305
signsuisse_test,sign_mt,451,deu,sgg,0.31266785279049564,0.46772435684267355,58.31269459386777,32.905746152428456
signsuisse_test,sign_mt,452,deu,sgg,0.06559755281689168,0.13013879231285752,14.550461392819724,10.583597166418329
signsuisse_test,sign_mt,453,deu,sgg,0.4449604208374034,0.6008190847113332,100.89701277697559,46.61919395770558
signsuisse_test,sign_mt,454,deu,sgg,0.32592807495585896,0.48224831817023545,61.37232496099272,33.98529069240228
signsuisse_test,sign_mt,455,deu,sgg,0.38855796088129346,0.5325810823196803,43.250171022374786,15.660774208264487
signsuisse_test,sign_mt,456,deu,sgg,0.3412803084060394,0.46407919497986533,41.68739806021113,16.65382539792981
signsuisse_test,sign_mt,457,deu,sgg,0.37375638742402834,0.5207154418954111,65.26910424219732,22.8229555436421
signsuisse_test,sign_mt,458,deu,sgg,0.3112445837316965,0.46022494193279545,49.86028527404133,17.908136965695668
signsuisse_test,sign_mt,459,deu,sgg,0.34236860731474983,0.5012744466053917,93.35651076500886,47.40969871927919
signsuisse_test,sign_mt,460,fra,fsl,0.5037729353382686,0.6014526031725542,164.8215136744847,35.398376052550404
signsuisse_test,sign_mt,461,deu,sgg,0.2931120872335483,0.4308169039212628,57.13061027779449,36.26722495402065
signsuisse_test,sign_mt,462,fra,fsl,0.4415741790802562,0.5078655312181424,40.01398824688063,22.859063858737713
signsuisse_test,sign_mt,463,fra,fsl,0.5046601172688063,0.6167628627297956,183.89519805272533,64.06146552038518
signsuisse_test,sign_mt,464,deu,sgg,0.1442181008732602,0.2717082693563423,28.32926156450494,23.706584521482434
signsuisse_test,sign_mt,465,deu,sgg,0.39152474335626886,0.5161214338309689,33.792355719987285,23.33134559541351
signsuisse_test,sign_mt,466,deu,sgg,0.2797093100152728,0.42858787347016625,75.59659184619022,40.79098800153292
signsuisse_test,sign_mt,467,deu,sgg,0.2689057570534581,0.3866487345220683,36.166346637579345,28.177548542648797
signsuisse_test,sign_mt,468,deu,sgg,0.2728499536993194,0.4077481118865719,39.384313333639774,22.657910688666604
signsuisse_test,sign_mt,469,fra,fsl,0.3532032359835606,0.45976343010777987,81.85410025177919,38.53649169230129
signsuisse_test,sign_mt,470,ita,lse,0.399171239700265,0.541335162539871,61.40424437180398,17.017562789163406
signsuisse_test,sign_mt,471,fra,fsl,0.41098717236775556,0.4959357665147643,34.909411307620935,13.694141899703295
signsuisse_test,sign_mt,472,ita,lse,0.38161728979253945,0.5274304149800146,111.7630896102249,44.37966992551155
signsuisse_test,sign_mt,473,fra,fsl,0.35321564848436415,0.4307613970154533,93.4286283859074,46.737781477714215
signsuisse_test,sign_mt,474,ita,lse,0.30597446694928243,0.43854824406099535,39.428111514099506,17.294258310914266
signsuisse_test,sign_mt,475,fra,fsl,0.35706593936360426,0.49837702857630517,61.847798025575706,31.986094508681806
signsuisse_test,sign_mt,476,ita,lse,0.41094411520482016,0.5830855306103158,98.49571675544999,26.17145737049961
signsuisse_test,sign_mt,477,ita,lse,0.2754294686002545,0.41550659979640686,31.428405222599416,16.4008491049966
signsuisse_test,sign_mt,478,fra,fsl,0.36568161730313986,0.4957338197802892,47.491918110948596,22.76764391934653
signsuisse_test,sign_mt,479,ita,lse,0.45140463937604086,0.6009377535002051,137.51553566820826,32.22421139918412
signsuisse_test,sign_mt,480,deu,sgg,0.15060829396414735,0.22204314788922855,9.725555023985782,8.07668942112392
signsuisse_test,sign_mt,481,deu,sgg,0.3660084374638196,0.5035789473509223,31.406513564764353,14.112643203016146
signsuisse_test,sign_mt,482,ita,lse,0.37770824645646633,0.5381488196652717,107.61739695713285,38.32355870973824
signsuisse_test,sign_mt,483,deu,sgg,0.2724104469090485,0.41503198046101325,35.31817382932271,20.074740445412758
signsuisse_test,sign_mt,484,ita,lse,0.4213749986920325,0.5849503853735941,165.0454970776913,45.818650861861414
signsuisse_test,sign_mt,485,deu,sgg,0.2659217101421088,0.37177131080905046,18.556788878698722,8.131207802671963
signsuisse_test,sign_mt,486,deu,sgg,0.3022864286973641,0.4561772743474837,54.87952973272654,27.100052346649658
signsuisse_test,sign_mt,487,deu,sgg,0.2576896420809677,0.38839596271451843,34.6743730928012,17.571263734761065
signsuisse_test,sign_mt,488,ita,lse,0.370468320934442,0.5097646256437939,78.31237137080888,23.892225069124564
signsuisse_test,sign_mt,489,deu,sgg,0.35951477014715344,0.4583486974216958,39.487790346564566,17.40470983217236
signsuisse_test,sign_mt,490,deu,sgg,0.2896578800022602,0.44306713651075635,46.92144677292412,16.338336581667157
signsuisse_test,sign_mt,491,deu,sgg,0.3135827741820822,0.40370076229955365,23.17475494917649,11.2944949672585
signsuisse_test,sign_mt,492,ita,lse,0.3045358994660285,0.42500185132235196,19.526361176985333,11.004019649322892
signsuisse_test,sign_mt,493,deu,sgg,0.27245064523655527,0.4192437157359144,50.0193904283819,23.236125626894033
signsuisse_test,sign_mt,494,fra,fsl,0.30156943177388446,0.4176404339849489,32.807369008577105,13.45218946629112
signsuisse_test,sign_mt,495,ita,lse,0.3997017320441439,0.5647307358671652,95.75037013635179,37.47061601480487
signsuisse_test,sign_mt,496,deu,sgg,0.22799085133670624,0.3599721793305208,38.61990729149809,22.856455947951442
signsuisse_test,sign_mt,497,ita,lse,0.43498555962680246,0.5749644769951207,109.57755466822722,34.317314090343
signsuisse_test,sign_mt,498,ita,lse,0.3433366489577327,0.492112969010769,59.76385023212921,21.418900687824205
signsuisse_test,sign_mt,499,ita,lse,0.33415361255734805,0.49327417563793413,49.62718859701677,17.013331522985602
signsuisse_test,sign_mt,500,deu,sgg,0.3092097060541395,0.46623238537643374,71.41885894539536,39.60624025550868
signsuisse_test,sign_mt,501,deu,sgg,0.20928011072008992,0.3125015992585349,12.62730392990408,7.490684810133787
signsuisse_test,sign_mt,502,ita,lse,0.20237803592182166,0.2851460644976772,16.376262607976976,9.751104207840948
signsuisse_test,sign_mt,503,fra,fsl,0.43084323160318727,0.5668139345317454,98.46521525525554,29.942715106384615
signsuisse_test,sign_mt,504,fra,fsl,0.39233440508773537,0.4918414751267469,91.81315868046117,34.79243330170486
signsuisse_test,sign_mt,505,ita,lse,0.39798492950322806,0.5453348779168523,102.0175862548084,40.74929436175207
signsuisse_test,sign_mt,506,deu,sgg,0.2505897012336899,0.38225187607864336,42.68955281473377,26.281666835328284
signsuisse_test,sign_mt,507,fra,fsl,0.3064113580723401,0.420211024092923,46.12221929710965,17.878082003285513
signsuisse_test,sign_mt,508,ita,lse,0.38201675337636354,0.47666114277007426,36.34802862160424,10.360929801566696
signsuisse_test,sign_mt,509,fra,fsl,0.5027148652527438,0.5939273588976731,221.40035850040024,86.70778384617877
signsuisse_test,sign_mt,510,fra,fsl,0.37077367996848576,0.5075336132995247,78.88066370986077,44.37675074612762
signsuisse_test,sign_mt,511,ita,lse,0.3678463278070677,0.5119862364237623,54.104796139940866,24.435254625244337
signsuisse_test,sign_mt,512,deu,sgg,0.3761877662266407,0.5192833680503529,65.97815563104032,26.89322197143209
signsuisse_test,sign_mt,513,deu,sgg,0.32728502132690906,0.49864441401197523,112.47466655922318,52.15628400989966
signsuisse_test,sign_mt,514,ita,lse,0.3278875057779505,0.4713291447405102,45.793551171129494,20.96944160068915
signsuisse_test,sign_mt,515,ita,lse,0.43802599969558664,0.5956252970774502,81.69575641748001,25.090867162530134
signsuisse_test,sign_mt,516,fra,fsl,0.4474442812573402,0.5500367315371341,67.92833212964847,28.86711364049383
signsuisse_test,sign_mt,517,deu,sgg,0.2895005807650787,0.43234932862479847,32.39844438369396,15.010510788697731
signsuisse_test,sign_mt,518,fra,fsl,0.3391030640005841,0.44977534215060794,83.64570380211013,47.3692792085183
signsuisse_test,sign_mt,519,ita,lse,0.35604764786470305,0.504828180189949,37.88205977439439,19.066589039890196
signsuisse_test,sign_mt,520,deu,sgg,0.34163806165074556,0.49726404022609694,57.47549850506973,29.749527373991523
signsuisse_test,sign_mt,521,ita,lse,0.3448192752096309,0.5052445326494911,61.849658954880766,35.03380024014186
signsuisse_test,sign_mt,522,deu,sgg,0.32862047248403886,0.47877111702294406,51.60422228883924,31.579115986970876
signsuisse_test,sign_mt,523,fra,fsl,0.4457863736552913,0.5956387387403231,121.02952372441308,49.88734451425274
signsuisse_test,sign_mt,524,ita,lse,0.32799405887867716,0.4801907791559976,41.35795330911431,18.258198026135638
signsuisse_test,sign_mt,525,deu,sgg,0.3118610711733965,0.4614522781420367,53.792891978555396,23.680472283386493
signsuisse_test,sign_mt,526,deu,sgg,0.31857349554643044,0.4524397858145115,33.17426866311229,16.66165599647427
signsuisse_test,sign_mt,527,deu,sgg,0.39702061643061165,0.5281392240098914,74.64000657931295,36.732734666155324
signsuisse_test,sign_mt,528,deu,sgg,0.3619977032125941,0.5234412206411952,62.979501835287,22.17862296403439
signsuisse_test,sign_mt,529,deu,sgg,0.35899708932540425,0.5035053124543682,54.144927259490004,25.982386466183154
signsuisse_test,sign_mt,530,deu,sgg,0.36704037975530207,0.48141989261147494,44.550181377099435,16.24433230035124
signsuisse_test,sign_mt,531,deu,sgg,0.32887130873555165,0.4817868169414424,44.19168457480463,26.023734266964208
signsuisse_test,sign_mt,532,deu,sgg,0.2898929253599411,0.4340433274176675,49.0588723624906,30.144928423019113
signsuisse_test,sign_mt,533,deu,sgg,0.30303986328770943,0.4568055747274793,46.01255856783314,28.402424953889295
signsuisse_test,sign_mt,534,deu,sgg,0.3062613455315727,0.46076305475600043,58.13311099472535,36.12675518463151
signsuisse_test,sign_mt,535,deu,sgg,0.3294545360113873,0.4921822579420621,77.93061341217499,44.49498625452879
signsuisse_test,sign_mt,536,fra,fsl,0.36801467427422613,0.4849500722734477,206.3541100690109,112.71583916245397
signsuisse_test,sign_mt,537,deu,sgg,0.28229218959125074,0.3868943983060618,18.44170134884497,9.960818835875594
signsuisse_test,sign_mt,538,ita,lse,0.3720776257305368,0.5235929656844162,54.063010686669976,22.182407220394502
signsuisse_test,sign_mt,539,ita,lse,0.31645815040239006,0.4475074953896484,48.02190418672933,19.02875297322174
signsuisse_test,sign_mt,540,deu,sgg,0.3212944469128807,0.4813852016304005,60.104547509709185,32.97910569418932
signsuisse_test,sign_mt,541,deu,sgg,0.475059494440712,0.6110962072346395,213.91898360048313,44.10199260886464
signsuisse_test,sign_mt,542,deu,sgg,0.3865576615698189,0.5405005102985244,78.6027279149429,28.55812271246624
signsuisse_test,sign_mt,543,ita,lse,0.39046941478178887,0.528623177472499,90.01729315636938,32.820314777334175
signsuisse_test,sign_mt,544,deu,sgg,0.26340819269037496,0.37059226464294165,13.477490416548914,9.015786443211233
signsuisse_test,sign_mt,545,deu,sgg,0.3444738624895755,0.4976488073718315,35.298105471472475,15.065036166776833
signsuisse_test,sign_mt,546,fra,fsl,0.4377616190663371,0.5111470506798104,70.95803228289296,38.857015521489494
signsuisse_test,sign_mt,547,deu,sgg,0.3319574526668086,0.4888959269336534,53.967711146737955,18.97567318266388
signsuisse_test,sign_mt,548,ita,lse,0.34894970325195523,0.49896514798406544,59.18699843206287,24.088763005728545
signsuisse_test,sign_mt,549,deu,sgg,0.33678254699368304,0.49139948243523873,57.284418854177716,33.311186834585705
signsuisse_test,sign_mt,550,deu,sgg,0.38914212625918176,0.5598370972079351,135.67841242912067,42.639510278519495
signsuisse_test,sign_mt,551,deu,sgg,0.3942676719643754,0.5518479808765674,117.22235053393369,41.48685167536681
signsuisse_test,sign_mt,552,fra,fsl,0.19526289522188864,0.31951356523431007,28.27819291817474,18.120551121457954
signsuisse_test,sign_mt,553,deu,sgg,0.2721914213937517,0.3953400596374471,32.474773377679924,19.988450802510673
signsuisse_test,sign_mt,554,deu,sgg,0.2802593810551105,0.4196814816590166,45.389882971415645,19.42412227833408
signsuisse_test,sign_mt,555,fra,fsl,0.2943083869479107,0.3833106752926383,52.97822775968719,25.958581488428653
signsuisse_test,sign_mt,556,ita,lse,0.4972495308376203,0.6302564782420278,204.03760482132594,53.28842576228773
signsuisse_test,sign_mt,557,ita,lse,0.3357942515706594,0.47209885801234736,45.03946353770006,17.012165228172694
signsuisse_test,sign_mt,558,deu,sgg,0.3515089862047047,0.4989524143206867,61.894287027762935,34.11711635588871
signsuisse_test,sign_mt,559,ita,lse,0.45266093477035624,0.5864304331442629,123.28852302932408,29.534889441062536
signsuisse_test,sign_mt,560,fra,fsl,0.22594214063592252,0.34398109530835436,57.29448245030497,40.89803893279391
signsuisse_test,sign_mt,561,ita,lse,0.332886617801391,0.49220112048434556,51.045140622822004,25.44565235277179
signsuisse_test,sign_mt,562,ita,lse,0.3134249879044879,0.46650235140745583,60.74437786605796,16.6174314055243
signsuisse_test,sign_mt,563,deu,sgg,0.285169238416091,0.43736202232144383,42.21274794212107,22.110660588696
signsuisse_test,sign_mt,564,deu,sgg,0.32310498791970665,0.4845823753409237,48.51601152477559,26.398246305329344
signsuisse_test,sign_mt,565,ita,lse,0.3580479725315692,0.508594642082197,104.25653938392307,21.993486518510046
signsuisse_test,sign_mt,566,ita,lse,0.3566419211741257,0.5076343506458829,48.38185988594424,21.385952640726696
signsuisse_test,sign_mt,567,ita,lse,0.3132478991427441,0.4500572775440905,66.02809796032619,30.924347988870768
signsuisse_test,sign_mt,568,ita,lse,0.36065574141730633,0.5037102492257469,57.30423286569592,18.684804141820827
signsuisse_test,sign_mt,569,fra,fsl,0.463586587749601,0.5816062456400938,93.4334390883284,28.223422950658623
signsuisse_test,sign_mt,570,ita,lse,0.3567742679712911,0.515394389406042,115.46283236060808,33.72174357347177
signsuisse_test,sign_mt,571,fra,fsl,0.2911860600187912,0.3950686549723252,67.67560883664473,32.37443588389684
signsuisse_test,sign_mt,572,ita,lse,0.3601342741559024,0.5097715267026807,54.81194521980764,27.592414038408318
signsuisse_test,sign_mt,573,fra,fsl,0.46164616013823684,0.5690632957083099,153.8186897953621,71.72186817339181
signsuisse_test,sign_mt,574,deu,sgg,0.24669278902223812,0.333147339344783,39.695217726675246,23.873720525068748
signsuisse_test,sign_mt,575,fra,fsl,0.40326167350410147,0.5006262477134039,84.65132527228049,38.32020455893198
signsuisse_test,sign_mt,576,ita,lse,0.359383040075411,0.5145272301170165,81.8644181849467,33.80655687197165
signsuisse_test,sign_mt,577,deu,sgg,0.41013184568904143,0.5434770888494654,59.71985617188376,28.25161261517802
signsuisse_test,sign_mt,578,deu,sgg,0.2848289432332194,0.4244537005716855,63.524220653206214,33.994180224594814
signsuisse_test,sign_mt,579,fra,fsl,0.40909922843396024,0.49545622774727127,77.36032561843292,27.348616796452983
signsuisse_test,sign_mt,580,deu,sgg,0.33310664699801035,0.48720584524377064,50.9277614348195,20.709562181258256
signsuisse_test,sign_mt,581,ita,lse,0.4176386946394819,0.5870708974470817,108.72528492257544,41.269638210348795
signsuisse_test,sign_mt,582,fra,fsl,0.4417321147412155,0.5317460087652026,62.23492197399134,22.319381815238476
signsuisse_test,sign_mt,583,deu,sgg,0.22400092794987614,0.3394005670077457,32.07370281049567,23.442166946260336
signsuisse_test,sign_mt,584,fra,fsl,0.26791302041196696,0.3686737922064697,38.303831076921554,27.305172325808915
signsuisse_test,sign_mt,585,deu,sgg,0.3547188801262923,0.5271085996187763,113.89340126363273,53.36093615824449
signsuisse_test,sign_mt,586,ita,lse,0.26379558896455285,0.40515241682100883,27.273425482022493,19.162324615817738
signsuisse_test,sign_mt,587,deu,sgg,0.29042796757015177,0.4291959424416358,32.55281861948084,19.121632858238623
signsuisse_test,sign_mt,588,deu,sgg,0.2876738059732721,0.4209935015479844,42.54319731412057,24.229110623084537
signsuisse_test,sign_mt,589,deu,sgg,0.4014041654314894,0.564517414884416,58.85302661337303,21.778913176128768
signsuisse_test,sign_mt,590,deu,sgg,0.35703752468205174,0.49515130867673074,41.94569542894566,21.109711573652806
signsuisse_test,sign_mt,591,fra,fsl,0.40224632730786103,0.5207962306090618,78.79280879649437,28.05385608616066
signsuisse_test,sign_mt,592,deu,sgg,0.3235249205391262,0.4656722081979187,59.40443911576338,30.50133173523312
signsuisse_test,sign_mt,593,deu,sgg,0.3381352961865205,0.49601944515004615,89.80793712155219,41.325047374709875
signsuisse_test,sign_mt,594,deu,sgg,0.2965310368448245,0.4366595175689987,31.169617153424937,13.26619860070251
signsuisse_test,sign_mt,595,deu,sgg,0.37883752899522455,0.5270739846882389,74.10815284847482,30.8154497299028
signsuisse_test,sign_mt,596,ita,lse,0.4070416205907441,0.5702165257638246,159.3441770948984,82.49839667636951
signsuisse_test,sign_mt,597,deu,sgg,0.2691443181087252,0.40073562149541864,38.15351935635826,18.489066779436268
signsuisse_test,sign_mt,598,deu,sgg,0.24419634793188438,0.34230424340244503,20.691579754700346,13.204000623001491
signsuisse_test,sign_mt,599,deu,sgg,0.4025324146815454,0.5620735283101144,67.88033751629483,28.521712449506314
signsuisse_test,sign_mt,600,ita,lse,0.31463047785071724,0.4575714086534449,49.0300004686685,20.48319016426875
signsuisse_test,sign_mt,601,fra,fsl,0.32527857745533406,0.4754347694963799,94.95059040779238,50.48463583552546
signsuisse_test,sign_mt,602,deu,sgg,0.30431647482974367,0.4511182447048248,37.149329263478876,24.23353487322505
signsuisse_test,sign_mt,603,ita,lse,0.36494968446934833,0.5009392455429481,81.9774376394577,40.57605366575887
signsuisse_test,sign_mt,604,ita,lse,0.2698149378126544,0.399128172072219,18.238030014409535,8.55380100991746
signsuisse_test,sign_mt,605,fra,fsl,0.39907501689799135,0.5091263656575337,78.98279680111776,33.443654081984846
signsuisse_test,sign_mt,606,deu,sgg,0.3437490950611013,0.5052168213757395,89.50484194906882,78.53635290344481
signsuisse_test,sign_mt,607,fra,fsl,0.3691663365118356,0.4663638828004964,49.93092762971693,18.93276459784204
signsuisse_test,sign_mt,608,deu,sgg,0.3022114845363101,0.4386868758673665,27.37348085530009,11.816067207302188
signsuisse_test,sign_mt,609,deu,sgg,0.43543658249877726,0.5591534616985808,56.394000208521746,19.3648929124238
signsuisse_test,sign_mt,610,ita,lse,0.3715537988397706,0.5273636391834269,53.66048604228861,18.580162392716577
signsuisse_test,sign_mt,611,deu,sgg,0.3648820255213596,0.5249335536711444,93.86309259599895,38.88310261261344
signsuisse_test,sign_mt,612,deu,sgg,0.3183328903440039,0.4752105689530764,41.14167654085498,24.052645032685074
signsuisse_test,sign_mt,613,ita,lse,0.41587992172084914,0.5293773993732822,64.61126228447529,22.69775612241196
signsuisse_test,sign_mt,614,deu,sgg,0.48514305902793536,0.6103697880985958,79.59136466950254,27.14718610274845
signsuisse_test,sign_mt,615,fra,fsl,0.4179633769088679,0.5104974901496288,93.8999088480617,42.73459455886653
signsuisse_test,sign_mt,616,deu,sgg,0.2523510439842689,0.37589738660119304,12.96952867529976,5.185715976809884
signsuisse_test,sign_mt,617,fra,fsl,0.3683963037642487,0.43221704046862275,70.1466989085977,30.1884305377592
signsuisse_test,sign_mt,618,fra,fsl,0.4303201162538064,0.5584002337948388,85.28195973763097,30.03577323752749
signsuisse_test,sign_mt,619,deu,sgg,0.30237127546415543,0.4494117750665119,50.01191454275573,28.92081468069737
signsuisse_test,sign_mt,620,deu,sgg,0.28185537240864095,0.40545787659731636,23.154337832714635,11.488023708419478
signsuisse_test,sign_mt,621,ita,lse,0.36436151874665346,0.5216175654381261,66.30408636091946,29.781698192860915
signsuisse_test,sign_mt,622,ita,lse,0.3266704963339834,0.4440095141190451,60.05444513036119,31.40875031037735
signsuisse_test,sign_mt,623,deu,sgg,0.34587441221251025,0.5064633466702905,78.44119414931686,41.09735934619086
signsuisse_test,sign_mt,624,fra,fsl,0.3088730563879434,0.434027124814782,85.25220074933425,46.18053021967117
signsuisse_test,sign_mt,625,ita,lse,0.40275080817059006,0.5611337844333482,79.53066446156264,26.764361127512444
signsuisse_test,sign_mt,626,ita,lse,0.27401878752927034,0.37814367481518724,38.82994021676036,19.825700434170518
signsuisse_test,sign_mt,627,ita,lse,0.3708647917729216,0.5288909185673428,59.073359957328066,19.309445768448917
signsuisse_test,sign_mt,628,ita,lse,0.4148363479790969,0.5759114474686232,146.35889844201557,56.06531869527811
signsuisse_test,sign_mt,629,fra,fsl,0.24130914688265467,0.32143994414049665,62.992439994449185,33.178223685808
signsuisse_test,sign_mt,630,ita,lse,0.3567780177677381,0.5233832658795399,54.74485607196243,19.54003547129184
signsuisse_test,sign_mt,631,ita,lse,0.3736145510945301,0.5209790064752586,78.54852762429277,28.431442899153414
signsuisse_test,sign_mt,632,ita,lse,0.38798365143713076,0.5208074559139365,39.58491258912471,15.820234164822809
signsuisse_test,sign_mt,633,deu,sgg,0.3272277143445732,0.4617281916285005,43.165495115732206,23.08742953821516
signsuisse_test,sign_mt,634,ita,lse,0.32985646705397836,0.47544045072082936,40.66608211707564,19.98979752950166
signsuisse_test,sign_mt,635,deu,sgg,0.33883309312391885,0.49864289959637303,73.43658706336693,38.902610945022104
signsuisse_test,sign_mt,636,fra,fsl,0.30227701119179473,0.42011518598176095,89.3752596532873,41.29341665571442
signsuisse_test,sign_mt,637,fra,fsl,0.4258014026360678,0.5643011750343139,133.4581742044812,68.90435276190722
signsuisse_test,sign_mt,638,deu,sgg,0.333116205534431,0.4597792146306345,25.359502515114798,11.400365916865525
signsuisse_test,sign_mt,639,ita,lse,0.3013431473078427,0.45455194183447967,38.01351194169532,22.581235883761344
signsuisse_test,sign_mt,640,deu,sgg,0.32382352284305643,0.4694921855464718,31.209239096499577,19.296377423873995
signsuisse_test,sign_mt,641,deu,sgg,0.29976186515508163,0.4539288407895064,40.36730728088777,16.300134946242302
signsuisse_test,sign_mt,642,fra,fsl,0.4831211108335859,0.570273905225683,141.59203065699052,57.79890278619415
signsuisse_test,sign_mt,643,deu,sgg,0.3041559407381411,0.4547057610901516,42.63741052983133,24.916013159338586
signsuisse_test,sign_mt,644,fra,fsl,0.4150660670342537,0.5560896721880267,87.43619722869133,43.931426483673114
signsuisse_test,sign_mt,645,deu,sgg,0.2894406407368355,0.43967492167281186,65.29280004168282,41.25556732849442
signsuisse_test,sign_mt,646,fra,fsl,0.3597287552006776,0.4462726625781256,56.27634079544106,30.76097437131674
signsuisse_test,sign_mt,647,ita,lse,0.33024364907180553,0.46540538453554603,56.87962102855453,17.714222176447088
signsuisse_test,sign_mt,648,fra,fsl,0.250047090660324,0.3324761402264044,49.49938644564715,24.94275286244306
signsuisse_test,sign_mt,649,ita,lse,0.32223345872851433,0.4561218607644455,38.67821817711022,16.9099978044291
signsuisse_test,sign_mt,650,deu,sgg,0.31733518617420936,0.4709308857123625,60.84623604386571,27.155824476377035
signsuisse_test,sign_mt,651,ita,lse,0.4027070104704924,0.5604648580983556,76.60397241174933,32.21815712908193
signsuisse_test,sign_mt,652,ita,lse,0.30494794167749556,0.4399004407160948,28.613410091406408,14.15088716196455
signsuisse_test,sign_mt,653,fra,fsl,0.4750777779558574,0.501247005495412,87.09503629277043,26.562221405577464
signsuisse_test,sign_mt,654,fra,fsl,0.4095981474247672,0.5233231098559297,103.11371145112712,42.0006122844549
signsuisse_test,sign_mt,655,deu,sgg,0.312318552207361,0.45695043442819744,29.921034657154998,21.633585568141157
signsuisse_test,sign_mt,656,fra,fsl,0.49894750619030864,0.5810227841869525,104.93031298580648,25.94237996090969
signsuisse_test,sign_mt,657,deu,sgg,0.26108467861273255,0.37121995476438957,39.02340738141758,18.80221898533047
signsuisse_test,sign_mt,658,deu,sgg,0.2526088581983662,0.37721507077327815,23.929111656093834,15.640669203535275
signsuisse_test,sign_mt,659,deu,sgg,0.2994875250510322,0.45208951501251543,43.562439733945546,12.814917598445513
signsuisse_test,sign_mt,660,fra,fsl,0.33684419712263614,0.43871925055330285,99.630679127835,51.8262648349727
signsuisse_test,sign_mt,661,deu,sgg,0.21395729198623079,0.30525812324740964,18.34846107793368,11.87279818246557
signsuisse_test,sign_mt,662,deu,sgg,0.3336086370061471,0.5002623550081876,72.78846369202665,39.304743445794905
signsuisse_test,sign_mt,663,fra,fsl,0.480714024269017,0.6082169834197161,204.13744913055302,61.86932626464414
signsuisse_test,sign_mt,664,deu,sgg,0.3373662863117833,0.49158802372525034,80.9841837361224,35.11972578225713
signsuisse_test,sign_mt,665,fra,fsl,0.4579617314065433,0.5455667545198154,75.36985138678095,22.66475119833834
signsuisse_test,sign_mt,666,deu,sgg,0.4039653809538405,0.5636337815381368,61.060389294762274,28.91081282242405
signsuisse_test,sign_mt,667,deu,sgg,0.3947410815384042,0.5604705499755471,93.03397861563994,46.113963183091535
signsuisse_test,sign_mt,668,deu,sgg,0.33779872437351477,0.47209326821906733,54.69508045332229,36.41502898275605
signsuisse_test,sign_mt,669,ita,lse,0.3483146359123608,0.48096243453869486,49.68548444731524,29.74110177227639
signsuisse_test,sign_mt,670,deu,sgg,0.3436682049613155,0.5031117241250965,105.23507786878635,41.6471998663283
signsuisse_test,sign_mt,671,deu,sgg,0.3242013992082513,0.47948468724676746,60.935429451944465,34.362727626015065
signsuisse_test,sign_mt,672,deu,sgg,0.30563741552398943,0.45328130235474123,41.24454884335861,26.756206996409915
signsuisse_test,sign_mt,673,deu,sgg,0.3971892794926334,0.5166830062149995,44.25714171794046,22.8301318326526
signsuisse_test,sign_mt,674,fra,fsl,0.504156580838718,0.5287246189082676,32.5827695883234,23.498245882582545
signsuisse_test,sign_mt,675,fra,fsl,0.5009534659925011,0.5888223859233082,146.1564455763757,47.69157571094755
signsuisse_test,sign_mt,676,ita,lse,0.38752101226071833,0.5447639342545469,97.35931426271226,27.030140680358844
signsuisse_test,sign_mt,677,fra,fsl,0.32424135532654985,0.4344800598454677,34.76060563362455,15.47051082381451
signsuisse_test,sign_mt,678,deu,sgg,0.2738703036150596,0.4061248168664565,30.024718839109667,17.186583830474785
signsuisse_test,sign_mt,679,deu,sgg,0.26733739807652523,0.3932821511789582,28.57752430745601,11.502080841342865
signsuisse_test,sign_mt,680,deu,sgg,0.3360977287671572,0.4987306579933231,59.73033662188843,28.04665152632676
signsuisse_test,sign_mt,681,deu,sgg,0.3212084605798514,0.4636930478331606,68.20528420053421,25.452946204251536
signsuisse_test,sign_mt,682,ita,lse,0.3536105238825515,0.5129704322673273,58.337805431768594,20.916644853771793
signsuisse_test,sign_mt,683,deu,sgg,0.26645879258418553,0.37923690128104814,31.461293272649563,20.05227318796889
signsuisse_test,sign_mt,684,fra,fsl,0.33934364340012996,0.47487947190955104,92.93455138070101,49.31780316539766
signsuisse_test,sign_mt,685,fra,fsl,0.4402876504545001,0.5868118971273583,120.48333500644199,41.05930278161432
signsuisse_test,sign_mt,686,fra,fsl,0.3874006971795971,0.5108099607826334,82.75232045188962,31.56151584139327
signsuisse_test,sign_mt,687,deu,sgg,0.30185978396834573,0.44740035323409194,51.1909140617516,19.608378347958183
signsuisse_test,sign_mt,688,deu,sgg,0.3278783021126126,0.45356311861184906,30.88132203930699,8.17306195257917
signsuisse_test,sign_mt,689,deu,sgg,0.18440570356482175,0.2829723384683202,28.58977266293077,20.717401749040697
signsuisse_test,sign_mt,690,deu,sgg,0.3509444193468241,0.531512829677384,62.34013073708959,29.123692747750304
signsuisse_test,sign_mt,691,deu,sgg,0.3418158506747427,0.5095249124463299,144.70436724387793,25.40803363594829
signsuisse_test,sign_mt,692,deu,sgg,0.30269221034476734,0.44343570471034116,44.68514403168958,20.715643982138975
signsuisse_test,sign_mt,693,fra,fsl,0.3971941222893162,0.5559117040770242,114.36983238323069,36.18032460353889
signsuisse_test,sign_mt,694,deu,sgg,0.3571771884123848,0.5262694431368165,44.53879737589695,17.569476368978506
signsuisse_test,sign_mt,695,deu,sgg,0.336027750404612,0.4943809602160321,63.49930055678366,27.409934172912287
signsuisse_test,sign_mt,696,ita,lse,0.3511051350734193,0.4879690764401538,53.20264291132519,21.374758487928062
signsuisse_test,sign_mt,697,fra,fsl,0.5781640079502013,0.671521634385861,104.80710889423996,10.852923815720953
signsuisse_test,sign_mt,698,fra,fsl,0.45946577916306514,0.5588079510983067,98.91226996935538,35.14574765492236
signsuisse_test,sign_mt,699,deu,sgg,0.44331434394596686,0.5397504232868123,67.78068183828232,36.97130427592891
signsuisse_test,sign_mt,700,deu,sgg,0.3755314380985278,0.542152053088857,78.52287846492642,38.79664408071453
signsuisse_test,sign_mt,701,fra,fsl,0.43240173962057965,0.5707396213483288,52.09765980955063,21.59198346362685
signsuisse_test,sign_mt,702,deu,sgg,0.3568224311221802,0.5090967519028169,61.28216720953034,20.39568981057381
signsuisse_test,sign_mt,703,ita,lse,0.408771555198831,0.5818368413945573,124.97794040865185,37.6762440914011
signsuisse_test,sign_mt,704,deu,sgg,0.34296186694421643,0.4966480121943216,60.2665953274473,34.219393729839204
signsuisse_test,sign_mt,705,deu,sgg,0.3805600698649447,0.5118105973873438,132.6739080825071,34.850504634429136
signsuisse_test,sign_mt,706,fra,fsl,9432.35585151161,21.3564236165855,4488.97143929589,19.035446075623558
signsuisse_test,sign_mt,707,ita,lse,0.4075415383738384,0.5725048896765557,77.78895862029478,30.065697264070437
signsuisse_test,sign_mt,708,ita,lse,0.31424555991711506,0.45121031474593526,67.3388006563285,31.85214805909224
signsuisse_test,sign_mt,709,ita,lse,0.38606154899655054,0.5231863894444893,58.887816591685734,25.079527586142643
signsuisse_test,sign_mt,710,deu,sgg,0.2669117234572349,0.3975407429423053,38.49700667533748,26.541779384927953
signsuisse_test,sign_mt,711,ita,lse,0.32578175262388287,0.46122382843332804,57.56682094638853,24.145825844135302
signsuisse_test,sign_mt,712,deu,sgg,0.34531789118634443,0.49681120624373964,94.89182550044391,45.99392871660988
signsuisse_test,sign_mt,713,fra,fsl,0.43039432524901966,0.5552285353562025,109.40265660689496,41.74062458784902
signsuisse_test,sign_mt,714,deu,sgg,0.28910961509055616,0.43734716027594195,36.15677043827331,17.30437367990234
signsuisse_test,sign_mt,715,fra,fsl,0.4760367408968615,0.5933580142553636,113.01982522329622,59.51777975940935
signsuisse_test,sign_mt,716,fra,fsl,0.3739070701143339,0.4308091112654177,44.87454933819837,25.38941697284373
signsuisse_test,sign_mt,717,deu,sgg,0.2232993809933072,0.3153787088089141,18.535786636106362,12.968107934673107
signsuisse_test,sign_mt,718,fra,fsl,0.3462792593788405,0.48199198755691947,40.789999883173586,25.747470031398677
signsuisse_test,sign_mt,719,deu,sgg,0.33726383069574223,0.4908023668253636,69.01273186356367,38.434954088244595
signsuisse_test,sign_mt,720,deu,sgg,0.38595823823199554,0.47300584045714816,86.5110791613726,22.305353292093436
signsuisse_test,sign_mt,721,ita,lse,0.37984409650992895,0.5361684413059921,86.42596096949615,29.867932835420536
signsuisse_test,sign_mt,722,ita,lse,0.3463363344505684,0.5067401876521566,71.33445476751962,27.551034779743883
signsuisse_test,sign_mt,723,fra,fsl,0.3577286104849772,0.4278790859334863,30.486985275725658,15.449998068308442
signsuisse_test,sign_mt,724,ita,lse,0.3433506369590944,0.5057591610061749,78.35827487930497,38.69830739497162
signsuisse_test,sign_mt,725,fra,fsl,0.43321003595993396,0.4931737094702239,50.48207426227859,15.363869000434518
signsuisse_test,sign_mt,726,fra,fsl,0.39615902745439835,0.4885211463968213,78.94057692801577,36.71640846025671
signsuisse_test,sign_mt,727,ita,lse,0.41387873687239185,0.5684340965506597,85.75540607456833,34.70922350628755
signsuisse_test,sign_mt,728,deu,sgg,0.3148602785922346,0.47801457006545794,76.7283445595161,36.31987873792935
signsuisse_test,sign_mt,729,ita,lse,0.34280832931969984,0.49450878956865346,61.9884298420624,24.676643104984
signsuisse_test,sign_mt,730,fra,fsl,0.3672761017130511,0.4821025933425859,63.19488418773227,28.054464407829176
signsuisse_test,sign_mt,731,deu,sgg,0.2485527692639194,0.35443029754486594,22.699648866645344,9.5839302698216
signsuisse_test,sign_mt,732,deu,sgg,0.2738625840734368,0.38655746839772115,16.48918074672291,10.548194234093192
signsuisse_test,sign_mt,733,deu,sgg,0.3567197211715266,0.5149576718048283,79.62546941207233,42.25254671526221
signsuisse_test,sign_mt,734,fra,fsl,0.3118995265939608,0.3016670431317785,55.4879602288167,35.128722749799266
signsuisse_test,sign_mt,735,fra,fsl,0.3302627266265939,0.4533709318006134,47.34747289521394,15.18439836981622
signsuisse_test,sign_mt,736,deu,sgg,0.32774357321859754,0.45690343353878027,52.37117188459858,25.01847944878905
signsuisse_test,sign_mt,737,deu,sgg,0.2861477183909772,0.41621369252421253,33.54906832223031,13.498619560440094
signsuisse_test,sign_mt,738,fra,fsl,0.32912626461282923,0.41939817009754565,87.46770724502557,36.28997224893211
signsuisse_test,sign_mt,739,deu,sgg,0.2993438065422225,0.449622513751714,42.64746673801255,23.4587976541475
signsuisse_test,sign_mt,740,fra,fsl,0.32949748230378484,0.4258414859951008,101.34443190437592,57.78200479526729
signsuisse_test,sign_mt,741,deu,sgg,0.2868556437802224,0.4340042220478687,31.63172219836005,20.64021313058299
signsuisse_test,sign_mt,742,deu,sgg,0.32474054889718823,0.48118951930331116,108.01227425565767,47.30942049714555
signsuisse_test,sign_mt,743,ita,lse,0.36460919453647495,0.5352753012948419,52.19163907925311,26.11405106759828
signsuisse_test,sign_mt,744,deu,sgg,0.32329032406345193,0.4782540838513433,63.48670116483322,38.21782195314866
signsuisse_test,sign_mt,745,fra,fsl,0.44701522139456307,0.5654624172760718,150.90823690101098,55.35651524483903
signsuisse_test,sign_mt,746,deu,sgg,0.09724189867808887,0.17610488762959903,11.635412212602839,10.46980400069357
signsuisse_test,sign_mt,747,deu,sgg,0.2896888361481566,0.4395790807270688,29.148765957629397,16.35680998280864
signsuisse_test,sign_mt,748,deu,sgg,0.2971920989619424,0.4565536799534386,44.28519592549402,21.841646943051582
signsuisse_test,sign_mt,749,deu,sgg,0.27763286199640697,0.42182180101396843,33.324768686707785,22.840192257641114
signsuisse_test,sign_mt,750,deu,sgg,0.2966154422915512,0.44907524651032,41.94767911719652,20.940181142756835
signsuisse_test,sign_mt,751,ita,lse,0.32989759356327486,0.47484590977648433,51.91765328755374,19.52392593840495
signsuisse_test,sign_mt,752,deu,sgg,0.3191880904770637,0.4665327480029554,41.40340160905465,23.605335652782287
signsuisse_test,sign_mt,753,ita,lse,0.3366094216782809,0.4628686309024619,40.433623889665476,19.81978225154129
signsuisse_test,sign_mt,754,ita,lse,0.36735663002098984,0.5046021532335887,57.10522147471765,19.317846303870503
signsuisse_test,sign_mt,755,fra,fsl,0.5033093191066602,0.6273783888536429,151.0615455381473,54.99049680506442
signsuisse_test,sign_mt,756,ita,lse,0.3888675167542329,0.5443511630096926,92.51268534144941,32.723898834524995
signsuisse_test,sign_mt,757,deu,sgg,0.34669803100766317,0.4882348303971023,33.05123486858015,20.598828167112
signsuisse_test,sign_mt,758,fra,fsl,0.3864736567933911,0.5143703497494042,78.73921739269814,28.384738394703245
signsuisse_test,sign_mt,759,deu,sgg,0.31876365023130243,0.475405325006689,57.24858220454119,40.60486059277852
signsuisse_test,sign_mt,760,deu,sgg,0.3947010844625215,0.5458385500423791,92.30756001345502,44.87215435879325
signsuisse_test,sign_mt,761,fra,fsl,0.3336868411475465,0.41703715446089623,79.3258028627085,21.255174507781827
signsuisse_test,sign_mt,762,deu,sgg,0.35663085810080275,0.5253817245121947,112.92437429800427,37.22290717143228
signsuisse_test,sign_mt,763,deu,sgg,0.23865655783735482,0.3419264000359972,29.961405418619602,20.362736939812798
signsuisse_test,sign_mt,764,deu,sgg,0.37704518458751957,0.5519382731948734,64.80516004595994,25.614168363
signsuisse_test,sign_mt,765,deu,sgg,0.3525073256970489,0.5230899363210708,139.13827799609115,65.93973009804188
signsuisse_test,sign_mt,766,deu,sgg,0.3356779361917166,0.4958347727748382,70.9416543855643,30.027221302113173
signsuisse_test,sign_mt,767,fra,fsl,0.39750172903128106,0.5090491307791888,82.13519681650125,26.687782067967195
signsuisse_test,sign_mt,768,fra,fsl,0.43218398792593055,0.5683564736779521,246.14775508390784,85.95449889185863
signsuisse_test,sign_mt,769,deu,sgg,0.3135051153366009,0.47338533293938395,63.871572697693566,36.43508749520552
signsuisse_test,sign_mt,770,deu,sgg,0.34281296915705545,0.4943667696255543,61.80300837020189,14.617764580251933
signsuisse_test,sign_mt,771,deu,sgg,0.3433269279967396,0.5070271446187047,124.33043578360976,51.91991878440137
signsuisse_test,sign_mt,772,ita,lse,0.32380826519609807,0.44628092078603,27.5528828392772,8.548429689529971
signsuisse_test,sign_mt,773,deu,sgg,0.2158490022489656,0.32507271669672627,16.89064729363682,9.240590520338904
signsuisse_test,sign_mt,774,deu,sgg,0.18432056262889318,0.2675200642898051,21.83202715364503,13.131072970269788
signsuisse_test,sign_mt,775,fra,fsl,0.3977198498346355,0.4853239287446214,89.97317871755136,30.17236268409019
signsuisse_test,sign_mt,776,fra,fsl,0.3861575443922427,0.5150644227246628,75.94567106566055,27.1242040242346
signsuisse_test,sign_mt,777,ita,lse,0.40732779009549397,0.56371082316687,82.51745530122024,26.004650057135464
signsuisse_test,sign_mt,778,ita,lse,0.41716204203965046,0.552575124029432,84.20878224869305,22.180010896363477
signsuisse_test,sign_mt,779,deu,sgg,0.30348636562544395,0.43409818197525507,59.438987398386885,36.1141877234346
signsuisse_test,sign_mt,780,ita,lse,0.40087426466279785,0.5538878891501219,69.77289785596572,30.342145175633682
signsuisse_test,sign_mt,781,deu,sgg,0.2522456178029248,0.3373865784285528,32.67932362496063,17.417491014597477
signsuisse_test,sign_mt,782,fra,fsl,0.4318383000918083,0.5032755481779531,36.78672757303588,18.509626760896886
signsuisse_test,sign_mt,783,ita,lse,0.34456040270315363,0.4917510035378276,47.17305694555545,22.342020142257276
signsuisse_test,sign_mt,784,fra,fsl,0.4365233447150421,0.5409560444604424,98.63897624693952,36.47637883361673
signsuisse_test,sign_mt,785,fra,fsl,0.2703944487292205,0.3416974407033843,33.43680315658629,15.892848778992835
signsuisse_test,sign_mt,786,deu,sgg,0.40176455602072175,0.5540145427723765,58.53764165794774,15.845631611613555
signsuisse_test,sign_mt,787,deu,sgg,0.3372488152878305,0.4525065724935632,44.524786579610726,20.969534516742836
signsuisse_test,sign_mt,788,fra,fsl,0.3772455020450065,0.5004769630943866,48.30448410781198,26.547881309905584
signsuisse_test,sign_mt,789,deu,sgg,0.4035603932184317,0.5542430505151422,63.24128730066959,33.013683789870946
signsuisse_test,sign_mt,790,fra,fsl,0.43906038771563166,0.5070995247901245,142.82842830261518,42.709203100352305
signsuisse_test,sign_mt,791,fra,fsl,0.41109280316312435,0.5367078185492391,75.06403026594252,40.14048503687643
signsuisse_test,sign_mt,792,deu,sgg,0.24829921288360668,0.37852844932238167,41.72321744329769,20.814917352478254
signsuisse_test,sign_mt,793,fra,fsl,0.24252520662696717,0.33118556150980444,60.470186830293926,35.80089485091412
signsuisse_test,sign_mt,794,deu,sgg,0.32105235150137973,0.48364146570512245,39.91627241706204,18.33709154843857
signsuisse_test,sign_mt,795,ita,lse,0.42129190680861717,0.5580642535195218,85.98785690817184,33.082945167873234
signsuisse_test,sign_mt,796,deu,sgg,0.28648919469170875,0.39544401184242184,11.99905908438224,9.976635741111577
signsuisse_test,sign_mt,797,deu,sgg,0.3001493283222217,0.4468764525432946,35.55196368777506,16.266192753167456
signsuisse_test,sign_mt,798,deu,sgg,0.27381720192125963,0.3821693395646718,29.528955649990834,9.688654291836874
signsuisse_test,sign_mt,799,ita,lse,0.399259045455667,0.5282733026081005,92.53602711626665,35.552001295502556
signsuisse_test,sign_mt,800,deu,sgg,0.4464700664015746,0.5473292590273621,167.00517836993947,114.53609759022531
signsuisse_test,sign_mt,801,deu,sgg,0.31216806727122776,0.4615074519397336,101.80706467285101,44.49135709964045
signsuisse_test,sign_mt,802,deu,sgg,0.3136948728286445,0.466393514059772,66.83452821864917,31.78849099392221
signsuisse_test,sign_mt,803,deu,sgg,0.3765364029117001,0.5411378336661367,59.53423758580741,27.528210526610728
signsuisse_test,sign_mt,804,ita,lse,0.3876702601263354,0.5228476416421977,63.77684537631022,21.753647930304354
signsuisse_test,sign_mt,805,deu,sgg,0.32752953216863967,0.4601585818171873,56.59587199779393,26.22590204620743
signsuisse_test,sign_mt,806,deu,sgg,0.17813582503289602,0.26060442662556643,25.317613080976866,13.537881270588404
signsuisse_test,sign_mt,807,deu,sgg,0.3652940951460698,0.5366127682996078,141.07101549163633,45.64934193123915
signsuisse_test,sign_mt,808,ita,lse,0.267591974441924,0.3995939636160765,45.30338015342655,26.3410476375817
signsuisse_test,sign_mt,809,deu,sgg,0.2894640888771414,0.41098805197884436,22.228063672289952,15.545573736931747
signsuisse_test,sign_mt,810,deu,sgg,0.2564132506996777,0.37362891254876696,24.583370827939465,15.423664542425946
signsuisse_test,sign_mt,811,fra,fsl,0.39423494823254857,0.5182853978755338,214.3143200288819,94.94910851624478
signsuisse_test,sign_mt,812,deu,sgg,0.26588354917513285,0.40463488301439027,36.59992503050012,22.247000070852106
signsuisse_test,sign_mt,813,ita,lse,0.3385938011477062,0.4868530696740187,44.83414588726252,18.21202649913991
signsuisse_test,sign_mt,814,ita,lse,0.35805865450610214,0.4985847957867332,77.64447752052781,28.696983460424367
signsuisse_test,sign_mt,815,deu,sgg,0.34029504667892785,0.5037868426048646,118.81512229898459,24.5065010679052
signsuisse_test,sign_mt,816,deu,sgg,0.33117575535340527,0.4650502254654677,42.351531630592554,22.268907997594717
signsuisse_test,sign_mt,817,fra,fsl,0.5249828114609615,0.6196332470338197,59.74613996185667,21.01736968905116
signsuisse_test,sign_mt,818,fra,fsl,0.23802171716895004,0.3162108071340803,20.66792541253241,11.80968826183164
signsuisse_test,sign_mt,819,ita,lse,0.3563493787535849,0.49822303203115015,58.52790006751478,23.586692540694912
signsuisse_test,sign_mt,820,fra,fsl,0.4321574931868097,0.52656135109872,60.985725673283156,18.48155996318064
signsuisse_test,sign_mt,821,deu,sgg,0.2888749147085745,0.42567692393689327,60.13893776783441,34.813690102116674
signsuisse_test,sign_mt,822,deu,sgg,0.3499389757302955,0.530390788789902,108.26376556138209,32.945190669351895
signsuisse_test,sign_mt,823,deu,sgg,0.25942133177564797,0.3505330283129456,34.760546930570634,21.62887017337313
signsuisse_test,sign_mt,824,ita,lse,0.3576668393947383,0.5101182672658132,65.47673634711929,20.606148814707804
signsuisse_test,sign_mt,825,fra,fsl,0.24165695008637006,0.3033003660748963,416.44422419021635,21.741113151453803
signsuisse_test,sign_mt,826,ita,lse,0.38409880049761036,0.5195119127835108,64.74803248397996,26.518878153993686
signsuisse_test,sign_mt,827,ita,lse,0.34388801028020005,0.49749136872409394,88.10609965458033,34.8214874988598
signsuisse_test,sign_mt,828,deu,sgg,0.3680846902422848,0.5377167076726581,77.50495387158072,32.36331394166515
signsuisse_test,sign_mt,829,fra,fsl,0.4363559956513452,0.5622853473273208,149.03436189112625,59.750208272730426
signsuisse_test,sign_mt,830,deu,sgg,0.19662213412460464,0.26566914257268626,14.651420256479172,8.599415991149034
signsuisse_test,sign_mt,831,fra,fsl,0.4802813389555534,0.5678146731994181,80.78669433998319,47.343706573337634
signsuisse_test,sign_mt,832,fra,fsl,0.4160397329251542,0.5134833973795385,74.10710584479757,34.0053192232988
signsuisse_test,sign_mt,833,ita,lse,0.38517105639339577,0.538524089714259,65.25473412048018,26.039013590595637
signsuisse_test,sign_mt,834,fra,fsl,0.360348810900242,0.44722672842256644,75.42418557458026,38.594274606249144
signsuisse_test,sign_mt,835,ita,lse,0.3681573503358859,0.5030324118514528,59.630030697309785,23.245863232205316
signsuisse_test,sign_mt,836,ita,lse,0.4139669718774686,0.5742727855101326,152.79974907454485,51.09860758891537
signsuisse_test,sign_mt,837,deu,sgg,0.11214763090465865,0.2021593070797682,8.18081436621875,7.134465700022367
signsuisse_test,sign_mt,838,fra,fsl,0.4180633814299158,0.5214983931875238,216.3571619319459,95.49484004091309
signsuisse_test,sign_mt,839,deu,sgg,0.3345644443362329,0.47679974264474134,59.4820278033517,21.93857432302197
signsuisse_test,sign_mt,840,fra,fsl,0.42538028704584513,0.5023354243722522,72.87769520207337,36.7487117112561
signsuisse_test,sign_mt,841,deu,sgg,0.28467692651872367,0.43500233559839807,31.668240948847792,19.893934765629396
signsuisse_test,sign_mt,842,deu,sgg,0.44051615494968205,0.5687048410125404,136.805395994245,32.277285697703086
signsuisse_test,sign_mt,843,deu,sgg,0.37847980743061405,0.4759968509144539,37.99645253037039,16.988301313462635
signsuisse_test,sign_mt,844,fra,fsl,1640.450177781692,3.8915902252012486,1591.7758417104064,35.62596811847364
signsuisse_test,sign_mt,845,fra,fsl,0.24446674846608218,0.3195796628803403,48.62787223949427,31.775141825784598
signsuisse_test,sign_mt,846,fra,fsl,0.3488985534533586,0.38343664577094283,73.96974071272025,31.413595729723706
signsuisse_test,sign_mt,847,fra,fsl,0.4665145596261075,0.5509526426295485,87.7329346496686,24.083681150353502
signsuisse_test,sign_mt,848,fra,fsl,0.3463912844093134,0.4305661144585142,92.89650699159125,52.853662689474284
signsuisse_test,sign_mt,849,fra,fsl,0.3718873078183631,0.49274641559231436,87.69661528670058,31.6189806196498
signsuisse_test,sign_mt,850,deu,sgg,0.3044430051752947,0.4455029071223486,52.53826944827181,24.96961263124177
signsuisse_test,sign_mt,851,fra,fsl,0.4087406761521822,0.49967994426540613,45.53561263699642,13.653560395020554
signsuisse_test,sign_mt,852,deu,sgg,0.37226887422087607,0.5319478916898632,50.27827200577055,18.034062318008637
signsuisse_test,sign_mt,853,ita,lse,0.37711398032119964,0.5337831780205177,77.41798072991305,30.437504057047416
signsuisse_test,sign_mt,854,deu,sgg,0.3161452667415835,0.4498330842129278,37.67611579015679,23.62889959371559
signsuisse_test,sign_mt,855,ita,lse,0.4008071189742109,0.52465813857114,49.152638902765524,22.491599927745913
signsuisse_test,sign_mt,856,deu,sgg,0.2667129584644508,0.36804938689539474,15.343256033938207,4.6804834837916784
signsuisse_test,sign_mt,857,deu,sgg,0.31758393773016913,0.4469527397571571,45.360857520596795,24.982721728118328
signsuisse_test,sign_mt,858,ita,lse,0.343504146709331,0.4795047387799391,49.50736645058728,20.034091940702716
signsuisse_test,sign_mt,859,fra,fsl,0.4512051291766384,0.534873409517152,103.36217067822533,34.57089738906955
signsuisse_test,sign_mt,860,deu,sgg,0.28999353245986376,0.4446660203124494,39.27105724662948,21.34147937868879
signsuisse_test,sign_mt,861,ita,lse,0.2786586582522352,0.4188511350344147,21.74926893092095,12.22987652314267
signsuisse_test,sign_mt,862,deu,sgg,0.3654275486112529,0.5539883250557166,89.84951796713196,37.942960705967764
signsuisse_test,sign_mt,863,deu,sgg,0.3169116271194068,0.4544820681185323,32.727422874377815,19.603046789245443
signsuisse_test,sign_mt,864,ita,lse,0.40889707594095714,0.56399350501951,75.81162233920315,34.61832167697493
signsuisse_test,sign_mt,865,deu,sgg,0.31701538054367007,0.47666767293782386,55.08147779481087,32.75709347136162
signsuisse_test,sign_mt,866,ita,lse,0.41506575712887217,0.5692949967500216,115.73550225227314,36.94575842754272
signsuisse_test,sign_mt,867,deu,sgg,0.3400956713111961,0.49078961219512185,78.08670142469529,38.595430039364885
signsuisse_test,sign_mt,868,fra,fsl,0.32169271740794314,0.4227439709056159,35.8418020893837,16.609283400736462
signsuisse_test,sign_mt,869,deu,sgg,0.329653583517563,0.4762586111101104,35.607615826133824,16.804833787711644
signsuisse_test,sign_mt,870,deu,sgg,0.31320255843087824,0.46635614127686736,36.17792727846742,17.888977952789343
signsuisse_test,sign_mt,871,ita,lse,0.3893362165426083,0.54256436351556,110.93070324193295,32.93046501777518
signsuisse_test,sign_mt,872,fra,fsl,0.26828379927874785,0.38539246422302764,61.71331323475241,29.402933244797136
signsuisse_test,sign_mt,873,fra,fsl,0.39447932620460724,0.47704469907172625,58.7835063669985,36.82951883118766
signsuisse_test,sign_mt,874,deu,sgg,0.32593301367314004,0.4556356738651781,38.08738190228713,19.849645096697625
signsuisse_test,sign_mt,875,deu,sgg,0.33755160995498024,0.5099493600872752,70.54075962078436,26.851827663046524
signsuisse_test,sign_mt,876,ita,lse,0.3341086694339965,0.49226520430147763,49.92664039965818,21.56324376547774
signsuisse_test,sign_mt,877,fra,fsl,0.35801166938095036,0.45924618108073045,120.9778893398708,62.6451605338866
signsuisse_test,sign_mt,878,deu,sgg,0.1958691413562618,0.2618333290872398,22.85285434740091,13.310987268265867
signsuisse_test,sign_mt,879,deu,sgg,0.3105582596016862,0.4643672153649925,45.160991779073775,19.582767475173693
signsuisse_test,sign_mt,880,fra,fsl,0.34962078131126617,0.4057600703540064,23.478317908909222,10.198464485283226
signsuisse_test,sign_mt,881,deu,sgg,0.289238379774675,0.4293954477560533,41.25257857967407,18.281418603737947
signsuisse_test,sign_mt,882,fra,fsl,0.3278790945331199,0.4484710777112049,55.26871811525481,31.10113762095414
signsuisse_test,sign_mt,883,ita,lse,0.3347942264082957,0.44684980179867934,44.702897064734614,17.99556030216711
signsuisse_test,sign_mt,884,ita,lse,0.3949586529276623,0.5630933352791974,81.55871100589354,33.45615579680164
signsuisse_test,sign_mt,885,ita,lse,0.4124821965296348,0.5740077445408268,77.15847989169178,23.66258957807286
signsuisse_test,sign_mt,886,deu,sgg,0.35075039742828695,0.5044854549155284,38.520628940221656,16.596778473426024
signsuisse_test,sign_mt,887,deu,sgg,0.3622753499173483,0.5268748187311119,135.84048440859257,58.232223193851354
signsuisse_test,sign_mt,888,fra,fsl,0.3623506575398727,0.4917895179189062,63.780984153086585,22.287286078546366
signsuisse_test,sign_mt,889,deu,sgg,0.1057690949966171,0.18360000926472705,15.656127658541816,8.537835502927079
signsuisse_test,sign_mt,890,deu,sgg,0.2701564446448603,0.409978302487739,36.29067427242633,18.721042405192925
signsuisse_test,sign_mt,891,deu,sgg,0.3258650348102868,0.48312172834243294,54.878848312687765,32.18859891608162
signsuisse_test,sign_mt,892,ita,lse,0.3910043152196263,0.5328773182978648,96.51587049900095,29.765344094318188
signsuisse_test,sign_mt,893,deu,sgg,0.30207567700807514,0.4346661153917399,31.14414735118782,16.425238090845575
signsuisse_test,sign_mt,894,fra,fsl,0.33087231287698593,0.4355251631193478,45.60712059533776,20.88752516892332
signsuisse_test,sign_mt,895,fra,fsl,0.4005732221570646,0.4929386544366598,20.74300419882099,14.867158366623505
signsuisse_test,sign_mt,896,deu,sgg,0.21556735569056185,0.32216006207537784,16.71355139486961,9.563922456214682
signsuisse_test,sign_mt,897,deu,sgg,0.38789601634213455,0.48102933378872925,42.78773435279075,17.725555348250698
signsuisse_test,sign_mt,898,deu,sgg,0.34166722699033253,0.49619031384760154,48.44083177032785,21.04100578109225
signsuisse_test,sign_mt,899,ita,lse,0.41345088140260616,0.5719858250560632,141.39886011345672,36.846758702416544
signsuisse_test,sign_mt,900,deu,sgg,0.3268975336998911,0.43119721024827967,24.25619646914258,13.962329742739247
signsuisse_test,sign_mt,901,deu,sgg,0.3484276283499903,0.5053581851744965,44.58542817742692,21.610849862274133
signsuisse_test,sign_mt,902,deu,sgg,0.357067619584714,0.5259181075007707,121.29070665202116,77.80655620990662
signsuisse_test,sign_mt,903,deu,sgg,0.40386316008358897,0.5518722445524251,58.73877906607047,27.79458715312779
signsuisse_test,sign_mt,904,ita,lse,0.3696775323874786,0.5143223249523498,83.45760548369095,32.58103581309686
signsuisse_test,sign_mt,905,ita,lse,0.3305074355951437,0.4748277260108578,38.23797266832462,17.545660446732104
signsuisse_test,sign_mt,906,deu,sgg,0.32950592186244315,0.4768429717034561,47.622360383939565,24.068385900267735
signsuisse_test,sign_mt,907,deu,sgg,0.2953345993532398,0.4492640674537969,46.47356283854715,28.00702966116083
signsuisse_test,sign_mt,908,deu,sgg,0.3323666183422686,0.49110999746614625,100.5905113442549,47.05498335079681
signsuisse_test,sign_mt,909,fra,fsl,0.42438591248469415,0.5319851786201637,231.4878378913565,96.83562355063302
signsuisse_test,sign_mt,910,ita,lse,0.3651192055008312,0.5046623813030167,46.15937920662606,16.60537421673894
signsuisse_test,sign_mt,911,deu,sgg,4533.402559351587,10.202223589827275,2105.2177287573186,5.341321624000062
signsuisse_test,sign_mt,912,ita,lse,0.3911977798548034,0.5378019862916793,69.14848660266567,26.33383085403412
signsuisse_test,sign_mt,913,ita,lse,0.35991909237739866,0.47701283036827724,47.36290127744153,18.996409415196744
signsuisse_test,sign_mt,914,deu,sgg,0.30436970373669164,0.4123256711856434,39.730012736970714,21.871714396733527
signsuisse_test,sign_mt,915,deu,sgg,0.30877067849979545,0.48096174891159543,69.3110859682043,42.57024236156264
signsuisse_test,sign_mt,916,deu,sgg,0.258371012751121,0.38254337514230363,17.313488821535575,8.076456169393571
signsuisse_test,sign_mt,917,deu,sgg,0.3617515672058172,0.5030517848816694,56.44974931644599,23.300758078076388
signsuisse_test,sign_mt,918,deu,sgg,0.29082649600544347,0.42941142110157793,63.26085254086194,28.913629663348853
signsuisse_test,sign_mt,919,fra,fsl,0.3985963549017162,0.4921581126124772,60.405761421074686,26.01253956843337
signsuisse_test,sign_mt,920,ita,lse,0.3267628488507813,0.47048002412831197,66.29802656934234,36.35694677109683
signsuisse_test,sign_mt,921,deu,sgg,0.3233170035808963,0.4712567168078692,51.932266402155804,23.481593289093233
signsuisse_test,sign_mt,922,deu,sgg,0.2061548042425522,0.299424016874796,31.794421967308747,14.186993008679517
signsuisse_test,sign_mt,923,deu,sgg,0.39109416903340966,0.537910114589668,85.23960690141783,29.02184683846192
signsuisse_test,sign_mt,924,fra,fsl,0.40188549856017264,0.5347928173945246,94.1807876233886,38.82857385920666
signsuisse_test,sign_mt,925,fra,fsl,0.3290432849028513,0.4303675877619767,40.504208502996526,18.903859625233366
signsuisse_test,sign_mt,926,ita,lse,0.37821997862453316,0.5393912505471092,50.31289660759915,19.975817448438946
signsuisse_test,sign_mt,927,fra,fsl,0.27506045072772956,0.3877979159368233,25.069973065333123,13.991067614887115
signsuisse_test,sign_mt,928,fra,fsl,0.4489332229717969,0.5149154444938123,118.90382095958635,36.05418444581798
signsuisse_test,sign_mt,929,ita,lse,0.3825881742310477,0.5502265370807234,139.0520775966318,59.32558655327475
signsuisse_test,sign_mt,930,fra,fsl,0.24100340055731953,0.3453250433911231,86.81064877782416,53.68072726882473
signsuisse_test,sign_mt,931,deu,sgg,0.26597457873676505,0.4004938071591507,48.85121297279607,32.709145050239925
signsuisse_test,sign_mt,932,ita,lse,0.4048802787790904,0.56226260270352,76.5673322543204,27.621132579389382
signsuisse_test,sign_mt,933,fra,fsl,5399.773517787559,12.298686950785015,2068.612439071362,18.18264362447051
signsuisse_test,sign_mt,934,ita,lse,0.40905313496602447,0.5673655437070276,56.9228201672074,26.262917536304627
signsuisse_test,sign_mt,935,fra,fsl,2395.886797236046,5.601553931229642,2839.450739280324,57.05971598797185
signsuisse_test,sign_mt,936,deu,sgg,0.3357251699406034,0.4775883043099908,44.64864028725899,10.351942569297108
signsuisse_test,sign_mt,937,deu,sgg,0.48033429344743245,0.5877788735822329,81.28129849144652,34.67606750561157
signsuisse_test,sign_mt,938,ita,lse,0.4050333665132825,0.5707319906117315,67.69354985050185,26.96438678300987
signsuisse_test,sign_mt,939,ita,lse,0.4165038882098434,0.5472615066045748,66.58738621185529,24.353986327250244
signsuisse_test,sign_mt,940,deu,sgg,0.4440135122139353,0.5993190460186613,107.83736689028365,38.47570613128667
signsuisse_test,sign_mt,941,fra,fsl,0.32609733268170243,0.4360851744099674,60.609327913116346,31.021401214489927
signsuisse_test,sign_mt,942,deu,sgg,0.35073307239323587,0.49658530094101644,53.83520109605602,27.561766437878187
signsuisse_test,sign_mt,943,deu,sgg,0.4057061006813076,0.5411498095582069,58.98116590982098,25.315406137678004
signsuisse_test,sign_mt,944,fra,fsl,0.4299755649909626,0.5125508888916399,49.72027754131602,19.2174857621022
signsuisse_test,sign_mt,945,fra,fsl,0.4597595951623073,0.5711721961695042,188.0431475263987,80.02080734030338
signsuisse_test,sign_mt,946,deu,sgg,0.38174063063590813,0.5533048133890832,56.73047737049107,21.0995893521132
signsuisse_test,sign_mt,947,deu,sgg,0.3453206889882633,0.5008864940574265,59.67291206589561,26.275684083066725
signsuisse_test,sign_mt,948,ita,lse,0.37467509956135125,0.5375967218801563,97.80312931160049,33.64076226702523
signsuisse_test,sign_mt,949,deu,sgg,0.36466513352786245,0.4968889948759172,89.29775793238849,28.180368186366742
signsuisse_test,sign_mt,950,ita,lse,0.3119672945215813,0.4499818365283728,43.64745244476032,22.599280494189767
signsuisse_test,sign_mt,951,deu,sgg,0.381337531133966,0.5456001766791138,78.99183060269993,30.35332456952376
signsuisse_test,sign_mt,952,ita,lse,0.3446209864852859,0.4823301559916792,48.2134511896969,21.745407451665137
signsuisse_test,sign_mt,953,deu,sgg,0.3203562968342466,0.45545994096409587,56.64435619596,14.60162911214463
signsuisse_test,sign_mt,954,ita,lse,0.41323941628289196,0.5663951365365831,146.7006560936433,51.07949083925135
signsuisse_test,sign_mt,955,deu,sgg,0.40952073234162745,0.5355593705893819,46.63208338242063,27.33647970877823
signsuisse_test,sign_mt,956,deu,sgg,0.32885441115738123,0.45862915592266407,48.29758623329534,32.04229789849592
signsuisse_test,sign_mt,957,deu,sgg,0.2567292166210028,0.3972613817251927,36.158570745878514,22.347073787105888
signsuisse_test,sign_mt,958,deu,sgg,0.18709508251002616,0.2826390231728831,19.500204807909608,12.482516015394388
signsuisse_test,sign_mt,959,deu,sgg,0.2523079301693103,0.30400987368468063,23.423667456130502,10.540076380146727
signsuisse_test,sign_mt,960,deu,sgg,0.42691752321508925,0.561092577967225,61.512114329677765,20.965924711189658
signsuisse_test,sign_mt,961,ita,lse,0.3395562226114411,0.4486726785367701,45.4933180431613,22.066623890117704
signsuisse_test,sign_mt,962,deu,sgg,0.3133627323245524,0.4689865931658065,28.06874940255921,16.915151875292594
signsuisse_test,sign_mt,963,deu,sgg,0.32362116965301463,0.4953465655282749,60.46789707049084,25.74890621457584
signsuisse_test,sign_mt,964,deu,sgg,0.343225481997157,0.464369060945315,116.15267027591771,58.34706326435177
signsuisse_test,sign_mt,965,fra,fsl,0.3190414866402946,0.4388970262617455,133.69557586793252,79.54636551625427
signsuisse_test,sign_mt,966,fra,fsl,0.3158508869984525,0.3760259138364913,61.94384618684294,32.9052650127759
signsuisse_test,sign_mt,967,fra,fsl,0.5282245485080851,0.5235029413428457,114.84849924641593,32.4717085902179
signsuisse_test,sign_mt,968,ita,lse,0.3445382391086889,0.4974536397445937,73.44992615476815,35.678140908579614
signsuisse_test,sign_mt,969,deu,sgg,0.23148401345834077,0.3436685505775278,16.3706093604658,7.781295151708228
signsuisse_test,sign_mt,970,fra,fsl,0.4471569979442064,0.5223947712680128,46.83748465320299,13.656957921235552
signsuisse_test,sign_mt,971,deu,sgg,0.3715788689521593,0.49805063749957595,54.56131075720341,22.60995338022278
signsuisse_test,sign_mt,972,ita,lse,0.349565173513595,0.500289138113426,44.42888649242517,20.085741841878132
signsuisse_test,sign_mt,973,ita,lse,0.3538876290834383,0.5080436797644956,51.681895354000744,22.12247746999289
signsuisse_test,sign_mt,974,deu,sgg,4878.074682735187,11.196658543762291,3229.757598853239,13.617189219055856
signsuisse_test,sign_mt,975,ita,lse,0.32428499749697215,0.4422009737718642,44.29382235153934,17.79387169291907
signsuisse_test,sign_mt,976,deu,sgg,0.45338756484646764,0.586559780736133,159.50026655180886,64.96422300212102
signsuisse_test,sign_mt,977,deu,sgg,0.4102644215284069,0.5330004960239744,90.0887752999308,35.36208775699397
signsuisse_test,sign_mt,978,deu,sgg,0.4005690611242434,0.5476986952527498,85.49720390489436,28.671199255174354
signsuisse_test,sign_mt,979,deu,sgg,0.3242829536675496,0.45077842437945387,31.05946142671351,19.61399220212785
signsuisse_test,sign_mt,980,deu,sgg,0.3274976050860699,0.4665526832114473,35.516564733375006,20.774398008560098
signsuisse_test,sign_mt,981,deu,sgg,0.3116489805748812,0.4669950950235043,58.34269915525579,27.096963794500123
signsuisse_test,sign_mt,982,deu,sgg,0.36756534073953057,0.5285958983501452,111.71551965487953,57.754967133331384
signsuisse_test,sign_mt,983,ita,lse,0.3637148346542707,0.5322868866274011,58.71014522172645,21.84772248003927
signsuisse_test,sign_mt,984,fra,fsl,0.41911085036355605,0.48265745421743644,61.59801406882681,28.375069957471965
signsuisse_test,sign_mt,985,deu,sgg,0.10311876087578542,0.16560537740104467,24.321697775542095,14.55695005426241
signsuisse_test,sign_mt,986,deu,sgg,0.2997079851211155,0.4557728925201624,77.92793365150077,41.75421974893431
signsuisse_test,sign_mt,987,deu,sgg,0.3725371448218773,0.5193171665903107,100.67789935320461,39.41749497316282
signsuisse_test,sign_mt,988,ita,lse,0.3976214685419705,0.5596843388089953,89.87974950483695,30.769904775075982
signsuisse_test,sign_mt,989,ita,lse,0.3461956135751197,0.4993887919126839,57.79583921629919,22.70349204976227
signsuisse_test,sign_mt,990,deu,sgg,0.3272713833363214,0.459119368462509,39.72641307024616,17.13289697472525
signsuisse_test,sign_mt,991,deu,sgg,0.32350708728492733,0.47894974419832237,59.786650524503536,26.492810236553826
signsuisse_test,sign_mt,992,fra,fsl,0.3204389054959973,0.4273666482623759,40.74560281435337,16.959159398029747
signsuisse_test,sign_mt,993,fra,fsl,0.403701911817998,0.500519436495558,96.4643376217747,45.56894816525303
signsuisse_test,sign_mt,994,fra,fsl,0.4526459076349077,0.5549160070113058,99.29053901671114,30.072071255697477
signsuisse_test,sign_mt,995,ita,lse,0.2954339451612325,0.439320667164988,49.99335527830238,29.18963807785295
signsuisse_test,sign_mt,996,fra,fsl,0.2919611199365792,0.3955791926465958,36.26975455239758,19.699930064114522
signsuisse_test,sign_mt,997,fra,fsl,0.43960523387313877,0.5551052510664637,97.10565244047822,48.71157846326398
signsuisse_test,sign_mt,998,ita,lse,0.3318494659937066,0.4840014502080555,63.35662149187232,31.897466826724504
signsuisse_test,sign_mt,999,fra,fsl,0.36863903004505777,0.4659803522198895,42.68982198894904,18.769165248494232
