system,example_id,SKL_mvt_hshp_h2p,SKL_mvt_hshp_wo_norm_h2p,SKL_mvt_h2p,SKL_mvt_wo_norm_h2p
sign_mt_v2,0,28.656237210522498,20403.24089389202,7.22367959086371,5186.601946240144
sign_mt_v2,1,34.41671274950652,5678.757603668577,16.98656910229216,2802.7839018782065
sign_mt_v2,2,35.36282136405517,5905.5911677972135,15.167683716227614,2760.518436353426
sign_mt_v2,3,56.97997352272449,18005.67163318094,16.68675196258397,5273.0136201765345
sign_mt_v2,4,30.673228563639505,15551.32688176523,7.747298442516733,3958.8695041260507
sign_mt_v2,5,27.836759937751914,9074.783739707123,12.86267139500561,4193.230874771829
sign_mt_v2,6,24.05120502311461,5483.674745270131,10.988367133476222,2538.3128078330074
sign_mt_v2,7,23.528188365416227,6964.343756163204,13.965035989584205,4133.650652916925
sign_mt_v2,8,17.159662307750672,7224.2178315630335,6.796344466486147,2834.075642524723
sign_mt_v2,9,43.04023843292008,7618.122202626854,14.160615027326106,2506.4288598367207
sign_mt_v2,10,34.16997253658483,6799.82453478038,14.362063137163366,2843.6885011583463
sign_mt_v2,11,27.20040046981314,6174.490906647583,14.304359685660453,3003.915533988695
sign_mt_v2,12,51.107782519504724,11601.466631927573,11.466604735396833,2534.1196465227004
sign_mt_v2,13,46.06410657860799,16444.886048563054,13.906808508590046,5020.357871601007
sign_mt_v2,14,36.218605223660866,8076.748964876373,11.874195146578746,2695.4422982733754
sign_mt_v2,15,20.677027165926127,9346.01627899861,7.3644276935498825,3291.8991790167975
sign_mt_v2,16,46.392035331789984,9324.799101689787,14.737692211393503,2962.276134490094
sign_mt_v2,17,31.250652714321625,12906.519571014831,9.641720003825014,4107.3727216294565
sign_mt_v2,18,39.680700271178395,8174.2242558627495,13.982819539997589,2880.4608252395033
sign_mt_v2,19,26.710294562049594,6784.414818760597,13.668189884027509,3444.3838507749324
sign_mt_v2,20,39.45997530993375,9352.0141484543,18.074388813247822,4283.630148739734
sign_mt_v2,21,20.193233167902076,8763.8631948695,10.278566638720426,4440.340787927224
sign_mt_v2,22,39.74893109523603,4769.871731428324,15.202872013094773,1824.3446415713727
sign_mt_v2,23,28.74586588913288,7962.604851289808,13.855773397234552,3838.049231033971
sign_mt_v2,24,47.393908180362104,13033.324749599578,15.056874592304428,4140.640512883718
sign_mt_v2,25,31.29818343094794,6510.022153637172,14.234495379175653,2861.1335712143064
sign_mt_v2,26,31.642488512955385,13036.705267337618,10.383506622547346,4278.004728489506
sign_mt_v2,27,30.354198098807515,13204.07617298127,9.767892594555985,4014.6038563625098
sign_mt_v2,28,23.16231179519413,6439.1226790639685,14.948574563512112,4155.703728656367
sign_mt_v2,29,30.418386776891136,8760.495391744647,12.029355427814334,3380.248875215828
sign_mt_v2,30,42.20989142731563,7175.681542643658,13.485713368787852,2292.571272693935
sign_mt_v2,31,30.632738722070297,15347.00209975722,7.0395056295030365,3569.0293541580395
sign_mt_v2,32,28.364636699233433,8225.744642777696,7.860246195381397,2295.191889051368
sign_mt_v2,33,45.51339150998487,8647.544386897125,14.694677701061178,2791.988763201624
sign_mt_v2,34,36.53844894157452,5626.921137002476,15.870791915720211,2380.6187873580316
sign_mt_v2,35,25.689877184843297,7758.342909822676,13.406814737384254,4048.858050690045
sign_mt_v2,36,35.27947619917665,7443.969478026273,12.121988473470946,2606.2275217962533
sign_mt_v2,37,35.46605244097666,12235.788092136949,14.061888543726937,4851.351547585793
sign_mt_v2,38,40.15425316057054,5501.1326829981645,13.682931003463985,1874.561547474566
sign_mt_v2,39,41.59718082771358,6281.174304984751,14.433634289746273,2179.478777751687
sign_mt_v2,40,36.907089794055075,11662.640374921404,16.812267457631446,5312.676516611537
sign_mt_v2,41,33.943703351285286,17005.795378993927,13.254672983623019,6574.317799877017
sign_mt_v2,42,27.97470714228508,6210.384985587288,11.20696936654984,2487.9471993740644
sign_mt_v2,43,24.251226107528645,5286.767291441244,14.600218765253958,3182.847690825363
sign_mt_v2,44,33.29430352842178,15548.43974777297,11.137808289546358,5212.494279507696
sign_mt_v2,45,24.483692209017935,6292.308897717609,13.313172187524035,3421.485252193677
sign_mt_v2,46,36.98852004269554,16940.742179554556,8.73401102066702,4052.5811135894974
sign_mt_v2,47,24.031943322603073,6368.4649804898145,12.71215991474666,3368.722377407865
sign_mt_v2,48,33.68517966893249,8522.350456239921,12.3684968784639,3141.5982071298304
sign_mt_v2,49,41.64645482254103,14284.734004131575,14.361026042097375,4954.553984523594
sign_mt_v2,50,33.34338159264337,14337.654084836648,9.188483558151319,3951.047930005067
sign_mt_v2,51,31.904706958822743,9699.030915482113,13.822783011449204,4160.65768644621
sign_mt_v2,52,30.149826368353622,8080.153466718771,11.899883641894275,3177.2689323857717
sign_mt_v2,53,33.8398670135971,14145.064411683588,12.781265385536896,5342.568931154423
sign_mt_v2,54,28.9669229730755,14048.957641941619,13.7396607564333,6663.735466870151
sign_mt_v2,55,36.38524254588327,16955.523026381605,13.708164190921414,6388.004512969379
sign_mt_v2,56,22.310923016953364,10865.419509256288,13.373960322667402,6513.118677139025
sign_mt_v2,57,25.7751954956139,9356.395964907846,11.437744730579023,4151.9013372001855
sign_mt_v2,58,46.469638869680516,23606.576545797703,12.23781147220749,6241.28385082582
sign_mt_v2,59,24.662211756086037,11097.995290238718,14.03220010196954,6314.490045886293
sign_mt_v2,60,24.856717642808785,5418.764446132315,14.770632448470664,3219.9978737666047
sign_mt_v2,61,38.991233385703325,9435.878479340205,15.564169996187921,3766.529139077477
sign_mt_v2,62,42.94448103958697,8417.118283759046,14.086981534128041,2761.048380689096
sign_mt_v2,63,31.487063119749052,11492.778038708404,16.847138943949105,6149.205714541424
sign_mt_v2,64,24.398015091035084,11174.290911694068,14.048166500687682,6321.674925309457
sign_mt_v2,65,39.9390134421076,19210.665465653758,10.71068133997424,5312.497944627223
sign_mt_v2,66,21.680137885230387,5788.596815356514,14.340563152760287,3828.930361786997
sign_mt_v2,67,30.44433712969815,6697.754168533594,14.237244218199063,3132.1937280037937
sign_mt_v2,68,24.70038789435723,3260.4512020551547,16.38190121143692,2162.4109599096732
sign_mt_v2,69,31.773883319319825,19731.58154129761,9.506661353670818,5903.636700629579
sign_mt_v2,70,36.66911862896312,7223.816369905735,15.21191525459779,2996.7473051557645
sign_mt_v2,71,25.522462217933608,5768.076461252996,15.028380369052323,3396.413963405825
sign_mt_v2,72,35.61660936559743,7764.420841700238,14.030172006364348,3058.5774973874277
sign_mt_v2,73,38.080260465363615,16146.030437314172,12.054534085230625,5099.067918052554
sign_mt_v2,74,38.78758104875583,20479.84279374308,13.031968340290561,6933.007157034578
sign_mt_v2,75,27.13907596756544,9525.81566461547,13.381747473575606,4696.993363225038
sign_mt_v2,76,32.741629833928094,6089.943149110626,13.45552363333094,2462.360824899562
sign_mt_v2,77,44.58724968828027,7133.959950124842,14.96992941791176,2395.1887068658816
sign_mt_v2,78,35.3321117383835,13673.527242754417,14.029340895463278,5401.296244753362
sign_mt_v2,79,30.282010639298115,8993.75715987154,17.75455693083558,5273.103408458167
sign_mt_v2,80,33.1665357146368,6633.30714292736,10.693213433855531,2245.5748211096616
sign_mt_v2,81,25.52695419659729,7428.343671209812,14.66802072539271,4268.3940310892785
sign_mt_v2,82,25.52939409387871,11156.345219024997,9.327875827023512,4057.625984755228
sign_mt_v2,83,29.700351197637087,10454.523621568254,9.520857620057173,3351.341882260125
sign_mt_v2,84,25.003716365780786,12026.787571940558,8.945039996849088,4311.5092784812605
sign_mt_v2,85,46.363578283632556,11637.258149191772,13.325758521794635,3344.7653889704534
sign_mt_v2,86,41.405577346029084,8281.115469205817,14.380559208061117,2832.97016398804
sign_mt_v2,87,42.40674075606528,7421.179632311424,15.096937619625642,2641.9640834344873
sign_mt_v2,88,38.71757077366924,7820.9492962811855,11.239965129774047,2225.513095695261
sign_mt_v2,89,21.112009095773498,4454.633919208208,9.370394809971133,2080.2276478135914
sign_mt_v2,90,46.501360814054806,13624.898718518058,15.205832547403554,4485.7206014840485
sign_mt_v2,91,45.01982594740425,12200.372831746552,14.43129791624066,3910.8817353012187
sign_mt_v2,92,49.806644563899916,8765.969443246386,14.30250887756707,2402.8214914312675
sign_mt_v2,93,36.93476551895177,9713.843331484315,12.872912595744616,3385.576012680834
sign_mt_v2,94,26.36131344709993,13866.050873174563,9.306166517061074,4997.411419661797
sign_mt_v2,95,46.46732245174509,10780.418808804861,13.423077966026883,3194.692555914398
sign_mt_v2,96,28.566416783957987,6313.178109254715,15.918073442046293,3517.894230692231
sign_mt_v2,97,33.922962858640275,9430.583674701997,10.448633268107752,3009.2063812150327
sign_mt_v2,98,29.363905306196674,3964.127216336551,15.96218422623783,2154.894870542107
sign_mt_v2,99,43.09192955302146,5645.042771445811,13.372647428937384,1751.8168131907973
sign_mt_v2,100,36.84084393024874,9468.096890073926,12.778982974678668,3322.5355734164536
sign_mt_v2,101,27.4392677507359,16490.999918192276,9.923488266673633,6023.557377870896
sign_mt_v2,102,46.55331631397437,10521.049486958207,14.668962953236722,3051.1442942732383
sign_mt_v2,103,27.43225850577772,5376.722667132433,15.246118710249325,2988.2392672088677
sign_mt_v2,104,44.3839310382645,14646.697242627284,14.235047847892883,4697.565789804651
sign_mt_v2,105,41.350535856244626,16746.967021779074,14.458985503067765,5855.889128742445
sign_mt_v2,106,38.79136602678148,13615.7694754003,11.136304432665243,3842.025029269509
sign_mt_v2,107,36.676921920712616,22409.59929355541,8.86864501989885,5445.348042217894
sign_mt_v2,108,46.61060657245441,8902.625855338792,17.893284324905572,3417.617306056964
sign_mt_v2,109,50.21191474778775,12804.038260685877,15.341361825099225,3912.0472654003024
sign_mt_v2,110,47.41250551589731,14840.114226475856,14.698568549874654,4556.556250461143
sign_mt_v2,111,23.340651991498497,8589.359932871446,6.732508428305057,2443.900559474736
sign_mt_v2,112,19.933967728505003,3926.9916425154856,16.126826671517485,3176.9848542889445
sign_mt_v2,113,30.12701949452286,7230.484678685486,15.167208875480458,3640.13013011531
sign_mt_v2,114,32.020396406825625,9221.87416516578,10.67022135758126,3073.023750983403
sign_mt_v2,115,29.113234523371013,9083.329171291756,9.507265418572091,2966.266810594492
sign_mt_v2,116,39.886833403689394,4307.778007598455,16.070816186714207,1735.6481481651342
sign_mt_v2,117,41.07965127904608,16514.019814176525,10.333678951629038,4278.143085974421
sign_mt_v2,118,30.4615367505755,7463.076503890998,13.99671998035357,3261.2357554223818
sign_mt_v2,119,32.51788406932537,10795.937511016024,13.119462291281186,4355.661480705354
sign_mt_v2,120,35.43164703958344,12932.551169447956,15.890968874492042,5800.203639189595
sign_mt_v2,121,41.16189336394668,10743.254167990084,15.342135848792765,4004.297456534912
sign_mt_v2,122,25.20918591503428,6478.76078016381,10.589205134484239,2721.425719562449
sign_mt_v2,123,54.25665463665939,32879.53270981559,14.511946277216575,8968.382799319843
sign_mt_v2,124,35.563384189492744,11202.466019690215,10.149151847271828,3227.430287432441
sign_mt_v2,125,42.49788578711184,8797.062357932151,12.327307634165463,2576.407295540582
sign_mt_v2,126,32.28749861416671,6296.062229762508,12.683585621302658,2473.2991961540183
sign_mt_v2,127,34.120141661541254,10474.883490093165,11.895026216324291,3651.7730484115573
sign_mt_v2,128,30.977981649591932,12112.390824990445,14.991143502507574,5861.537109480461
sign_mt_v2,129,24.434701865919255,8478.841547473981,7.545410121548069,2618.2573121771798
sign_mt_v2,130,48.126609003178324,14678.615745969388,12.185548895376558,3728.7779619852267
sign_mt_v2,131,23.82393012621786,12936.394058536298,13.882425396367712,7538.156990227667
sign_mt_v2,132,47.663910243842885,11010.363266327706,14.844768699901634,3384.6072635775727
sign_mt_v2,133,21.188609835783396,7246.5045638379215,14.955027646961913,5114.619455260974
sign_mt_v2,134,39.646563665692746,12052.555354370594,12.42139169852694,3763.6816846536626
sign_mt_v2,135,29.795246939289516,11143.422355294279,14.514711971211074,5370.443429348097
sign_mt_v2,136,40.70733670668786,5373.368445282797,15.574904547691249,2055.887400295245
sign_mt_v2,137,44.31312033343431,26809.43780172776,12.057213799036358,7547.8158381967605
sign_mt_v2,138,26.619658346420362,12724.196689588933,9.636844139731554,4606.411498791683
sign_mt_v2,139,44.69164358401909,11306.98582675683,15.958108562629267,4133.15011772098
sign_mt_v2,140,52.342093366641976,7432.57725806316,16.1310644885819,2290.6111573786297
sign_mt_v2,141,31.541911772702907,5551.376471995712,14.078188147512309,2477.7611139621663
sign_mt_v2,142,43.88447577675362,21722.81550949304,13.292215093023964,6699.276406884078
sign_mt_v2,143,34.1543109382079,7787.182893911401,12.140640806691273,2816.6286671523753
sign_mt_v2,144,40.49330872390577,11459.606368865332,11.953575873572381,3538.258458577425
sign_mt_v2,145,40.60644113975775,8040.075345672035,15.826465319424345,3133.6401332460205
sign_mt_v2,146,35.83405548474184,5912.619154982403,12.21790923317392,2015.9550234736969
sign_mt_v2,147,48.60138425797167,10352.094846947964,14.837163828172782,3160.3158954008027
sign_mt_v2,148,57.29447326098962,16672.69171894798,11.610905310874188,3378.7734454643887
sign_mt_v2,149,48.80499843332896,8784.899717999213,15.542698716539173,2813.22846769359
sign_mt_v2,150,44.81132799058647,16938.681980441685,11.839565418859324,4475.355728328825
sign_mt_v2,151,39.80843305174163,18033.22017243896,16.944534700849292,7675.87421948473
sign_mt_v2,152,38.60472848198169,6446.989656490941,11.91415438848578,2227.946870646841
sign_mt_v2,153,23.65712054345002,7759.535538251606,8.8448691794612,2901.117090863274
sign_mt_v2,154,25.754348193831543,8885.250126871882,14.46223435267803,4989.47085167392
sign_mt_v2,155,30.314159607144614,15096.451484358018,14.209323213634605,6905.731081826418
sign_mt_v2,156,36.13685518053974,14201.784085952118,11.842571549380834,4665.9731904560485
sign_mt_v2,157,44.832596074536546,18246.866602336373,12.738792102643103,5413.986643623319
sign_mt_v2,158,26.411626833704936,13681.222699859158,9.730850718317594,5040.580672088514
sign_mt_v2,159,26.42908304981519,7717.292250546036,11.992802431103499,3501.898309882222
sign_mt_v2,160,27.040583004524468,12871.317510153647,8.034335560991408,3792.2063847879444
sign_mt_v2,161,38.70180234173625,10333.381225243578,13.45254761696046,3591.830213728443
sign_mt_v2,162,29.40783608545194,15321.482600520461,9.599246699746422,5049.203764066618
sign_mt_v2,163,26.96882550280325,7605.208791790516,9.442221587519546,2709.9175956181098
sign_mt_v2,164,31.417223793154772,6848.9547869077405,16.24126435799384,3540.5956300426565
sign_mt_v2,165,39.58766774802838,6017.3254977003135,13.742465599284602,2088.8547710912594
sign_mt_v2,166,25.95546145511275,10511.961889320664,9.862616319542417,3945.046527816967
sign_mt_v2,167,52.43458802015018,14576.81546960175,10.415967887392814,2916.4710084699877
sign_mt_v2,168,42.23700345742616,10643.724871271394,16.67690999715382,4202.581319282763
sign_mt_v2,169,25.128882170978372,6709.411539651225,16.35918808152083,4367.903217766062
sign_mt_v2,170,44.566051744700964,7264.266434386257,16.36744816858406,2766.098740490706
sign_mt_v2,171,32.26460396964862,11195.817577468071,9.364439556428433,3249.4605260806666
sign_mt_v2,172,27.035744583959875,16681.054408303244,10.92741601122975,6851.4898390410535
sign_mt_v2,173,35.05595645140563,11358.129890255423,11.053704307824198,3559.2927871193915
sign_mt_v2,174,46.502292379624926,8184.403458813987,14.06950029873069,2476.2320525766013
sign_mt_v2,175,42.226399139525775,31331.988161528127,12.047337121288075,8939.124143995752
sign_mt_v2,176,48.042570920370395,9464.386471312968,17.598192567669358,3466.8439358308638
sign_mt_v2,177,32.374636340670044,8514.529357596222,12.774894590241173,3359.7972772334283
sign_mt_v2,178,35.381133570096885,10119.00420104771,15.502170810731284,4371.612168626222
sign_mt_v2,179,48.72945581027488,6822.123813438483,11.887988499589008,1664.3183899424612
sign_mt_v2,180,27.499996726778804,9322.498890378014,7.933416643400306,2982.964657918515
sign_mt_v2,181,37.17735784842245,10595.546986800398,15.410772507495999,4392.07016463636
sign_mt_v2,182,57.29789241342924,17189.367724028772,13.881470366099595,4164.441109829879
sign_mt_v2,183,35.15438908798341,7417.5760975645,14.39162252914251,2892.7161283576443
sign_mt_v2,184,26.387080166007657,6438.447560505868,16.38172940977163,3997.141975984278
sign_mt_v2,185,31.534482290064208,9397.275722439133,12.08012567278243,3575.717199143599
sign_mt_v2,186,33.62999904177784,6490.589815063124,14.507090496732342,2799.868465869342
sign_mt_v2,187,38.71943175154532,6969.4977152781585,14.2187922423662,2559.382603625916
sign_mt_v2,188,36.33436970668603,13443.716791473833,12.059723473013198,4462.097685014884
sign_mt_v2,189,22.339643873613753,4713.664857332502,16.60618713772232,3503.905486059409
sign_mt_v2,190,29.6322740114968,7645.126694966175,10.375130671595842,2676.7837132717273
sign_mt_v2,191,53.64306390963914,17165.780451084524,13.698752720048429,4383.600870415497
sign_mt_v2,192,34.04586892613424,13345.980619044623,12.485191684674096,4894.195140392246
sign_mt_v2,193,34.51972875364853,9838.12269478983,14.196138832273384,4045.8995671979146
sign_mt_v2,194,48.736598132392295,20274.424823075195,14.197553879340923,5906.182413805824
sign_mt_v2,195,28.574684501938805,6629.326804449803,13.523864618144534,3137.536591409532
sign_mt_v2,196,27.669626424312227,4703.8364921330785,16.359872323505197,2781.178294995884
sign_mt_v2,197,30.157477562488793,7720.314255997131,13.589484077284917,3478.9079237849387
sign_mt_v2,198,32.64352020624247,8813.750455685467,11.134348878296594,3006.2741971400806
sign_mt_v2,199,22.829027796319433,5570.282782301942,15.455672357735,3771.18405528734
sign_mt_v2,200,39.785039523547326,6962.381916620782,12.34900693689305,2111.6801862087113
sign_mt_v2,201,43.609589674722066,13780.630337212173,12.184755636634433,3850.382781176481
sign_mt_v2,202,24.89920675119185,8017.544573883776,11.917341822475457,3777.79735772472
sign_mt_v2,203,42.82800473992846,9679.129071223831,15.839265056819112,3579.6739028411193
sign_mt_v2,204,49.354993975222804,12585.523463681815,13.426042659281517,3423.640878116787
sign_mt_v2,205,43.290902822748265,12511.07091577425,14.049304328384647,4032.150342246394
sign_mt_v2,206,37.08871677861585,12647.252421508003,13.946362769147134,4755.709704279173
sign_mt_v2,207,27.82536856972111,29522.716052474098,6.545796841255476,7357.475649571155
sign_mt_v2,208,28.42654769516526,21405.19041445944,8.588402130206703,6518.597216826887
sign_mt_v2,209,24.436266053789303,12633.54954980907,6.665257645773066,3479.26449109354
sign_mt_v2,210,40.23940442428304,9134.34480431225,15.248965676644149,3431.0172772449337
sign_mt_v2,211,23.63591214873093,9643.45215668222,10.955072096932032,4469.669415548269
sign_mt_v2,212,44.768618039387,7700.2023027745645,13.904456611083486,2391.5665371063596
sign_mt_v2,213,19.825882493183595,3628.136496252598,15.918102751133606,2913.01280345745
sign_mt_v2,214,32.07964441767702,7731.194304660162,13.417849712228058,3233.701780646962
sign_mt_v2,215,51.7394424889952,7502.219160904304,16.416860790572077,2298.360510680091
sign_mt_v2,216,38.3190549203112,8621.787357070021,15.230732639557298,3426.914843900392
sign_mt_v2,217,23.778669926330696,9701.697329942925,10.286750421143429,4196.994171826519
sign_mt_v2,218,35.590873536148315,39505.86962512463,14.953383782391521,16598.255998454588
sign_mt_v2,219,27.0891521414362,8343.45885956235,11.651818873657124,3588.7602130863943
sign_mt_v2,220,40.075773688769445,6291.896469136803,14.362277238382717,2254.8775264260867
sign_mt_v2,221,30.342256004518827,5795.370896863096,13.03857736879662,2490.3682774401545
sign_mt_v2,222,23.538302614394834,9321.167835300354,15.131514808174243,5765.107141914386
sign_mt_v2,223,49.27305271296189,12909.539810796015,12.456272422975312,3263.543374819532
sign_mt_v2,224,25.005264782844193,11102.337563582822,9.516259847008733,4215.703112224869
sign_mt_v2,225,35.18987695849061,10803.292226256617,13.14942226065712,3984.2749449791077
sign_mt_v2,226,26.307145156226415,14021.708368268679,8.960816982780257,4776.115451821876
sign_mt_v2,227,39.12936717954435,17177.79219181997,13.250640994937443,5843.532678767412
sign_mt_v2,228,32.34001946434417,6532.683931797522,14.390722045194002,2849.3629649484124
sign_mt_v2,229,24.787261007497694,6568.624166986889,9.951492056610988,2637.1453950019118
sign_mt_v2,230,52.49185409978098,15590.080667634951,16.03884479971247,4811.653439913742
sign_mt_v2,231,35.221181795942805,8312.198903842502,11.691414197005404,2770.865164690281
sign_mt_v2,232,22.75707036679554,17636.729534266542,7.52200899341388,5829.556969895757
sign_mt_v2,233,34.441472182953184,3960.7693010396165,15.140832016090698,1741.1956818504302
sign_mt_v2,234,28.396548402474835,7099.137100618709,15.184038765741489,3796.009691435372
sign_mt_v2,235,37.970558709861116,13327.666107161253,12.066831020085402,4247.524519070062
sign_mt_v2,236,29.490535884647265,10498.630774934427,12.453727574010765,4433.527016347833
sign_mt_v2,237,28.571373425742557,9571.410097623757,10.984967744418801,3679.9641943802985
sign_mt_v2,238,26.314253739961078,6578.563434990269,10.308513523468655,2577.1283808671637
sign_mt_v2,239,29.500848378081,6136.176462640848,14.93130438653676,2986.260877307352
sign_mt_v2,240,24.53128039014448,9027.51118357317,14.253558569255881,5245.309553486164
sign_mt_v2,241,38.306434652805564,10074.592313687863,10.215634465482099,2737.7900367492025
sign_mt_v2,242,28.86662024983919,7130.05520171028,14.56919965950953,3598.592315898854
sign_mt_v2,243,33.973576937552785,9104.918619264146,12.004765461088928,3217.2771435718328
sign_mt_v2,244,26.00218707729725,5538.465847464315,13.549809812051748,2886.1094899670225
sign_mt_v2,245,31.80251691891919,4420.549851729767,13.959827234109769,1884.5766766048189
sign_mt_v2,246,21.783150970424483,6447.812687245647,13.868151717025272,4104.972908239481
sign_mt_v2,247,36.4518253782625,8602.63078926995,12.905653780928771,3045.73429229919
sign_mt_v2,248,42.033048065023145,14207.170245977823,16.757305475871956,5663.969250844721
sign_mt_v2,249,55.026005022001975,19369.153767744694,16.499063741486324,5807.670437003187
sign_mt_v2,250,40.22168191303956,6918.129289042804,15.250010176458593,2623.001750350878
sign_mt_v2,251,27.53084207713363,6800.117993052007,10.663264490588952,2633.826329175471
sign_mt_v2,252,55.00863774915557,15127.37538101778,10.170695784334164,2796.941340691895
sign_mt_v2,253,24.006959697921378,4489.301463511298,15.633934342726903,2923.5457220899307
sign_mt_v2,254,38.825765784200144,14016.101448096251,16.509281354627717,5959.850569020606
sign_mt_v2,255,29.225732561311634,8183.205117167257,13.72648965188509,3829.69061287594
sign_mt_v2,256,38.13401942384137,9075.896622874247,9.958441567182398,2300.400002019134
sign_mt_v2,257,27.662175187396464,9211.504337403023,13.367943415056214,4384.685440138438
sign_mt_v2,258,49.0435766513033,10887.674016589332,14.441718984201469,3206.061614492726
sign_mt_v2,259,38.86133648875804,8666.078036993043,11.152415387456031,2453.531385240327
sign_mt_v2,260,35.73180478701755,10112.100754725967,11.281991429709082,3441.00738606127
sign_mt_v2,261,32.39413766770042,10366.124053664134,13.91917390900725,4454.13565088232
sign_mt_v2,262,47.79528874619137,11518.66458783212,12.92345552594853,3114.552781753596
sign_mt_v2,263,29.845247909337836,9401.253091441418,8.42658819904192,2620.668929902037
sign_mt_v2,264,30.787459882039595,5941.979757233642,14.802114446904268,2856.8080882525237
sign_mt_v2,265,42.37967930900602,6356.951896350904,13.060885533019063,1959.1328299528593
sign_mt_v2,266,31.50795330398032,7908.49627929906,15.865788359387908,3982.312878206365
sign_mt_v2,267,27.45638141141219,7550.504888138352,14.815473296615867,4074.2551565693634
sign_mt_v2,268,24.812383841342555,11661.820405431,7.000747568107555,3248.3468716019056
sign_mt_v2,269,24.973664744824006,8291.25669528157,13.033188647420252,4209.719933116741
sign_mt_v2,270,34.887025670517,22885.88883985915,12.913576038401995,8471.305881191709
sign_mt_v2,271,36.27366023166964,7000.81642471224,10.131983187811935,2107.4525030648824
sign_mt_v2,272,32.598914852447585,6845.772119013993,11.559248506946313,2427.4421864587257
sign_mt_v2,273,31.931970572211622,9483.795259946852,11.89994430766712,3534.2834593771345
sign_mt_v2,274,56.80883999335189,37039.36367566543,12.63293735186225,9032.550206581509
sign_mt_v2,275,28.623117240210348,4350.713820511973,14.383482383930408,2186.289322357422
sign_mt_v2,276,48.5989241794917,14239.484784591068,14.816199095061897,4415.2273303284455
sign_mt_v2,277,30.232215381148492,4746.457814840313,16.667109359499445,2616.736169441413
sign_mt_v2,278,34.80167323970001,16078.373036741403,14.132373426570963,6529.156523075785
sign_mt_v2,279,34.627587058943256,5471.158755313035,15.033834528989019,2375.345855580265
sign_mt_v2,280,34.660701422728884,8318.568341454933,15.583862866401313,3708.9593622035127
sign_mt_v2,281,39.28156134864147,13434.293981235382,14.289523007618081,4887.016868605384
sign_mt_v2,282,26.438159635079447,8248.705806144788,12.811711067094217,3997.2538529333956
sign_mt_v2,283,48.768661458549644,10241.418906295425,13.37165388348184,2808.0473155311865
sign_mt_v2,284,31.47566599364782,9977.786119986358,8.775488019655244,2983.665926682783
sign_mt_v2,285,40.27872810839774,15144.801768757552,14.379120662307475,5349.032886378381
sign_mt_v2,286,28.453078400311323,8023.7681088877935,12.567319280417358,3493.7147599560253
sign_mt_v2,287,47.00352031629661,11421.855436860076,16.19443702081376,3935.2481960577434
sign_mt_v2,288,51.624253943002046,11512.208629289456,15.072006278046588,3361.0574000043894
sign_mt_v2,289,22.339958178177508,12510.376579779404,9.817768753129226,5497.950501752366
sign_mt_v2,290,25.349089160575843,4968.4214754728655,14.90014356571173,2860.827564616652
sign_mt_v2,291,55.38825233855115,15065.604636085913,15.120854677274064,4112.872472218545
sign_mt_v2,292,38.05294983676147,8561.913713271331,10.141488952400604,2555.6552160049523
sign_mt_v2,293,47.530800564019025,15257.386981050107,13.07401000747133,4445.163402540252
sign_mt_v2,294,27.60307747773216,8142.907855930987,13.612992574406956,4015.832809450052
sign_mt_v2,295,26.507843729548274,8694.572743291834,12.918845265736087,4134.030485035548
sign_mt_v2,296,42.49179080374082,9178.226813608017,11.256271278181405,2735.2739205980815
sign_mt_v2,297,28.45397669691001,6430.5987335016625,15.463728937705774,3494.802739921505
sign_mt_v2,298,42.33787487205884,9399.008221597063,13.570571681475577,2958.3846265616758
sign_mt_v2,299,24.140923914174177,4490.211848036397,14.442719977570121,2686.3459158280425
sign_mt_v2,300,33.733666327902384,13156.12986788193,11.109521471427717,4332.71337385681
sign_mt_v2,301,34.36867374835819,15397.16583926447,10.089335928489067,4520.022495963102
sign_mt_v2,302,31.08139114234125,15229.881659747212,9.625947951764713,4774.470184075298
sign_mt_v2,303,32.50111584026632,15438.030024126505,13.298866196726992,6223.869380068232
sign_mt_v2,304,48.9287158024995,9149.669855067406,14.193952186059747,2654.2690587931725
sign_mt_v2,305,48.83563220389032,10841.510349263652,10.98937613835953,3120.9828232941068
sign_mt_v2,306,41.03867283980552,19124.021543349372,10.195074444430738,4750.9046911047235
sign_mt_v2,307,24.12666262890034,9650.665051560136,16.64949083969986,6659.796335879944
sign_mt_v2,308,23.47106981876264,10397.68392971185,8.092553050338381,3609.2786604509183
sign_mt_v2,309,24.68409476895386,6738.757871924404,12.131721599361523,3360.4868830231417
sign_mt_v2,310,24.091916524046887,5806.151882295299,14.054653329626824,3387.1714524400645
sign_mt_v2,311,24.579488498782013,14108.626398300876,11.098286115872257,6326.023086047187
sign_mt_v2,312,57.37896027304814,16639.89847918396,18.09402222628017,5247.26644562125
sign_mt_v2,313,26.03048817430896,11557.536749393179,10.015153472173562,4376.622067339847
sign_mt_v2,314,47.273743555736736,17302.190141399646,11.061560798633462,4590.547731432886
sign_mt_v2,315,34.680147018194454,15675.426452223892,13.913710653162068,6288.997215229255
sign_mt_v2,316,41.263754854716545,10109.619939405553,13.817158767560853,3329.9352629821656
sign_mt_v2,317,43.23302667598516,17725.540937153914,12.927081756622297,5300.1035202151415
sign_mt_v2,318,44.60815283932411,13471.662157475881,12.412730124230723,3922.4227192569087
sign_mt_v2,319,52.70375186152969,10804.269131613586,16.371478254632944,3356.153042199753
sign_mt_v2,320,26.321814716256494,14661.250796954868,8.867068277649953,4956.691167206323
sign_mt_v2,321,20.66021437072736,9462.37818179313,13.76942868714596,6306.398338712849
sign_mt_v2,322,31.075488686644103,12834.176827584015,9.612976343344275,4027.8370878612513
sign_mt_v2,323,46.95862636925944,18407.781536749702,12.51180747881088,4904.628531693865
sign_mt_v2,324,36.09396561757799,12741.16986300503,14.465438034341432,5106.299626122525
sign_mt_v2,325,43.353814042585114,7153.3793170265435,13.97844618188154,2306.443620010454
sign_mt_v2,326,40.02413190836078,15729.483839985785,10.511747615784252,4110.093317771642
sign_mt_v2,327,28.748010776531064,13425.321032640008,8.742414277668928,3951.5712535063553
sign_mt_v2,328,23.943643614158095,23967.58725777225,10.126004118448623,10115.878114330175
sign_mt_v2,329,44.7196358724618,11179.908968115451,10.569931431726951,2822.171692271096
sign_mt_v2,330,32.97390177016493,11606.813423098054,8.795662469139158,3280.7821009889058
sign_mt_v2,331,49.219661883649245,9105.63744847511,13.827957536110485,2558.17214418044
sign_mt_v2,332,34.35950043600055,16011.527203176256,9.215254390399231,4708.994993494007
sign_mt_v2,333,35.03229828465129,9178.462150578638,8.353745118979342,2230.449946767484
sign_mt_v2,334,50.10764204820812,9119.590852773877,17.72210779185064,3225.4236181168167
sign_mt_v2,335,29.779773645029774,7474.723184902473,10.703177321373946,2686.4975076648607
sign_mt_v2,336,41.86802531807897,8666.681240842347,15.827635120653612,3276.320469975298
sign_mt_v2,337,39.46698629234313,12274.232736918713,16.748934317969315,5208.918572888457
sign_mt_v2,338,60.846566772357576,10708.995751934934,16.24931601945733,2859.8796194244896
sign_mt_v2,339,34.610330246046,8133.427607820809,13.07158024749239,3006.46345692325
sign_mt_v2,340,40.0144344494678,10043.623046816418,14.541434463192948,3649.90005026143
sign_mt_v2,341,33.145645857597465,10706.043612003981,17.14328058986568,5537.279630526614
sign_mt_v2,342,29.10470509438153,7072.443337934712,7.861934069647027,1910.4499789242275
sign_mt_v2,343,38.45369167843202,11382.292736815878,12.290774407380834,3539.7430293256803
sign_mt_v2,344,45.475814710759245,32060.449371085266,12.805716347008715,9053.641457335161
sign_mt_v2,345,22.5594251613513,4760.038709045124,14.22329346981421,2944.2217482515416
sign_mt_v2,346,31.992167855806613,11741.125603081027,13.232390629081882,4856.287360873051
sign_mt_v2,347,38.72453816703643,13708.486511130895,12.649666285005821,4440.032866037043
sign_mt_v2,348,39.1595465077426,8693.419324718856,13.051493897957709,2897.4316453466113
sign_mt_v2,349,39.257749429298244,16331.22376258807,16.779065011730438,6980.091044879862
sign_mt_v2,350,32.30184594061812,7494.028258223405,12.567810633995576,2928.299877720969
sign_mt_v2,351,34.21381457386982,8621.881272615194,13.875635319050142,3496.6601004006357
sign_mt_v2,352,42.679906166292824,9688.33869974847,15.145209787767659,3437.9626218232584
sign_mt_v2,353,24.531264000801208,8978.442624293242,11.78871644027919,4361.8250829033
sign_mt_v2,354,43.441809480977696,5473.66799460319,15.946987851710752,2009.3204693155546
sign_mt_v2,355,20.1278574370469,7346.6679645221175,13.185618292016093,4786.379440001841
sign_mt_v2,356,21.303329108585714,6135.358783272686,15.792816023476654,4548.3310147612765
sign_mt_v2,357,42.64211587692717,7931.433553108453,11.702819557838392,2211.832896431456
sign_mt_v2,358,27.588269774931028,7945.421695180136,12.81595443943759,3690.994878558026
sign_mt_v2,359,58.341424050552725,11143.21199365557,15.813946820000442,3020.4638426200845
sign_mt_v2,360,29.61105394569101,11400.255769091038,11.079927779208004,4265.772194995082
sign_mt_v2,361,45.21421687548408,13971.193014524579,13.715553504099748,4210.6749257586225
sign_mt_v2,362,24.742678672822816,7249.6048511370855,14.958079374271154,4382.717256661448
sign_mt_v2,363,41.39732860755798,22437.352105296424,8.593026266946959,4837.873788291137
sign_mt_v2,364,25.09630162363254,15810.6700228885,12.363077095111507,7788.73856992025
sign_mt_v2,365,27.687696665892403,12348.712712988012,13.6224203633898,6075.599482071851
sign_mt_v2,366,48.257833353944896,10520.207671159988,14.919219707745055,3252.3898962884223
sign_mt_v2,367,47.60327217129499,10948.752599397847,13.692195578325139,3149.204983014782
sign_mt_v2,368,25.081780653200187,5944.382014808444,15.222862190550067,3607.818339160366
sign_mt_v2,369,34.59665031110437,10655.768295820146,8.668685383112305,2904.009603342622
sign_mt_v2,370,35.99242787743623,6586.614301570829,14.16481717969787,2592.16154388471
sign_mt_v2,371,31.69438089318557,17051.576920533837,11.707265626082911,6052.656328684865
sign_mt_v2,372,25.597050914690417,10110.835111302715,8.880714989796545,3481.240276000245
sign_mt_v2,373,39.49285201052662,6160.884913642152,15.378810705943774,2245.306363067791
sign_mt_v2,374,49.776565269685186,17670.680670738242,14.92379018131218,5536.7261572668185
sign_mt_v2,375,50.580927454093114,12442.908153706907,10.280457885407332,2621.5167607788694
sign_mt_v2,376,42.55351761049867,9829.862568025193,14.195814234595334,3137.2749458455687
sign_mt_v2,377,28.556149054725253,7481.711052338016,14.013428018288096,3657.504712773193
sign_mt_v2,378,40.70944832815424,6961.315664114375,12.837996897513209,2195.2974694747586
sign_mt_v2,379,47.223854823944734,15867.21522084543,13.368198019974685,4491.714534711494
sign_mt_v2,380,36.236740958080006,17067.504991255682,10.91771139536549,5251.419181170801
sign_mt_v2,381,29.145384950553165,6557.711613874462,11.104946681467522,2509.71795001166
sign_mt_v2,382,38.372496168596946,18073.445695409162,11.384365387497073,5373.420462898619
sign_mt_v2,383,51.068729675718295,18997.567439367205,17.37981133695779,6465.289817348298
sign_mt_v2,384,24.653825985631386,9664.299786367503,8.820009983141475,3457.443913391458
sign_mt_v2,385,30.900900164967158,5036.846726889647,15.070974893594279,2456.5689076558674
sign_mt_v2,386,19.650512192274316,13323.047266361986,12.25633931680754,7942.107877291286
sign_mt_v2,387,21.216300128144066,5558.670633573745,10.807937289038362,2864.103381595166
sign_mt_v2,388,41.37699592688477,11213.165896185772,12.845809108359322,3404.1394137152206
sign_mt_v2,389,31.273140455203507,9381.942136561052,11.496818802015309,3449.0456406045923
sign_mt_v2,390,33.12315140332449,7783.940579781255,10.122233217541504,2378.7248061222535
sign_mt_v2,391,33.32661260103409,8931.532177077137,10.068561876526713,2728.5802685387393
sign_mt_v2,392,23.90131336330684,8198.150483614247,11.940517802209115,4095.5976061577267
sign_mt_v2,393,28.14502537391402,13087.43679887002,12.26344886322257,5702.503721398495
sign_mt_v2,394,32.765053417093156,7929.1429269365435,13.59401032855743,3289.750499510898
sign_mt_v2,395,34.43347779426983,19386.04799817391,8.693372759612453,4981.302591257936
sign_mt_v2,396,24.31800571686831,6444.2715149701025,13.199755134622334,3497.9351106749186
sign_mt_v2,397,48.276658673931905,12841.591207265887,14.077779927606514,3589.833881539661
sign_mt_v2,398,32.57846417138679,13292.013381925812,9.329791433215796,3806.554904752045
sign_mt_v2,399,47.19739054565113,12412.913713506248,11.13583138607738,2928.7236545383507
sign_mt_v2,400,33.960113192876456,6792.022638575291,14.503512435492759,2900.702487098552
sign_mt_v2,401,40.73588424598863,6680.685016342135,13.163992673432988,2119.402820422711
sign_mt_v2,402,50.35075980937481,21852.229757268666,13.675199179679511,5921.361244801228
sign_mt_v2,403,41.35109186610519,13025.593937823136,14.663366944048528,4618.960587375286
sign_mt_v2,404,20.45843468068099,4255.354413581646,16.59799142329856,3452.3822160461004
sign_mt_v2,405,28.18677310715143,8202.350974181067,12.150429758790915,3535.775059808156
sign_mt_v2,406,23.29697844095239,6849.311661640003,13.05681715389006,3747.3065231664473
sign_mt_v2,407,27.45463955531601,12986.044509664473,12.853275336099289,6079.599233974964
sign_mt_v2,408,27.411344909773774,12143.225795029783,14.49946107242994,6423.261255086463
sign_mt_v2,409,38.134961512058915,6940.562995194722,14.087957391053672,2634.4480321270366
sign_mt_v2,410,30.459390630568343,9807.923783043007,9.972879420639174,3281.0773293902885
sign_mt_v2,411,39.48630814600112,7778.802704762221,12.78286264008258,2518.2239400962685
sign_mt_v2,412,36.2500184619125,7975.00406162075,12.637713739686836,2755.02159525173
sign_mt_v2,413,37.558074858711876,7924.753795188206,14.880361423555538,3139.7562603702186
sign_mt_v2,414,28.037422652914127,3392.5281410026096,16.715951586540616,2022.6301419714143
sign_mt_v2,415,33.127113156464105,8149.269836490171,15.480570324875504,3808.220299919374
sign_mt_v2,416,41.99002101703507,10287.555149173591,17.99178955109467,4174.095175853963
sign_mt_v2,417,44.60677715641309,42421.04507574884,12.26645755112815,11824.865079287536
sign_mt_v2,418,30.100503453348356,5508.392131962749,13.23483234817566,2421.9743197161456
sign_mt_v2,419,22.550167605912087,4622.784359211978,15.119135959297115,2766.801880551372
sign_mt_v2,420,23.70293959462849,9007.117045958827,13.612829968515904,5172.875388036044
sign_mt_v2,421,55.11614339356643,19070.185614173985,15.919184306253937,5508.037769963862
sign_mt_v2,422,34.60170697832638,9688.477953931388,13.232119046877818,3678.5290950320336
sign_mt_v2,423,41.17596198173106,10129.28664750584,13.80107057725525,3395.0633620047915
sign_mt_v2,424,33.79038775818608,8211.064225239217,13.241167865454742,3217.603791305502
sign_mt_v2,425,25.354562097795622,10217.888525411636,11.426183327821173,4616.178064439754
sign_mt_v2,426,49.29301358212701,8675.570390454353,12.391288881191386,2193.258131970875
sign_mt_v2,427,27.395164120057903,10574.53335034235,14.619771351395503,5643.231741638664
sign_mt_v2,428,21.884972979993027,4967.888866458417,11.034419855665563,2504.813307236083
sign_mt_v2,429,26.31000841318255,9261.122961440258,8.907571702259165,3135.4652391952263
sign_mt_v2,430,26.610661420436664,8754.907607323663,10.035620930078734,3191.3274557650375
sign_mt_v2,431,45.479319383851724,9186.822515538048,12.161010337949275,2456.5240882657536
sign_mt_v2,432,39.525526371455065,5849.77790297535,15.061897635138658,2229.1608500005214
sign_mt_v2,433,34.34555564591831,14802.934483390793,12.76175463023303,5500.316245630436
sign_mt_v2,434,43.92642785417861,5798.288476751577,16.017688137215504,2114.3348341124465
sign_mt_v2,435,31.88739610587937,6154.267448434718,12.234814053737734,2373.5539264251206
sign_mt_v2,436,40.75448907194486,20499.508003188264,10.000515590711185,5170.266560397683
sign_mt_v2,437,24.425059131003486,7986.99433583814,7.481842402220102,2356.780356699332
sign_mt_v2,438,36.40014625603002,5532.822230916563,13.451926298999657,2044.692797447948
sign_mt_v2,439,42.95527093954184,8934.696355424703,12.818396165915845,2666.2264025104955
sign_mt_v2,440,36.20161238425735,7312.725701619986,12.82808711460024,2591.2735971492484
sign_mt_v2,441,34.9855354996507,13154.561347868663,16.2789611846664,6039.494599511234
sign_mt_v2,442,27.87902128104195,6635.207064887984,11.83350683714684,2674.372545195186
sign_mt_v2,443,45.48527475490872,21514.534959071825,14.372371982372327,6869.993807573972
sign_mt_v2,444,24.347844562698583,4553.046933224635,15.625573834679129,2921.982307084997
sign_mt_v2,445,33.84793060019512,8461.98265004878,15.420347677203056,3855.086919300764
sign_mt_v2,446,45.41555687310795,8083.969123413216,14.50257852513834,2581.4589774746246
sign_mt_v2,447,39.05150008305277,31124.045566193057,14.511445875797122,11580.133808886103
sign_mt_v2,448,25.36551152460911,4997.005770347995,16.558418375777173,3262.008420028103
sign_mt_v2,449,47.11279934136175,13332.922213605376,12.275744974809259,3486.3115728458292
sign_mt_v2,450,29.91963356795851,11309.621488688317,13.387539683045564,4980.16476209295
sign_mt_v2,451,31.035866736619287,7200.321082895674,14.858965394808445,3476.997902385176
sign_mt_v2,452,34.07666492469887,5554.496382725915,16.630698115741836,2710.8037928659196
sign_mt_v2,453,31.601249144005813,10365.209719233906,10.091111679888247,3188.791290844686
sign_mt_v2,454,39.229841310771306,8159.806992640432,13.81267888899229,2873.037208910396
sign_mt_v2,455,31.85648150345427,8282.68519089811,13.165443210231794,3423.0152346602667
sign_mt_v2,456,34.23890134724381,11024.926233812506,12.005985272224876,3865.92725765641
sign_mt_v2,457,37.09750485898864,11129.251457696593,10.339362560010908,3205.2023936033816
sign_mt_v2,458,20.05023766978997,4812.0570407495925,15.745189903879403,3778.8455769310567
sign_mt_v2,459,24.765467372356284,4383.487724907062,13.560707982616869,2508.7309767841207
sign_mt_v2,460,36.75446799469165,20214.95739708041,8.46987636555366,5107.335448428857
sign_mt_v2,461,44.61506480531822,13072.213987958237,15.030509418458276,4464.061297282108
sign_mt_v2,462,46.275596581930245,18880.44340542754,14.371820495651953,5863.702762225997
sign_mt_v2,463,43.09645479268796,49474.73010200578,4.244842419838669,5276.339127859465
sign_mt_v2,464,48.27964143371066,8110.979760863391,16.411110747502228,2757.066605580374
sign_mt_v2,465,29.466358998711087,10637.355598534703,13.43972637146965,4811.422040986135
sign_mt_v2,466,39.1957071825055,9485.36113816633,14.542405546189977,3519.2621421779745
sign_mt_v2,467,46.96569060209115,9721.897954632868,16.482254979503743,3411.826780757275
sign_mt_v2,468,37.350148328226815,7096.528182363095,16.16121905117201,3070.6316197226824
sign_mt_v2,469,31.782400347549373,13221.47854458054,13.55645091285016,5991.951303479771
sign_mt_v2,470,17.368745702364734,4706.930085340843,13.608959959351523,3688.0281489842628
sign_mt_v2,471,35.894644730493354,7609.664682864591,13.472735665532701,2721.4926044376057
sign_mt_v2,472,28.023713382159176,12666.718448735948,8.845656057327043,3980.545225797169
sign_mt_v2,473,41.67820687190823,25548.740812479744,10.220756509255724,7042.101234877194
sign_mt_v2,474,26.504621356251068,9780.205280456645,13.668083580576708,4811.165420363001
sign_mt_v2,475,45.91909984728103,10423.635665332795,13.37123987267476,3035.2714510971705
sign_mt_v2,476,23.384345709789205,9423.89132104505,8.141433175281081,3329.8461686899623
sign_mt_v2,477,22.803396548852987,9144.162016090047,13.218440566794202,5300.594667284475
sign_mt_v2,478,27.270351921377404,10090.03021090964,10.402255907113998,3828.0301738179514
sign_mt_v2,479,20.95474905497278,8968.63259552835,8.355919347880542,3551.2657228492308
sign_mt_v2,480,23.02252932898141,4397.3031018354495,15.301431006356673,2922.5733222141243
sign_mt_v2,481,26.883362803847614,8683.32618564278,13.069070347229431,4221.309722155106
sign_mt_v2,482,26.368120963696988,9914.413482350068,8.075053903593204,3141.1959684977564
sign_mt_v2,483,48.75744786909291,9068.885303651281,15.014239451481698,2792.648537975596
sign_mt_v2,484,25.25631452071991,11542.135735969,11.644996890577138,5321.763578993752
sign_mt_v2,485,32.46641764072979,7499.742475008581,13.78928502461303,3185.3248406856096
sign_mt_v2,486,41.93500271039393,8009.585517685241,14.869525334595565,2840.079338907753
sign_mt_v2,487,29.081180732041307,10352.900340606706,12.046763784285227,4288.647907205541
sign_mt_v2,488,20.446979206297136,5132.191780780581,16.61003012120213,4169.117560421734
sign_mt_v2,489,32.98875453746358,8181.211125290968,13.060483703002076,3238.9999583445147
sign_mt_v2,490,29.4597831222109,8631.716454807794,14.099422823335862,4131.1308872374075
sign_mt_v2,491,31.916403512518148,9415.339036192854,9.718998673594923,2857.3856100369076
sign_mt_v2,492,27.00539763502111,5941.187479704645,11.132485125791773,2449.14672767419
sign_mt_v2,493,34.516030901560455,5177.404635234068,14.922421808428476,2268.2081148811285
sign_mt_v2,494,31.489400663575104,10171.076414334759,13.129712238424204,4240.897053011018
sign_mt_v2,495,27.186531317200334,10059.016587364124,8.963361586001046,3244.7368941323784
sign_mt_v2,496,51.36529332757828,10170.328078860499,14.862934298288499,2942.8609910611226
sign_mt_v2,497,33.405737015236454,11524.979270256577,13.293856870237223,4586.380620231842
sign_mt_v2,498,23.731897656394207,12388.050576637776,7.713896908004205,4134.648742690254
sign_mt_v2,499,29.08844925256147,7272.112313140367,13.446957423184719,3361.7393557961796
sign_mt_v2,500,42.39825410731514,10260.377493970263,13.146963773298168,3418.2105810575235
sign_mt_v2,501,27.651378439206407,4203.009522759374,12.843928421458683,1952.2771200617199
sign_mt_v2,502,24.52445883132588,4120.109083662748,12.46061275601099,2093.3829430098463
sign_mt_v2,503,21.96653478178698,10258.37174309452,16.147584842450087,7540.922121424191
sign_mt_v2,504,38.77933838457114,25090.23193481753,8.714321915466737,5681.737888884312
sign_mt_v2,505,35.60838995967271,12213.677756167737,12.649412134445102,4338.74836211467
sign_mt_v2,506,42.348949035279084,10671.93515689033,15.079327496424769,3724.593891616918
sign_mt_v2,507,26.117889796966825,9454.676106501991,12.020706319448973,4363.516393959977
sign_mt_v2,508,32.84121155273407,4926.181732910111,17.98935654273025,2698.403481409537
sign_mt_v2,509,54.379270473462306,25884.53274536806,15.304335126597103,7284.863520260221
sign_mt_v2,510,50.11447024878634,11927.243919211149,11.453010189874925,2725.816425190232
sign_mt_v2,511,29.302632139388518,6534.48696708364,14.84925882704411,3311.3847184308365
sign_mt_v2,512,35.98829837143827,12847.822518603462,15.646393380956983,5585.762437001643
sign_mt_v2,513,44.51552820615335,13933.360328525998,12.07066145651163,3778.11703588814
sign_mt_v2,514,28.173005545047047,12198.91140100537,14.961829834733667,6478.472318439678
sign_mt_v2,515,30.413644029317012,6173.969737951354,13.259690141340009,2704.9767888333618
sign_mt_v2,516,28.9673348826172,12195.247985581842,12.186829045276989,5264.710147559659
sign_mt_v2,517,36.27809194812584,6965.393654040161,12.647199236153083,2478.8510502860045
sign_mt_v2,518,53.39862909595826,20184.681798272224,17.304908345288183,6454.7308127924925
sign_mt_v2,519,25.419980279663406,8693.633255644885,7.7567864793505255,2699.361694813983
sign_mt_v2,520,30.241695102404684,7499.940385396361,14.492923907918087,3594.2451291636853
sign_mt_v2,521,34.99212125257269,10742.581224539816,12.257608007659949,3763.0856583516043
sign_mt_v2,522,52.383547626542416,11157.695644453535,16.104460339275732,3430.250052265731
sign_mt_v2,523,33.3711646571125,11112.597830818462,13.90085774951949,4628.98563058999
sign_mt_v2,524,27.690028286091344,8251.62842925522,8.855023284195127,2638.7969386901477
sign_mt_v2,525,50.95285113596174,8712.937544249457,14.118755841508092,2414.3072488978837
sign_mt_v2,526,28.376297991816504,13336.860056153757,12.31449607764282,5787.813156492126
sign_mt_v2,527,43.36720995386571,16175.96931279191,9.9289766851861,3703.5083035744155
sign_mt_v2,528,30.412389907227915,8059.2833254153975,14.46617376658629,3833.536048145367
sign_mt_v2,529,50.39124579066133,10078.249158132267,16.97167242324691,3258.5611052634067
sign_mt_v2,530,42.58949093067563,8390.1297133431,13.344050149268618,2642.1219295551864
sign_mt_v2,531,37.49881041425527,9374.702603563817,12.942270826203686,3235.5677065509212
sign_mt_v2,532,38.38632983841833,11899.762249909681,13.870580229561574,4313.750451393649
sign_mt_v2,533,35.18027782476027,7036.055564952054,13.659380379868635,2731.876075973727
sign_mt_v2,534,35.900851327546626,6928.864306216498,11.920576418512665,2300.671248772944
sign_mt_v2,535,46.49188563861608,9158.901470807368,12.803044283552536,2522.1997238598497
sign_mt_v2,536,58.06320614989713,34257.29162843931,15.494048939355912,9404.887706189038
sign_mt_v2,537,22.805782100736188,4606.76798434871,14.449809025641317,2918.861423179546
sign_mt_v2,538,34.80169178842988,8770.02633068433,13.515785441939729,3405.9779313688114
sign_mt_v2,539,29.76091113341681,10654.406185763217,14.61811072594488,5233.283639888267
sign_mt_v2,540,44.70681343516132,9299.017194513555,13.097272513329452,2724.232682772526
sign_mt_v2,541,34.462351140348346,13612.628700437597,12.266764765894706,4857.638847294304
sign_mt_v2,542,47.24141737414201,9873.45623119568,14.58466104668458,2946.1015314302854
sign_mt_v2,543,25.377825725481703,15302.828912465468,8.464300280317996,5103.973069031752
sign_mt_v2,544,23.404412613711113,5453.228138994689,16.065777080194398,3743.3260596852942
sign_mt_v2,545,38.41488043729395,4801.8600546617445,13.151668828787729,1643.9586035984662
sign_mt_v2,546,42.804155432087626,13911.350515428478,13.726612645091048,4461.149109654591
sign_mt_v2,547,33.48979424461038,7066.34658561279,11.675125237110374,2416.750924081847
sign_mt_v2,548,22.62974165942058,4888.024198434846,17.530025342011406,3786.4854738744634
sign_mt_v2,549,38.58173851793184,7716.347703586368,13.571090317395699,2673.5047925269528
sign_mt_v2,550,35.16932683369674,8581.315747422006,12.864792636572965,3139.0094033238033
sign_mt_v2,551,32.40484207734846,10693.597885524992,10.654999121118365,3580.079704695771
sign_mt_v2,552,44.33928547354062,10730.10708459683,14.794621800542686,3580.2984757313297
sign_mt_v2,553,30.748331148287633,8179.05608544451,8.57137781639391,2622.841611816537
sign_mt_v2,554,44.154923476739874,6623.238521510981,16.044812564082758,2406.7218846124138
sign_mt_v2,555,43.660975656415204,16241.882944186456,15.060709221834584,5602.583830522465
sign_mt_v2,556,25.198234200588022,17134.799256399856,8.08564134070979,5368.865850231301
sign_mt_v2,557,34.72199644861164,8437.445137012628,13.093939180452399,3090.1696465867662
sign_mt_v2,558,40.940519302344306,8965.973727213403,14.228259294988469,3144.4453041924517
sign_mt_v2,559,38.500652729130394,9894.66775138651,14.09153592878125,3720.16548519825
sign_mt_v2,560,47.999852569816255,15599.952085190283,14.070812517735108,4573.01406826391
sign_mt_v2,561,32.42659306396624,11738.426689155778,12.0461614715205,4372.756614161942
sign_mt_v2,562,25.86912031906006,5303.169665407312,13.602861063323454,2802.1893790446316
sign_mt_v2,563,36.31820534748964,9551.688006389775,10.855885638481952,2855.0979229207533
sign_mt_v2,564,39.64391438689217,4241.898839397462,12.44355135953577,1306.5728927512557
sign_mt_v2,565,31.822191600104,8241.947624426935,14.684495452119767,4023.5517538808162
sign_mt_v2,566,27.417836520015538,7567.3228795242885,12.011753050478552,3315.24384193208
sign_mt_v2,567,47.90595547522283,11641.147180479149,12.778284883890473,3117.9015116692754
sign_mt_v2,568,27.03619000047867,7056.445590124933,15.220808360867096,3972.630982186312
sign_mt_v2,569,18.94685311566,12902.806971764461,4.7885572146433635,3318.470149747851
sign_mt_v2,570,22.92757882156031,9469.090053304408,10.922539459942902,4347.170705057275
sign_mt_v2,571,39.994329538996936,11438.378248153123,16.083922418138773,4600.001811587689
sign_mt_v2,572,30.12353044740204,11748.176874486795,11.014997633329145,4273.819081731708
sign_mt_v2,573,54.28643939970837,18023.09788070318,16.01201008197111,5748.311619427628
sign_mt_v2,574,44.337496051237956,10463.649068092158,13.827507856651755,3263.291854169814
sign_mt_v2,575,53.19356343349859,11755.777518803188,16.79374628883061,3711.417929831565
sign_mt_v2,576,27.565927945341322,13286.777269654518,11.482547563391977,5534.587925554933
sign_mt_v2,577,45.220857411943605,9496.380056508156,13.831521012107657,2904.619412542608
sign_mt_v2,578,42.4587012827539,13714.16051432951,12.910390581595918,4376.622407161016
sign_mt_v2,579,29.94399443949789,14702.501269793464,13.049079347617202,6341.85256294196
sign_mt_v2,580,24.54321285442186,3239.7040967836856,15.977105493950145,2108.977925201419
sign_mt_v2,581,29.039925559393467,11470.770595960419,11.527589124220782,4553.397704067209
sign_mt_v2,582,25.445559730176065,13995.057851596835,9.132792588725515,5059.567094153936
sign_mt_v2,583,42.61154279658434,11760.785811857277,11.325877100222643,3250.5267277638986
sign_mt_v2,584,43.65420417305202,16457.634973240612,12.612823939251504,4767.647449037068
sign_mt_v2,585,51.773024993822375,11959.568773572968,16.324748056638253,3803.6662971967125
sign_mt_v2,586,31.243632158006527,9654.282336824017,14.99128340569585,4587.33272214293
sign_mt_v2,587,46.2664000661434,7448.890410649087,15.457707451029762,2488.6908996157917
sign_mt_v2,588,37.317239583251066,10299.558124977295,15.253613751470423,4209.997395405837
sign_mt_v2,589,29.107180477554767,9197.869030907306,11.786612080232535,3724.569417353481
sign_mt_v2,590,42.38718524566629,6018.980304884612,14.227856877824903,2020.3556766511363
sign_mt_v2,591,32.99574006325933,12076.440863152915,10.445444935999499,3823.0328465758166
sign_mt_v2,592,27.36075074184637,7852.535462909908,10.95025854209203,3164.6247186645965
sign_mt_v2,593,39.402683222959155,9220.227874172442,14.083149854874971,3239.1244666212433
sign_mt_v2,594,25.34412509306073,8997.164408036559,11.173825331015081,3966.707992510354
sign_mt_v2,595,27.67458701738716,8330.050692233535,13.52043939093811,4069.652256672371
sign_mt_v2,596,35.24586802648893,24883.582826701182,10.138827502195248,7228.984009065212
sign_mt_v2,597,31.762055306847707,11942.532795374738,7.902915395060597,3271.806973555087
sign_mt_v2,598,38.055580110675315,8220.005303905868,10.746987969448734,2536.289160789901
sign_mt_v2,599,44.28340916,6642.511374,12.41257673036158,1861.8865095542371
sign_mt_v2,600,26.23786592071291,8710.971485676686,9.354105202563376,3236.520400086928
sign_mt_v2,601,37.31135719674908,11678.45480258246,14.563279195063942,4223.350966568543
sign_mt_v2,602,38.32923657346826,8700.736702177295,14.108165928127198,3202.553665684874
sign_mt_v2,603,31.66776988016273,15073.85846295746,9.97228819979874,4746.8091831042
sign_mt_v2,604,30.394774233747736,7081.982396463222,13.134958378080615,3060.445302092783
sign_mt_v2,605,28.535315110332956,14724.222596931806,7.618162358079059,4129.04399807885
sign_mt_v2,606,51.663441377015175,12502.552813237673,13.684286610773128,3311.597359807097
sign_mt_v2,607,33.18812786480062,13474.379913109053,10.81584364079106,4391.23251816117
sign_mt_v2,608,44.47110015801922,5959.127421174575,12.811369215872444,1678.2893672792902
sign_mt_v2,609,32.24105657353087,7834.576747368001,11.162591134099252,2712.509645586118
sign_mt_v2,610,26.80379669547132,9274.113656633077,12.910507607180358,4467.035632084404
sign_mt_v2,611,36.872624751874305,12573.565040389138,14.253923882137247,4789.318424398115
sign_mt_v2,612,41.8138974511149,6146.6429253138895,14.032694735181206,2062.806126071637
sign_mt_v2,613,30.722830791677637,8540.946960086383,16.180815218426098,4498.266630722455
sign_mt_v2,614,39.04529430610277,10229.867108198925,12.098761148461545,3218.270465490771
sign_mt_v2,615,53.47406572900808,19571.508056816958,14.67065161651655,5369.458491645057
sign_mt_v2,616,20.247764675357473,2247.5018789646797,16.82906596117904,1868.0263216908734
sign_mt_v2,617,33.818014696087566,13696.295951915465,15.16175806860449,6140.512017784818
sign_mt_v2,618,25.498430432760102,15681.534716147464,10.624316505110295,6544.5789671479415
sign_mt_v2,619,40.61494891413572,9178.978454594671,11.734542381576663,2663.7411206179027
sign_mt_v2,620,39.81269264221795,5971.903896332692,14.075157794516853,2111.273669177528
sign_mt_v2,621,34.684973487631616,8636.558398420273,11.621699788024923,2754.3428497619066
sign_mt_v2,622,39.268690925076946,16571.38757038247,11.715579851677772,4943.97469740802
sign_mt_v2,623,43.39049994512003,7463.165990560645,14.236345016186965,2448.651342784158
sign_mt_v2,624,38.57451890291867,23916.201719809575,12.045091143414293,7467.956508916862
sign_mt_v2,625,30.487165265450237,8902.252257511469,12.030483756728772,3500.870773208073
sign_mt_v2,626,38.35751192702595,13079.91156711585,13.01665825492354,4438.680464928927
sign_mt_v2,627,27.423238623863465,9323.901132113579,12.91378733728866,4235.72224663068
sign_mt_v2,628,26.24093008956308,18657.30129367935,12.091636236431475,8597.153364102778
sign_mt_v2,629,47.92078778103596,21899.800015933433,13.031178061554812,6124.653688930762
sign_mt_v2,630,31.76629743533173,6512.090974243005,12.533595684204212,2569.3871152618635
sign_mt_v2,631,31.079793615420922,15415.577633248777,7.35654283340032,3692.9845023669604
sign_mt_v2,632,25.15134816603738,9482.058258596093,8.038483246079585,3030.508183772003
sign_mt_v2,633,38.459517320877296,10268.691124674238,13.530945204262581,3612.762369538109
sign_mt_v2,634,29.51232619129315,7909.303419266564,13.86430105388637,3715.6326824415473
sign_mt_v2,635,46.361671109816946,9179.610879743756,16.923971609244,3350.9463786303118
sign_mt_v2,636,38.045854991710286,21305.67879535776,11.922735015732023,6819.804428998717
sign_mt_v2,637,51.31142684147372,16676.21372347896,16.06778103831138,5222.028837451198
sign_mt_v2,638,41.84255456440711,7196.919385078023,14.30514490069431,2460.4849229194215
sign_mt_v2,639,28.9151329478447,8154.067491292206,12.370091429224109,3488.365783041199
sign_mt_v2,640,38.22198587233157,5924.407810211394,12.290492907261697,1905.0264006255632
sign_mt_v2,641,22.910671557905026,8018.735045266759,8.87417261824604,3105.9604163861145
sign_mt_v2,642,43.54919039963292,24082.702290997004,16.01438791322837,8855.956516015287
sign_mt_v2,643,45.47510743771719,7594.342942098771,12.691393380487872,2119.462694541475
sign_mt_v2,644,29.895289760710966,11868.430035002253,10.010014180806065,4004.005672322426
sign_mt_v2,645,33.02327004103557,9840.9344722286,14.479553215977877,4314.906858361407
sign_mt_v2,646,38.46151935937442,18192.2986569841,9.856792470975542,4770.687555952162
sign_mt_v2,647,26.29354480336424,12147.61769915428,12.936373764295215,5976.604679104389
sign_mt_v2,648,43.76715325362746,11291.925539435886,13.455933155977773,3471.6307542422655
sign_mt_v2,649,29.50530554871996,8497.527998031348,9.236062684078057,2669.2221156985584
sign_mt_v2,650,31.022412729729812,7786.625595162182,14.187927513546311,3561.169805900124
sign_mt_v2,651,24.91359326376411,13602.821922015204,6.549658565324719,3549.9149424059974
sign_mt_v2,652,27.44189712785542,7409.312224520963,9.644843189847773,2642.68703401829
sign_mt_v2,653,49.37309962181094,13182.61759902352,14.9472354263535,4050.7008005417983
sign_mt_v2,654,30.93857432898546,23575.19363868692,8.119195950266043,6316.734449306981
sign_mt_v2,655,30.141694440881977,5063.804666068172,13.944066798111402,2342.6032220827155
sign_mt_v2,656,27.636397399724075,8318.555617316946,15.673415204442364,4341.536011630535
sign_mt_v2,657,31.009897031653402,6884.197141027055,12.671803775169273,2813.140438087579
sign_mt_v2,658,34.37091427031454,7217.891996766054,12.275001979575592,2577.750415710874
sign_mt_v2,659,42.77931630994994,7358.042405311389,12.333736408109969,2220.0725534597946
sign_mt_v2,660,41.71667768117018,26198.073583774876,14.798521416919407,9293.471449825387
sign_mt_v2,661,34.0416480838786,7250.871041866142,15.52659578399353,3307.1649019906217
sign_mt_v2,662,35.746802731308016,13476.544629703123,16.346579040734003,6162.660298356719
sign_mt_v2,663,45.95103645801696,15853.10757801585,14.917684853850503,5146.601274578424
sign_mt_v2,664,23.30440255873542,9578.109451640257,14.470212368934694,5947.25728363216
sign_mt_v2,665,37.687204291460674,14773.384082252585,16.68947488052747,6542.274153166769
sign_mt_v2,666,32.93024173277132,7211.72293947692,12.519011359528454,2691.5874422986176
sign_mt_v2,667,45.9715441968852,10711.369797874251,15.109879184651968,3490.3820916546047
sign_mt_v2,668,53.88104878682575,11153.37709887293,18.570831800916057,3658.4538647804634
sign_mt_v2,669,32.10336326567481,11460.900685845907,12.95680386775934,4599.665373054566
sign_mt_v2,670,31.273209255158392,15261.326116517295,9.301447699285301,4539.106477251227
sign_mt_v2,671,35.14975499631578,19016.017453006836,9.018811062056386,4924.270839882787
sign_mt_v2,672,43.55530174220763,9887.053495481132,13.52000633844205,3069.0414388263453
sign_mt_v2,673,38.58961276881654,10071.888932661115,15.550055040510639,4058.5643655732765
sign_mt_v2,674,34.23359837849192,7291.756454618779,9.930491401506822,2115.194668520953
sign_mt_v2,675,33.50740377080053,24359.882541371986,10.892315761982744,7940.498190485419
sign_mt_v2,676,28.78962046831899,14049.334788539667,9.639888804176419,4704.265736438092
sign_mt_v2,677,32.14840757365003,9644.52227209501,8.282044368437013,2484.613310531104
sign_mt_v2,678,40.389264741040506,5452.550740040469,17.07677274663358,2305.3643207955333
sign_mt_v2,679,27.162930005975188,9371.21085206144,9.836248610527417,3393.505770631959
sign_mt_v2,680,27.936184147117807,10671.622344199002,11.089414906066938,4236.15649411757
sign_mt_v2,681,30.015111838472365,7203.6268412333675,17.102310173895862,4104.554441735007
sign_mt_v2,682,21.52504409925782,5079.910407424845,14.480179036242184,3301.480820263218
sign_mt_v2,683,26.604871600594635,11892.377605465801,14.69268398807931,6479.473638742976
sign_mt_v2,684,50.817240540604814,14381.279072991163,14.84049721245802,4199.86071112562
sign_mt_v2,685,34.794498119914955,11238.62289273253,13.576297837122674,4385.1442013906235
sign_mt_v2,686,37.42313263061129,16166.793296424079,12.477620963669501,5377.854635341555
sign_mt_v2,687,36.4142986081294,6008.359270341351,14.08551274630848,2324.1096031408993
sign_mt_v2,688,25.124553874172378,7110.248746390783,13.787009257769894,3901.72361994888
sign_mt_v2,689,32.74907755534776,7303.04429484255,15.351019364107927,3423.277318196068
sign_mt_v2,690,36.354957664690424,8797.899754855083,11.922000348808346,2885.1240844116196
sign_mt_v2,691,44.17002664832109,10026.596049168887,12.019417774046842,2944.757354641476
sign_mt_v2,692,19.430050624028443,6819.947769033984,13.75023547125742,4826.332650411355
sign_mt_v2,693,24.499367221695223,17517.047563512086,8.533945541129006,6101.771061907239
sign_mt_v2,694,23.03913071628943,9446.043593678667,8.742475840097299,3584.4150944398925
sign_mt_v2,695,30.632288084138555,5452.547278976663,13.574665180441313,2416.2904021185536
sign_mt_v2,696,28.33393209242078,14280.301774580073,9.048502022998472,4451.862995315248
sign_mt_v2,697,23.166829446026885,9104.563972288566,3.732322849760162,1492.9291399040649
sign_mt_v2,698,33.14917071618786,16209.944480215863,8.91726494164403,4556.722385180099
sign_mt_v2,699,42.477303341721104,13422.827855983869,14.656277183531301,4631.383589995891
sign_mt_v2,700,49.7954196336246,8614.607596617056,16.03369145184357,2773.828621168938
sign_mt_v2,701,32.615479016535446,10371.722327258272,9.08585915091728,2889.303209991695
sign_mt_v2,702,44.73022406549196,9438.077277818804,16.1330876947997,3404.0815036027366
sign_mt_v2,703,28.220697597473492,8353.326488852153,14.191990403693248,3973.7573130341093
sign_mt_v2,704,42.38187873807538,12163.599197827634,11.082330707978306,3213.8759053137087
sign_mt_v2,705,37.74473582305575,16117.002196444806,12.131595824013251,5131.665033557605
sign_mt_v2,706,44.80362012972777,10663.261590875209,15.021640790535544,3575.1505081474597
sign_mt_v2,707,32.031380741048835,7239.092047477037,14.766344017491082,3337.1937479529847
sign_mt_v2,708,24.968551778347827,12883.772717627478,11.88162465703973,5798.232832635388
sign_mt_v2,709,32.889973732663734,7729.143827175978,16.190044475584276,3804.660451762305
sign_mt_v2,710,45.53523524068151,15800.726628516484,11.682534780108481,4053.8395686976432
sign_mt_v2,711,23.195787688621866,11737.068570442665,11.388119089880972,5762.3882594797715
sign_mt_v2,712,34.90820651353189,17593.736082820073,12.418416792894773,6258.882063618966
sign_mt_v2,713,48.39429314914203,14566.682237891751,11.779471421368665,3934.343454737134
sign_mt_v2,714,38.803878926788,4966.896502628864,15.05468484465138,1926.9996601153766
sign_mt_v2,715,39.0777464019743,16803.43095284895,10.306415152161303,4493.597006342328
sign_mt_v2,716,43.009028401129555,13246.780747547902,14.361512076140972,4423.345719451419
sign_mt_v2,717,36.828537335357076,7476.193079077487,12.08555799465454,2598.394968850726
sign_mt_v2,718,49.3892551303613,6815.717207989859,15.437757376837885,2130.410518003628
sign_mt_v2,719,45.15196115424086,9436.75988123634,14.6084857909136,2994.739587137288
sign_mt_v2,720,34.55422013824229,8811.326135251784,14.98449647157168,3821.0466002507783
sign_mt_v2,721,21.735143353490876,13823.551172820196,7.439688222751819,4731.641709670157
sign_mt_v2,722,18.64377240991267,8128.684770721925,16.169665069088577,7049.97397012262
sign_mt_v2,723,31.06284068825388,10530.302993318064,10.73537584771785,3553.409405594608
sign_mt_v2,724,32.27744812491458,15138.123170584939,10.048364983902944,4642.344622563161
sign_mt_v2,725,24.106958619021334,7714.2267580868265,12.16828246297543,3893.8503881521374
sign_mt_v2,726,38.485651466314145,24515.359984042112,8.433984365608328,5465.221868914196
sign_mt_v2,727,26.01767321270157,11759.98829214111,12.300259937980279,5559.717491967086
sign_mt_v2,728,48.088666938488004,8704.048715866329,17.312306599611553,3133.527494529691
sign_mt_v2,729,22.5036554025154,11296.835012062731,7.021445818146699,3538.8086923459364
sign_mt_v2,730,30.995315171133644,11406.27598297718,15.947294804911245,5836.709898597515
sign_mt_v2,731,28.458277565482604,7512.985277287407,9.859054231034257,2395.7501781413243
sign_mt_v2,732,34.275460448312586,8740.24241431971,13.33644928121314,3400.794566709351
sign_mt_v2,733,44.782197162216114,7836.88450338782,12.431352342534478,2175.4866599435336
sign_mt_v2,734,50.96029143597194,16409.213842382964,18.25607124054708,5823.686725734518
sign_mt_v2,735,26.53998928476748,5520.317771231636,10.073171986567754,2226.1710090314737
sign_mt_v2,736,44.32640492244699,8865.280984489398,14.119728389679409,2710.9878508184465
sign_mt_v2,737,41.36657731140566,5212.188741237113,18.294188210603135,2305.067714535995
sign_mt_v2,738,46.49911558414153,24179.540103753596,10.993728509762278,6156.487965466876
sign_mt_v2,739,34.84386604352019,10035.033420533813,9.772074210631835,2921.8501889789186
sign_mt_v2,740,46.38199871185783,25139.043301826947,12.591169581273252,6824.413913050103
sign_mt_v2,741,28.16756127546225,5380.00420361329,13.257783355740946,2532.236620946521
sign_mt_v2,742,44.12432923114208,12487.185172413208,12.068206214674762,3415.3023587529574
sign_mt_v2,743,24.767527632496225,6365.25460155153,10.997747955840174,2826.4212246509246
sign_mt_v2,744,49.355243540122274,11154.285040067634,13.428974771316922,3075.235222631575
sign_mt_v2,745,27.49900286648102,27718.99488941287,13.404923076379147,13512.16246099018
sign_mt_v2,746,50.36341486064491,7453.785399375447,15.988143425848264,2366.245227025543
sign_mt_v2,747,29.724369142222844,5588.181398737895,14.494597995381758,2710.489825136389
sign_mt_v2,748,44.174366573965756,5831.0163877634795,14.95418009075101,1973.9517719791331
sign_mt_v2,749,47.8157469519785,9563.1493903957,14.70112555642108,2940.225111284216
sign_mt_v2,750,42.11991570556118,9898.180190806877,16.919153413162398,3908.324438440514
sign_mt_v2,751,27.69551408086042,8751.782449551893,14.580043590433966,4592.713730986699
sign_mt_v2,752,23.566947083215148,5137.594464140902,15.060869447048413,3283.269539456554
sign_mt_v2,753,32.31102748473601,8917.84358578714,14.358107735388268,3962.837734967162
sign_mt_v2,754,24.466663282166866,7878.2655768577315,9.007767032666976,2900.5009845187665
sign_mt_v2,755,24.38152244724141,19870.94079450175,8.632782526251352,7165.209496788623
sign_mt_v2,756,32.15124503383473,10609.910861165461,14.04776147450981,4593.618002164708
sign_mt_v2,757,47.15296264418919,9524.898454126216,14.216572815428655,2857.53113590116
sign_mt_v2,758,21.899327458252234,10993.462384042621,7.639654019314773,3873.30458779259
sign_mt_v2,759,42.07220459533793,9087.596192592993,12.701917737619567,2743.6142313258265
sign_mt_v2,760,40.15355139596982,9315.623923864998,14.7414511915079,3198.8949085572144
sign_mt_v2,761,34.30732171351592,12453.557782006279,12.84801479748595,4792.309519462259
sign_mt_v2,762,34.332670468836895,8171.1755715831805,14.021356718341242,3337.0828989652155
sign_mt_v2,763,36.612091332025464,9409.307472330544,11.91750311746913,3062.7983011895662
sign_mt_v2,764,49.19482227373092,6247.742428763827,16.241352152466682,2062.6517233632685
sign_mt_v2,765,39.769012386627324,14555.4585335056,9.60756859439779,3891.0652807311053
sign_mt_v2,766,35.817286089467096,5623.313916046334,14.869164551874254,2334.458834644258
sign_mt_v2,767,28.39269055602492,14366.701421348609,12.831971834751474,6492.977748384246
sign_mt_v2,768,29.508246376841875,34554.156507281834,8.16601205936802,9709.388338588577
sign_mt_v2,769,38.39072579691576,9597.68144922894,12.653381792439337,3163.3454481098343
sign_mt_v2,770,29.26745200234893,14311.784029148626,10.480275292854834,5156.295444084579
sign_mt_v2,771,32.996678495089164,5015.495131253553,14.666890064770888,2229.367289845175
sign_mt_v2,772,25.754339522775652,4197.957342212431,15.053613476436444,2453.7389966591404
sign_mt_v2,773,31.125857283065134,7314.576461520306,13.654170821631178,3208.7301430833268
sign_mt_v2,774,35.59565486338716,7012.344008087271,15.042174038145683,2963.3082855146995
sign_mt_v2,775,40.838825094130684,15600.431185957921,12.296368423408255,4709.509106165362
sign_mt_v2,776,34.82430941310529,18213.113823054067,7.351977137954926,3867.139974564291
sign_mt_v2,777,28.801713891905788,11088.659848383728,12.001090903245705,4620.419997749596
sign_mt_v2,778,27.814528521429025,11320.513108221614,9.636080407655609,3912.248645508177
sign_mt_v2,779,40.73366042168847,9613.143859518479,15.544413045986621,3668.4814788528424
sign_mt_v2,780,30.55592460441014,10786.24138535678,11.905753257684186,4202.7308999625175
sign_mt_v2,781,38.03998487334914,10346.875885550966,11.930296057010743,3364.3434880770296
sign_mt_v2,782,32.194409944930015,8563.713045351384,11.649107654518984,3098.66263610205
sign_mt_v2,783,23.53771268071585,3412.968338703798,16.84645111684296,2442.7354119422293
sign_mt_v2,784,33.44484274937402,16454.862632692017,15.496396526465137,7624.227091020847
sign_mt_v2,785,38.46751691267061,10078.4894311197,12.209065451881024,3198.775148392828
sign_mt_v2,786,25.15182163001097,9934.969543854333,15.293362454072248,6040.878169358538
sign_mt_v2,787,39.50509661040483,11930.539176342258,10.905900315781864,3293.581895366123
sign_mt_v2,788,35.85546451631513,12011.580612965568,10.009660962318335,3353.2364223766426
sign_mt_v2,789,48.02215161258689,9508.386019292204,15.819203449335756,3132.2022829684797
sign_mt_v2,790,40.21574458710509,28874.904613541457,11.376470125773526,8634.740825462106
sign_mt_v2,791,44.13453745563303,11166.037976275156,13.486813060237287,3412.1637042400334
sign_mt_v2,792,31.833984735965743,8627.009863446716,15.919219741275972,4314.108549885788
sign_mt_v2,793,50.98250959926818,19271.38862852337,12.871007324500294,4968.208827257114
sign_mt_v2,794,32.48767010816953,3411.205361357801,15.032322932117811,1578.3939078723702
sign_mt_v2,795,29.12453728220152,8824.73479650706,9.830824230577582,2988.570566095585
sign_mt_v2,796,31.784887110026258,5753.0645669147525,14.610910324593737,2644.5747687514663
sign_mt_v2,797,24.16591194385756,5123.173332097803,14.176732511482534,2792.816304762059
sign_mt_v2,798,23.476744830070448,6385.674593779162,15.887095219355004,4321.289899664561
sign_mt_v2,799,35.16778278799422,14700.133205381584,13.780432364466398,5760.220728346954
sign_mt_v2,800,43.42658883583856,4820.35136077808,12.621734213216863,1401.0124976670718
sign_mt_v2,801,43.059212189710934,11539.86886684253,16.28453896014987,4364.256441320165
sign_mt_v2,802,36.53055820853411,9899.781274512743,11.906419951143382,3298.078326466717
sign_mt_v2,803,45.29999935345887,6523.199906898078,14.386332061155892,2042.8591526841367
sign_mt_v2,804,17.16374141134973,9319.911586362903,6.319306323708038,3431.3833337734645
sign_mt_v2,805,49.15592889152159,14353.531236324305,12.405569855090008,3622.426397686282
sign_mt_v2,806,29.2578315282729,7841.098849577137,14.101019797716186,3779.073305787938
sign_mt_v2,807,53.04247108384019,17610.100399834944,15.351102595868575,5142.619369615973
sign_mt_v2,808,27.656674804798552,10564.849775433047,14.330577796679096,5474.280718331414
sign_mt_v2,809,30.24519901732979,5565.116619188681,14.39608170620196,2116.224010811688
sign_mt_v2,810,39.14881238226838,6890.190979279236,14.939077808052287,2629.2776942172027
sign_mt_v2,811,43.79799043575195,18219.96402127281,16.8976228561869,7029.41110817375
sign_mt_v2,812,36.92727331472826,6129.927370244892,15.774230645505174,2618.522287153859
sign_mt_v2,813,23.10326500825301,10419.572518722109,6.951973686508431,3135.3401326153025
sign_mt_v2,814,28.356254765040667,14518.402439700822,13.269585288580098,6794.02766775301
sign_mt_v2,815,38.023837033426226,13270.319124665752,11.732321857196913,4540.408558735206
sign_mt_v2,816,43.78742534722942,8626.122793404196,16.018199582476207,3091.512519417908
sign_mt_v2,817,26.102617892534035,10649.868100153886,14.950413292724445,6099.768623431573
sign_mt_v2,818,31.82061418178202,6873.252663264916,10.869319868211921,2412.9890107430465
sign_mt_v2,819,24.044154981295044,10843.913896564065,7.579032542367813,3327.1952860994697
sign_mt_v2,820,29.775558890362948,12237.754703939172,12.10399526470165,5035.262030115887
sign_mt_v2,821,35.37499495390675,9232.87368296966,10.940515935281304,2855.4746591084204
sign_mt_v2,822,33.24201971778324,9174.797442108174,11.23271232271417,3178.85758732811
sign_mt_v2,823,39.57231150831956,7202.160694514159,11.814099198112311,2173.794252452665
sign_mt_v2,824,18.89055189212404,6479.459298998546,15.5544524833393,5335.17720178538
sign_mt_v2,825,44.513420081382414,11128.355020345603,14.093415100512845,3523.353775128211
sign_mt_v2,826,25.815827898839814,8467.59155081946,11.005320320698917,3609.745065189245
sign_mt_v2,827,21.509533975312838,12152.886696051753,13.739405998161304,7254.406367029169
sign_mt_v2,828,24.812018666551772,9850.371410621054,10.117797453755244,4016.7655891408317
sign_mt_v2,829,43.82007666717816,16476.348826858986,12.465678376759778,4911.477280443352
sign_mt_v2,830,43.41304523184869,8378.717729746797,14.71056257819086,2839.138577590836
sign_mt_v2,831,43.934218931989825,14586.160685420622,11.527631896251162,4057.726427480409
sign_mt_v2,832,30.61115717111751,12091.407082591417,16.91824958375844,6682.708585584583
sign_mt_v2,833,20.812358510169382,8429.0051966186,12.212723758220655,4946.153122079365
sign_mt_v2,834,37.134907310087556,17453.40643574115,11.24952097365595,5287.274857618296
sign_mt_v2,835,35.024361361225054,10577.357131089966,10.321198033299885,3117.0018060565653
sign_mt_v2,836,29.502215244273433,13039.979137968858,8.995574132357623,3976.0437665020695
sign_mt_v2,837,22.570912432106322,3340.4950399517356,15.296228228097645,2263.8417777584514
sign_mt_v2,838,52.10984618410916,39238.714176634196,12.895485765760421,10522.716384860503
sign_mt_v2,839,24.569606996641024,11670.563323404487,9.000568236662762,4302.2716171248
sign_mt_v2,840,38.795350316919375,17845.861145782914,9.815430890244182,4554.3599330733
sign_mt_v2,841,35.23625085541958,4615.948862059965,14.232238749795714,1864.4232762232386
sign_mt_v2,842,50.42154992540927,13563.396929935094,13.673052625683994,3691.7242089346782
sign_mt_v2,843,30.06679885545625,9080.173254347786,11.828972347423983,3572.349648922043
sign_mt_v2,844,58.082741226433726,17134.40866179795,17.635557515588037,5202.48946709847
sign_mt_v2,845,42.82379661965187,14988.328816878156,12.45376790268591,4209.373551107838
sign_mt_v2,846,36.37466604382534,16586.847715984357,17.764413074423352,8100.572361937049
sign_mt_v2,847,33.207363354680325,16205.193317083998,11.963844576732798,5838.356153445606
sign_mt_v2,848,47.31626815079441,19446.9862099765,16.420674495231836,6748.897217540285
sign_mt_v2,849,41.76461537956783,15870.553844235774,9.691056349337623,3798.8940889403484
sign_mt_v2,850,26.823422735321415,7966.556552390461,15.429844465141093,4582.663806146905
sign_mt_v2,851,34.73931532087891,10699.709118830704,18.199942726646128,5605.582359807007
sign_mt_v2,852,28.445133268602856,9301.558578833134,12.622202832045028,4127.460326078724
sign_mt_v2,853,22.949302847320897,14687.553822285374,8.011949699123765,5199.755354731324
sign_mt_v2,854,37.31946697828251,7128.01819285196,13.560370064964312,2590.0306824081836
sign_mt_v2,855,41.897870135727224,9133.735689588535,14.159091776644846,3086.6820073085764
sign_mt_v2,856,25.115723149271187,3918.052811286305,13.556914676057064,2114.878689464902
sign_mt_v2,857,33.667380003384594,12793.604401286146,13.493281589150621,5006.007469574881
sign_mt_v2,858,28.780645352988326,8375.167797719603,12.830410172917837,3733.6493603190906
sign_mt_v2,859,42.43979959606783,10737.26929780516,16.573683878237656,4176.568337315889
sign_mt_v2,860,38.56040637590404,5899.742175513318,13.352470367318242,2042.9279661996911
sign_mt_v2,861,23.67150182773821,7574.880584876228,7.374038410155744,2359.692291249838
sign_mt_v2,862,27.69566758817783,8474.874281982417,7.0343253757555875,2145.4692396054543
sign_mt_v2,863,38.16813472737748,10954.254666757337,11.593013285572049,3327.194812959178
sign_mt_v2,864,32.1094990681091,10018.16370925004,12.131145697264223,3784.9174575464376
sign_mt_v2,865,43.43133772238433,7730.77811458441,15.604398424063769,2418.681755729884
sign_mt_v2,866,35.22285891107572,10320.297660945185,15.099696852268604,4424.211177714701
sign_mt_v2,867,50.801879596469384,12294.05486234559,14.217424114909502,3440.6166358080995
sign_mt_v2,868,40.60596272629437,9948.460867942122,14.324931394039343,3366.3588775992457
sign_mt_v2,869,30.365797209869967,7621.815099677362,13.636945608919294,3422.873347838743
sign_mt_v2,870,34.274945890660085,5415.441450724294,14.324360518062907,2263.2489618539394
sign_mt_v2,871,34.65483992586304,13757.971450567626,11.345819546291345,4504.290359877664
sign_mt_v2,872,44.55127467116592,16172.11270563323,14.998171518329919,5444.3362611537605
sign_mt_v2,873,45.04661173777617,16712.292954714958,11.431839165688727,4618.463022938246
sign_mt_v2,874,33.0953132992712,11086.929955255851,9.329476124406954,3125.3745016763296
sign_mt_v2,875,31.692935579862553,7669.690410326738,13.598090237920083,3290.7378375766602
sign_mt_v2,876,30.559013988216183,9473.294336347017,12.996458254123377,4028.902058778247
sign_mt_v2,877,49.31017110543714,28353.348385626356,13.127307869183012,7994.530492332454
sign_mt_v2,878,34.68823552415428,6868.2706337825475,13.587165492920544,2690.2587675982677
sign_mt_v2,879,38.877168764009966,7814.310921566002,12.432561424156786,2573.5402148004546
sign_mt_v2,880,27.461262059955118,5519.713674050979,15.474556124026886,3249.656786045646
sign_mt_v2,881,42.03744502381233,9584.537465429212,14.507311066334193,3191.6084345935224
sign_mt_v2,882,49.166117554800486,10767.379744501306,12.367355343283561,2696.0834648358164
sign_mt_v2,883,29.80043707597108,10489.75385074182,12.030916936467708,4234.882761636633
sign_mt_v2,884,27.046402064684184,8952.359083410465,14.391329337401828,4763.530010680005
sign_mt_v2,885,23.542946871973175,10241.181889308331,12.860433387127644,5594.288523400525
sign_mt_v2,886,29.43874294100728,6770.910876431674,13.020753922941372,2994.7734022765158
sign_mt_v2,887,47.03423925247482,6961.067409366274,15.135654264711281,2240.0768311772695
sign_mt_v2,888,28.026683096419948,13508.861252474415,5.602637789581669,2846.139997107488
sign_mt_v2,889,29.17379652757814,4988.719206215862,13.551543506657872,2263.1077656118646
sign_mt_v2,890,31.409968711510512,8198.001833704244,14.615354644668136,3770.761498324379
sign_mt_v2,891,30.216620737373507,4713.792835030267,15.015005558425342,2342.3408671143534
sign_mt_v2,892,23.68515877868165,7602.93596795681,10.136952989706273,3253.9619096957135
sign_mt_v2,893,38.252100826576104,4781.512603322013,17.311895498609466,2163.986937326183
sign_mt_v2,894,51.64282594718146,11413.064534327103,15.40152698077021,3403.7374627502163
sign_mt_v2,895,32.24646024235917,6513.784968956553,12.647562629271201,2567.4552137420537
sign_mt_v2,896,31.320418307359223,7078.414537463184,15.729950834316496,3554.968888555528
sign_mt_v2,897,39.84077357997694,11235.098149553498,12.401550154156782,3596.449544705467
sign_mt_v2,898,26.86005308084917,10099.379958399288,10.245649120828368,3893.34666591478
sign_mt_v2,899,28.34022795526549,13064.84508737739,7.977402269133799,3765.333871031153
sign_mt_v2,900,30.51616321868981,6560.97509201831,7.383177693456453,1594.766381786594
sign_mt_v2,901,26.682355565228725,6750.6359580028675,13.48965440509945,3412.882564490161
sign_mt_v2,902,46.457831378463545,13937.349413539065,10.209907135376037,3083.391954883563
sign_mt_v2,903,32.5375559260762,9143.053215227414,12.935750017625136,3634.9457549526633
sign_mt_v2,904,29.58306573218475,11714.89402994516,11.42393040367788,4580.99609187483
sign_mt_v2,905,35.39051807563232,4246.862169075878,17.403730894975983,2088.447707397118
sign_mt_v2,906,35.80318490283263,10633.545916141293,14.322480347559814,4253.776663225265
sign_mt_v2,907,46.39764259455793,7284.429887345595,14.473909310409928,2272.403761734359
sign_mt_v2,908,46.79360425427712,8188.880744498496,13.196779810705193,2309.436466873409
sign_mt_v2,909,45.22409207350817,36767.18685576214,14.154984759064565,11720.32738050546
sign_mt_v2,910,28.016888869547515,8180.931549907875,11.418829058489147,3334.298085078831
sign_mt_v2,911,46.28865556002524,6063.813878363307,16.084726405877504,2107.099159169953
sign_mt_v2,912,25.656384475143422,11878.906011991405,8.827258785727398,4095.848076577513
sign_mt_v2,913,31.684468662773266,7319.112261100625,13.427418756448326,3101.733732739563
sign_mt_v2,914,36.51389179627719,12998.94547947468,12.101784625533613,4308.235326689966
sign_mt_v2,915,52.71817665971799,12125.180631735138,13.698610183613814,3150.6803422311773
sign_mt_v2,916,26.391078122368228,4512.874358924967,14.857344383363442,2540.6058895551487
sign_mt_v2,917,29.78822254567598,8817.31387352009,13.851574819306933,4100.066146514852
sign_mt_v2,918,38.10333546178251,9602.040536369192,13.744447879698765,3436.111969924691
sign_mt_v2,919,52.293117886598935,22747.506280670535,16.764429607591495,7292.526879302301
sign_mt_v2,920,32.132124435403675,18186.78243043848,12.000895190020342,6792.506677551514
sign_mt_v2,921,41.06492336992323,10676.88007618004,12.403171039718893,3150.405444088599
sign_mt_v2,922,31.943663581125584,8624.789166903907,15.772058676838157,3895.698493179025
sign_mt_v2,923,40.92338933951647,12604.403916571073,16.730898038666144,5153.116595909172
sign_mt_v2,924,35.022759736659744,12818.330063617466,10.538722941619444,3825.556427807858
sign_mt_v2,925,42.12945163367848,14829.566975054824,11.718398679198208,4218.623524511355
sign_mt_v2,926,24.38006785116879,9166.905512039464,11.17021549279644,4200.001025291462
sign_mt_v2,927,33.35358415835521,7871.445861371831,14.66775319450998,3461.5897539043553
sign_mt_v2,928,42.8717565666954,19163.675185312844,11.695708470034493,5415.11302162597
sign_mt_v2,929,30.53952957300552,11085.849235001004,14.195312378871785,5152.898393530458
sign_mt_v2,930,51.91386118997316,23205.495951918005,15.122656345185911,7168.139107618122
sign_mt_v2,931,24.70038678951204,6570.302886010203,14.356082724560556,3818.718004733108
sign_mt_v2,932,28.25602970004186,6809.703157710089,15.111459469946594,3641.861732257129
sign_mt_v2,933,51.20605261411754,8961.05920747057,13.199596405095173,2309.9293708916553
sign_mt_v2,934,30.08054087018545,10167.222814122682,8.346632380123042,2846.2016416219576
sign_mt_v2,935,42.52487059776664,28534.188171101418,14.115456985522998,9852.588975895052
sign_mt_v2,936,27.60666158498789,8254.39181391138,12.28265488334385,3684.796465003155
sign_mt_v2,937,54.74194346580243,13028.582544860978,17.181077214344032,4089.0963770138796
sign_mt_v2,938,29.593850902776094,7398.462725694023,14.018683625144497,3504.670906286124
sign_mt_v2,939,25.67779484333642,10604.929270297942,7.697150636071399,3217.408965877845
sign_mt_v2,940,24.652020566127014,8948.683465504106,9.606584944816683,3487.190334968456
sign_mt_v2,941,43.76474751769728,10809.89263687123,15.984990372537807,3948.2926220168383
sign_mt_v2,942,48.825991081124684,13720.103493796036,11.121470629759328,3169.6191294814084
sign_mt_v2,943,41.609546460371575,8405.128384995058,13.912593985268504,2740.7810150978953
sign_mt_v2,944,35.48383810859501,13661.277671809077,7.746868670497003,3377.634740336693
sign_mt_v2,945,41.22066164015944,27452.960652346188,12.947431538620517,8635.936836259885
sign_mt_v2,946,29.771429734548377,11253.600439659287,10.635996616823705,4020.4067211593606
sign_mt_v2,947,28.587272441467857,12521.225329362922,9.964973803774464,4364.658526053216
sign_mt_v2,948,24.145112564583695,10817.010428933496,7.42887490435927,3409.8535811009046
sign_mt_v2,949,29.7714916201464,16017.062491638762,11.77285136092635,6227.838369930038
sign_mt_v2,950,27.09202844692388,11974.676573540355,14.607525257880207,6456.526163983051
sign_mt_v2,951,25.046890127270235,14978.0402961076,8.146590396049303,4871.661056837484
sign_mt_v2,952,26.914807037085076,12676.874114467071,9.655068682151004,4547.537349293123
sign_mt_v2,953,35.2047145811409,6266.439195443079,17.096040843400164,3043.0952701252295
sign_mt_v2,954,25.152731479530367,15519.235322870236,9.752334854506524,6026.942940085031
sign_mt_v2,955,49.41411725270572,10376.964623068201,14.879555847984044,3124.706728076649
sign_mt_v2,956,38.4382906948239,6265.441383256295,17.67458318464129,2880.95705909653
sign_mt_v2,957,53.82870474159186,9473.852034520167,14.674453545663514,2670.7505453107597
sign_mt_v2,958,31.922289151637024,8491.328914335449,14.138712003117545,3760.897392829267
sign_mt_v2,959,39.260649967121324,7577.305443654416,13.836742247465722,2712.0014805032815
sign_mt_v2,960,45.08721140103556,7078.692189962583,13.524273051582895,2123.3108690985146
sign_mt_v2,961,40.04105296478665,8648.867440393917,14.466258789176523,3124.711898462129
sign_mt_v2,962,46.55019682276102,6982.529523414153,14.877240055059957,2201.8315281488735
sign_mt_v2,963,30.63985680316599,8242.121480051652,11.972616190509664,3352.332533342706
sign_mt_v2,964,47.567784238370244,22880.104218656088,14.854415291993837,7011.284017821091
sign_mt_v2,965,54.78365656421878,29309.25626185705,13.239009145104745,7215.259984082086
sign_mt_v2,966,43.29659751605345,11473.598341754165,10.399967031815672,2755.991263431153
sign_mt_v2,967,44.607282372354106,13917.472100174482,11.829878781820652,4743.781391510081
sign_mt_v2,968,30.35541614753932,8408.450272868391,13.40543469247556,3713.30540981573
sign_mt_v2,969,33.5565304940538,7415.993239185891,14.761995017310731,3262.4008988256714
sign_mt_v2,970,28.86332052253167,8456.952913101779,10.49609661026976,3127.8367898603883
sign_mt_v2,971,42.3158124011753,11086.742849107928,13.81788009417671,3634.1024647684744
sign_mt_v2,972,33.51761917515238,7407.393837708676,13.801588133884913,3050.1509775885656
sign_mt_v2,973,24.437557616909967,10214.899083868366,6.321853941719846,2648.8568015806154
sign_mt_v2,974,39.06964892964732,7540.442243421933,14.250313296454985,2750.310466215812
sign_mt_v2,975,26.02572996268158,8588.490887684922,15.575075487814251,5139.774910978703
sign_mt_v2,976,43.1615735270046,23997.834881014558,12.74082163744662,7262.268333344574
sign_mt_v2,977,38.18244276978708,12294.74657187144,9.535395109546306,3070.3972252739104
sign_mt_v2,978,39.09270684319509,9421.342349210016,13.72246131404284,3307.1131766843246
sign_mt_v2,979,32.27557568554639,5228.643261058515,11.589788773391088,1900.7253588361384
sign_mt_v2,980,39.80241805454183,8995.346480326454,11.714170275588438,2647.402482282987
sign_mt_v2,981,44.66183089012174,6252.6563246170435,16.08742968614763,2220.0652966883727
sign_mt_v2,982,52.32932446977506,15227.833420704543,14.076065561111356,4124.287209405627
sign_mt_v2,983,21.301367530259302,6390.41025907779,7.950017686931807,2385.005306079542
sign_mt_v2,984,37.9713192544447,13935.474166381206,10.483236158174206,3847.3476700499336
sign_mt_v2,985,41.265083228820394,9738.559642001614,15.003398909611763,3510.7953448491526
sign_mt_v2,986,20.431255892702083,4842.207646570394,12.027306080400642,2850.471541054952
sign_mt_v2,987,35.380105136896425,9552.628386962035,14.295853878074364,3731.217862177409
sign_mt_v2,988,28.900091869859278,12629.340147128505,13.143510468120347,5743.714074568592
sign_mt_v2,989,25.267546915816247,7908.742184650486,12.140207755376084,3799.885027432714
sign_mt_v2,990,43.79558318705911,7927.000556857699,12.372373252899322,2301.261425039274
sign_mt_v2,991,25.49162484695326,5047.341719696746,14.979942862934067,2966.028686860945
sign_mt_v2,992,28.305555993172707,9680.500149665066,15.484491157113917,5295.69597573296
sign_mt_v2,993,40.42219184010437,21868.405785496463,11.993473917812416,6488.469389536517
sign_mt_v2,994,23.17462710899153,11656.83743582274,6.435017481682687,3397.6892303284585
sign_mt_v2,995,26.411943117323883,11251.487767979974,10.666643277551938,4330.657170686087
sign_mt_v2,996,47.578919710446286,8897.257985853455,13.301476061325905,2487.3760234679444
sign_mt_v2,997,36.943925022334994,14740.626083911664,12.612118543771706,5032.235298964911
sign_mt_v2,998,36.55344557506161,12099.190485345393,15.261225994605988,4975.159674241552
sign_mt_v2,999,31.114885677662592,12632.643585131013,12.325548537885139,5004.172706381366
sockeye,0,18.79638300799925,6879.476180927725,4.5309677678522045,1989.0948500871177
sockeye,1,19.15600585729407,3352.301025026462,5.100103153565077,1025.1207338665804
sockeye,2,15.027748898512016,2765.105797326211,6.666303645317203,1386.5911582259782
sockeye,3,29.474030544399902,9785.378140740768,8.030905144608324,3067.80576524038
sockeye,4,11.875897363535305,3206.4922881545326,3.7129409282148607,980.2164050487232
sockeye,5,14.224441078909386,2418.154983414596,2.99666188410399,512.4291821817823
sockeye,6,11.992309728641285,2038.6926538690184,4.389335048429703,746.1869582330495
sockeye,7,17.833758169280646,2978.237614269868,3.994178395977855,683.0045057122132
sockeye,8,4.952759392021008,1030.1739535403697,2.531061174405314,528.9917854507106
sockeye,9,22.556370217735353,4353.379452022923,2.317162317318106,597.8278778680714
sockeye,10,11.5808434418226,2385.6537490154556,4.074042412021531,790.3642279321771
sockeye,11,14.757703874533163,2715.417512914102,5.429267079618677,977.2680743313618
sockeye,12,18.723910967098387,4400.119077268121,5.478095933658909,1238.0496810069135
sockeye,13,17.586917580079334,7105.114702352051,2.3966030200112236,1183.9218918855445
sockeye,14,13.6660874610863,2446.229655534448,4.10118344682784,660.2905349392822
sockeye,15,20.86361059189303,6738.946221181448,6.012073830216764,1935.887773329798
sockeye,16,24.109508403890928,4821.901680778185,3.3236813855072618,767.7704000521775
sockeye,17,11.609620028873238,3552.5437288352105,1.9679700386120782,680.9176333597791
sockeye,18,14.265250874755566,2596.275659205513,5.989528136098945,1042.1778956812166
sockeye,19,11.088755620496265,1885.088455484365,2.0569597163576554,368.1957892280203
sockeye,20,20.112545617280695,3419.1327549377183,7.9023836036194295,1343.405212615303
sockeye,21,13.966958124907723,3854.8804424745317,4.279384993208177,1211.0659530779142
sockeye,22,6.69208951810333,883.3558163896396,3.1544541204947953,438.46912274877656
sockeye,23,13.482062404313087,3316.5873514610194,2.569337243550866,644.9036481312673
sockeye,24,17.82375633851973,5846.192079034471,2.4177152873393215,1046.8707194179262
sockeye,25,12.853490771618656,1915.1701249711798,2.914386552788499,448.81552912942885
sockeye,26,15.706207815045536,4617.625097623388,2.1874810812350947,741.5560865386971
sockeye,27,13.424128166049883,4819.262011611908,2.351103318167883,902.823674176467
sockeye,28,10.529416899219253,1979.5303770532196,3.1892100713124654,644.220434405118
sockeye,29,7.815704506698591,1719.45499147369,2.8079228054166085,575.6241751104047
sockeye,30,14.131502745470684,2713.2485271303713,4.275641227759204,825.1987569575263
sockeye,31,21.544459127899977,6915.771380055892,5.5184753825710064,1953.5402854301362
sockeye,32,13.236158929398734,3070.788871620506,2.61519658078613,606.7256067423822
sockeye,33,15.36504224832335,3871.9906465774843,4.392083896214388,1071.6684706763108
sockeye,34,10.966126472155493,2423.513950346364,2.7706951864504976,645.5719784429659
sockeye,35,14.088381781514839,3071.267228370235,3.0789883370785356,674.2984458201993
sockeye,36,16.27936556229241,3174.4762846470194,4.180554656358453,760.8609474572385
sockeye,37,15.498508626680263,3766.137596283304,4.25189009122599,1045.9649624415936
sockeye,38,12.519331914514586,2428.7503914158297,7.803808358075129,1170.5712537112693
sockeye,39,16.856874376973213,3084.808010986098,3.2825806717723363,630.2554889802885
sockeye,40,16.29259273818344,3665.833366091274,4.523826530240817,1017.8609693041839
sockeye,41,16.73930825715602,6042.890280833323,3.6032839887064276,1416.090607561626
sockeye,42,17.16906895534364,2781.38917076567,4.834604478745871,855.7249927380192
sockeye,43,16.12625489941583,2531.8220192082854,2.399669651930064,487.13293934180297
sockeye,44,12.637452256306707,4562.120264526721,4.794208421813319,1706.7381981655415
sockeye,45,6.9027363049739865,1456.4773603495112,2.3875027482745272,444.07551117906206
sockeye,46,21.57397624359573,6536.914801809507,3.31012993224238,1115.513787165682
sockeye,47,9.400435748826728,1569.8727700540637,0.6202163990679006,110.3985190340863
sockeye,48,9.002553493080297,1953.5541079984243,2.584490803406896,537.5740871086343
sockeye,49,13.135047874395061,5306.5593412556045,2.470178451654985,1121.4610170513633
sockeye,50,9.783949292023257,2582.9626130941397,4.240700332686612,1081.378584835086
sockeye,51,14.908025617496113,3607.7421994340593,3.1170275902839557,760.5547320292852
sockeye,52,17.98932847947751,2824.3245712779694,4.8751520964551425,809.2752480115537
sockeye,53,12.771322429320815,3831.3967287962446,5.283536464030332,1611.4786215292513
sockeye,54,12.825054978091,4180.967922857666,3.2226621050715853,1140.8223851953412
sockeye,55,23.294291399734522,5986.632889731773,4.9081336255405725,1369.3692815258198
sockeye,56,9.632443857074946,2552.5976221248607,1.5598057727622068,394.63086050883834
sockeye,57,12.02058725735997,3750.4232242963108,2.9974636568974544,926.2162699813134
sockeye,58,25.2847112422267,10164.453919375133,6.757205618999723,2797.4831262658854
sockeye,59,16.556525743408336,3112.6268397607673,5.4014287165171,1015.4685987052148
sockeye,60,18.93728649748636,4450.262326909295,3.150071935496241,850.519422583985
sockeye,61,8.536118033204255,1980.3793837033872,1.9396363923598599,426.72000631916916
sockeye,62,12.089679671512009,3385.1103080233624,2.208124055756906,706.5996978422099
sockeye,63,16.48752271036619,3165.6043603903086,7.732902304673721,1484.7172424973544
sockeye,64,10.816012660138782,2909.507405577332,3.9519304023922834,901.0401317454406
sockeye,65,21.81802507144689,8923.572254221777,7.6596152320601325,3316.6133954820375
sockeye,66,21.31163300637917,3196.744950956876,6.800991408332113,1054.1536682914775
sockeye,67,22.64611006905145,3328.9781801505633,4.22760409463163,714.4650919927454
sockeye,68,10.246559493582167,1393.5320911271747,5.053540685282835,692.3350738837484
sockeye,69,14.681387645053743,4375.0535182260155,4.1196777520879655,1268.8607476430934
sockeye,70,24.129248098836968,3643.5164629243823,5.053740193000721,939.9956758981341
sockeye,71,17.68446163523422,4385.746485538087,3.837619599344029,936.3791822399431
sockeye,72,16.03265763143726,3126.368238130266,4.528478718262071,837.7685628784832
sockeye,73,10.578319351570096,4548.6773211751415,2.897981193509193,1217.152101273861
sockeye,74,21.27321419764007,7934.908895719746,3.318023999132087,1420.1142716285333
sockeye,75,8.571785914798271,2168.661836443963,4.152440402123289,1050.567421737192
sockeye,76,7.10826707192329,1748.6336996931293,2.2592779213638754,535.4488673632385
sockeye,77,25.474481324386897,3388.106016143457,6.259808584571809,832.5545417480506
sockeye,78,17.070742394350347,4694.454158446346,3.7228408243085993,1209.9232679002948
sockeye,79,13.021204908998513,2304.7532688927367,3.5446635139869587,701.8433757694178
sockeye,80,14.419728220762842,2105.280320231375,3.4798662925447017,532.4195427593394
sockeye,81,13.80416955397176,2733.225571686409,3.0633229492430005,686.1843406304321
sockeye,82,21.960659565538702,5709.771487040062,8.791565121079145,2285.806931480578
sockeye,83,15.674455292158083,2680.331854959032,2.835813457667772,490.5957281765246
sockeye,84,7.365796969882338,2717.9790818865827,4.151687183971251,1436.4837656540528
sockeye,85,16.691744305720373,4740.455382824586,1.523042299956695,482.8044090862723
sockeye,86,10.192612292321618,2344.300827233972,4.704124028120578,1016.0907900740449
sockeye,87,9.815942641539124,1923.9247577416681,3.842205049230707,753.0721896492186
sockeye,88,20.53525185612845,3490.9928155418365,4.600466629418814,869.4881929601559
sockeye,89,11.846401060440792,2002.041779214494,1.4710117445697302,232.41985564201738
sockeye,90,19.54719723579592,5610.04560667343,4.964920926315691,1514.3008825262857
sockeye,91,22.841787879509614,4614.041151660942,2.9608829229808395,719.494550284344
sockeye,92,24.9787354459874,4221.40629037187,6.469528633160902,1099.8198676373534
sockeye,93,8.5251901208341,2054.5708191210183,2.071685827015979,499.2762843108509
sockeye,94,24.19620529214774,5661.912038362571,3.684993732660691,980.2083328877438
sockeye,95,9.481737499827021,2692.813449950874,2.5864178858095004,682.8143218537081
sockeye,96,10.338864394318145,2078.111743257947,3.1354831657144393,554.9805203314558
sockeye,97,12.638243624628176,4132.705665253414,2.2537767328691394,764.0303124426383
sockeye,98,12.512251373154388,1951.9112142120846,3.9453757695111964,607.5878685047243
sockeye,99,13.917982865243374,2157.287344112723,4.477777198782448,559.722149847806
sockeye,100,20.378293206607545,4748.142317139558,5.41669528112734,1370.423906125217
sockeye,101,14.345704807296904,5652.20769407498,3.735749967853727,1509.2429870129058
sockeye,102,16.032083796782427,3879.7642788213475,6.807054378749532,1463.5166914311494
sockeye,103,16.940594970345767,2846.019955018089,2.533773216234197,435.8089931922819
sockeye,104,18.65277847245851,5558.527984792637,3.3272207784103798,1131.2550646595291
sockeye,105,18.247736687680373,5419.57779624107,4.796925697972875,1434.2807836938896
sockeye,106,18.57676579671284,5424.415612640149,3.6031086632806564,1102.5512509638809
sockeye,107,13.820066290288294,5486.566317244453,5.544217478441217,1984.8298572819556
sockeye,108,14.590463734048361,3166.1306302884946,5.730542210616544,1169.030610965775
sockeye,109,14.596870792756075,4379.061237826822,2.5784214282009135,752.8990570346667
sockeye,110,20.836830163407193,5834.312445754014,2.6734016830969445,780.6332914643078
sockeye,111,13.00122847024702,2392.2260385254517,3.3107614201532005,622.4231469888017
sockeye,112,12.1049347856149,1585.7464569155518,5.127710621764372,661.4746702076039
sockeye,113,12.051910070404503,3507.10583048771,2.614159221333631,765.9486518507539
sockeye,114,14.885302622677871,4197.65533959516,5.434838629874419,1277.1870780204886
sockeye,115,11.344435648705668,2393.6759218768957,2.6686977816791826,509.7212763007239
sockeye,116,6.593350408268442,1015.3759628733401,1.8281968162515478,221.2118147664373
sockeye,117,14.0690986379943,5515.086666093765,2.454424719627158,959.6800653742187
sockeye,118,7.915416491179194,1401.0287189387172,1.659398583603262,295.37294788138064
sockeye,119,15.222429358305893,4170.945644175815,2.88454382131758,830.7486205394631
sockeye,120,19.18435816025763,4565.877242141316,6.0826584175334215,1459.8380202080211
sockeye,121,17.878245781719468,4505.317936993306,9.19858342555872,1848.9152685373028
sockeye,122,15.858527321084878,2616.657007979005,5.244330819219917,875.8032468097261
sockeye,123,19.347970108920986,12305.308989273748,5.4601583226859915,3800.27019258945
sockeye,124,8.33538435513065,2658.987609286677,1.863680387555991,618.741888668589
sockeye,125,22.91167215082859,3688.779216283403,4.3809730638941025,792.9561245648325
sockeye,126,6.9578650683907854,1252.4157123103414,2.146199673396014,431.38613435259873
sockeye,127,10.341595236644455,2461.2996663213803,3.2062503458870686,711.7875767869292
sockeye,128,15.515893746446041,2467.0271056849206,9.805393293463728,1568.8629269541966
sockeye,129,8.866170318017463,1844.1634261476324,3.6158126114349445,737.6257727327287
sockeye,130,11.086233586212781,4489.924602416177,1.6211393684927242,654.9403048710606
sockeye,131,5.8164594031617955,1512.2794448220668,1.4136895882612772,315.2527781822648
sockeye,132,18.500227631388675,4273.552582850784,7.344582870063789,1696.5986429847353
sockeye,133,14.16255115671094,3002.4608452227194,2.1552323957958386,478.46159186667614
sockeye,134,14.227832510040843,4154.527092931926,4.896828505674625,1292.762725498101
sockeye,135,14.30469534284448,3762.1348751680985,3.041187994177066,775.5029385151518
sockeye,136,11.34668353038361,1736.0425801486922,2.7927452820442817,444.0464998450408
sockeye,137,25.978433604751466,11456.489219695397,6.316745260911193,3303.657771456554
sockeye,138,9.035469377873369,2710.6408133620107,5.246263568828464,1274.8420472253167
sockeye,139,17.02952223388571,4819.354792189656,3.0471663348015947,892.8197360968672
sockeye,140,22.268223009826254,3317.965228464112,4.789144328134302,747.1065151889511
sockeye,141,15.674299352339894,3228.905666582018,3.836630984963084,878.5884955565463
sockeye,142,18.728344006463587,8633.766586979713,7.626187933316041,3691.0749597249637
sockeye,143,10.682015284066022,2488.909561187383,3.2183242537809393,778.8344694149873
sockeye,144,19.355284768716892,5051.729324635109,3.52449700757274,926.9427129916306
sockeye,145,18.651518497736923,4084.6825510043864,3.809433530498156,750.4584055081367
sockeye,146,22.37403810696944,3400.853792259355,3.4433031201845945,540.5985898689813
sockeye,147,18.803279269230558,5001.672285615328,5.111127989080154,1339.1155331390005
sockeye,148,15.815174159854662,3985.4238882833747,3.970757607998384,980.7771291756009
sockeye,149,9.906431629521922,2555.859360416656,3.902752868644111,979.5909700296718
sockeye,150,12.833050536216549,4953.557506979588,1.9760816288706793,804.2652229503665
sockeye,151,17.437030429301736,5667.0348895230645,7.118894919767212,2327.8786387638784
sockeye,152,18.613938826071866,3182.983539258289,3.3982974504274206,676.2611926350567
sockeye,153,8.721603630795958,1596.0534644356603,2.1451497520090057,452.62659767390016
sockeye,154,13.734164396299924,2472.1495913339863,3.5116568488848117,698.8197129280775
sockeye,155,17.830071346357304,5955.24382968334,5.420500500790771,1837.5496697680715
sockeye,156,17.33822146165404,4195.849593720278,3.6917966498370833,996.7850954560125
sockeye,157,27.57279831951467,8051.257109298284,6.364748696952565,2144.9203108730144
sockeye,158,11.20855206750632,3418.6083805894273,1.6938545246209422,540.3395933540805
sockeye,159,9.680133475854213,2236.110832922323,2.5048142490345997,578.6120915269926
sockeye,160,8.533539261816895,2278.4549829051107,1.8230165948926789,486.74543083634524
sockeye,161,15.546715364119049,3420.277380106191,2.2748272488173304,505.01164923744733
sockeye,162,19.203634607064256,6049.144901225241,3.175157250173422,1200.2094405655535
sockeye,163,13.415793974276923,2374.5955334470154,3.909910062020027,723.3333614737049
sockeye,164,14.241228957779615,3090.3466838381764,3.5934900368806306,797.7547881875
sockeye,165,20.395904849849625,3630.4710632732335,4.954155680424384,886.7938667959647
sockeye,166,13.845936975576285,3392.25455901619,2.7494237987706995,703.8524924852991
sockeye,167,27.75776830068385,7744.417355890794,4.5929084685682415,1653.4470486845669
sockeye,168,14.069565287249535,3531.4608870996335,1.7553376903881672,479.20718947596964
sockeye,169,8.043432774315837,1375.427004408008,2.6425158579698254,441.3001482809608
sockeye,170,13.733739798142773,2678.079260637841,5.414536266893549,936.714774172584
sockeye,171,16.145826226715382,3261.456897796507,3.333774881041626,630.0834525168673
sockeye,172,9.118529568003337,2708.2032816969913,3.7623312268719094,1128.6993680615728
sockeye,173,10.270024971859655,3029.6573666985983,3.2209074041107226,885.7495361304487
sockeye,174,15.18030701251029,3096.7826305520994,3.7474776571144903,745.7480537657835
sockeye,175,22.69748505928515,13618.491035571089,4.864711277902038,3278.815401305974
sockeye,176,13.910000268093006,3352.3100646104144,4.598284188575862,1204.750457406876
sockeye,177,11.71250810215499,2623.601814882718,2.4643467551530893,537.2275926233734
sockeye,178,16.76021607054602,3318.5227819681118,4.127536980582041,887.4204508251389
sockeye,179,30.210015410754707,4410.662249970187,4.573486644608599,841.5215426079823
sockeye,180,14.536692803512144,2761.9716326673074,4.71018561932897,923.1963813884781
sockeye,181,14.672583926233722,3345.3491351812886,5.877329996293585,1369.4178891364054
sockeye,182,25.728518084591318,8953.524293437778,3.0321420586324344,1288.6603749187846
sockeye,183,11.257977250159676,2600.5927447868853,2.336714064189568,600.535514496719
sockeye,184,13.106604300796448,2673.7472773624754,3.788876837675361,750.1976138597215
sockeye,185,11.726220673414405,2345.244134682881,1.8644246541935643,361.6983829135515
sockeye,186,13.98213794603928,2223.1599334202456,0.9754969068170666,161.93248653163306
sockeye,187,9.229186534313397,1901.2124260685598,1.9963095894432115,443.18072885639293
sockeye,188,24.323374813899697,5715.993081266429,5.289753254863559,1528.7386906555685
sockeye,189,11.181842847526102,1845.004069841807,3.918798580031537,623.0889742250143
sockeye,190,15.858572280491762,3235.1487452203196,2.79115755827973,572.1872994473447
sockeye,191,21.7987106955475,7128.178397444032,5.6157120441662665,1841.9535504865353
sockeye,192,12.42189612687979,2981.2550704511495,2.6614733203626377,731.9051630997254
sockeye,193,19.132697462695138,4075.2645595540644,2.923722755471607,631.5241151818672
sockeye,194,26.824397286625633,7027.992089095916,5.139528870559972,1721.7421716375907
sockeye,195,18.444274463345938,2526.8656014783933,4.663120161435994,680.815543569655
sockeye,196,14.36046245986931,2814.6506421343847,3.617473535409968,669.2326040508441
sockeye,197,14.574152979548543,2885.6822899506114,3.0201320047645495,591.9458729338517
sockeye,198,20.095222606023196,4280.282415082941,5.100816487123639,1086.4739117573351
sockeye,199,8.782179918353224,1721.3072639972318,1.9715616289339943,364.73890135278896
sockeye,200,19.346156243509096,3791.8466237277826,3.115857049422494,651.2141233293013
sockeye,201,13.472458313876775,3381.5870367830703,6.283918058050724,1520.7081700482752
sockeye,202,12.30189314014382,2743.322170252072,3.3164064179846364,739.5586312105739
sockeye,203,21.911990895211282,4009.894333823665,3.2403621578963424,742.0429341582624
sockeye,204,25.417365387834128,4625.960500585811,6.360463034418714,1157.604272264206
sockeye,205,16.421661960859247,4614.487011001448,3.896036867966328,1149.3308760500668
sockeye,206,19.87042420225883,4828.513081148896,4.864987907683296,1206.5170011054574
sockeye,207,20.804473988392676,11546.483063557935,4.975915822460015,3109.9473890375093
sockeye,208,19.02595955351129,6830.3194797105525,7.538996079323762,2706.4995924772306
sockeye,209,12.46770800270509,3503.4259487601303,3.280406358463547,990.6827202559912
sockeye,210,11.636176657695586,2897.4079877662007,3.1848008682574487,904.4834465851154
sockeye,211,18.47797656782824,2716.262555470751,6.4329336589696,964.94004884544
sockeye,212,9.95421255687706,2299.4231006386008,2.127487251183251,491.44955502333096
sockeye,213,13.557198634662832,1708.2070279675168,2.8265944681936244,387.24344214252653
sockeye,214,17.793043893929546,2384.2678817865594,5.2532875915249875,761.7267007711232
sockeye,215,26.27178846322128,3730.593961777422,7.78624616727331,1105.64695575281
sockeye,216,16.894158038871147,3446.408239929714,4.097640139801542,848.2115089389192
sockeye,217,23.059196071014657,4196.773684924668,5.290939388266594,984.1147262175864
sockeye,218,21.517158075549435,13512.775271445045,5.052929084831738,4097.9254877985395
sockeye,219,9.3343341773941,1586.836810156997,2.3596868265900315,448.34049705210595
sockeye,220,16.488815653946578,2555.7664263617194,4.194742910410024,759.2484667842143
sockeye,221,14.88651204892196,3334.578698958519,3.1197560957529884,705.0648776401754
sockeye,222,14.916272689755335,3475.491536712993,4.622219382062701,1072.3548966385465
sockeye,223,25.280919175801948,5207.869350215201,4.162997045732038,974.1413087012969
sockeye,224,11.351235200731148,3371.316854617151,1.095502665708037,356.038366355112
sockeye,225,26.597557789594998,5479.09690465657,4.881284455541965,1166.6269848745296
sockeye,226,14.98205266623237,5018.987643187844,6.117809594079989,2037.2305948286364
sockeye,227,19.441553826264972,6182.414116752261,6.2305496184807465,2112.156320664973
sockeye,228,10.567470497699908,2071.224217549182,3.6384502780436523,669.474851160032
sockeye,229,11.484173363209646,2825.106647349573,4.511115306926321,1019.5120593653486
sockeye,230,26.52710376746546,7984.658234007103,7.420412445132493,2255.805383320278
sockeye,231,21.502473626455007,4257.489778038092,4.287335642345762,968.9378551701423
sockeye,232,8.837365919490995,2598.1855803303524,2.0452360749611027,595.1636978136809
sockeye,233,21.638666560597947,2964.497318801919,6.656462674112117,918.5918490274721
sockeye,234,14.793553630650756,2855.155850715596,4.000137374518907,776.0266506566679
sockeye,235,11.417175312151558,3116.888860217375,2.284743142360483,662.5755112845401
sockeye,236,25.550447941597508,3730.3653994732363,9.125833498366156,1460.1333597385849
sockeye,237,5.8395633919525425,1150.3939882146508,3.3896856493040777,660.9887016142951
sockeye,238,13.247953457084106,2676.0865983309895,2.869380881073064,622.6556511928549
sockeye,239,23.00213531665416,4048.375815731132,4.817945136288436,847.9583439867647
sockeye,240,7.885555097707233,1498.2554685643743,4.371083113648428,830.5057915932013
sockeye,241,13.61659970285661,4357.311904914115,3.3227333637022762,1056.6292096573238
sockeye,242,16.337889500215628,2189.277193028894,5.769319721163118,819.2434004051628
sockeye,243,23.140598149312275,3748.7769001885886,4.656447677914485,828.8476866687784
sockeye,244,14.575893528573094,1821.9866910716366,4.3209786878657646,574.6901654861467
sockeye,245,11.6678776000388,2053.546457606829,3.6739884727767316,653.9699481542582
sockeye,246,14.25233142095308,2052.3357246172436,6.013534555188214,865.9489759471028
sockeye,247,14.08249438864639,2985.488810393035,1.6696534591372016,357.30584025536115
sockeye,248,16.826451481805282,4879.670929723532,3.1225930201176473,968.0038362364706
sockeye,249,26.18461053358079,9400.275181555504,5.346286872991638,2159.899896688622
sockeye,250,11.443343222731855,2448.875449664617,2.8131756786147353,542.9429059726439
sockeye,251,18.297126996255923,3330.0771133185776,3.329917095783047,609.3748285282976
sockeye,252,23.551541871830455,4757.411458109752,4.079538188380119,975.0096270228483
sockeye,253,21.47200305108904,4036.7365736047395,4.815015792237356,905.222968940623
sockeye,254,18.933363272750565,3843.472744368365,7.450196190697827,1549.640807665148
sockeye,255,15.18104016754077,3324.6477966914285,5.020667673789388,1305.373595185241
sockeye,256,16.047052739138085,3963.622026567107,3.120552044580871,814.4640836356074
sockeye,257,11.504998727192119,2473.5747263463054,2.1168201928126917,480.51818376848104
sockeye,258,15.696350933929235,4881.565140451992,4.863590727919596,1420.168492552522
sockeye,259,18.852956105935878,3638.620528445624,2.375987983666154,451.4377168965693
sockeye,260,23.230872383660657,3926.017432838651,5.8974930685284335,1020.266300855419
sockeye,261,13.978836598104724,3410.836129937553,2.9215452188213993,660.2692194536362
sockeye,262,25.913925315164786,6322.997776900208,5.599350383951657,1360.6421433002527
sockeye,263,21.240736836670493,3462.24010437729,4.780717658118974,956.1435316237947
sockeye,264,13.627550344148652,2521.0968136675006,2.0211599831755915,377.9569168538356
sockeye,265,13.21095211698168,2840.3547051510614,1.729761435151535,340.76300272485236
sockeye,266,10.648683846462744,2427.8999169935055,2.526649580515816,555.8629077134794
sockeye,267,10.292580685343202,1945.297749529865,4.822723114942458,843.9765451149301
sockeye,268,10.505807979158709,3036.1785059768667,1.8934937233850704,577.5155856324465
sockeye,269,13.02005406771716,2773.271516423755,4.58461430871472,944.4305475952323
sockeye,270,17.948526902492652,7664.020987364363,5.656849744467314,2404.1611413986084
sockeye,271,23.27643676444915,2956.1074690850423,4.888483668409143,757.7149686034171
sockeye,272,17.654905653617497,2348.1024519311272,3.2077720296843735,513.2435247494998
sockeye,273,10.192989837912345,2324.0016830440145,2.1970727004677273,476.76477600149684
sockeye,274,27.584358045634062,17985.00144575341,7.066997921001943,4883.295563412343
sockeye,275,14.510005820890033,2931.0211758197865,4.07408430809764,643.7053206794271
sockeye,276,16.116636790658262,5753.639334265,3.155790843355658,1104.5267951744802
sockeye,277,12.987303305285245,2935.1305469944655,3.8653730650964655,854.2474473863189
sockeye,278,10.260332679981662,4370.901721672188,2.4689437042249223,1071.5215676336163
sockeye,279,14.871118679033847,2215.796683176043,6.084167593682666,912.6251390523998
sockeye,280,19.2493778750509,2848.907925507533,8.16996797025725,1094.7757080144715
sockeye,281,17.012486586615005,6651.882255366467,4.155429300608828,1637.2391444398784
sockeye,282,11.440915715238885,2276.7422273325383,2.073389296604412,431.26497369371765
sockeye,283,22.06720574379149,4634.113206196213,3.229328522840116,713.6816035476656
sockeye,284,11.324134325157672,2989.5714618416255,1.8673020847950617,479.89663579233087
sockeye,285,18.93244627079978,5850.125897677131,2.7226684281984275,1015.5553237180135
sockeye,286,19.679137276808298,3798.073494424001,7.665190800028256,1471.7166336054252
sockeye,287,14.466329538295287,4050.5722707226805,4.605809672489519,1151.4524181223796
sockeye,288,20.412997678484594,4674.576468372972,2.4711221625256714,607.8960519813152
sockeye,289,11.911481954131212,3990.346454633956,1.467727683503833,501.96286775831095
sockeye,290,11.108140249520726,2021.681525412772,2.702433063762353,491.8428176047482
sockeye,291,21.049137311276787,6251.593781449205,4.7952160920901905,1500.9026368242296
sockeye,292,17.022009349162733,3727.8200474666382,4.342086781900137,1003.0220466189315
sockeye,293,15.576123273672346,4813.022091564755,5.252094232141658,1796.216227392447
sockeye,294,10.627097429133428,3071.2311570195607,4.085444094982117,1172.5224552598677
sockeye,295,9.983663872313516,2505.8996319506923,4.011455242714075,902.5774296106669
sockeye,296,13.101119588279033,3668.3134847181295,2.2156535175431116,697.9308580260802
sockeye,297,21.97956474401316,5143.218150099079,3.4254651198821056,849.5153497307622
sockeye,298,11.474358029763643,3189.871532274293,2.796570239131612,760.6671050437984
sockeye,299,9.77473160822369,1749.6769578720402,1.996980120902899,357.4594416416189
sockeye,300,13.46274142990308,3661.8656689336376,4.062544552738459,1178.1379202941532
sockeye,301,6.877588278530489,2324.624838143305,2.0170695216928793,617.223273638021
sockeye,302,13.298028877419302,5319.2115509677205,3.5201742970877388,1471.4328561826749
sockeye,303,26.011992886200076,5930.734378053618,8.196529591672377,1942.5775132263534
sockeye,304,13.204028184159998,3459.4553842499195,3.3909636812760398,844.349956637734
sockeye,305,21.13248634486702,5114.061695457818,3.6027378344260046,1044.7939719835413
sockeye,306,25.44965288602733,5420.776064723821,2.8166682881655807,695.7170671768985
sockeye,307,9.431540037740346,2188.1172887557605,9.431540037740346,2188.1172887557605
sockeye,308,12.604440567100797,2646.9325190911673,2.570498774003677,547.5162388627832
sockeye,309,9.696714770339968,2307.8181153409123,2.901252610566331,731.1156578627155
sockeye,310,13.678635245096,2530.54752034276,3.4622042995408444,702.8274728067914
sockeye,311,16.240006978510106,3572.801535272223,4.072346854729607,940.7121234425391
sockeye,312,30.526340178092795,9005.270352537374,9.92129617329951,2926.7823711233555
sockeye,313,11.55252247433733,3119.181068071079,4.006661109964093,1033.718566370736
sockeye,314,15.177998114387073,6814.921153359795,3.7432558168467365,1920.290234042376
sockeye,315,9.934328386415304,2960.4298591517604,4.866035777967893,1459.810733390368
sockeye,316,19.379113961083412,3992.097475983183,3.4017424397694516,765.3920489481266
sockeye,317,21.520448400838188,8070.168150314321,2.7444414168675766,1188.3431335036607
sockeye,318,21.42573685915654,5527.8401096623875,6.265488327082835,1904.7084514331818
sockeye,319,24.69686376472095,5309.825709415004,5.911145869985495,1312.2743831367798
sockeye,320,18.9328450436324,4865.741176213527,6.301698728038387,1745.5705476666333
sockeye,321,12.574578191119521,3470.583580748988,4.067659700883622,1086.065140135927
sockeye,322,11.99816152419239,4859.255417297918,3.5039664530174024,1359.538983770752
sockeye,323,29.34185085070258,7335.462712675645,7.367726723191936,2151.3762031720453
sockeye,324,13.781865963081435,3927.8317994782087,1.973010280338014,518.9017037288977
sockeye,325,18.18427212583032,3273.1689826494576,3.033231524641682,597.5466103544113
sockeye,326,27.224442382481755,7405.048328035037,7.088018102917548,2197.28561190444
sockeye,327,18.108619857336798,5523.129056487724,4.752458342663927,1473.2620862258175
sockeye,328,13.929685954710433,7535.960101498344,6.448504692602655,3398.3619730015994
sockeye,329,19.673726709663587,5370.927391738159,3.2410160367764385,962.5817629226023
sockeye,330,14.464225006222767,5395.155927321092,2.315463562372843,1009.5421131945594
sockeye,331,22.24061271185033,4403.641316946365,4.348706963911338,882.7875136740016
sockeye,332,16.948705100791646,5576.123978160452,3.7104569112374786,1324.6331173117799
sockeye,333,10.948278489651768,3295.4318253851825,4.095478425840193,1277.7892688621403
sockeye,334,15.048770421331822,4168.509406708915,2.9744923204208082,922.0926193304506
sockeye,335,15.705366304831754,2010.2868870184645,3.304178812660619,422.93488802055924
sockeye,336,24.815404547350777,3920.8339184814226,5.814906051089896,1110.6470557581702
sockeye,337,9.969480872207846,3140.3864747454713,6.66835699701847,2207.2261660131135
sockeye,338,23.474477783194068,6103.364223630458,0.5229293379873684,147.98900265042525
sockeye,339,17.298763157869715,2940.7897368378513,7.61459614219235,1233.5645750351607
sockeye,340,17.169076604811753,3657.0133168249035,2.639413494535923,583.310382292439
sockeye,341,21.036472854550897,4249.367516619282,4.0737274774652485,969.5471396367292
sockeye,342,9.739046252414946,2084.1558980167983,1.9232067881202817,428.87511375082283
sockeye,343,16.596101929449127,4298.390399727324,4.3489856503878075,1200.3200395070348
sockeye,344,24.15731836584496,13214.053146117194,5.35768354716574,3091.3834067146317
sockeye,345,12.811871285908044,1691.167009739862,2.673467856158629,355.57122486909765
sockeye,346,16.576056326327834,4094.2859126029753,2.7709203738439094,770.3158639286069
sockeye,347,22.074214745228236,8653.092180129468,4.976856287463595,2299.3076048081807
sockeye,348,21.338115677603145,3222.055467318075,4.8407394118433595,730.9516511883473
sockeye,349,9.957998665826507,3555.005523700063,6.46421607570912,1913.4079584098995
sockeye,350,9.577565365578373,1934.6682038468314,3.1892651603400033,650.6100927093606
sockeye,351,17.609505896289463,3134.492049539524,3.946379484224328,868.2034865293522
sockeye,352,19.346018373726846,5242.770979279975,3.85161291378146,1205.554842013597
sockeye,353,8.14451980827161,2223.4539076581495,3.030236640101173,748.4684501049898
sockeye,354,11.029504411451649,1819.8682278895221,3.8323195133661248,536.5247318712575
sockeye,355,6.8388164168031755,1969.5791280393146,1.9515707099206527,589.3743543960371
sockeye,356,9.602140548003751,1766.7938608326904,4.229492486246997,757.0791550382124
sockeye,357,24.780720860526888,4014.476779405356,3.9266030635589213,734.2747728855182
sockeye,358,15.871811942984381,3206.106012482845,3.8568069816720456,779.0750102977532
sockeye,359,26.48264211748921,6567.695245137324,4.967424303133588,1241.856075783397
sockeye,360,19.362078850659074,4279.019425995655,3.2255099631183617,757.994841332815
sockeye,361,20.962337561236055,6288.701268370816,4.512842533410391,1376.4169726901694
sockeye,362,9.235935710073763,1727.1199777837935,2.6653625563776093,501.08816059899056
sockeye,363,17.218147763413057,6474.023559043309,2.0701057213576144,869.4444029701981
sockeye,364,11.830372680985858,2945.7627975654786,3.964257032783116,1106.0277121464894
sockeye,365,15.213210233907516,3118.7080979510406,4.691869102290869,914.9144749467193
sockeye,366,20.27235782876647,5291.085393308049,3.2652164102928563,943.6475425746355
sockeye,367,24.256800746192635,4317.710532822289,4.588189500059796,880.9323840114808
sockeye,368,14.24977903616273,2593.459784581617,2.886599812512004,551.3405641897928
sockeye,369,14.360796473608195,2656.747347617516,3.3377289582104206,754.326744555555
sockeye,370,20.102690173889407,3095.8142867789684,3.251394166112127,666.535804052986
sockeye,371,27.36379959927447,10042.51445293373,7.883105181499118,3011.3461793326633
sockeye,372,17.130659112193904,4830.845869638681,4.737475644705713,1255.4310458470138
sockeye,373,10.624708329980928,2082.442832676262,2.0584649627808007,393.166807891133
sockeye,374,13.899256778125446,6699.441767056465,5.061523702426088,2475.0850904863573
sockeye,375,21.186963317417344,5593.358315798179,5.180108481239769,1434.890049303416
sockeye,376,18.40023667235226,3790.4487545045654,4.428247065562078,912.218895505788
sockeye,377,12.165739315645528,2372.319166550878,3.811265942508425,731.7630609616176
sockeye,378,11.430076579061538,1897.3927121242152,4.317854552179537,764.2602557357782
sockeye,379,21.85864519960608,6972.907818674339,4.925614719165809,1655.0065456397117
sockeye,380,14.04587967001895,5534.076589987466,2.793041826311425,1167.4914833981757
sockeye,381,15.384631096580703,2815.3874906742685,2.7771600546699355,591.5350916446963
sockeye,382,15.677828926213035,6177.064596927936,2.3403328654855566,1006.3431321587893
sockeye,383,25.082902797896892,8076.6947009228,6.2679567959484395,2237.660576153593
sockeye,384,15.262991184389698,2747.3384131901457,3.006956932429946,580.3426879589796
sockeye,385,12.251221416591596,2401.239397651953,2.2783749075428092,473.9019807689043
sockeye,386,5.647293164457382,1739.3662946528739,3.3111153856737015,970.1568080023945
sockeye,387,11.997619528045123,1967.6096025994002,4.066879037389032,780.840775178694
sockeye,388,11.945655229599005,3989.8488466860676,1.6650705264500485,534.4876389904656
sockeye,389,15.668568724792452,3337.4051383807923,3.019670315553593,643.1897772129154
sockeye,390,12.775859426277611,2299.65469672997,5.086846179856938,895.284927654821
sockeye,391,20.464346240757113,3192.4380135581096,5.0256258397325,904.6126511518501
sockeye,392,8.610791647979505,1679.1043713560036,1.671966331599209,356.1288286306315
sockeye,393,9.655563404367292,2848.391204288351,3.5470329966507608,1039.280668018673
sockeye,394,10.888266322229212,3114.0441681575544,2.5622025316796573,737.9143291237413
sockeye,395,21.797969155822035,6059.835425318525,5.907181964111785,1949.370048156889
sockeye,396,7.759346841165545,1575.1474087566057,3.7644667590261944,854.5339542989461
sockeye,397,19.06774168654421,5014.8160635611275,7.929752245955494,1974.508309242918
sockeye,398,14.1509243998599,4358.484715156849,2.238950991546684,709.7474643202988
sockeye,399,9.266807498091271,2844.9099019140203,2.4868304066380817,765.9437652445292
sockeye,400,10.78804823626243,2837.256686137019,3.4226010367732824,800.8886426049481
sockeye,401,21.721803306173033,3975.090005029665,5.861094831718235,1107.7469231947464
sockeye,402,23.311717665072067,10280.467490296782,4.201955867155676,1895.0820960872097
sockeye,403,16.453005613957355,4475.217526996401,6.786109169564306,1560.8051089997905
sockeye,404,11.336212737346463,1847.8026761874735,3.6677676561771504,586.8428249883441
sockeye,405,5.493366948750088,1104.1667566987678,2.2515337182204918,477.3251482627442
sockeye,406,5.88711509400221,1342.262241432504,2.661381710616255,630.7474654160525
sockeye,407,18.54610697285842,4543.7962083503135,4.786894793997409,1220.6581724693394
sockeye,408,10.912555315686722,3328.32937128445,3.704229649690997,1066.8181391110072
sockeye,409,16.73822454289252,3581.9800521789994,3.077595984387589,621.6743888462929
sockeye,410,8.602804425864687,2451.7992613714355,1.9620533329139254,535.6405598855016
sockeye,411,19.20707459388344,3495.687576086786,5.0203494188317475,1079.3751250488258
sockeye,412,17.275269883884395,2729.492641653734,5.500812721453947,891.1316608755394
sockeye,413,18.98636558786436,3645.382192869957,2.943259421436199,647.5170727159638
sockeye,414,15.878031025817105,2318.1925297692974,5.569745273354143,813.1828099097049
sockeye,415,13.350719371739615,2710.196032463142,1.0641134640615155,253.2590044466407
sockeye,416,17.260796773264385,4004.5048513973375,4.119649684928406,984.5962746978892
sockeye,417,22.33837937101077,18987.622465359156,5.089645566100068,5099.824857232268
sockeye,418,14.32537034180256,2005.5518478523586,2.144396343024876,334.52582951188066
sockeye,419,7.584861977359756,1820.3668745663415,4.000048775559244,812.0099014385265
sockeye,420,12.144186402526767,2307.3954164800857,1.8244982138713106,403.2141052655596
sockeye,421,13.77896148041829,6407.2170883945055,4.038146825019344,1748.517575233376
sockeye,422,19.03157831406453,3577.936723044131,5.130465147115325,1010.701633981719
sockeye,423,16.342595648339817,5229.630607468742,2.7330325196231593,986.6247395839605
sockeye,424,17.966076646494535,3072.199106550566,5.12884215867308,974.4800101478851
sockeye,425,12.939482056902214,2497.3200369821275,4.194499574188543,847.2889139860857
sockeye,426,23.751151193580395,4655.225633941757,5.111685191011055,914.9916491909787
sockeye,427,11.713130735462169,2494.896846653442,3.542771579409523,726.2681737789522
sockeye,428,10.552430334976796,1561.7596895765657,4.912767935079287,702.5258147163381
sockeye,429,11.09578518442295,2307.9233183599736,1.6034524593561876,355.96644597707365
sockeye,430,15.041283958530483,3444.4540265034807,2.280838737506969,643.1965239769653
sockeye,431,18.9044015304032,4215.681541279913,7.574113203416896,1590.5637727175483
sockeye,432,7.6550649673889675,1293.7059794887355,1.8328468534991855,296.92119026686805
sockeye,433,19.286160149170357,4705.823076397567,2.2546622546988484,710.2186102301372
sockeye,434,16.510223309008733,2625.1255061323886,4.3342830842664135,628.47104721863
sockeye,435,8.154888570953814,1826.6950398936544,2.895354954355907,573.2802809624695
sockeye,436,22.03340861383963,8615.062768011296,4.83763850209117,1891.5166543176472
sockeye,437,8.639889813227827,1814.3768607778436,2.4494194036636094,448.2437508704405
sockeye,438,23.414808632516955,3699.539763937679,4.009097722658377,681.5466128519241
sockeye,439,29.00540181498868,3712.691432318551,6.420404802501705,879.5954579427336
sockeye,440,17.35826333355682,3124.4874000402274,4.026884305417907,753.0273651131486
sockeye,441,10.655149308590126,3121.958747416907,2.5919312952977807,777.5793885893341
sockeye,442,15.26137937359795,2594.4344935116515,4.229571720222413,774.0116248007016
sockeye,443,13.809755479677959,6904.877739838979,4.7826124867089685,2405.654080814611
sockeye,444,17.42951139698636,2091.541367638363,1.5659101880727697,217.661516142115
sockeye,445,14.594272519398833,2305.8950580650157,2.518988070320108,415.6330316028179
sockeye,446,18.869782129506145,3755.0866437717227,3.498435761751946,752.1636887766684
sockeye,447,23.43756141113046,7687.520142850791,8.087928155172882,2725.6317882932613
sockeye,448,17.22958829555423,2257.076066717604,5.871532007036856,845.5006090133072
sockeye,449,23.77870595224971,6158.684841632675,3.254233260268129,917.6937793956124
sockeye,450,11.644858515145005,2713.252034028786,5.288402273647475,1047.1036501822
sockeye,451,13.699860979742686,3630.463159631812,2.106660255523822,551.9449869472413
sockeye,452,11.196001230199737,2709.4322977083366,2.667605719984969,616.2169213165279
sockeye,453,16.47392729976318,6012.983464413561,6.112723292906661,2206.6931087393045
sockeye,454,17.70003485126232,4637.409131030728,3.832098180157815,1023.1702141021366
sockeye,455,9.823614349993095,2210.3132287484464,1.8960004305959115,470.20810678778605
sockeye,456,13.511299921517189,3080.576382105919,2.2558789050834065,525.6197848844337
sockeye,457,7.348997988640523,2013.6254488875034,2.0282403663055963,490.8341686459543
sockeye,458,5.873692522354756,1069.0120390685656,1.4367939119258293,255.74931632279763
sockeye,459,25.818769107305375,4492.465824671135,4.810373448242724,923.5917020626031
sockeye,460,26.59081749916565,8907.923862220492,7.78782323275704,3154.068409266601
sockeye,461,12.225811983446777,5110.389409080753,2.5096292225120145,1051.534644232534
sockeye,462,27.567817606321448,7057.361307218291,4.292427772237541,1476.595153649714
sockeye,463,21.49921611778533,13179.019480202407,4.5212024787829375,3309.52021446911
sockeye,464,11.573319074171604,2499.8369200210664,3.3937433685790044,665.1737002414849
sockeye,465,9.582533413926988,2347.720686412112,3.131155083213967,764.0018403042079
sockeye,466,16.14489450122225,4246.107253821452,3.209961342190225,853.8497170225999
sockeye,467,10.996203964452086,2562.115523717336,3.6077787284860516,800.9268777239034
sockeye,468,11.45274834495283,2645.5848676841038,2.5283097090812015,664.945453488356
sockeye,469,6.712578811856156,2879.696310286291,4.136288509284466,1774.4677704830358
sockeye,470,7.284452685541422,1274.7792199697487,1.731261924258795,301.2395748210303
sockeye,471,23.36947133748121,3224.9870445724073,9.239400290598317,1275.0372401025677
sockeye,472,6.94891047000704,2466.863216852499,2.7630285349607058,989.1642155159326
sockeye,473,23.429176423324574,10683.704449036006,8.534831179488057,4079.649303795291
sockeye,474,14.594486350887596,2437.2792205982287,5.0131538618863205,812.1309256255839
sockeye,475,26.177236254267815,5026.029360819421,9.452024949117806,1767.52866548503
sockeye,476,14.61481351864016,3215.258974100835,6.735842214060324,1488.6211293073316
sockeye,477,14.583877246665388,2464.6752546864504,3.079065860899965,628.1294356235928
sockeye,478,16.2269973501131,4251.473305729632,3.998608321240161,1227.5727546207295
sockeye,479,10.937801940806185,2811.01509878719,3.021235790585927,782.5000697617551
sockeye,480,13.338939908764672,2494.3817629389937,3.175974811206531,628.8430126188931
sockeye,481,15.958971648421628,3606.7275925432878,5.306267599875038,1262.891688770259
sockeye,482,6.479894913834604,1295.9789827669208,3.7474620464137636,719.5127129114426
sockeye,483,20.833274193565423,4395.8208548423045,2.7006843294733187,615.7560271199167
sockeye,484,11.588217773133634,3418.524243074422,4.0949457433822865,1379.9967155198306
sockeye,485,14.746425142326284,2093.9923702103324,2.52107694507507,378.16154176126054
sockeye,486,6.897604257180713,1938.2267962677802,2.2086835520739023,609.5966603723971
sockeye,487,19.271685189127798,4143.412315662476,3.8798336361243355,1004.8769117562028
sockeye,488,12.746678245461476,2001.2284845374518,2.2743522257335353,363.89635611736566
sockeye,489,12.213444343265584,2222.8468704743364,2.9896148430272564,618.8502725066421
sockeye,490,9.513989825048496,2578.2912425881423,1.7942273355542673,470.08756191521803
sockeye,491,12.580017680769433,3031.7842610654334,1.1630340310022065,315.182222401598
sockeye,492,14.282212044575628,1828.1231417056804,3.0191033111105536,398.5216370665931
sockeye,493,10.644099739171384,2245.9050449651622,3.621041938416569,659.0296327918155
sockeye,494,23.502275952838733,4277.414223416649,8.166788784206432,1494.522347509777
sockeye,495,14.367053211828436,2916.5118020011723,3.2967732326458203,754.9610702758929
sockeye,496,19.00740238947326,3820.4878802841254,4.214580783229057,973.5681609259123
sockeye,497,19.837365263164696,4522.919280001551,6.002978102216536,1302.6462481809883
sockeye,498,13.361453407080369,3180.025910885128,2.2437055931918057,567.6575150775268
sockeye,499,19.2243282259068,3056.668187919181,3.2856848238731557,752.4218246669527
sockeye,500,20.56257311596877,5593.019887543505,1.870562862891859,546.2043559644228
sockeye,501,12.29472330904274,1733.5559865750263,5.35013424101477,577.8144980295951
sockeye,502,8.209477048090662,1206.7931260693274,4.28046364501596,530.777491981979
sockeye,503,13.882184448135298,3692.661063203989,4.8568434366033815,1199.6403288410352
sockeye,504,21.678632959754363,7652.557434793291,6.81817345681374,2474.9969648233878
sockeye,505,21.976575809213102,6153.441226579668,7.316899504600677,2238.9712484078073
sockeye,506,12.847770063812979,3969.9609497182105,4.264945744105664,1279.4837232316993
sockeye,507,14.484117654316877,3649.9976488878533,8.887282207632555,2515.1008647600133
sockeye,508,11.803272434156176,1805.900682425895,2.916276830403497,449.1066318821385
sockeye,509,24.43665735059808,12975.86505316758,5.622725101151992,3070.0079052289875
sockeye,510,22.673592495771917,5872.460456404927,3.477143527065133,890.1487429286741
sockeye,511,13.930608836819744,2159.2443697070603,3.6346129460395304,563.3650066361272
sockeye,512,14.10200135299861,3892.152373427616,1.919495182005698,606.5604775138006
sockeye,513,20.73435876303033,7008.213261904251,2.6357872644550007,1149.2032473023803
sockeye,514,12.705071844913798,2541.0143689827596,1.7410001081471522,360.3870223864605
sockeye,515,14.256573503262054,2338.0780545349767,3.0104943969918447,523.826025076581
sockeye,516,28.629864424927842,5210.635325336867,15.22567481443335,2771.0728162268697
sockeye,517,5.285621075494569,1083.5523204763865,2.2554534420940175,417.25888678739324
sockeye,518,23.907313083286983,8176.301074484148,4.443635736849451,1684.137944265942
sockeye,519,9.110780209111677,1876.8207230770056,1.401054458845967,284.4140551457313
sockeye,520,10.37259213244404,2064.145834356364,2.8228256279383697,541.982520564167
sockeye,521,14.010587475850986,3810.8797934314684,1.9847825551970888,478.3325958024984
sockeye,522,22.97718410577616,4894.140214530322,3.5559793101503714,867.6589516766907
sockeye,523,25.384084162654737,5584.498515784042,4.747210585373351,1253.2635945385646
sockeye,524,16.38633742340293,2900.381723942319,6.1054099342492245,1068.4467384936142
sockeye,525,26.26427583951398,4648.776823593975,3.587280251535771,807.1380565955485
sockeye,526,11.212524900640771,3711.345742112095,3.061626681057465,906.2414975930096
sockeye,527,26.378943822107917,5882.504472330065,4.189860849686451,1060.0347949706722
sockeye,528,5.017689932666221,1164.1040643785634,1.3406929207396947,313.72214345308856
sockeye,529,14.738270662022373,3566.661500209414,3.8753470977472406,957.2107331435684
sockeye,530,14.810648170792124,3347.20648659902,1.9031124384045097,462.45632253229587
sockeye,531,12.48015580009871,3157.4794174249737,4.053829906574581,863.4657701003857
sockeye,532,11.213838260798285,3431.434507804275,2.58453035298014,770.1900451880817
sockeye,533,16.92596048984523,3469.8219004182724,2.711826640018734,656.2620468845336
sockeye,534,18.78918220749931,4603.34964083733,3.195934735547279,814.9633575645561
sockeye,535,25.580256098054683,5243.95250010121,4.926359999961436,1064.0937599916701
sockeye,536,26.60647277310324,16868.503738147454,4.535519380969438,3687.3772567281535
sockeye,537,9.948234581935898,1721.0445826749103,3.7791568244420475,536.6402690707707
sockeye,538,14.183948143541791,2524.742769550439,1.8870099122486734,367.9669328884913
sockeye,539,19.497476338020135,3431.555835491544,4.155927935656378,781.3144519033991
sockeye,540,14.258055976927727,3478.9656583703654,3.1486378742562695,796.6053821868362
sockeye,541,14.04967261246112,5957.061187683515,2.737845658157116,1185.4871699820312
sockeye,542,14.946989009078631,3542.4363951516357,3.500543620157064,791.1228581554965
sockeye,543,10.700648135763513,3456.309347851615,3.433283293801613,1277.1813852942
sockeye,544,17.460181389144914,2077.761585308245,2.8980111265406445,368.04741307066183
sockeye,545,14.41325308327375,1844.89639465904,2.6095840575781444,334.0267593700025
sockeye,546,21.070046644478154,5478.21212756432,5.854033683353825,1668.3995997558402
sockeye,547,16.96707114668031,3257.6776601626198,3.103971349616527,627.0022126225384
sockeye,548,15.14783662009084,1984.3665972319002,6.671295322363643,873.9396872296372
sockeye,549,11.627819434182024,2720.9097475985936,2.3251430184650275,511.53146406230604
sockeye,550,7.239688065905834,2208.1048601012794,2.5198114254822,771.0622961975532
sockeye,551,14.417747292479419,4195.564462111511,3.6615621613184475,1175.3614537832216
sockeye,552,24.834894048844088,4321.271564498871,6.43578477606469,1119.826551035256
sockeye,553,9.962253219907874,2639.9971032755866,2.7217216725024147,723.9779648856423
sockeye,554,16.188028745264734,2946.221231638182,4.598899135127184,878.3897348092922
sockeye,555,19.457223102967976,5214.535791595417,3.4576042236782474,954.2987657351963
sockeye,556,20.38479467769993,6115.438403309979,2.674694629940813,1011.0345701176274
sockeye,557,18.37976072342658,2959.141476471679,3.092599097148291,513.3714501266163
sockeye,558,9.77791373813562,2904.040380226279,2.760926058216798,869.6917083382914
sockeye,559,24.912295200436912,4882.809859285635,7.079443669618223,1437.1270649324993
sockeye,560,16.408109492960406,6514.019468705281,5.6985903561466476,2165.464335335726
sockeye,561,4.963824482389918,1360.0879081748376,1.8664923502619626,459.1571181644428
sockeye,562,13.136950398075138,2443.4727740419758,3.5749751162188126,668.5203467329179
sockeye,563,18.591297213011497,3625.3029565372417,5.131093786028793,1005.6943820616434
sockeye,564,21.772332089939447,2394.956529893339,5.183204803299645,585.7021427728599
sockeye,565,13.968471777102241,3436.2440571671514,3.2569397882108855,824.005766417354
sockeye,566,7.144655387401616,1628.9814283275684,2.292708167300131,534.2010029809305
sockeye,567,16.943972677715028,4269.881114784187,3.4406322478760996,873.9205909605292
sockeye,568,13.922908272367975,2492.2005807538676,4.420547638221778,822.2218607092507
sockeye,569,13.089098048150102,3822.01663005983,2.165282466136317,651.7500223070315
sockeye,570,9.146357053926677,3585.371965139257,2.7211672590655,1072.139900071807
sockeye,571,13.101815094541681,3773.322747228004,7.586251120527766,2184.8403227119966
sockeye,572,20.87918196269176,4363.749030202578,3.7921846251834905,940.4617870455056
sockeye,573,24.646638706417235,7936.217663466349,5.517814215526539,2025.0378170982399
sockeye,574,17.10395325433954,4481.23575263696,2.9055964543127795,720.5879206695693
sockeye,575,17.886513543937948,4471.628385984487,5.521553901780691,1391.4315832487341
sockeye,576,11.333685234614116,3570.1108489034464,2.1030898350092264,651.9578488528603
sockeye,577,21.363295885906865,4870.831461986765,2.244315500994133,561.0788752485333
sockeye,578,14.618549286500185,4253.997842371554,1.2647968139324763,411.0589645280548
sockeye,579,18.606398486042572,4819.057207885026,5.059254939497233,1467.1839324541975
sockeye,580,12.105124350649712,2021.5557665585018,3.4762729346095136,590.9663988836173
sockeye,581,13.097124759144776,2881.367447011851,2.0436073004276083,474.1168936992051
sockeye,582,23.260525641825094,6164.039295083649,2.922939231086935,1011.3369739560795
sockeye,583,27.562011658292793,5677.774401608315,7.710274333558798,1842.7555657205528
sockeye,584,22.408618361662466,5781.423537308916,4.612550806041852,1208.4883111829652
sockeye,585,16.061776291742497,5252.200847399797,2.2463180219957217,806.4281698964642
sockeye,586,16.058950528954504,2778.198441509129,3.242995479718306,586.9821818290134
sockeye,587,14.95101670252303,2466.9177559163,4.49952880856755,751.4213110307809
sockeye,588,13.288670984959378,3813.8485726833414,2.8531713281896494,818.8601711904294
sockeye,589,16.192003541731015,3044.096665845431,3.9015682567694983,741.2979687862047
sockeye,590,12.217756356833572,2431.333515009881,1.5212679646052336,261.6580899121002
sockeye,591,25.36633395467407,4413.742108113288,9.091029291215605,1581.8390966715153
sockeye,592,10.553766455607756,2796.7481107360554,3.7299428467595246,988.434854391274
sockeye,593,7.88362384197883,2940.5916930581034,3.2339875855373212,1115.7257170103758
sockeye,594,11.805929833682,2715.36386174686,3.1578228815820126,732.614908527027
sockeye,595,11.779977655781671,2650.494972550876,2.6168102547666057,512.8948099342547
sockeye,596,27.175755968888694,10381.138780115481,6.9598510524888955,3166.7322288824475
sockeye,597,13.805785145165318,3561.892567452652,2.0078452329238985,580.2672723150067
sockeye,598,13.198011089631871,2903.5624397190118,3.504965248112195,795.6271113214683
sockeye,599,9.67965928273218,2197.2826571802048,3.032611094215279,633.8157186909933
sockeye,600,12.525997650139601,2630.459506529316,3.025967277772882,647.5569974433968
sockeye,601,9.441607662056816,3304.562681719886,4.507496748476712,1577.6238619668493
sockeye,602,6.209929609694655,1763.620009153282,1.3347637997288981,373.7338639240915
sockeye,603,11.693470039883367,3706.8300026430275,3.0703607730363296,1022.4301374210978
sockeye,604,18.910423357498008,2401.623766402247,7.754054683809292,891.7162886380686
sockeye,605,12.123695997608921,4922.220575029222,4.124154699189864,1649.6618796759456
sockeye,606,18.360503310846934,5232.7434435913765,3.284359868087824,1073.9856768647185
sockeye,607,19.361634714319926,4685.515600865422,4.589208787708841,1156.480614502628
sockeye,608,22.072895567352816,3112.278274996747,3.6092838525449005,573.8761325546392
sockeye,609,12.78718995493952,2928.26649968115,4.051322698060801,887.2396708753154
sockeye,610,12.09878990523431,2214.078552657879,4.556654411357526,865.76433815793
sockeye,611,18.455365700442673,5038.314836220849,3.4203938961386604,1087.685258972094
sockeye,612,17.780019336031838,3182.6234611496993,4.234412905705453,736.7878455927488
sockeye,613,12.971938399208202,2866.7983862250126,5.646234789295973,1106.6620187020108
sockeye,614,12.301891557893514,3001.6615401260174,4.692076089817223,1262.168468160833
sockeye,615,21.203741390122488,7951.403021295932,4.39140797534287,1769.7374140631766
sockeye,616,14.096526959130385,1564.7144924634727,7.944819472202819,881.8749614145129
sockeye,617,11.793488163408297,3349.3506384079565,4.922072874211101,1343.7258946596305
sockeye,618,17.6237232086537,6115.431953402834,5.397771470819335,2007.9709871447926
sockeye,619,12.967672175949279,3410.4977822746605,4.5613920475847625,1213.3302846575468
sockeye,620,12.89247651676722,1933.871477515083,5.6360070625898935,766.4969605122255
sockeye,621,17.698702981998245,3628.23411130964,3.6274994662944198,769.029886854417
sockeye,622,19.56837044214645,5694.395798664616,5.411338269237566,1639.6354955789825
sockeye,623,14.284206308386155,2885.4096742940033,1.6552679802885846,398.9195832495489
sockeye,624,26.157205806870678,9547.380119507798,6.358737130087456,2568.9298005553323
sockeye,625,9.171690334274306,1907.7115895290558,2.0423792101124296,420.7301172831605
sockeye,626,18.856497632524047,3978.721000462574,6.0016980427819915,1386.39224788264
sockeye,627,14.07020066121391,2940.6719381937073,3.203464167807596,701.5586527498635
sockeye,628,17.226002116814172,5563.998683730978,4.1087182519222925,1585.9652452420048
sockeye,629,27.400237830501755,9891.485856811134,4.311317365220284,1849.555149679502
sockeye,630,13.443737364857446,2231.660402566336,4.253031313779268,757.0395738527097
sockeye,631,12.118385660502332,3368.911213619648,1.5790736373724783,440.5615448269215
sockeye,632,18.787119890641286,2555.048305127215,4.880758253580257,702.829188515557
sockeye,633,14.590576638977643,3326.6514736869026,3.695835933754827,824.1714132273264
sockeye,634,16.761829420772276,2648.3690484820195,4.570004363948819,740.3407069597087
sockeye,635,20.078177894754884,4095.948290529996,4.6233776420170996,933.9222836874542
sockeye,636,25.7252313695207,10290.092547808279,5.7977104859871575,2869.866690563643
sockeye,637,16.269234340858535,6214.84751820796,5.116596989379161,2159.203929518006
sockeye,638,17.301505734693027,2923.9544691631213,3.837661100828448,729.1556091574051
sockeye,639,17.35361326992461,3193.0648416661284,3.095926991873425,662.528376260913
sockeye,640,10.46574238133577,1705.9160081577306,3.3295283069929233,539.3835857328536
sockeye,641,6.761985404815835,1487.6367890594838,1.6923976441275141,397.7134463699658
sockeye,642,18.051061983827225,6859.403553854345,4.491580504161976,1859.5143287230583
sockeye,643,26.80413370914579,4905.15646877368,6.81302029710358,1566.9946683338233
sockeye,644,9.419254741425691,1987.4627504408209,2.811513602176864,570.7372612419034
sockeye,645,16.087044862472077,6402.6438552638865,3.399962327054382,1577.5825197532333
sockeye,646,23.608149337716913,8121.203372174618,5.511038802013575,2254.0148700235522
sockeye,647,14.985598848471952,3731.414113269516,5.364477520447876,1255.2877397848029
sockeye,648,16.25341311753648,4112.113518736729,5.4574933402802674,1468.0657085353919
sockeye,649,20.031445987422742,3225.0628039750613,5.340291247768369,1084.0791232969789
sockeye,650,9.49222166380931,2752.7442825047,3.696288752830827,935.1610544661993
sockeye,651,12.184535945903434,3253.271097556217,2.769303189997779,722.7881325894203
sockeye,652,13.594656119777898,2012.009105727129,2.620167177964285,393.02507669464273
sockeye,653,27.166945587153908,6547.233886504092,5.713081454422543,1559.6712370573541
sockeye,654,12.045571445843555,6902.112438468357,4.7076386226428895,2631.5699900573754
sockeye,655,18.295043669102498,3110.1574237474247,2.168776912837215,394.7173981363731
sockeye,656,15.273239594885922,4077.954971834541,5.649148224531284,1350.1464256629768
sockeye,657,15.27691359800146,2734.5675340422613,3.1314898426527944,701.453724754226
sockeye,658,16.75957565593316,3586.5491903696957,2.100350211572865,546.091055008945
sockeye,659,11.779034226723825,2968.3166251344037,3.0632774667361433,695.3639849491045
sockeye,660,18.83338389044793,8343.189063468433,6.1301508430986855,2752.4377285513096
sockeye,661,16.03409984374646,3014.4107706243344,4.846427531246374,935.3605135305502
sockeye,662,15.991635426256247,4845.465534155643,4.2070684335227,1295.7770775249917
sockeye,663,21.782069171984144,6403.928336563338,4.641264551336163,1397.0206299521851
sockeye,664,11.61042306246074,3726.945803049897,5.516965685837922,2024.7264067025176
sockeye,665,25.534865061413136,5719.809773756542,6.459666429824539,1518.0216110087667
sockeye,666,12.340680038079135,2554.520767882381,2.5786329690191443,536.355657555982
sockeye,667,5.829548725204791,2028.6829563712674,2.1040273224918953,660.6645792624552
sockeye,668,18.290927096205237,4206.9132321272045,4.098083386951705,930.264928838037
sockeye,669,19.071038283077588,3718.8524652001297,5.120713020351787,998.5390389685984
sockeye,670,16.463650728625325,6601.923942178755,4.782571484896889,2070.853452960353
sockeye,671,23.298089339042917,7292.301963120433,9.956863145554252,3285.764838032903
sockeye,672,12.706206984715559,3506.913127781494,3.5094566622486423,807.1750323171877
sockeye,673,24.48461987856416,5043.831694984217,4.178560420785236,927.6404134143224
sockeye,674,15.993008107009342,2782.7834106196256,3.5054990747379065,652.0228279012506
sockeye,675,21.99447282259354,8577.84440081148,7.00468873946124,2885.9317606580307
sockeye,676,8.925450928065702,2267.0645357286885,3.968934634451783,996.2025932473975
sockeye,677,12.881028330400586,2576.205666080117,3.6661707015071743,762.5635059134922
sockeye,678,10.272894244231477,1818.3022812289714,4.7335649886799835,847.3081329737171
sockeye,679,10.599178355019266,2512.005270139566,2.2222157488785763,519.9984852375868
sockeye,680,11.861816964676912,3570.4069063677507,2.3168788833773957,623.2404196285195
sockeye,681,11.434392838352926,3510.358601374348,2.4086193160842257,734.6288914056888
sockeye,682,5.561126184495292,1312.425779540889,3.756602882692617,717.5111505942899
sockeye,683,15.155083390353292,4349.508933031395,3.1954904628449627,961.8426293163337
sockeye,684,23.362251199505305,6891.864103854065,4.92106799818592,1623.9524394013536
sockeye,685,20.885320371932927,5325.756694842897,4.128511689983992,1300.4811823449575
sockeye,686,27.192896455390517,7233.310457133877,5.18969594228123,1593.2366542803377
sockeye,687,20.17225903325156,3570.489848885526,3.636366674958565,629.0914347678317
sockeye,688,8.224848352735899,1332.4254331432155,3.1748181096043324,469.8730802214412
sockeye,689,18.674551354680872,4537.915979187452,3.0205345687016387,812.5237989807408
sockeye,690,19.673365418171635,3462.5123135982076,5.430047907695514,982.8386712928881
sockeye,691,18.273855484010063,5098.405680038808,2.0341804573599953,713.9973405333583
sockeye,692,9.225471307955907,2500.102724456051,1.3550667603721027,360.4477582589793
sockeye,693,13.786028684945405,4756.179896306165,4.743380312234768,1674.4132502188731
sockeye,694,16.133856834462744,3549.4485035818034,3.0542884443844747,745.2463804298118
sockeye,695,14.779062008721116,2734.1264716134065,2.736043886917116,514.3762507404178
sockeye,696,9.284092214802032,2580.977635714965,2.9477558049396184,781.1552883089989
sockeye,697,13.933704662762992,2884.276865191939,4.780275058618849,999.0774872513394
sockeye,698,21.340103614586628,6252.650359073882,5.111136545079074,1625.3414213351455
sockeye,699,13.584099896653935,4577.841665172376,2.5306338851573607,873.0686903792894
sockeye,700,16.62145962692927,3473.8850620282174,3.574814146655067,686.3643161577729
sockeye,701,8.427726712346237,2385.046659593985,3.615110799362589,907.3928106400099
sockeye,702,16.29090359643576,3779.4896343730966,2.6777171431362716,682.8178714997492
sockeye,703,8.525151864184444,2369.9922182432756,3.5302038857424063,939.03423360748
sockeye,704,15.304213946656166,4285.179905063726,2.2852209079107415,678.7106096494903
sockeye,705,17.53534363894766,6260.117679104314,2.9507370061436036,1088.8219552669898
sockeye,706,15.946245318993876,3811.1526312395363,5.4417074996736785,1300.5680924220092
sockeye,707,17.92483912444757,3334.020077147248,3.615201182366885,708.5794317439095
sockeye,708,9.385561905650556,3575.899086052862,3.592770429875606,1063.4600472431794
sockeye,709,18.46126306065034,2529.1930393090965,4.249507321377342,675.6716640989973
sockeye,710,18.880673969771564,4644.645796563805,5.1479574152878556,1415.6882892041604
sockeye,711,9.854044182177729,2414.2408246335435,2.705460403920673,719.652467442899
sockeye,712,18.229135206177038,6835.925702316389,3.83717431842156,1584.7529935081043
sockeye,713,23.849135060874538,6296.171656070878,4.353338065983263,1375.654828850711
sockeye,714,11.961381225547447,1746.3616589299272,3.334378243728941,516.8286277779858
sockeye,715,23.47187739313557,5985.328735249571,7.551334254018784,2008.6549115689966
sockeye,716,14.006053486840187,3347.4467833548047,4.235766206894976,1046.234253103059
sockeye,717,18.40985420637261,3129.6752150833436,5.166181705663066,976.4083423703195
sockeye,718,26.3109012941823,3683.526181185522,6.218623653672015,1082.0405157389307
sockeye,719,11.262641890929673,3468.8937024063393,3.1694713005070048,960.3498040536224
sockeye,720,18.01439090962411,5224.173363790992,2.8025170800513335,851.9651923356054
sockeye,721,14.098284255218047,4173.092139544542,3.7126913796227914,1176.923167340425
sockeye,722,7.562831220075324,1626.0087123161948,3.0029871950364866,603.6004262023338
sockeye,723,20.146636407665685,4130.060463571465,3.429117256247959,730.4019755808152
sockeye,724,18.339039560975678,5923.509778195144,4.455734054838226,1434.7463656579089
sockeye,725,19.888818310795177,3639.6537508755173,6.43579882268032,1145.572190437097
sockeye,726,24.88244291505772,10500.390910154358,3.9007132300200165,2168.796555891129
sockeye,727,8.418276612600316,2567.5743668430964,1.425394323695046,473.2309154667552
sockeye,728,17.856746647452088,4410.616421920666,5.0840894077739565,1204.9291896424277
sockeye,729,10.524723850177915,2325.963970889319,3.1004873279808947,812.3276799309943
sockeye,730,17.56939169835621,3601.725298163023,10.595866458618014,2235.727822768401
sockeye,731,7.644999069638383,1689.5447943900826,2.884603673993117,628.8436009304995
sockeye,732,15.666732860946828,2585.0109220562267,3.6083933653104054,642.2940190252522
sockeye,733,23.094491301560478,4318.669873391809,3.633758116551607,781.2579950585955
sockeye,734,24.875497970507134,8557.171301854454,7.70921393402568,3322.6712055650682
sockeye,735,11.572689823744719,2430.264862986391,4.114443424575061,794.0875809429867
sockeye,736,22.093792742441636,4485.039926715652,3.6630802443878108,1011.0101474510358
sockeye,737,14.473430516103273,2619.6909234146924,3.449447283134206,727.8333767413175
sockeye,738,18.682846645244304,7958.892670874073,4.063853316463005,1922.2026186870014
sockeye,739,14.32248429222779,3365.7838086735305,2.4798050918284154,570.3551711205355
sockeye,740,18.93706561684756,8426.994199497163,3.677691828065803,2122.028184793968
sockeye,741,10.301658858758485,2225.158313491833,2.9747180845032815,734.7553668723106
sockeye,742,23.149541726578217,8125.489146028955,4.964044351235701,2228.85591370483
sockeye,743,9.292543094483104,1877.093705085587,2.963755082813372,592.7510165626744
sockeye,744,12.195601820823013,3646.484944426081,2.876604676995361,811.2025189126919
sockeye,745,17.472812389384977,7041.543392922146,3.945586304183066,1893.8814260078716
sockeye,746,19.869271940504493,3000.2600630161787,3.393226750378963,525.9501463087392
sockeye,747,14.501227800412902,2262.1915368644127,3.059342120502854,593.5123713775537
sockeye,748,21.17169831494281,3345.128333760964,4.259444168605051,792.2566153605395
sockeye,749,15.794627114842871,4248.754693892733,2.1779253414385273,537.9475593353162
sockeye,750,12.578441751776566,3471.649923490332,4.394367545941393,1142.5355619447623
sockeye,751,20.3313378858077,2765.0619524698473,5.390989447955949,738.5655543699651
sockeye,752,11.5584800591107,2357.929932058583,2.017508262709507,415.6067021181584
sockeye,753,12.0163747295926,2511.4223184848533,6.437981125518004,1094.4567913380606
sockeye,754,7.4020753347296315,1398.9922382639004,3.0369564222803502,534.5043303213416
sockeye,755,21.353569092972702,9395.57040090799,7.798888907030944,3439.3100080006466
sockeye,756,13.360493658912876,3019.47156691431,2.511951098206355,660.6431388282713
sockeye,757,12.875043741056173,3399.0115476388296,2.2166674492874536,596.2835438583251
sockeye,758,14.604839637260223,4235.403494805465,6.225450479780083,1805.380639136224
sockeye,759,11.261492108021166,4189.275064183874,3.324245010599407,1093.676608487205
sockeye,760,10.820225528505905,2845.7193139970527,2.1193327896704153,546.7878597349671
sockeye,761,24.003086495082762,7560.97224595107,4.524211762653217,1574.4256934033197
sockeye,762,10.687442023994628,2639.798179926673,1.6575674209213296,421.0221249140177
sockeye,763,10.699155625207974,2193.3269031676346,3.397000009895764,703.1790020484232
sockeye,764,12.769956246593747,2132.5826931811557,4.987441854319777,992.5009290096357
sockeye,765,11.439977437137598,5010.710117466268,1.7457401351648953,773.3628798780486
sockeye,766,8.676278555162677,1882.7524464703008,1.7142176501443667,370.2710124311832
sockeye,767,9.09167800552407,2409.2946714638783,3.087407978356704,994.1453690308587
sockeye,768,19.125392546650165,13942.41116650797,7.46558638186734,5800.760618710923
sockeye,769,20.279435396630085,6022.992312799135,2.5059520448234838,849.517743195161
sockeye,770,11.606049034033658,3946.056671571444,1.8258035741702954,644.5086616821143
sockeye,771,6.664941406947021,1552.931347818656,0.9901656329631389,235.65942064522704
sockeye,772,13.729937407736168,1249.4243041039913,7.1003070875200835,646.1279449643276
sockeye,773,18.17379120259898,3234.9348340626184,5.091876435278506,972.5483991381946
sockeye,774,14.390636820680717,2719.8303591086556,4.067245151248397,878.5249526696538
sockeye,775,16.41036568573858,4857.46824297862,5.818152672324362,1629.0827482508214
sockeye,776,14.734391268780442,4376.114206827791,2.62058172461402,846.4478970503285
sockeye,777,14.082608338193346,2971.430359358796,1.9121837019846297,483.78247660211133
sockeye,778,17.993803659523056,3634.7483392236577,4.653875002920623,1056.4296256629814
sockeye,779,17.432687798730033,4079.248944902828,3.992822664576431,1014.1769568024135
sockeye,780,16.815671327837247,3766.7103774355433,1.7768983359621355,485.093245717663
sockeye,781,21.67461861112949,4204.876010559121,3.441564788827528,698.6376521319881
sockeye,782,15.466671774728086,3248.001072692898,6.17460514794526,1333.7147119561762
sockeye,783,20.717382682877115,2858.998810237042,6.701647334156842,924.8273321136442
sockeye,784,16.43525373904746,4963.446629192333,3.686040958211562,1080.0100007559877
sockeye,785,21.239108004274517,3929.2349807907854,5.586853147843771,1162.0654547515044
sockeye,786,8.43656489437496,1586.0742001424926,2.7390580413258734,503.9866796039607
sockeye,787,14.727287790438226,3888.003976675692,3.7929158504565272,1020.2943637728058
sockeye,788,17.723987235037328,3775.2092810629506,4.144958062166179,986.5000187955505
sockeye,789,19.182409052794828,4258.4948097204515,3.4586341119611674,868.117162102253
sockeye,790,28.59310617844182,13924.842708901166,6.405279995847306,3785.520477545758
sockeye,791,28.080611502050193,5644.202911912089,5.726140827762633,1397.1783619740825
sockeye,792,11.778099358116041,2638.2942562179933,3.1248582952960686,762.4654240522408
sockeye,793,21.02409052182641,7841.985764641251,2.730620681151576,1054.0195829245083
sockeye,794,8.100950605737815,1336.6568499467394,3.077953185112182,486.31660324772474
sockeye,795,13.85253740546043,3684.774949852474,2.1331990545518207,680.4904984020308
sockeye,796,22.883949866601753,4164.878875721519,3.1422279951803,597.023319084257
sockeye,797,5.867526430092781,1026.8171252662366,1.576795054827756,320.08939613003446
sockeye,798,15.854640030215633,2948.9630456201076,3.9564717156375746,735.9037391085889
sockeye,799,13.493946102055833,4358.544590964034,4.686387827583061,1443.4074508955828
sockeye,800,16.63295704183504,2511.576513317091,1.7002534550175654,329.8491702734077
sockeye,801,12.821713438091376,4423.491136141524,3.4558584818105014,1174.9918838155704
sockeye,802,15.027389776247809,3155.7518530120396,2.2323905842973084,479.9639756239213
sockeye,803,10.07830751012103,1854.4085818622696,4.191802833180465,754.5245099724838
sockeye,804,6.533853963442575,1626.9296368972011,2.612020351019679,613.8247824896246
sockeye,805,11.802617879593196,3670.614160553484,2.71518383353748,866.1436428984562
sockeye,806,10.435664802613989,2838.500826311005,2.6928434563813095,721.6820463101909
sockeye,807,11.982753119231576,5200.514853746504,3.4653169963100448,1521.2741613801097
sockeye,808,11.527855200091764,3089.4651936245928,2.3516120183089777,630.232020906806
sockeye,809,9.226028210745731,1845.2056421491463,3.6984085963414484,706.3960419012167
sockeye,810,22.558853496792846,4308.741017887433,3.265464517583824,783.7114842201178
sockeye,811,10.06040831704307,6499.023772809824,6.485002187644412,4234.706428531801
sockeye,812,17.53178434399104,3646.6111435501357,3.060811681689625,789.6894138759233
sockeye,813,16.236752966968584,2289.3821683425704,3.752232980183666,547.8260151068152
sockeye,814,13.707470079896856,4263.023194847922,3.454020946262615,1053.4763886100975
sockeye,815,13.738526598138721,5275.594213685269,2.3783103181373,1020.2951264809017
sockeye,816,18.225268318599802,3572.1525904455616,3.2071864102824605,724.8241287238361
sockeye,817,12.143475870628743,2137.251753230659,4.770659863780221,987.5265918025057
sockeye,818,12.584051993766217,2227.3772028966205,2.3198802782630854,415.25856980909225
sockeye,819,16.266681784896406,3692.536765171484,5.144528726949232,1373.5891700954448
sockeye,820,12.094267923079938,2830.0586940007056,6.614350786411953,1541.1437332339851
sockeye,821,9.615489816487784,3384.6524154037,3.4933607305460788,1226.1696164216737
sockeye,822,12.67975835735804,3284.057414555732,4.313816039174974,1026.6882173236438
sockeye,823,26.558229081489216,4010.2925913048716,6.421969489076702,1001.8272402959655
sockeye,824,11.458011495248446,2291.602299049689,2.87357257163944,583.3352320428063
sockeye,825,12.440818744160843,3757.1272607365745,3.9342402973564283,1243.2199339646313
sockeye,826,12.935364643250173,2367.1717297147816,2.9009239076036852,574.3829337055297
sockeye,827,11.278091420478402,4060.112911372225,2.6749871005180377,979.0452787896018
sockeye,828,6.769585205255933,2078.2626580135716,2.560846136987679,786.1797640552174
sockeye,829,10.971094986959848,4179.987190031702,4.99618202895097,1723.6827999880845
sockeye,830,14.347531458652044,3558.187801745707,3.7009833654731508,740.1966730946301
sockeye,831,29.60842827928475,7579.757639496896,5.461566242588159,1867.8556549651503
sockeye,832,10.296336138753924,2388.7499841909103,6.6152025119195565,1534.7269827653372
sockeye,833,10.129787290975397,1884.1404361214238,1.4889779630877267,279.9278570604926
sockeye,834,16.95611530974735,5256.395746021679,4.869539809228633,1689.7303138023356
sockeye,835,5.597712653634658,1572.957255671339,1.8843735711244858,476.7465134944949
sockeye,836,12.266390606588082,4011.1097283543027,2.809177229268299,957.92943518049
sockeye,837,17.98102697759294,2085.799129400781,3.3075835763438577,403.52519631395063
sockeye,838,24.763974212163852,17334.781948514697,5.945861601727929,4709.122388568519
sockeye,839,18.043727944107907,4691.369265468056,2.4307060530828974,792.4101733050245
sockeye,840,25.19021008423412,6373.1231513112325,7.569580513887007,1922.6734505272998
sockeye,841,14.941705909359902,2555.0317105005433,2.902985433530998,493.50752370026964
sockeye,842,19.09893145447002,6722.823871973447,3.9253045935211097,1495.5410501315428
sockeye,843,10.720096279720472,2315.540796419622,3.339049299815687,711.2175008607413
sockeye,844,23.208503721324576,6962.551116397372,8.446009895615207,2508.464938997716
sockeye,845,16.855944198599317,4871.367873395203,6.160008534242982,1694.00234691682
sockeye,846,11.038727448256454,3885.6320617862716,5.805581367022851,2043.5646411920436
sockeye,847,25.078641428249163,6520.446771344782,4.42626529066568,1465.09381121034
sockeye,848,28.292144018953692,10015.418982709607,7.821201364825394,2862.5596995260944
sockeye,849,20.50922583191983,6665.498395373946,4.19388672631823,1451.0848073061075
sockeye,850,10.66494939194868,2623.5775504193753,2.5652470362951987,620.7897827834381
sockeye,851,16.04562142647202,2503.1169425296353,5.045320024386714,1115.0157253894638
sockeye,852,14.724309282556733,3401.3154442706054,3.698620230720549,806.2992102970796
sockeye,853,16.43146923620477,4387.202286066673,4.169851932079894,1171.72839291445
sockeye,854,22.711233981785043,3724.6423730127467,4.694145977124668,844.9462758824402
sockeye,855,17.124059725710048,3065.2066909020987,4.327453877887013,817.8887829206456
sockeye,856,12.162388118902204,1337.8626930792425,4.101156713797392,492.1388056556871
sockeye,857,7.154478826942254,2453.9862376411934,2.1789972134010065,653.699164020302
sockeye,858,18.372977694362046,2976.4223864866512,3.91936353234786,650.6143463697448
sockeye,859,10.53580125661618,2855.2021405429846,5.935618524630824,1596.6813831256916
sockeye,860,12.880622082051396,2756.4531255589986,2.8014524503609257,565.893394972907
sockeye,861,11.985213576928624,2193.294084577938,5.2964175989935764,778.5733870520558
sockeye,862,10.910585621056919,3927.8108235804907,4.325946359771256,1362.6731033279457
sockeye,863,13.95825895462771,2945.1926394264465,3.047008459286726,615.4957087759186
sockeye,864,17.23557417579544,3653.9417252686326,5.020617599267909,1034.2472254491893
sockeye,865,17.441218288395476,3749.861932005027,4.686629132384359,1026.3717799921747
sockeye,866,10.447098586235109,3249.047660319119,2.900434055022775,945.5415019374246
sockeye,867,14.470035725605586,4427.830932035309,2.931828339659837,891.2758152565905
sockeye,868,22.362823695208892,3958.2197940519736,6.4844169019738604,1147.7417916493732
sockeye,869,11.447270820919524,2094.850560228273,2.479545149725888,451.2772172501116
sockeye,870,18.74853840664199,2212.327531983755,2.919469085440946,347.4168211674726
sockeye,871,19.701877612869122,5358.910710700401,3.429844346367629,1114.6994125694794
sockeye,872,13.468116497623182,4282.861046244172,3.350169672028973,1112.2563311136191
sockeye,873,23.262841326855764,6490.332730192758,3.562993309815319,1179.3507855488706
sockeye,874,22.35422893094709,6259.184100665186,3.5318207118667844,1017.1643650176339
sockeye,875,8.557401053649555,2396.072295021875,2.8401263254681233,721.3920866689033
sockeye,876,8.176039105809474,1855.9608770187506,1.140104882021281,259.94391310085206
sockeye,877,26.884895627803374,13549.9873964129,7.4536253364602585,4054.7721830343808
sockeye,878,16.663722866367625,3466.054356204466,2.091841034440519,441.3784582669495
sockeye,879,10.073715961706545,2135.6277838817878,1.9792879356781314,391.89901126427003
sockeye,880,22.17329122510755,2993.3943153895193,6.993194720052189,944.0812872070455
sockeye,881,13.411009394023353,3017.4771136552545,3.555200428292663,760.8128916546299
sockeye,882,24.47543292024867,5433.546108295205,4.5342941493958255,1020.2161836140607
sockeye,883,9.948063039052887,1929.9242295762601,3.6879026890159565,719.1410243581115
sockeye,884,11.189371917748211,2774.9642356015565,2.9608398488308882,731.3274426612294
sockeye,885,12.233788153340807,3792.47432753565,3.0304189823745666,793.9697733821365
sockeye,886,10.982337891581883,1801.103414219429,3.6376403970887625,578.3848231371132
sockeye,887,16.59559688741408,3767.2004934429956,3.5694902420269674,856.6776580864722
sockeye,888,21.513786165168103,5916.291195421229,5.151482964875696,1777.2616228821153
sockeye,889,11.960193657478012,2116.954277373608,3.5470068296651904,627.8202088507387
sockeye,890,20.413181859152065,4633.792282027519,2.167806595253588,687.1946906953873
sockeye,891,14.769778795348335,3234.5815561812856,3.4166877837990954,765.3380635709974
sockeye,892,9.031497394473337,1968.8664319951877,0.5586460878245301,132.95776890223814
sockeye,893,13.7610912425917,1912.7916827202464,5.44891255506526,692.0118944932881
sockeye,894,22.273645861156034,5546.137819427852,6.315234938203943,1585.1239694891897
sockeye,895,21.23987280507072,2570.0246094135573,7.600273023297773,919.6330358190305
sockeye,896,21.240632532758358,2931.2072895206534,4.521594036163897,660.152729279929
sockeye,897,11.974526202511155,3269.0456532855455,2.4293933848639018,738.5355889986262
sockeye,898,16.315356545448548,4029.893066725791,3.203902076198212,865.0535605735172
sockeye,899,7.462579204003115,2805.929780705171,3.9907647438997627,1376.8138366454182
sockeye,900,19.96008619912776,3133.733533263058,5.607622370584912,852.3586003289066
sockeye,901,9.928577161671958,1965.8582780110476,3.7007207499495722,732.7427084900153
sockeye,902,21.164398810934095,5015.962518191381,3.3581635732057435,923.4949826315794
sockeye,903,9.63321704072341,2369.771392017959,2.482156715394262,598.1997684100171
sockeye,904,9.807673490400065,2854.032985706419,2.5747498227187684,738.9531991202865
sockeye,905,19.992597265731913,2639.0228390766124,6.8539631564287005,904.7231366485885
sockeye,906,15.74520357424419,3920.5556899868034,2.666716350165559,717.3466981945353
sockeye,907,21.80651885046012,3619.8821291763797,1.7637797174225127,379.21263924584025
sockeye,908,16.16762176579314,3249.691974924421,4.606869137551678,962.8356497483007
sockeye,909,26.86263326076917,16305.618389286885,6.6989899816169896,4642.400057260574
sockeye,910,12.312858665093465,2056.2473970706087,4.721661764535841,755.4658823257346
sockeye,911,14.383216852454117,2056.8000099009387,2.3577170559866905,374.87701190188375
sockeye,912,12.838542413975231,2927.1876703863527,2.1677112703786,619.9654233282796
sockeye,913,12.137252945945841,2888.66620113511,2.3579604938068233,561.1945975260239
sockeye,914,14.01778386629481,4149.264024423263,3.4958067816293874,978.8258988562285
sockeye,915,17.889986281395387,4436.716597786056,5.4349349251387,1298.9494471081493
sockeye,916,15.757815127258251,2347.9144539614795,4.583073241111958,751.624011542361
sockeye,917,18.80228602761106,4155.305212102045,5.678210210287382,1260.5626666837989
sockeye,918,10.704852887784426,2526.3452815171245,2.0679613689617526,483.9029603370501
sockeye,919,29.09231133382292,6080.29306876899,7.653123094350986,1653.074588379813
sockeye,920,13.675018276594185,4868.30650646753,2.6852963943504613,902.259588501755
sockeye,921,12.435193596747409,3792.73404700796,2.0555019957111886,614.5950967176454
sockeye,922,15.29551290000588,3150.8756574012114,5.2890685947485165,1279.954599929141
sockeye,923,19.944838413495052,4467.643804622891,2.345306245289081,647.3045236997864
sockeye,924,12.251392744127026,4128.7193547708075,3.1391397082993655,1079.8640596549817
sockeye,925,20.742451150010798,5040.415629452624,6.693900653796549,1633.311759526358
sockeye,926,16.333163058671452,2988.968839736876,4.935673402443429,947.6492932691384
sockeye,927,25.899352198374153,3522.311898978885,8.83668338134246,1254.8090401506295
sockeye,928,24.78671165641569,8204.401558273594,4.084000875106274,1535.5843290399591
sockeye,929,15.393361952733386,4925.8758248746835,3.7952331377757633,1260.0174017415534
sockeye,930,22.953697782063678,10742.330562005802,6.430594213394185,3491.8126578730426
sockeye,931,15.452949585448737,5114.926312783532,4.123045017221977,1364.7279007004745
sockeye,932,14.149133545575665,2490.247504021317,2.8921051482174867,546.607873013105
sockeye,933,25.74487664351215,4556.8431659016505,6.101354098675382,1079.9396754655427
sockeye,934,21.103152278183455,3334.298059952986,6.943491845357109,1097.0717115664231
sockeye,935,26.424120856648607,17624.88861138462,5.074340097729831,3851.4241341769416
sockeye,936,11.727868548115898,2498.0360007486865,2.8898655606486288,641.5501544639956
sockeye,937,21.52390949203204,6198.885933705227,2.3552582723976383,789.0115212532088
sockeye,938,12.220649457196185,2334.144046324471,3.9328546516177965,700.0481279879677
sockeye,939,15.945804496262113,3077.540267778588,4.055146940915284,697.4852738374288
sockeye,940,10.866833802858782,3455.6531493090924,2.17795356508447,681.6994658714391
sockeye,941,13.768845423402828,3400.9048195804985,6.820197955088419,1971.0372090205533
sockeye,942,17.945965756866933,4199.355987106862,3.027775512394106,708.4994699002208
sockeye,943,7.705934343216648,1695.3055555076626,2.611011391556385,566.5894719677356
sockeye,944,24.97365922845292,4794.942571862961,6.895485852193939,1627.3346611177697
sockeye,945,22.62615216211817,10611.665364033423,6.443674113949569,2970.533766530751
sockeye,946,6.271469368022574,1718.3826068381852,2.560917616822915,622.3029808879683
sockeye,947,9.019856399959723,2390.2619459893267,2.1154515026697536,562.7100997101544
sockeye,948,7.895430859877062,2581.8058911797993,3.2702642104752724,1082.4574536673151
sockeye,949,16.07924382335496,5418.705168470622,4.370092736379852,1577.6034778331266
sockeye,950,12.68115485308673,2916.665616209948,5.36862151051392,1309.9436485653964
sockeye,951,9.575118957931998,4682.233170428747,4.475141363272693,2116.7418648279836
sockeye,952,8.05859696421932,2022.707838019049,2.7986382460368335,682.8677320329874
sockeye,953,17.610680462594477,3240.365205117384,4.266177261612307,789.2427933982768
sockeye,954,11.956336992741491,4005.3728925683995,1.528348067012634,556.3186963925988
sockeye,955,21.5331143161893,4801.884492510214,3.5922080681331208,980.6728026003419
sockeye,956,15.644813842720083,3535.727928454739,3.8898093467230175,832.4192001987258
sockeye,957,28.94324448185597,5065.067784324795,6.002120737231269,1302.4601999791853
sockeye,958,12.99786960631,2833.5355741755798,2.925027634511308,611.3307756128634
sockeye,959,11.97871293030303,2060.3386240121213,2.1461594993371604,390.6010288793632
sockeye,960,11.88355150097451,2388.5938516958768,3.308984205047438,588.9991884984439
sockeye,961,13.701289157250589,2808.7642772363706,5.167972311622965,1131.7859362454294
sockeye,962,14.73862000179543,2726.6447003321546,1.8362442878078213,367.24885756156425
sockeye,963,13.531903507123818,3112.337806638478,4.047559588407972,862.130192330898
sockeye,964,18.512779876175685,10145.003372144276,4.426582066125228,2492.1657032285034
sockeye,965,27.676632449147935,15083.764684785625,4.93687797439539,3134.917513741073
sockeye,966,25.474111593604256,7056.328911428379,6.003533818235832,1897.1166865625228
sockeye,967,14.509018280938465,4758.957996147817,5.471573670199391,1947.8802265909833
sockeye,968,7.767477254103009,2019.5440860667825,3.01903707656141,649.0929714607032
sockeye,969,21.20597843248533,2968.8369805479465,4.038169932450541,605.7254898675811
sockeye,970,15.48618529219413,2926.8890202246903,5.164206703701594,1032.8413407403189
sockeye,971,10.8525900205107,3027.8726157224855,1.8292843069376028,499.39461579396556
sockeye,972,11.281747632639235,2154.8137978340937,2.4188563508195706,478.93355746227496
sockeye,973,12.07823101962094,2705.5237483950905,2.7037060834810416,621.8523992006395
sockeye,974,16.229182133184427,3619.107615700127,5.638589242635912,1093.8863130713669
sockeye,975,14.26537646706585,2353.7871170658655,4.01650580586435,670.7564695793465
sockeye,976,21.82454721523873,11108.694532556514,4.9843553276860915,2831.1138261257
sockeye,977,18.296260680912617,5818.210896530212,5.993280630224428,1726.0648215046351
sockeye,978,14.47559094199288,3749.178053976156,3.893794561027342,1000.7052021840269
sockeye,979,16.217917025285598,2416.469636767554,5.506134161572589,891.9937341747594
sockeye,980,12.898457258936372,2424.909964680038,3.51530056749331,766.3355237135415
sockeye,981,18.18072313012017,3127.0843783806695,2.2510454471408643,452.4601348753137
sockeye,982,18.47930691258146,6763.426330004814,7.034989303880926,2391.896363319515
sockeye,983,5.688719174220609,1234.4520608058722,2.0182152484589984,409.69769543717666
sockeye,984,20.2971891152545,4262.409714203445,4.582068911124575,1012.6372293585312
sockeye,985,12.287362435097679,3243.8636828657873,2.530338506480389,726.2071513598717
sockeye,986,17.373157382721825,4760.24512286578,2.6704826058070514,771.7694730782379
sockeye,987,10.782733669872922,3116.2100305932745,2.857690641736749,805.8687609697632
sockeye,988,15.069406328861758,3315.2693923495867,4.11424599327538,966.8478084197142
sockeye,989,12.881648658619959,2318.6967585515927,2.5153535368730284,495.5246467639866
sockeye,990,13.639121020938775,2986.9675035855917,3.1096330495958426,653.022940415127
sockeye,991,11.845826771650824,2665.311023621435,3.5247538666646947,828.3171586662032
sockeye,992,17.173042169958496,3125.493674932446,6.7798198036270625,1572.9181944414786
sockeye,993,23.277277415156078,8519.483533947125,6.009318521699792,2193.401260420424
sockeye,994,16.022488703476476,5047.08394159509,6.50254553744008,2054.8043898310652
sockeye,995,15.008873271110463,3752.218317777616,4.045428468227314,1047.7659732708744
sockeye,996,25.9232153171822,5029.103771533347,6.81413284430493,1321.9417717951565
sockeye,997,19.475629366544418,5277.895558333537,4.6981401450036335,1324.8755208910247
sockeye,998,16.772672487289306,4327.349501720641,3.9014801112862245,944.1581869312663
sockeye,999,17.062499733947423,4948.124922844752,4.062776940880875,1231.021413086905
sign_mt,0,15.695214545237317,15036.01553433735,6.255421966336637,6174.10148077426
sign_mt,1,6.9031453287049445,5287.809321787988,4.179652211520172,3184.894985178371
sign_mt,2,14.5231194503715,4807.152538072966,4.314247653461103,1622.1571177013745
sign_mt,3,25.264534804043492,12935.441819670268,7.622501328451898,3727.4031496129783
sign_mt,4,9.492234231095372,5913.661925972417,2.8326977774476885,1753.4399242401191
sign_mt,5,8.61766489653591,2654.2407881330605,3.04975097723304,982.0198146690389
sign_mt,6,11.640688561689272,3562.0506998769174,3.9612812674378213,1164.6166926267194
sign_mt,7,5.224748205842942,2262.315973129994,2.925414397134896,1190.6436596339026
sign_mt,8,6.995025507461006,3721.353569969255,4.468432928941603,2310.179824262809
sign_mt,9,6.142046215798055,5798.091627713364,4.212406527573803,3829.077533564587
sign_mt,10,14.19730973503082,7567.166088771428,4.502222549290715,2359.1646158283347
sign_mt,11,12.125230640264796,2837.3039698219623,4.029241342874138,922.6962675181775
sign_mt,12,11.016057918994525,10211.885690907924,4.857677112455849,4575.93183993341
sign_mt,13,21.983814885278434,44253.419364065485,6.228221218167826,12493.811763644659
sign_mt,14,10.41698779502122,2843.837668040793,4.908606541923513,1128.979504642408
sign_mt,15,17.82062768435247,8643.004426910948,7.382740816250529,3521.5673693515023
sign_mt,16,16.368760991118844,8822.762174213058,6.876770185830552,3534.659875516904
sign_mt,17,10.755098558683256,4732.243365820633,3.5928641664335177,1548.524455732846
sign_mt,18,7.612110255399275,1918.2517843606174,5.515082937629717,1174.7126657151296
sign_mt,19,9.394775770561063,4706.782661051093,4.6834120364503,2243.354365459694
sign_mt,20,16.61353502010921,3505.455889243043,3.636972281019036,945.6127930649494
sign_mt,21,5.2774270834550965,7520.333593923512,5.223884023632228,7135.8255762816225
sign_mt,22,5.7539370491745006,920.6299278679201,1.0897587637281987,151.4764681582196
sign_mt,23,8.748383318037448,5791.429756540791,3.544370941052548,2364.0954176820496
sign_mt,24,17.37515999238245,11172.227875101915,6.429681475306062,4076.4180553440433
sign_mt,25,14.565810629291573,2971.425368375481,3.8812271172253965,791.7703319139808
sign_mt,26,10.279507424602432,4954.722578658372,4.352074581733381,1819.167175164553
sign_mt,27,10.394224060494361,13616.433519247614,3.8836959110567824,4796.364450155126
sign_mt,28,6.645963645224694,2698.261239961226,4.706107365048109,1967.1528785901098
sign_mt,29,12.673638928808037,8567.379915874233,5.30787446475644,3763.2829955123166
sign_mt,30,14.265606218454986,7318.255990067408,8.192112240436126,3956.790212130649
sign_mt,31,10.923731327655831,8564.205360882172,6.789871698173008,5072.034158535237
sign_mt,32,12.6007073752873,7018.594008035026,7.029636800157213,3922.5373344877253
sign_mt,33,14.964640294173238,10116.096838861109,8.550665641148656,5592.1353293112215
sign_mt,34,12.551104064415869,4907.481689186605,6.49747792414695,2469.041611175841
sign_mt,35,9.384087654906063,7056.83391648936,4.367630377051264,3389.281172591781
sign_mt,36,17.22531509703557,4323.554089355928,4.939215416444908,1264.4391466098964
sign_mt,37,12.086239970167199,4943.272147798384,6.573762054528651,2083.8825712855823
sign_mt,38,12.661383313221883,6697.871772694376,8.286738713768921,4085.3621858880783
sign_mt,39,11.894761789937437,7124.962312172525,7.652667197586729,4224.272293067875
sign_mt,40,13.131723752762207,4701.15710348887,7.785230941709111,2483.4886704052064
sign_mt,41,14.34740113745633,10703.161248542423,4.290225309108512,3475.082500377894
sign_mt,42,5.65733010358742,1369.0738850681557,1.4180300093169922,344.5812922640291
sign_mt,43,9.799961815056887,2783.189155476156,4.113435486440225,1090.0604039066595
sign_mt,44,10.128417460276465,10533.554158687522,4.75696713004856,4952.002782380551
sign_mt,45,10.938705393687522,11616.905128096148,9.497389650071547,10086.227808375983
sign_mt,46,14.464176574074973,8128.867234630135,7.179890953685432,3597.1253677964014
sign_mt,47,6.668744847334897,2867.5602843540055,5.055032186398764,2158.498743592272
sign_mt,48,13.069792194834678,6495.686720832835,3.172293676222917,1674.9710610457003
sign_mt,49,15.510457824010413,15681.072860074528,5.304021246201509,5357.061458663524
sign_mt,50,9.088005221015578,6307.0756233848115,5.680741250217432,3919.711462650028
sign_mt,51,11.252145202420815,3881.990094835181,2.6694877629439255,944.9986680821496
sign_mt,52,12.085579021708106,3565.2458114038914,2.440939974474296,649.2900332101627
sign_mt,53,8.2036642480795,7473.538130000424,4.878451212949085,4229.6172016268565
sign_mt,54,12.272745708529417,12984.564959624124,4.4838038097783866,4999.441247902901
sign_mt,55,12.674699292392711,10634.072706317485,6.697492050779559,5070.001482440126
sign_mt,56,9.619564650185396,6685.59743187885,4.156286314692099,2876.1501297669324
sign_mt,57,7.417791267789887,6609.25201960079,2.8569042670352833,2539.787893394367
sign_mt,58,29.67028630064063,23142.823314499692,5.197053759902665,4365.525158318238
sign_mt,59,8.85725078762758,4065.478111521059,5.680648780956151,2584.6951953350485
sign_mt,60,13.223687234839204,15960.99049245092,8.637302198417457,10416.586451291452
sign_mt,61,15.475101592788626,7474.474069316906,4.197436866439092,1968.597890359934
sign_mt,62,12.000079176805631,19116.12612865137,8.699230352633682,13883.971642803357
sign_mt,63,9.120506972371047,3347.226058860174,5.219232263730333,1915.4582407890323
sign_mt,64,9.452699496092302,9594.489988533687,6.87636101403923,7062.0227614182895
sign_mt,65,16.964608362456435,17948.55564747891,6.429416948184199,6815.181965075251
sign_mt,66,6.755193739310151,2546.708039719927,3.624146355300138,1326.4375660398505
sign_mt,67,14.27292043096222,5280.980559456021,5.517277314915593,2096.5653796679253
sign_mt,68,5.562562466041985,1095.824805810271,1.4412799642684928,291.13855278223554
sign_mt,69,12.586589869165119,9779.780328341298,6.800671077828099,4869.280491724919
sign_mt,70,10.34752247779304,6756.932177998856,4.9745808907844005,3203.6300936651537
sign_mt,71,11.862174705851139,10177.745897620278,7.432580746724827,6377.1542806899015
sign_mt,72,11.177375137994138,3129.6650386383585,3.0763611040193632,824.4647758771894
sign_mt,73,13.436924100268373,7108.132849041969,6.4647705232130575,3490.976082535051
sign_mt,74,11.675433276795035,7985.996361327804,5.669238265285094,3418.5506739669117
sign_mt,75,9.121640679789078,9450.019744261484,2.8186224349758886,2824.2596798458403
sign_mt,76,9.438929055886604,5606.7238591966425,3.300804607147074,1967.2795458596559
sign_mt,77,16.854496997586317,6724.944302036941,10.632174823030146,3997.697733459335
sign_mt,78,11.36424642492066,7329.938944073826,3.6257734186861477,2436.5197373570913
sign_mt,79,14.821582382616707,5810.060293985749,11.941319446091923,4477.994792284471
sign_mt,80,6.9815837894082335,1459.1510119863208,2.7945944412166894,592.4540215379382
sign_mt,81,8.419073512244458,2609.912788795782,2.1761818158779733,618.0356357093444
sign_mt,82,13.021169812587207,7877.80773661526,5.74682664464826,3580.2729996158655
sign_mt,83,9.087802176415458,3271.608783509565,4.085925144990475,1622.1122825612188
sign_mt,84,11.312870390702438,16867.489752537334,5.657732210779962,8548.833370488523
sign_mt,85,21.268752046366913,6189.206845492771,3.9669527042845987,1213.8875275110872
sign_mt,86,14.657823853657968,8164.407886487488,6.712835981127332,4061.2657685820363
sign_mt,87,12.974827208537404,10327.962457995773,8.963105795433895,7385.599175437529
sign_mt,88,9.164098343759699,2043.593930658413,2.5895028315024686,621.4806795605924
sign_mt,89,8.50117519554523,2125.2937988863073,1.8674334742035603,408.9679308505797
sign_mt,90,14.46111162989167,12118.41154584922,6.910139337108173,5548.841887697863
sign_mt,91,17.14758817736368,5315.752334982741,5.084557561335023,1530.451825961842
sign_mt,92,11.876972495644544,4085.6785385017233,5.990010041199854,1808.983032442356
sign_mt,93,8.230507502850045,2641.9929084148644,2.7638872140072657,895.4994573383541
sign_mt,94,16.12806568008613,9047.84484652832,5.955718652505734,3245.866665615625
sign_mt,95,10.95758443793612,5566.452894471549,3.368927192509266,1677.7257418696145
sign_mt,96,8.200241873891297,4288.726500045149,4.275299245648703,2171.852016789541
sign_mt,97,10.431035651889362,11703.622001419864,4.329645317574592,4862.191691636266
sign_mt,98,9.11776423004775,4650.059757324353,4.550675694067243,2257.1351442573523
sign_mt,99,12.702798635220608,2629.479317490666,3.216495242858948,669.0310105146613
sign_mt,100,15.196850914650762,5774.803347567289,6.459599047207004,2318.9960579473145
sign_mt,101,10.421373326205563,6231.981249070926,4.061972593752569,2286.8905702826964
sign_mt,102,19.02706968076819,4661.632071788206,4.741885441213495,1204.4389020682277
sign_mt,103,13.690493409717572,3121.4324974156066,3.324697525431443,711.4852704423288
sign_mt,104,16.43868268415859,7183.704332977304,7.311151460506488,2522.3472538747383
sign_mt,105,5.342017300511397,2633.614529152119,3.1345767565199116,1492.058536103478
sign_mt,106,12.352548718409217,9165.591149059639,6.3892127612510174,4613.011613623235
sign_mt,107,17.45143998336277,16596.319424177997,5.24227804800331,4964.437311459135
sign_mt,108,18.75155555513297,4369.112444345982,5.349203204290555,1289.1579722340239
sign_mt,109,14.761463759047857,20060.829248546037,8.39545050051661,11342.25362619794
sign_mt,110,17.688008973145926,12416.98229914844,6.185999124249309,4670.429338808229
sign_mt,111,9.88656621235651,6584.453097429435,5.995057665464968,4052.658981854318
sign_mt,112,8.54552943030881,2956.753182886848,5.0547886912703826,1733.7925211057413
sign_mt,113,12.41551027648321,3488.758387691782,3.1562684249535797,874.2863537121416
sign_mt,114,9.744023201949455,9987.62378199819,4.96048461902172,5064.6547960211765
sign_mt,115,7.417940663489757,2670.4586388563125,3.6506103050399608,1204.701400663187
sign_mt,116,3.99553990331969,515.42464752824,1.172147731376549,127.76410272004382
sign_mt,117,17.19278068121016,8751.12536673597,3.5443390037069684,1676.472348753396
sign_mt,118,5.84400469360038,3161.6065392378055,4.140398792734034,2111.6033842943575
sign_mt,119,10.44773543268093,10771.61523109404,4.818682508883802,5011.429809239154
sign_mt,120,18.696681185123058,14078.600932397663,6.861777053685661,5180.6416755326745
sign_mt,121,14.76684781982356,4430.054345947068,6.104176606331692,1849.5655117185029
sign_mt,122,8.838824738916127,4233.797049940825,3.8172477897444104,1828.4616912875726
sign_mt,123,17.216387224187436,20849.044928490985,7.5503147043562375,8614.909077670467
sign_mt,124,8.734306728764144,6183.889163965015,1.9812517579997484,1418.5762587278198
sign_mt,125,15.397796142534576,7668.102478982219,2.730275458634317,1419.7432384898448
sign_mt,126,10.096350428092167,5300.583974748388,4.01643347634281,2180.923377654146
sign_mt,127,11.59857624647877,5033.782090971786,4.641156114724843,2111.7260321998033
sign_mt,128,22.31064583838582,16108.286295314563,9.17056190697344,6621.145696834824
sign_mt,129,9.320880971358667,5387.469201445309,6.730996722579673,3924.1710892639494
sign_mt,130,10.411307813813151,8297.812327609081,4.878042346160394,3702.434140735739
sign_mt,131,8.352104114665087,4576.953054836467,3.5561163745986404,1916.7467259086673
sign_mt,132,12.173978198251115,6427.860488676589,10.099658678671856,4241.8566450421795
sign_mt,133,7.795970129921512,4373.539242885969,5.460541584886199,3052.4427459513854
sign_mt,134,17.088890875045,5929.845133640615,5.613591341688349,1903.0074648323503
sign_mt,135,9.83059672171122,8198.717665907157,5.197691300130803,4303.688396508304
sign_mt,136,12.068006700135623,5189.242881058318,3.4221378536673104,1509.1627934672838
sign_mt,137,29.107713820483177,39411.84451293422,4.47779786520089,6116.6718838644165
sign_mt,138,7.899855199449828,4779.412395667146,4.77731570730062,2770.8431102343593
sign_mt,139,7.484427428396424,2484.829906227613,3.160707021268426,926.0871572316488
sign_mt,140,15.183382815656762,5936.702680921794,7.102195822772629,2734.345391767462
sign_mt,141,11.233401573775213,7739.813684331121,4.623078515149491,3185.301096937999
sign_mt,142,18.0586357407121,17155.703953676493,7.505532881408402,7025.178776998264
sign_mt,143,7.1560682081842915,3313.259580389327,2.632475661338691,1095.1098751168954
sign_mt,144,12.769726179756292,4571.5619723527525,5.120186780025816,1863.747987929397
sign_mt,145,18.680489230140097,4371.234479852783,3.1358418571352327,815.3188828551605
sign_mt,146,16.147484544128663,2938.842187031417,2.2458513247482865,402.0073871299433
sign_mt,147,12.619695895236049,18033.545434292315,3.9036797417541513,5590.069390191945
sign_mt,148,21.752142874993126,6438.634290997966,3.4221297918910825,1009.5282886078693
sign_mt,149,12.71748549251105,10059.531024576241,2.4668623861075214,2015.4265694498451
sign_mt,150,18.06940772560527,17942.921871526032,6.211500526766075,6161.808522551946
sign_mt,151,25.59173768286431,11541.873694971804,7.269652805244389,3453.085082491085
sign_mt,152,15.039954183374002,3068.1506534082964,5.105375074883916,878.1245128800336
sign_mt,153,12.384208123809287,5275.672660742756,5.419866621944049,2335.962514057885
sign_mt,154,10.707375502057687,3843.94780523871,5.0420052413334755,1875.625949776053
sign_mt,155,14.235629350263,9922.23365713331,3.7897246095954253,3160.630324402585
sign_mt,156,11.12130802307626,7773.794308130306,7.56423604181078,4894.060719051575
sign_mt,157,20.276135974709963,12510.375896396046,5.4454205379133604,3283.5885843617566
sign_mt,158,8.630763066011461,13446.728856845857,6.547914330053399,10254.033840863623
sign_mt,159,8.053596688812087,4493.906952357144,4.569073396506504,2558.681102043642
sign_mt,160,9.230977961607067,4310.8667080705,3.227816457536828,1523.5293679573829
sign_mt,161,14.761670303554949,4236.59937712027,4.188932600853876,1348.8362974749482
sign_mt,162,12.121964434443075,15019.11393427497,5.226536255488617,6663.833725747987
sign_mt,163,9.767664582473824,6300.143655695617,5.836863014867784,3910.698219961415
sign_mt,164,6.3180660511268005,3215.8956200235416,2.4783502136147866,1308.5689127886073
sign_mt,165,14.047210089379474,8962.120037024104,7.678070240227769,4898.608813265317
sign_mt,166,11.379556841753566,5689.778420876783,4.715574011941684,2376.649302018609
sign_mt,167,19.99686078462665,7078.8887177578345,5.814402212142689,2279.245667159934
sign_mt,168,12.770739726744816,11110.54356226799,8.196254183783205,6925.834785296809
sign_mt,169,6.494955343704915,1695.1833447069828,2.1730145546551265,556.2917259917124
sign_mt,170,13.742675494059753,7311.103362839789,7.437023258576632,3807.7559083912356
sign_mt,171,10.866627540641273,5998.378402433983,3.823210443006775,2076.0032705526787
sign_mt,172,13.310246797952125,8838.00387384021,6.619407976984028,4130.510577638033
sign_mt,173,9.56744083661685,4888.9622675112105,3.578368430953196,1760.5572680289724
sign_mt,174,16.028605972410666,4504.038278247397,4.519177473371841,1242.7738051772562
sign_mt,175,11.00559174360246,16464.36524842928,4.592550211948746,6457.125597999937
sign_mt,176,17.15842356518639,7978.666957811671,7.065869957008194,3214.970830438728
sign_mt,177,11.055303526982852,3172.872112244079,3.833814953863418,1169.3135609283424
sign_mt,178,10.165412249417619,3771.3679445339367,6.059180933636432,1751.1032898209287
sign_mt,179,29.678606382057527,20953.096105732613,8.561391531200442,6052.903812558712
sign_mt,180,6.911685251923253,2398.354782417369,3.112533389710774,1058.2613525016632
sign_mt,181,11.788336180343464,4455.991076169829,6.114865374020269,1901.7231313203038
sign_mt,182,36.91239816942377,43002.943867378686,2.0570739552579704,2528.1438910120455
sign_mt,183,13.564809777459638,6741.71045939744,6.243224641527546,3440.016777481678
sign_mt,184,9.204399147944509,2669.2757529039077,2.2016539029675215,708.9325567555419
sign_mt,185,10.79823549625543,5787.85422599291,5.5220207439495645,3031.589388428311
sign_mt,186,11.766065440347834,2553.23620055548,3.0037854128728143,657.8290054191464
sign_mt,187,7.085910312073944,4683.786716280877,2.206267271882449,1396.5671831015902
sign_mt,188,7.971959848160135,3236.615698353015,3.5310543109010464,1324.1453665878923
sign_mt,189,6.262846365378612,1521.8716667870028,3.120295391758128,702.0664631455788
sign_mt,190,5.714289644331209,3440.002365887388,3.852760143289632,2315.508846117069
sign_mt,191,18.286025055063334,16384.278449336747,7.120047799540057,6343.96258939019
sign_mt,192,13.06339228273816,7028.105048113131,3.9152269842233487,2118.1377984648316
sign_mt,193,14.203617617953828,12655.42329759686,3.907719550316308,3419.2546065267693
sign_mt,194,28.16123374501203,20782.990503818877,7.723432993719236,5707.616982358515
sign_mt,195,11.02744701778674,4058.10050254552,7.026858936731826,2522.6423582867255
sign_mt,196,10.97386218708954,3270.2109317526833,2.205570931592588,707.9882690412209
sign_mt,197,10.052757769512379,6102.023966094014,3.7092218971328363,2084.582706188654
sign_mt,198,11.773031149375933,10419.132567197701,5.360640160465822,4937.149587789022
sign_mt,199,11.001856982315555,6392.078906725337,6.655173990780368,3866.656088643394
sign_mt,200,10.817163619481127,9886.88754820575,8.178005972587988,7319.315345466249
sign_mt,201,22.78957407336557,8705.617296025648,5.687799467389333,1933.8518189123731
sign_mt,202,6.132733210727659,2250.713088337051,4.217568309311229,1459.2786350216852
sign_mt,203,11.86240282904665,5302.494064583852,7.4076353106240145,3059.353383287718
sign_mt,204,17.52280904499883,4030.2460803497306,7.017196533883664,1663.0755785304284
sign_mt,205,9.767492221405758,11095.871163516942,4.458114000331868,5055.501276376338
sign_mt,206,13.574341236540683,6542.832476012609,3.1778750466098287,1658.8507743303305
sign_mt,207,25.620076614625024,31999.475691666656,5.5109535658994435,7274.458706987266
sign_mt,208,17.160415014259264,13728.332011407412,6.6281242285304955,5501.3431096803115
sign_mt,209,10.330225148915119,8873.663402918088,4.472710519649752,3766.0222575450907
sign_mt,210,12.67270755912116,7793.715148859514,8.046776755486816,4731.504732226247
sign_mt,211,6.551302154032243,2692.585185307252,4.149025991785581,1730.1438385745873
sign_mt,212,12.67501725266376,2737.8037265753724,3.3631862617391293,655.8213210391302
sign_mt,213,5.167055845780743,1054.0793925392716,2.4170987969781215,418.15809187721504
sign_mt,214,13.502510033450722,3119.0798177271167,3.914339087483861,912.0410073837396
sign_mt,215,10.168765627362625,2023.5843598451625,7.8532914997483685,1531.3918424509318
sign_mt,216,13.263039289810953,7347.7237665552675,5.92333195144496,3228.215913537503
sign_mt,217,14.368757100258657,5646.921540401652,4.234831372016915,1698.1673801787829
sign_mt,218,17.100843490682703,22709.920155626627,6.655748678898224,9504.409113466663
sign_mt,219,9.961766098537444,4144.094696991577,3.834621801239653,1629.7142655268526
sign_mt,220,18.355792770014514,7103.691801995617,6.836598857639633,2789.33233391697
sign_mt,221,8.752248931323624,5907.768028643446,1.4795023233414204,979.4305380520203
sign_mt,222,10.603079868742775,9203.473326068728,6.7057202379175855,5713.273642705783
sign_mt,223,19.664598619115893,5663.404402305377,3.6228658846441317,1014.4024477003569
sign_mt,224,11.373313993311443,5174.857866956707,3.2204865760750416,1465.321392114144
sign_mt,225,37.15419732577152,16236.384231362154,7.317419984239269,3329.4260928288672
sign_mt,226,10.023358137710243,11957.86625828832,6.2244122801982416,7481.743560798286
sign_mt,227,13.32406114433763,10206.230836562625,7.599542444197155,5008.098470725925
sign_mt,228,12.827082108977805,5336.066157334767,6.635181812637518,2813.3170885583077
sign_mt,229,11.29145748143401,10738.176064843743,7.8150846759767525,7416.5153575019385
sign_mt,230,18.428179103462412,8182.111521937311,6.857399664102729,3072.1150495180227
sign_mt,231,24.608233062778073,5020.0795448067265,4.643837456870815,1058.794940166546
sign_mt,232,10.048392946005583,9676.602407003376,4.965254882925426,4731.887903427931
sign_mt,233,12.65269100906291,5263.51945977017,7.4699638571990175,3047.745253737199
sign_mt,234,8.854210181432936,5117.733484868238,5.754221496960046,3394.990683206427
sign_mt,235,16.4773341393916,6689.79766059299,3.458143836019453,1632.2438906011819
sign_mt,236,13.326420178033397,4730.879163201856,5.750913478950065,1961.0614963219723
sign_mt,237,7.903242118090982,3706.6205533846705,3.921418906902197,1909.7310076613699
sign_mt,238,10.21031190368797,7984.4639086839925,7.540852673835703,5859.242527570341
sign_mt,239,11.838616526986087,5220.829888400865,1.4816362382474697,648.9566723523917
sign_mt,240,11.621417961197148,4381.274571371325,4.468380093607828,1666.70577491572
sign_mt,241,13.653786929739292,11810.525694224487,5.543134530981612,4767.095696644186
sign_mt,242,10.061966395008335,4054.9724571883594,6.284929421892317,2388.2731803190804
sign_mt,243,13.889618276185622,7583.73157879735,6.895039916535926,3606.1058763482893
sign_mt,244,11.063474649349985,2533.5356947011464,4.642703431600096,1239.6018162372256
sign_mt,245,13.67251412098631,6398.736608621593,7.393596444661053,3541.5326969926446
sign_mt,246,7.750108280103698,2247.5314012300723,3.534180714364303,1014.309865022555
sign_mt,247,14.99101246476548,9444.337852802253,2.1596026203658374,1291.4423669787707
sign_mt,248,14.618341545050487,10744.481035612109,7.3546319321616656,5471.846157528279
sign_mt,249,12.942067379354901,6212.192342090352,5.582459831123264,2506.524464174345
sign_mt,250,14.259138038423531,2980.159850030518,5.936822215726103,1222.9853764395773
sign_mt,251,10.349349309223902,5381.661640796429,5.5636830010894975,2776.2778175436592
sign_mt,252,35.95920540497625,30313.61015639498,9.433832767099299,7943.28718989761
sign_mt,253,12.523886555310812,10432.397500573907,9.172298556261689,7594.663204584678
sign_mt,254,13.563384245556373,5696.621383133676,7.7468428394456765,2843.0913220765633
sign_mt,255,15.162321056195003,5792.006643466491,8.669222396676881,3372.3275123073067
sign_mt,256,11.332440884983829,3173.083447795472,4.160984463725445,1123.46580520587
sign_mt,257,9.996597591147184,6497.78843424567,4.601494036896208,2963.3621597611577
sign_mt,258,17.247946755248588,10072.800905065176,3.9664191863183653,2367.952254232064
sign_mt,259,10.734017563068782,3853.5123051416927,3.9128589669531304,1334.2849077310175
sign_mt,260,13.212179217044955,7795.185738056523,4.303693699715037,2547.7866702313017
sign_mt,261,9.938968266894305,5247.775244920193,1.9914656211744157,1059.4597104647892
sign_mt,262,19.039893860026204,7216.119772949931,7.391431298724217,2771.7867370215813
sign_mt,263,14.11851292977361,4630.872240965744,3.7047094863938996,1189.2117451324418
sign_mt,264,10.175419638955056,2706.661623962045,2.6507099936122938,755.4523481795037
sign_mt,265,7.713758697619089,4165.429696714308,3.672440577438207,1972.1005900843172
sign_mt,266,14.864939504671746,3894.6141502239975,4.439979099764991,1203.2343360363125
sign_mt,267,7.608240514659208,5363.809562834742,5.150670001463451,3353.086170952707
sign_mt,268,6.456713638880109,5468.8364521314525,4.389488293194208,3529.148587728143
sign_mt,269,14.765477991553098,5123.620863068925,4.3751690158017436,1478.8071273409894
sign_mt,270,25.53834664874896,20686.060785486658,6.155338864229845,5139.707951631921
sign_mt,271,9.52519242699135,2143.1682960730536,2.4788484140768685,513.1216217139117
sign_mt,272,12.439150811339932,3781.5018466473393,3.0853386740782516,937.9429569197885
sign_mt,273,11.312507097430588,5724.128591299877,1.7995540163544195,894.3783461281465
sign_mt,274,25.245344777393676,25295.83546694846,7.518760655697043,7744.323475367954
sign_mt,275,13.714299142775792,7090.292656815084,7.441111788986226,3727.9970062820994
sign_mt,276,11.329538151244995,19577.44192535135,6.198419334996438,10487.725514813974
sign_mt,277,6.350194617681967,4356.233507729829,3.57579858780368,2388.6334566528585
sign_mt,278,8.889625995566501,11787.64407012118,4.847046652610187,6650.148007381176
sign_mt,279,10.456517420322106,4893.650152710746,3.5969707786511105,1647.4126166222086
sign_mt,280,12.386672824868024,3121.441551866742,6.161809139419635,1343.2743923934804
sign_mt,281,23.149391851463136,18218.57138710149,8.123046539784616,6352.22239411157
sign_mt,282,9.002630231612812,4510.317746038019,6.0238597804802545,2981.810591337726
sign_mt,283,12.665375376281995,5674.088168574333,2.579349507248252,1129.7550841747343
sign_mt,284,10.259578118755064,7684.424010947542,4.890697805530408,3731.6024256197015
sign_mt,285,18.854802132127045,11708.832124050896,6.554789397827065,4024.6406902658177
sign_mt,286,8.321641458438627,3386.908073584521,4.2348575669014865,1634.6550208239737
sign_mt,287,13.556883120278979,11360.668054793785,8.753489684909429,6696.419608955714
sign_mt,288,11.189476065975555,8515.191286207397,4.46575894498064,3219.812199331041
sign_mt,289,8.602867272352523,9153.450777783084,5.3589733099428045,5750.178361568629
sign_mt,290,12.637522839148328,5307.759592442298,6.752649742936501,2930.649988434441
sign_mt,291,12.745160051903145,4320.609257595166,4.388977845044929,1584.4210020612193
sign_mt,292,10.192960876465882,4882.4282598271575,5.380640185403821,2609.610489920853
sign_mt,293,12.961124892739353,5845.467326625448,5.103955051410205,2194.700672106388
sign_mt,294,7.000092903183967,7525.099870922765,3.6609723346108396,4078.3231807564753
sign_mt,295,7.764015541739927,7686.375386322528,5.356438464326389,5238.596818111208
sign_mt,296,12.758922844879375,13639.288521176053,8.638087373213827,9320.496275697718
sign_mt,297,11.754173728227595,9861.751757982953,7.502802815726246,6347.3711821044035
sign_mt,298,15.15666887880701,4092.3005972778924,3.6576573664702536,940.0179431828552
sign_mt,299,4.515430904862777,2316.4160541946044,1.9353290558701264,1019.9184124435566
sign_mt,300,9.304144594122581,4987.021502449704,6.51440836715005,3276.7474086764755
sign_mt,301,11.244959115169264,7219.263751938668,3.509798196226405,2056.741742988673
sign_mt,302,11.372218786764146,6857.44792841878,5.34237475828988,2820.7738723770567
sign_mt,303,17.92287314508992,8262.444519886452,3.649049838284558,1594.6347793303519
sign_mt,304,18.043390391023564,4113.893009153373,4.6632096894787525,1063.2118092011556
sign_mt,305,18.39173715480988,10464.898441086823,6.485160317979428,4072.680679691081
sign_mt,306,16.83753221404606,9210.130121083195,4.396837815603088,2374.2924204256674
sign_mt,307,14.545851655291242,7127.467311092709,8.348755838930641,4090.8903610760144
sign_mt,308,8.623951831217543,3915.2741313727643,4.686381006883446,2015.1438329598816
sign_mt,309,8.54687752741204,5658.03292314677,6.437710714257148,4429.144971408918
sign_mt,310,10.517706518176977,8761.249529641422,3.423518588986888,2851.7909846260777
sign_mt,311,10.941109664540564,9814.175369092885,5.825122110373192,5388.237952095203
sign_mt,312,25.333134338626525,11881.24000481584,10.126444364415743,4567.0264083515
sign_mt,313,15.625909258642666,13188.26741429441,6.504190435323793,5580.595393507815
sign_mt,314,31.646120918517667,12658.448367407067,5.5743703099377395,2725.8670815595547
sign_mt,315,13.652613672619008,6457.686267148791,5.329391870988769,2941.824312785801
sign_mt,316,12.08584795912806,3480.7242122288812,3.9478156561710227,1093.5449367593733
sign_mt,317,15.266789444192273,14350.782077540736,5.724088461744665,5271.885473266836
sign_mt,318,11.76201290152954,4551.898992891932,3.6222524155823055,1430.7897041550107
sign_mt,319,18.51718440400187,10943.655982765105,8.146497895967736,4814.5802565169315
sign_mt,320,10.154780728057167,5666.3676462559,6.5001879080904414,3438.5994033798434
sign_mt,321,9.33148099831721,5421.590460022298,4.462644308396919,2811.4659142900587
sign_mt,322,12.176801548622198,10593.817347301312,4.985340578960331,4417.011752958853
sign_mt,323,23.764643512970693,9981.150275447691,5.315919610207282,2200.790718625815
sign_mt,324,17.13677207984389,6426.289529941459,2.8662015571826873,1266.8610882747478
sign_mt,325,13.344930560856106,9021.173059138728,7.641371889023516,5028.022702977473
sign_mt,326,17.04299526096325,9015.744493049559,4.75542486247744,2667.793347849844
sign_mt,327,11.653904349026782,7190.458983349525,5.858439735704225,3614.657316929507
sign_mt,328,10.82042267443504,13644.552992462584,5.912116557081864,7354.6729970098395
sign_mt,329,17.42595443095585,11344.296334552258,8.478338146814659,5205.6996221442005
sign_mt,330,6.322122420096177,6789.959479183294,3.6287398075862245,4049.6736252662267
sign_mt,331,12.883717636388887,10075.06719165611,7.906763723146792,6096.114830546177
sign_mt,332,11.139510177552376,12242.32168513006,5.288599022661175,5716.97554349673
sign_mt,333,10.793012616081366,10426.0501871346,5.627775539021693,5430.803395155934
sign_mt,334,10.578213192080172,11160.014917644581,6.692828631873162,6853.456519038118
sign_mt,335,8.08353557232545,2392.726529408333,3.496611032275957,916.1120904563007
sign_mt,336,22.622558128215807,8958.53301877346,7.706942055001551,3105.897648165625
sign_mt,337,7.903099576257189,2552.701163131072,5.054864586087213,1627.6663967200825
sign_mt,338,25.67275780192529,30499.236268687244,4.531038831709599,5527.86737468571
sign_mt,339,11.47295540349108,7377.110324444764,5.761101515028895,3531.5552287127125
sign_mt,340,14.571741724570165,3613.7919476934007,3.5388467071162752,962.5663043356269
sign_mt,341,11.61218730709004,7350.5145653879945,8.212352562967865,5198.419172358658
sign_mt,342,12.908303284532433,6286.343699567295,3.5245600892503464,1709.411643286418
sign_mt,343,21.539380040700816,7258.771073716175,4.962007762108705,1567.9944528263507
sign_mt,344,19.220044604512516,15952.637021745388,4.761554805032684,3866.3825016865394
sign_mt,345,6.449367398963686,2495.9051833989465,2.4065096594583566,902.4411222968837
sign_mt,346,12.635196989059047,9804.91286350982,4.046793201535035,3160.5454903988625
sign_mt,347,15.840781932107033,23634.446642703693,4.432836416627511,6706.881498357425
sign_mt,348,8.585619155278039,1845.9081183847784,2.8863198987429306,568.6050200523573
sign_mt,349,10.34631561342612,5266.274647233895,6.084172291965626,2415.4163999103534
sign_mt,350,14.117804039022525,8414.211207257425,4.124644669704956,2565.528984556483
sign_mt,351,10.391296228999865,2951.1281290359616,4.2005303812586,1222.3543409462527
sign_mt,352,10.535556912674956,12737.488307424022,6.713370996703715,8042.618454051051
sign_mt,353,8.66855770760862,6536.0925115369,4.278834738743319,3200.5683845800027
sign_mt,354,9.985745613630252,1717.5482455444032,4.48910604031619,655.4094818861637
sign_mt,355,8.074380107470908,7178.123915541638,4.129423931294604,3699.9638424399654
sign_mt,356,9.277023332081189,3172.7419795717665,6.617152497459472,2263.0661541311392
sign_mt,357,24.049044061125667,17219.115547765978,5.241006400430978,3694.909512303839
sign_mt,358,10.14214244132212,8570.110362917192,4.958694640592206,4358.69258908055
sign_mt,359,28.116654678972512,5623.330935794503,6.046985457116835,1275.9139314516522
sign_mt,360,9.390263029895804,3540.129162270718,3.8238796719783226,1449.2503956797843
sign_mt,361,9.4048367674066,6809.101819602378,4.060061470414416,2671.520447532686
sign_mt,362,12.364723939259674,6367.832828718732,4.0240186250504335,2128.7058526516794
sign_mt,363,22.453618070164563,10643.014965258002,4.768293907889696,2813.2934056549207
sign_mt,364,11.729642715996066,6287.088495773892,5.421194045207161,2970.8143367735242
sign_mt,365,15.487730801923664,7186.30709209258,4.346814744012356,2112.551965590005
sign_mt,366,22.934237382068307,18897.811602824284,4.921480124232452,4124.200344106795
sign_mt,367,23.9848393471452,12783.919372028391,7.888791960813846,4196.837323152966
sign_mt,368,11.206867095483254,3025.8541157804784,3.1199059341238167,879.8134734229163
sign_mt,369,9.60602082183689,6186.277409262956,5.184802104051527,3224.9469087200496
sign_mt,370,14.293487287156385,8776.20119431402,7.548594730363269,4506.5110540268715
sign_mt,371,10.379265778139752,9974.474412792302,6.0287459172980595,5829.797302027224
sign_mt,372,22.806099935721587,8620.70577570276,5.939548932028445,2251.0890452387807
sign_mt,373,12.783236935739847,8104.572217259063,8.406372853104422,5312.827643161994
sign_mt,374,13.30835568370794,18458.689333302915,6.220476026333461,8155.044070523168
sign_mt,375,25.206913432845806,11771.62857313899,8.025797476375054,3675.8152441797747
sign_mt,376,14.977201427240162,3594.5283425376388,2.9263540943366277,798.8946677538994
sign_mt,377,10.19020635969631,8111.404262318262,4.318704133140066,3390.1827445149524
sign_mt,378,9.599104567805426,1718.2397176371715,1.9376321959511877,341.02326648740905
sign_mt,379,17.98810770005363,12987.41375943872,6.291667647978871,4643.250724208407
sign_mt,380,9.079981578805087,10796.098097199249,5.46142582914407,6444.482478390003
sign_mt,381,13.3488323908695,10772.507739431687,7.8697173476143165,6350.861899524753
sign_mt,382,19.08584675899332,26223.95344685682,3.4323043226488243,4588.990879381478
sign_mt,383,14.526007966527763,10037.471504870684,9.476266109605538,5202.47009417344
sign_mt,384,12.716108476184385,6002.00320075903,4.492396757432761,2156.3504435677255
sign_mt,385,9.301056152090725,5961.976993490155,4.473923620190745,2791.728338999025
sign_mt,386,13.222640135198935,14055.666463716469,11.551349786492427,12452.355069838835
sign_mt,387,9.141440815671057,4616.427611913884,5.665407892636477,2821.3731305329657
sign_mt,388,17.383760988462313,18618.008018643137,7.873727570754725,8613.85796240567
sign_mt,389,10.841256612147541,7469.625805769656,5.102877435121907,3730.203405074114
sign_mt,390,7.137927378249326,3104.998409538457,2.9664146979249333,1275.5583201077213
sign_mt,391,12.296476749541007,3172.4910013815797,5.153295041386407,1458.3824967123533
sign_mt,392,9.388081066019344,3210.723724578616,2.681616108818941,943.9288703042672
sign_mt,393,7.890096558616014,5972.803094872323,4.112789957227956,3162.7354771082983
sign_mt,394,13.765577059427038,8465.829891547628,7.047534645545321,4115.7602329984675
sign_mt,395,21.306202813431426,11803.63635864101,6.4925540234748755,3785.1589956858525
sign_mt,396,18.499846771917927,10359.914192274038,8.218120584609139,4602.1475273811175
sign_mt,397,16.494731633065744,9270.039177782948,2.1445128735132624,1177.337567558781
sign_mt,398,10.153201663978088,11544.190291943087,5.529543947747099,6248.3846609542215
sign_mt,399,13.436612619734285,10695.543645308491,2.317933684304552,1954.0180958687376
sign_mt,400,12.297408965802145,9997.793489197144,8.470779220514714,6700.386363427139
sign_mt,401,14.295721956274669,7205.043865962433,8.223208996910424,3683.99763061587
sign_mt,402,20.045937983228864,13851.743146411145,7.218074897081184,5023.780128368504
sign_mt,403,26.170694234856896,8557.817014798205,7.364445465926138,2518.640349346739
sign_mt,404,6.157948631847255,1496.381517538883,3.265977944434801,819.760464053135
sign_mt,405,9.703577089971926,4696.531311546412,3.546114668324551,1723.4117288057319
sign_mt,406,5.335248164015145,1894.0130982253763,3.782490670837279,1176.3545986303939
sign_mt,407,10.960226381380345,5523.954096215693,5.045478207551095,2391.5566703792188
sign_mt,408,9.386028609339789,10005.506497556215,4.471871151190362,4825.1489721344005
sign_mt,409,13.036887194752426,7574.43146015116,2.93233277165024,1697.8206747854888
sign_mt,410,8.374499162472471,4162.126083748818,2.0502351320491603,1039.4692119489243
sign_mt,411,14.942640814454007,3705.7749219845937,1.9028920260998834,506.169278942569
sign_mt,412,21.69792209995109,6205.605720586012,3.672909220843812,1138.6018584615817
sign_mt,413,12.861843589771926,5016.119000011051,3.2181554513524566,1415.988398595081
sign_mt,414,11.174526592298042,4670.952115580581,7.869982164617826,3218.822705328691
sign_mt,415,8.53381253342505,2491.8732597601143,3.554373177869144,767.7446064197351
sign_mt,416,16.262143124929143,7838.352986215847,8.605518527463834,4147.859930237568
sign_mt,417,19.337964272303267,24095.10348328987,4.736170977948117,6450.664871965335
sign_mt,418,3.9175345823012417,1508.250814185978,1.6634341922831222,633.7684272598696
sign_mt,419,6.76464162108502,1555.8675728495546,3.1105309162488695,706.0905179884934
sign_mt,420,7.99261353975776,3093.141439886253,3.521102388850559,1411.962057929074
sign_mt,421,28.37233953651286,16541.073949786998,6.706731695513965,3809.4236030519323
sign_mt,422,8.72141539861352,2755.9672659618723,3.815638492818175,1026.4067545680891
sign_mt,423,9.56628784581923,9853.276481193807,5.16302983706744,5142.3777177191705
sign_mt,424,10.476883872978261,2661.1285037364783,5.493020538445434,1148.0412925350956
sign_mt,425,14.964820456170456,7228.00828033033,5.500132054153873,2574.0618013440126
sign_mt,426,26.077872882821847,5450.275432509766,4.058960582027285,913.2661309561391
sign_mt,427,14.17514364979428,7186.7978304457,4.108117939667247,2107.464503049298
sign_mt,428,4.706314356478005,1190.6975321889354,2.125980535968716,554.8809198878348
sign_mt,429,11.83904725655828,6582.510274646404,3.1878466471709404,1782.0062757685557
sign_mt,430,7.391967857671814,2661.108428761853,2.5372852043701344,885.5125363251768
sign_mt,431,12.929925536406353,6814.070757686148,6.48900661169505,3380.772444693121
sign_mt,432,9.49915837023666,2944.7390947733647,6.172212682111367,1604.7752973489555
sign_mt,433,11.646796488036859,7314.1881944871475,4.353017669594521,2820.7554498972495
sign_mt,434,12.457946818882668,6191.599568984686,3.7285166855851295,2005.9419768447997
sign_mt,435,13.051068789375366,4724.486901753882,6.066000344457634,2056.374116771138
sign_mt,436,16.875209614804554,14428.304220657894,7.776732638495526,6026.967794834032
sign_mt,437,7.362298991492916,2333.8487803032544,2.911523176935203,1007.3870192195802
sign_mt,438,23.009304924477338,3635.470178067419,4.550853216077042,723.5856613562496
sign_mt,439,13.59068763536894,3316.1277830300214,3.594788427273563,869.9387994002022
sign_mt,440,11.630375694446027,2942.4850506948446,2.982955319872213,766.6195172071588
sign_mt,441,14.96872872633368,11016.984342581589,8.144797864205724,5913.1232494133565
sign_mt,442,11.257214581265202,6180.210805114596,7.298455231755035,3897.375093757189
sign_mt,443,12.774621014615255,10385.766884882201,6.648113726546013,4826.530565472405
sign_mt,444,6.419819877619387,1361.0018140553102,0.9835449191306169,189.82416939220906
sign_mt,445,9.94672721160094,2576.2023478046435,2.8148509198616085,684.0087735263709
sign_mt,446,11.278110618250503,8075.12720266736,7.804217882417081,5439.539864044706
sign_mt,447,15.714276200566873,13718.56312309488,7.099700103126545,6659.518696732699
sign_mt,448,9.901794489217915,2346.7252939446457,5.262317922348922,1131.3983533050182
sign_mt,449,18.203608113050368,9975.577245951601,2.567977853024301,1345.6203949847336
sign_mt,450,9.971995213312377,7010.312634958601,4.283698990677246,2981.4544975113636
sign_mt,451,9.82171797437914,10086.904359687378,3.453326178066985,3398.072959217913
sign_mt,452,15.460912949927614,3509.6272396335685,3.243091998858187,713.4802397488012
sign_mt,453,18.392776271752478,19091.70177007907,5.738229837972879,5772.659217000716
sign_mt,454,12.161908755320777,14946.985860289235,8.723830471175727,10442.425073997345
sign_mt,455,10.617565422158815,6508.567603783354,3.715924566176567,2333.6006275588843
sign_mt,456,13.849729858852065,4999.7524790455955,2.755116063028584,997.3520148163474
sign_mt,457,12.008815584695418,5403.967013112938,4.487893001973914,2091.358138919844
sign_mt,458,3.614226439121045,2031.1952587860271,1.9427718183468705,988.8708555385571
sign_mt,459,28.295420449034953,6394.7650214819,9.298487795712298,2027.070339465281
sign_mt,460,14.830503324926578,15186.435404724816,8.952004235927408,8593.924066490312
sign_mt,461,13.184659421484081,12406.76451561652,3.340782709722849,3213.832966753381
sign_mt,462,22.20987643353658,8639.641932645729,3.9193565924830636,1744.1136836549633
sign_mt,463,18.181574117174357,21017.899679453556,8.31667782548482,9356.262553670424
sign_mt,464,22.503820738531488,4320.733581798046,6.131379643693454,1434.7428366242682
sign_mt,465,10.22597729520129,5542.479693999099,3.3254153722445494,1732.5414089394103
sign_mt,466,13.99778574809205,8538.64930633615,3.178957165859527,1837.4372418668067
sign_mt,467,8.90547233852706,2814.1292589745512,4.170774500158966,1038.5228505395824
sign_mt,468,17.779572329175817,4498.2317992814815,3.6141228529521867,798.7211505024333
sign_mt,469,11.024143010561303,7915.334681583016,8.269219108566817,5234.415695722795
sign_mt,470,7.4571886561641145,3780.794648675206,5.338959316294106,2632.106942932994
sign_mt,471,18.139979430518434,3827.5356598393896,4.020678860858351,888.5700282496956
sign_mt,472,9.098714980111826,8152.448622180196,3.5210927880331755,3080.9561895290285
sign_mt,473,16.55614843067749,12566.116658884213,6.883998635949453,5286.91095240918
sign_mt,474,12.080593744264808,4445.65849788945,3.744602548980216,1378.0137380247195
sign_mt,475,15.726108335593626,7344.092592722223,4.1388397570979425,2197.7239110190076
sign_mt,476,8.75860654151892,8469.572525648797,4.6352002457867325,4551.766641362571
sign_mt,477,7.230430883588129,2856.020199017311,2.613155614241998,1191.598960094351
sign_mt,478,10.013419297355643,5247.031711814357,5.293730796073573,2572.753166891757
sign_mt,479,10.874051982596194,10569.5785270835,4.304575225439017,4240.0065970574315
sign_mt,480,7.74221462486483,1889.1003684670184,1.4360826484233633,348.9680835668773
sign_mt,481,8.866700885772113,2952.6113949621135,3.0804414407380563,1031.947882647249
sign_mt,482,9.98534761869637,9066.695637776304,8.596862640325122,7805.951277415211
sign_mt,483,10.938066820108526,7273.81443537217,4.504304693010269,2522.4106280857504
sign_mt,484,9.391861395399252,10284.08822796218,3.7278638498467465,4119.289554080655
sign_mt,485,12.035454957220983,2479.3037211875226,3.2720919186512054,700.227670591358
sign_mt,486,11.941597583995666,8932.314992828758,6.0376813940090805,4196.188568836311
sign_mt,487,6.350523518339535,2521.157836780795,1.3122005948934454,514.3826331982306
sign_mt,488,8.182891910270435,5768.9387967406565,5.462031287371173,3856.194088884048
sign_mt,489,13.31871995565568,3103.2617496677735,2.1488670071506895,500.6860126661107
sign_mt,490,8.487915758402057,4277.909542234636,3.2468861360813466,1574.739775999453
sign_mt,491,12.151166935325938,4192.152592687448,3.705736985948461,1230.304679334889
sign_mt,492,6.253729851030368,1494.6414343962579,2.946995562038573,648.339023648486
sign_mt,493,12.097038362421642,6629.17702260706,7.223667379047509,3915.2277194437497
sign_mt,494,10.895744957655715,3628.2830708993533,5.08616524760218,1683.5206969563214
sign_mt,495,12.684736246969381,11390.893149778503,2.7688466943734227,2469.811251381093
sign_mt,496,23.156631380772,7965.881194985568,7.582172339173672,2449.041665553096
sign_mt,497,8.63771704399208,8076.265436132594,4.909088558152561,4639.08868745417
sign_mt,498,8.834262904010501,4982.524277861922,4.290882081334478,2261.2948568632696
sign_mt,499,4.84650022797156,2495.9476174053534,3.3721206964057293,1702.9209516848932
sign_mt,500,13.46632521811637,11405.977459744567,4.281710083268811,3686.5523816944465
sign_mt,501,6.54870937265939,1512.7518650843192,4.362225877464379,959.6896930421633
sign_mt,502,4.741875647775345,953.1170052028443,3.0930430334940677,590.771219397367
sign_mt,503,10.348272750768935,7367.970198547481,7.959903579077307,5667.451348303042
sign_mt,504,15.743951655638522,10674.399222522918,5.447629323320715,3715.283198504728
sign_mt,505,14.07604003129866,11598.656985790096,7.119727546572529,5930.733046294917
sign_mt,506,15.63691085471987,6489.318004708746,2.8517088879254153,1206.2728595924507
sign_mt,507,10.051689800175538,4975.586451086891,5.660364123711901,2535.8431274229315
sign_mt,508,12.877198413107571,3438.2119762997213,5.485001036246306,1579.680298438936
sign_mt,509,24.750585670937745,32200.51195789001,3.117416995330226,4473.493388298874
sign_mt,510,23.0553561690253,19066.779551783922,5.747594870168872,4707.280198668306
sign_mt,511,9.830760262423778,4748.257206750685,4.564805382281864,2204.80099964214
sign_mt,512,15.366421857138844,11647.747767711244,3.8454163440783224,2868.6805926824286
sign_mt,513,11.817438990368114,10139.362653735841,4.681217209740887,4222.45792318628
sign_mt,514,11.544847792211735,5541.526940261633,4.13302884806488,1876.3950970214555
sign_mt,515,10.704702407907522,8456.714902246942,5.839979931919604,4654.464005739925
sign_mt,516,15.530289603016747,7159.463506990721,7.2277628269344785,2999.5215731778085
sign_mt,517,11.934060707367628,5382.261379022801,6.819725903272469,2993.859671536614
sign_mt,518,27.44140578066543,15394.628642953307,7.833412378489282,4159.541972977809
sign_mt,519,8.869632922778075,3991.334815250134,2.950417729335857,1268.6796236144185
sign_mt,520,12.817418591815317,9882.229734289609,7.403081852186211,5670.760698774638
sign_mt,521,9.299742487416347,6649.315878502689,4.064028428015509,2848.8839280388715
sign_mt,522,12.282707138793596,11005.305596359061,7.459720688188323,6721.208340057679
sign_mt,523,11.870205922292481,8688.990735118095,4.426557191417295,3381.8896942428137
sign_mt,524,14.183341289427007,5616.603150613095,5.160524322661323,2002.2834371925933
sign_mt,525,15.420911218240379,10362.852338657534,8.460576774267798,5651.665285210889
sign_mt,526,15.588787113929591,7654.09447293943,2.917012348091472,1408.9169641281808
sign_mt,527,24.959009644929452,18794.134262631876,3.7457947600260963,2798.108685739494
sign_mt,528,7.333118214721935,3930.5513630909572,4.553159268083745,2599.853942075819
sign_mt,529,15.277429144965865,7806.766293077557,7.668905738209422,3589.0478854820094
sign_mt,530,7.441888320864484,1719.0762021196958,2.7203907659342197,628.4102669308047
sign_mt,531,11.146238419183296,7869.244323943407,7.034564823682873,4825.7114690464505
sign_mt,532,14.653264049314982,10140.058722125968,3.6216726882566266,2524.305863714869
sign_mt,533,6.312793609222273,4703.031238870593,1.948258599660975,1437.8148465497995
sign_mt,534,23.055328947129603,4564.955131531661,5.118243049625717,1013.4121238258921
sign_mt,535,18.861204945301473,10826.331638603046,9.123482737685501,5063.532919415453
sign_mt,536,22.8636095626781,38296.546017485816,7.406615732855155,12161.663033348164
sign_mt,537,8.019375780854343,1627.9332835134317,2.462540210914955,504.8207432375658
sign_mt,538,8.110811852128263,4201.400539402441,3.558346141233508,1825.4315704527894
sign_mt,539,11.638215892841176,4375.969175708282,4.431442950992368,1661.7911066221382
sign_mt,540,12.727071451940368,6707.166655172574,7.546839046513585,3826.247396582388
sign_mt,541,11.351141658340469,12259.232991007706,4.199290742315921,4384.059534977821
sign_mt,542,10.307947076007592,4648.884131279424,2.9232590686761095,1300.8502855608688
sign_mt,543,10.840546764291766,7967.801871754447,4.819992897008667,3557.1547579923968
sign_mt,544,9.468924875934578,2111.570247333411,1.9780515392273021,492.53483326759823
sign_mt,545,9.671087119545161,4516.397684827591,7.215357388078787,3304.6336837400845
sign_mt,546,19.91414418845247,12247.19867589827,6.696465208504984,4171.897824898605
sign_mt,547,13.702010412929512,5549.314217236452,7.513613395053599,2652.3055284539205
sign_mt,548,9.625368571695029,4658.678388700394,6.833545416870465,3204.9328005122484
sign_mt,549,11.827373112833062,11519.861411899403,7.9773924498844035,7674.251536788796
sign_mt,550,9.614751490869374,7884.096222512887,5.707104124644703,4571.390403840407
sign_mt,551,7.771021525878433,11423.401643041298,4.7944960928040565,7158.182666556457
sign_mt,552,18.572531321199513,5163.1637072934645,6.507204584584485,1730.9164194994728
sign_mt,553,10.572351543885622,4662.407030853559,3.9387028101752284,1670.0099915142969
sign_mt,554,15.891872828002656,6801.721570385137,7.303525754639963,3235.4619093055035
sign_mt,555,19.72499441391246,8363.397631498883,5.678033203192367,2373.4178789344096
sign_mt,556,9.380135108623458,14642.390904561218,4.158887206824988,6554.406237956181
sign_mt,557,15.028330933593152,6717.663927316139,5.431473571807376,2460.4575280287413
sign_mt,558,9.889992719451904,5933.995631671142,4.1649602447108744,2228.253730920318
sign_mt,559,15.021786247070832,14285.718720964362,10.304157217350916,9799.253513700722
sign_mt,560,18.26514686429565,9424.815781976557,3.9419737917551942,2018.2905813786595
sign_mt,561,8.064990600463956,4758.344454273733,3.570498945105537,2324.3948132637047
sign_mt,562,11.445559215245158,6237.829772308611,6.013768347362939,3463.930568081053
sign_mt,563,14.040617946220365,7301.12133203459,6.567604752079551,3428.2896805855257
sign_mt,564,16.685239782764445,4872.090016567217,7.916692225492704,2240.423899814435
sign_mt,565,9.099340541905157,8890.055709441338,6.781698155121919,6693.5360791053345
sign_mt,566,7.8723612285678675,3951.9253367410693,3.899232426487763,1895.0269592730529
sign_mt,567,21.706059546337105,12893.399370524241,6.57865266158678,4085.34330284539
sign_mt,568,4.285949302073305,1761.525163152128,2.9002147256047666,1218.090184754002
sign_mt,569,11.256651683515443,7519.4433245883165,7.440150459259566,4865.858400355756
sign_mt,570,9.549344147219081,9033.67956326925,5.625128896280914,5456.375029392486
sign_mt,571,18.186011194563623,7547.1946457439035,7.277224639004312,3070.9887976598197
sign_mt,572,9.059897865078845,5662.4361656742785,4.286375322224552,2674.698201068121
sign_mt,573,32.84826049516289,28906.46923574334,6.313189860338793,5505.101558215427
sign_mt,574,19.44352249009486,8088.505355879462,3.9567752536431597,1594.5804272181933
sign_mt,575,15.431727924699901,7422.661131780653,5.260792287736692,2314.7486066041442
sign_mt,576,9.652971518103266,7519.664812602445,4.8131715892387215,3730.207981660009
sign_mt,577,11.3144427005486,12400.629199801266,5.111247293373038,5474.145851202524
sign_mt,578,16.956780707758853,10445.376915979454,5.978469667981372,3664.8019064725813
sign_mt,579,11.666135357222284,6113.054927184477,4.315658366487672,1851.4174392232114
sign_mt,580,9.396764294349142,2931.7904598369323,7.702924472065999,2326.283190563932
sign_mt,581,11.135255973355736,10678.71047844815,4.867561343820817,4541.434733784823
sign_mt,582,12.757199069600004,7080.245483628002,5.600096758237325,3063.252926755817
sign_mt,583,21.95370193564069,7442.3049561821945,4.623553699033946,1576.6318113705754
sign_mt,584,21.972855551127555,9052.816487064552,4.961393745396812,2148.28349175682
sign_mt,585,11.971436296843553,12306.636513155172,6.390071826088935,6415.632113393291
sign_mt,586,14.435000273675486,4561.460086481454,3.0105269070925074,909.1791259419373
sign_mt,587,10.328771193187807,2365.288603240008,6.096746360373208,1121.8013303086702
sign_mt,588,12.602147425121617,5393.719097952052,2.775392232948839,1229.4987591963356
sign_mt,589,8.338600287766994,6095.5168103576725,1.918918801214605,1364.3512676635842
sign_mt,590,12.022617059585981,6480.190595116844,7.720977579241727,3814.162924145413
sign_mt,591,15.566796229112185,8406.06996372058,6.568144569559334,3500.8210555751252
sign_mt,592,10.01849411857196,6091.244424091751,6.3004006875398035,3515.6235836472106
sign_mt,593,8.90195984388097,8910.86180372485,5.64785675359474,4975.761799916966
sign_mt,594,6.677915535400728,2557.6416500584787,2.8139929124405594,1108.7132075015804
sign_mt,595,12.398221417189271,7724.091942908916,6.574239573235468,4207.5133268706995
sign_mt,596,14.718822832810543,19796.81671013018,4.025575704198869,5494.9108362314555
sign_mt,597,9.475383824042783,4159.693498754782,3.2966857648179726,1219.7737329826498
sign_mt,598,9.235261456379048,2511.991116135101,1.9260688454758301,471.88686714157836
sign_mt,599,15.111377301495747,3022.2754602991495,4.602356304569012,823.8217785178532
sign_mt,600,10.32799915817084,4978.095594238345,5.683329602634748,2512.0316843645587
sign_mt,601,18.406100649145802,12957.894856998646,5.9520834378939895,4190.266740277369
sign_mt,602,12.158358737027523,3404.3404463677066,3.0227349854185395,870.5476758005394
sign_mt,603,12.160465112891952,7089.551160816008,3.8678799015739114,2231.7667032081467
sign_mt,604,4.6784128132365,1127.4974879899964,2.434435319540839,576.9611707311788
sign_mt,605,16.858197785094795,9255.150584017043,5.710985287263694,3146.752893282295
sign_mt,606,38.479367202663795,46867.8692528445,5.441433757479245,7117.395354782852
sign_mt,607,16.177072241523003,5920.808440397419,8.003971862840778,3057.517251605177
sign_mt,608,16.810015951503093,6673.576332746728,7.0668305521852535,2897.400526395954
sign_mt,609,11.823953212325119,6940.660535634845,4.593094348921126,2866.0908737267823
sign_mt,610,9.356941470822253,4538.116613348793,3.6397801405153487,1765.2933681499442
sign_mt,611,13.254414822127275,12750.747058886438,6.991215012091156,6494.838746232684
sign_mt,612,7.2041507070334765,5352.683975325873,1.6785940704482083,1138.0867797638853
sign_mt,613,12.637920351887919,6205.2188927769685,5.053989317343554,2668.5063595573965
sign_mt,614,9.122479835734197,10344.892133722578,3.0847881145090237,3288.384130066619
sign_mt,615,24.874238284288055,20496.372346253356,3.629571719600484,2950.8418080351935
sign_mt,616,8.049805711762648,2471.2903535111327,7.634380010627889,2343.754663262762
sign_mt,617,16.41206525678873,7024.363929905576,6.6734065810323555,2916.2786759111395
sign_mt,618,13.066175290572284,9930.293220834936,4.196719577746209,3017.441376399524
sign_mt,619,13.413322658132362,10247.778510813125,7.951119717671073,5462.419246040027
sign_mt,620,13.121713384194244,3779.0534546479425,4.98441237695347,1505.292537839948
sign_mt,621,10.696279096342266,7166.506994549319,4.432039913061428,3142.316298360552
sign_mt,622,12.480339867288937,7325.959502098606,3.4070900911787434,2003.3689736131012
sign_mt,623,12.64296966699317,8028.285738540663,7.84896528259127,4623.040551446258
sign_mt,624,16.35349584343814,11283.912131972316,5.554486203630109,3749.2781874503235
sign_mt,625,5.379669007714389,4228.41984006351,3.8629949325235566,2978.369092975662
sign_mt,626,19.924657161497002,6395.814948840538,8.037669894447264,2668.5064049564917
sign_mt,627,10.426006605564105,6130.491884071694,3.937878088391489,2311.534437885804
sign_mt,628,8.92803197606125,11222.536193908993,5.161214820465649,6472.163384863924
sign_mt,629,22.397381663909904,11221.088213618861,5.77182055801618,3174.501306908899
sign_mt,630,10.250328333917647,6601.211447042964,6.8743746396320695,4372.102270805996
sign_mt,631,8.461481675867416,6058.42087992107,4.7524472022277156,3388.4948551883613
sign_mt,632,11.426905818854841,4456.493269353388,4.954561463523889,1877.7787946755536
sign_mt,633,12.73042826647584,7931.056810014448,7.1027394395781736,4247.438184867748
sign_mt,634,9.104366280579251,3304.884959850268,4.41923318301943,1621.8585781681309
sign_mt,635,23.95180361259514,24095.51443427071,9.11840587152096,8771.906448403162
sign_mt,636,16.841382142974282,13102.59530723399,5.176273676008754,3628.5678468821366
sign_mt,637,22.771381662176648,22202.09712062223,3.762883091950779,3755.3573257668772
sign_mt,638,13.291706942847105,5449.599846567313,4.9455106923529355,1790.2748706317625
sign_mt,639,10.340008726248463,4011.9233857844038,3.081394970034073,1180.17427352305
sign_mt,640,9.466822299430941,6787.711588691985,8.156475977560145,5301.709385414094
sign_mt,641,5.917406428385094,3639.204953456833,3.002945974160881,1867.8323959280679
sign_mt,642,21.947628701550002,17009.412243701252,7.389329164052357,5305.538339789592
sign_mt,643,15.081159242002357,11280.707113017763,7.791098504023666,5827.741681009702
sign_mt,644,10.550130096316593,8376.803296475375,7.076319629595313,5427.537155899605
sign_mt,645,12.461154271108034,6068.582130029613,1.9407062105434172,1080.9733592726834
sign_mt,646,22.962430515438978,11159.741230503343,5.054440246670507,2522.1656830885827
sign_mt,647,9.154227813965619,4210.944794424185,4.10719769335071,2164.4931843958243
sign_mt,648,13.317006287628786,4274.75901832884,6.58944426276015,1917.5282804632036
sign_mt,649,8.663061797402655,3413.2463481766463,3.5497469462316324,1405.6997907077264
sign_mt,650,11.657150374093083,6108.346796024775,5.7052825010478685,3092.2631155679446
sign_mt,651,7.848305175630749,6412.065328490322,4.630050577396638,3736.4508159590864
sign_mt,652,6.597139480612103,1853.796194052001,2.6298266441041327,717.9426738404283
sign_mt,653,24.741214817832386,12246.901334827031,3.8119657606386945,1986.0341612927598
sign_mt,654,16.57768502598931,13427.924871051342,6.946222995673192,5661.171741473651
sign_mt,655,11.98728071937888,7024.546501556024,1.2991089591605525,745.6885425581571
sign_mt,656,11.602630652414891,6219.010029694382,5.798234403478403,2951.301311370507
sign_mt,657,17.76402637689758,3961.3778820481602,4.826591978036877,1037.7172752779286
sign_mt,658,11.117272700912995,2501.386357705424,4.0312325876129,842.527610811096
sign_mt,659,9.438698599827516,5068.581148107376,3.8351480809788856,1967.4309655421682
sign_mt,660,13.504818157086689,10074.59434518667,5.486469019066664,3741.771871003465
sign_mt,661,16.835710518759964,3939.5562613898314,2.7072271248974817,622.6622387264208
sign_mt,662,16.01385333123624,12795.068811657757,4.392007964630758,3763.9508256885592
sign_mt,663,22.62072465309,29339.07987505773,5.095117673664017,6516.655504616278
sign_mt,664,6.2338544664567,6364.765410252291,3.8422905522133552,4049.7742420328764
sign_mt,665,11.761278739238241,7233.186424631518,8.550290221715066,4283.695401079248
sign_mt,666,6.663469032538722,4411.216499540634,2.0242589044620676,1305.6469933780336
sign_mt,667,13.815800407556255,7460.532220080378,7.0001809229327465,3353.0866620847855
sign_mt,668,26.17183431547527,13295.291832261437,7.00084535546353,3528.426059153619
sign_mt,669,15.499425216907648,6602.755142402658,4.731696233507657,2067.751254042846
sign_mt,670,12.735801990338958,12239.105712715738,4.844215113788984,4645.602294123635
sign_mt,671,17.999760845320086,10097.865834224569,3.971831594146813,2240.1130190988024
sign_mt,672,13.138737711650752,6976.669724886549,2.4257011824834076,1263.7903160738554
sign_mt,673,10.47078899321653,3821.8379825240336,2.4134643227749257,921.9433713000216
sign_mt,674,16.374180478489336,5403.479557901481,7.570649479701769,2377.1839366263557
sign_mt,675,12.734509711857974,14568.279110365522,5.186923831576731,5664.1208240817905
sign_mt,676,10.09046993582037,8768.6183742279,6.466240204224055,5444.574251956655
sign_mt,677,14.650431091068956,4541.633638231377,6.507621032540044,1978.3167938921733
sign_mt,678,10.942484459448433,7397.119494587141,8.640450146474004,5806.38249843053
sign_mt,679,11.572534009007738,4258.692515314848,2.052365692693772,708.0661639793514
sign_mt,680,11.725555495774978,10635.078834667906,6.651664221023545,5906.677828268907
sign_mt,681,7.1874761481196074,5002.483399091247,2.155169577164026,1558.1876042895908
sign_mt,682,10.206872902170817,6062.882503889466,8.22717098191335,4697.714630672523
sign_mt,683,9.11691243896038,4439.936357773705,2.576811953990538,1102.8755163079502
sign_mt,684,13.092681913276495,7724.6823288331325,8.074357019333718,3964.5092964928554
sign_mt,685,14.155231804673983,15061.166640173118,5.239489889025719,5527.661832922133
sign_mt,686,26.05080172390103,18209.510405006822,6.185022785254275,4032.634855985787
sign_mt,687,14.188568735089152,2780.959472077474,1.9986831996128112,353.7669263314676
sign_mt,688,5.704855006352375,1836.9633120454646,2.32007266692129,686.7415094087019
sign_mt,689,10.372773782032327,3993.5179060824457,2.3037766459390903,889.2577853324889
sign_mt,690,23.150922213839145,6250.748997736569,7.529737077786631,1972.7911143800975
sign_mt,691,14.076608889610943,18524.817298728,1.847287747914338,2346.055439851209
sign_mt,692,5.686618521955671,3178.81975377322,1.949592515792291,1080.0742537489293
sign_mt,693,14.54852690053371,12628.12134966326,5.909448067748911,5312.593812906271
sign_mt,694,10.65499258214519,9195.2585983913,2.0703191568179706,1768.052559922547
sign_mt,695,14.036337794418866,2779.1948832949356,1.9277752765360985,381.6995047541475
sign_mt,696,11.320230593982455,6894.0204317353155,4.770032570326452,2876.329639906851
sign_mt,697,7.829220417566639,4744.507573045384,6.53230112974157,3867.1222688070093
sign_mt,698,15.146934722251961,9678.891287519004,6.066252592439144,3700.414081387878
sign_mt,699,19.623493806233114,7025.210782631455,5.052825969064397,1778.5947411106677
sign_mt,700,18.170276665429366,20169.007098626596,6.223651537569365,6740.214615187622
sign_mt,701,8.759239168483175,5527.079915312884,2.377803854743276,1455.2159591028849
sign_mt,702,13.40040797710652,9246.281504203498,6.383921023837522,4238.923559828115
sign_mt,703,11.470807647271629,13191.428794362373,4.065806581594702,4850.5072518424795
sign_mt,704,13.0504318873696,11862.842585618966,7.527199586937668,6593.826838157397
sign_mt,705,13.299668898242109,6822.730144798202,4.160280487204921,2292.3145484499114
sign_mt,706,10.6033142014426,2778.068320777961,6.547398068630937,1564.828138402794
sign_mt,707,11.506205383345902,8825.259529026307,5.394512297006572,4180.747030180093
sign_mt,708,8.66496181567791,5242.301898485135,4.471873861771028,2777.0336681598087
sign_mt,709,8.960506674095981,5116.449310908805,4.212061014630717,2434.5712664565544
sign_mt,710,20.971417917534012,7402.910524889506,3.437836728111436,1316.69146686668
sign_mt,711,8.497560308285419,4401.736239691847,4.8355208341311835,2345.227604553624
sign_mt,712,16.073149415400817,16683.92909318605,5.206634439366497,5451.3462580167225
sign_mt,713,17.035419964860157,14871.921629322918,6.441816717564318,5668.7987114566
sign_mt,714,13.97508295072114,6009.28566881009,7.5682389624250055,3178.6603642185023
sign_mt,715,22.41373457064879,20867.186885274023,3.686323145122883,3177.610551095925
sign_mt,716,9.325735961851198,3273.33332260977,5.049285211634523,1509.7362782787222
sign_mt,717,11.68380054124752,2675.590323945682,2.7586566863028716,598.6285009277232
sign_mt,718,11.829927254923918,5453.5964645199265,6.034031486968228,2775.654484005385
sign_mt,719,16.29069908546328,14808.245468686124,2.124711035889234,1941.9858868027598
sign_mt,720,19.68572398847916,10157.833578055248,5.000826055929235,2565.4237666916974
sign_mt,721,11.860197046109311,10567.435568083396,5.380907484335275,4837.435828417412
sign_mt,722,8.483082339567368,4954.120086307343,7.646340373177973,4465.462777935936
sign_mt,723,13.104729830643864,4127.989896652817,5.371154151009233,1783.2231781350656
sign_mt,724,6.2696085154087235,5285.279978489554,3.7115410437558785,2972.9443760484587
sign_mt,725,11.668192738263867,3733.8216762444376,7.1310596645984425,2224.890615354714
sign_mt,726,23.394012833971498,15440.048470421189,4.482001063044331,3101.544735626677
sign_mt,727,8.71811612018302,7610.915372919776,3.643581776793716,3319.3029986590755
sign_mt,728,13.303931225972184,10470.193874840108,6.918949341904203,5057.751968931972
sign_mt,729,11.211039378332728,5302.82162595138,3.6338383366658515,1740.6085632629429
sign_mt,730,8.143939186769437,4185.98474199949,6.054659184278848,2482.410265554328
sign_mt,731,5.914601304932779,1768.4657901749008,3.8679473575258148,990.1945235266086
sign_mt,732,7.227780895710123,2305.662105731529,2.427575671938726,691.859066502537
sign_mt,733,20.51595972614922,19182.42234394952,8.067500022896718,7543.112521408431
sign_mt,734,23.807000081348235,10403.659035549179,7.925847827054978,3677.59339175351
sign_mt,735,16.81245883887015,4102.239956684317,7.447880511442091,2010.9277380893645
sign_mt,736,17.19928972910749,3749.4451609454327,5.260101169132238,1272.9444829300014
sign_mt,737,8.844892502724907,1485.9419404577843,2.144421502000394,293.78574577405396
sign_mt,738,15.483845391461925,10420.627948453875,7.790517381491806,4425.013872687346
sign_mt,739,17.029191563302504,7424.7275215998925,3.7943553983270304,1840.2623681886098
sign_mt,740,21.12816658409947,13944.589945505651,6.216104617281569,4326.4088136279715
sign_mt,741,7.560582122247043,3273.7320589329697,2.4710809304420382,1126.8129042815694
sign_mt,742,16.419560707541777,8768.045417827308,3.643383272723832,1777.97103708923
sign_mt,743,7.023550332223668,4811.131977573213,3.2033211066648097,2203.884921385389
sign_mt,744,14.139510307588912,12485.18760160101,8.15123095689826,7018.209853889402
sign_mt,745,14.304385118439196,14762.12544222925,6.81477454283538,6903.36661189224
sign_mt,746,16.626849611472434,3225.6088246256522,3.525798074288122,666.375836040455
sign_mt,747,7.417239701727616,3945.9715213190916,1.8451510618651559,1020.3685372114312
sign_mt,748,13.880350302587145,7759.115819146214,7.835938043978257,4395.961242671802
sign_mt,749,17.28967445652602,9906.98346358941,7.2940485377992434,4164.901715083368
sign_mt,750,16.85308287985971,7567.03421305701,2.3563840020474323,1142.8462409930046
sign_mt,751,11.50489270904885,4486.908156529052,6.045505562415592,2230.7915525313533
sign_mt,752,3.9591731364758447,2086.48424292277,1.1198527829578901,583.4432999210608
sign_mt,753,5.6049790423769625,2309.2513654593085,3.5080849695190595,1364.645053142914
sign_mt,754,9.30941668483157,4319.569341761849,5.137502205335381,2383.801023275617
sign_mt,755,18.53745768352817,14626.054112303727,6.340023000608791,5002.278147480336
sign_mt,756,14.75413163323999,10873.795013697872,5.574940670202556,4253.67973136455
sign_mt,757,10.271306850327536,6101.156269094556,2.3176613809399083,1344.2436009451467
sign_mt,758,10.783739302612137,5532.058262240026,5.824647753243944,2929.797819881704
sign_mt,759,10.59137304661973,10167.71812475494,5.623727292572247,4999.4935630967275
sign_mt,760,11.171332838080112,10880.878184290028,4.050905891665337,3957.7350561570347
sign_mt,761,18.497633260003884,7824.498868981643,8.1591856668887,3231.0375240879252
sign_mt,762,9.114754735128079,8923.344885690389,3.5978729785983763,3292.0537754175143
sign_mt,763,24.937203484895438,6658.233330467082,4.635246825090863,1390.574047527259
sign_mt,764,20.106872370834406,15140.474895238309,3.8597271248925327,3164.9762424118767
sign_mt,765,13.036367793505,22044.497938816956,5.769418125942377,9640.697688449713
sign_mt,766,10.824267110174903,9124.857173877443,8.208170376931918,6919.487627753607
sign_mt,767,7.321709559467619,3909.7929047557086,4.461177039391784,2190.437926341366
sign_mt,768,15.053922943550635,24026.061017906814,6.636793682030675,10904.2520195764
sign_mt,769,24.415451909982753,32960.86007847672,8.820238840188381,11695.636702089794
sign_mt,770,7.810580089541815,5373.679101604768,3.8102524554500654,2629.074194260545
sign_mt,771,10.258818078440541,13777.592679345647,8.423827835199736,11043.638291946854
sign_mt,772,7.015367705692282,1248.7354516132261,2.760145518516119,494.0660478143853
sign_mt,773,9.399543125691917,2650.6711614451206,2.6929235673658685,815.9558409118581
sign_mt,774,21.121098351161145,4752.247129011257,5.657188310263557,1402.982700945362
sign_mt,775,17.805288456933216,11359.774035523393,6.6481221185157,4228.205667375985
sign_mt,776,14.095586093898424,9162.130961033976,5.958220573618752,3735.804299658958
sign_mt,777,9.940074193910428,8111.10054223091,6.454862199445539,5376.900212138134
sign_mt,778,8.935069073957424,5691.639000110878,4.561047857927438,3087.8293998168756
sign_mt,779,25.455475855940023,6262.047060561245,5.004149296143567,1226.016577555174
sign_mt,780,10.220902947998809,7369.271025507141,3.9872550192593184,2862.8491038281904
sign_mt,781,22.038657749872776,6435.288062962851,4.954402124565893,1555.6822671136904
sign_mt,782,8.520978219155465,2624.461291499883,3.535729544354046,961.7184360643006
sign_mt,783,8.079659321505908,2827.880762527068,5.451483193750181,1864.4072522625618
sign_mt,784,18.589062389220757,10075.27181495765,5.574349774716013,2920.959281951191
sign_mt,785,26.941238471791547,7166.369433496551,9.329941404487522,2612.383593256506
sign_mt,786,8.294600760048057,5258.776881870468,4.686886726795308,3018.3550520561785
sign_mt,787,14.634889499897458,7200.365633949549,5.222652928844484,2412.8656531261518
sign_mt,788,19.768861762666802,6227.191455240042,5.803834548300761,1892.0500627460483
sign_mt,789,19.21076202408021,12064.358551122372,3.852318187398476,2292.1293215020933
sign_mt,790,16.942983143420896,14062.676009039344,7.426433280648968,6988.273717090679
sign_mt,791,33.29913027314235,15583.992967830622,5.835358233810639,2812.642668696728
sign_mt,792,11.151765029928379,3167.1012684996595,4.152196963782824,1154.3107559316252
sign_mt,793,18.916982793907977,8758.563033579394,5.338986870621233,2306.4423281083727
sign_mt,794,9.774129207579056,5336.674547338165,5.577857248267549,3045.5100575540814
sign_mt,795,8.614780139484754,8063.43421055773,4.0530766696184575,3826.104376119824
sign_mt,796,16.044080624332505,2968.154915501513,3.0110189772586144,563.0605487473609
sign_mt,797,5.731837489941292,1713.8194094924463,2.672913859911312,694.9576035769411
sign_mt,798,7.426369747900136,2205.6318151263404,2.7085426039335467,742.1406734777918
sign_mt,799,7.889639133663916,6769.31037668364,4.544366693877163,3794.5461893874312
sign_mt,800,17.977452828872302,23586.41811148046,8.779561609499316,11439.768777177609
sign_mt,801,11.88169282903976,11608.413893971847,6.013762297963729,5670.977846979797
sign_mt,802,15.070472054456157,4732.1282250992335,4.487346657065064,1346.2039971195193
sign_mt,803,12.069690679239926,8521.201619543388,7.714447753070141,5569.831277716642
sign_mt,804,8.504077335667658,4685.74661195288,4.567921579908733,2521.4927121096202
sign_mt,805,15.865922535843422,11724.91675398829,5.413128258440103,3978.649269953475
sign_mt,806,15.202254133526626,4743.103289660307,3.8957238387025463,1246.6316283848148
sign_mt,807,17.237559005426924,21564.18631578908,4.788078108960567,6052.130729726157
sign_mt,808,9.169157016327116,4016.0907731512766,3.640200646561428,1430.5988540986411
sign_mt,809,12.916484434626238,5541.171822454656,3.8935181480069856,1685.8933580870248
sign_mt,810,14.762982513608458,7558.6470469675305,7.028237978773952,3640.6272730049072
sign_mt,811,17.4112475642901,24166.81161923466,8.291053952910712,11756.71450522739
sign_mt,812,15.9227520145859,6878.628870301109,8.478506406177138,3603.3652226252834
sign_mt,813,9.919074209403158,4503.259691069034,5.669016100677021,2426.338891089765
sign_mt,814,8.284757608705243,4987.424080440556,3.8093265801528475,2308.4519075726257
sign_mt,815,11.859032259556345,18832.143228175475,2.844545891607385,4659.366170452897
sign_mt,816,20.673608648513984,10357.477932905505,6.643984962837824,3308.7045114932366
sign_mt,817,7.661174670363798,3286.6439335860696,6.407026090550075,2684.5439319404813
sign_mt,818,17.831876346742312,5456.554162103148,3.6245678926718687,1221.4793798304197
sign_mt,819,11.669506287928003,6348.211420632834,5.289255111252227,2517.68543295606
sign_mt,820,13.326828303335557,5677.228857220947,7.759442844624635,3111.5365806944787
sign_mt,821,16.947783493070407,9321.280921188723,8.123847533524918,4289.391497701156
sign_mt,822,9.342625357264685,6773.403384016897,3.9200357789075855,2822.4257608134617
sign_mt,823,20.93868372542471,3852.7178054781466,5.556972856396515,1122.508516992096
sign_mt,824,9.269398073918099,5311.365096355071,6.54441904769699,3710.685600044193
sign_mt,825,15.157819628937693,4805.028822373249,4.493239687048746,1258.1071123736488
sign_mt,826,11.773182792105366,5969.003675597421,5.991473290109513,3055.651377955852
sign_mt,827,9.111555530329122,8428.188865554437,5.9936297510482675,5616.031076732226
sign_mt,828,9.919745660731387,7072.778656101479,5.4564618382267644,3977.7606800673116
sign_mt,829,18.5793482392971,19285.36347239039,6.471194945792296,6723.5715486781955
sign_mt,830,10.739436705706767,2792.2535434837596,2.101456404867086,487.5378859291639
sign_mt,831,19.29076880068183,11130.773597993415,6.063962692712471,3432.202884075258
sign_mt,832,12.998953824424252,4445.642207953094,7.718286086723453,2631.9355555726975
sign_mt,833,10.515129636499466,5636.1094851637135,5.687620728074061,3111.1285382565115
sign_mt,834,7.317782620271068,3395.4511358057753,4.672637311808058,1869.0549247232234
sign_mt,835,13.344002646057096,6912.1933706575755,3.9877524807545344,2189.2761119342395
sign_mt,836,9.484686577097742,16190.359987105847,5.541128989089579,9619.399925059508
sign_mt,837,7.445070501024407,1302.8873376792712,0.979939460583337,161.6900109962506
sign_mt,838,23.96620602720817,32450.24296083986,4.424801322216652,6531.006751591779
sign_mt,839,10.944213465104854,5351.720384436274,6.442427504743864,3201.8864698577004
sign_mt,840,17.468078859430264,7947.97588104077,6.8352194653736555,3212.553148725618
sign_mt,841,15.920171095176878,5619.820396597438,8.125155247275455,2965.681665255541
sign_mt,842,17.14499996826436,13373.099975246201,5.89652542104501,4670.048133467648
sign_mt,843,12.814315213710382,4126.209498814743,5.505208642964087,1838.7396867500051
sign_mt,844,28.75677627611184,9921.087815258585,5.6954808302423094,2038.9821372267468
sign_mt,845,17.31339625201426,6457.89680200132,5.8812964500084,2134.9106113530493
sign_mt,846,18.031720067002823,8835.542832831383,6.369900571368386,3267.758993111982
sign_mt,847,15.015169687005857,9744.845126866801,3.2923784585923186,2149.923133460784
sign_mt,848,24.294555460341225,10592.426180708775,8.160880569837234,3802.970345544151
sign_mt,849,15.22775978171592,9791.449539643336,7.617303406549685,4197.134177008877
sign_mt,850,11.403411344689166,6591.171757230338,6.005537425707389,3507.233856613115
sign_mt,851,23.49544317005949,7542.037257589097,6.771556245222647,2221.070448433028
sign_mt,852,11.365497038083147,6205.5613827933985,4.35131239726382,2327.952132536144
sign_mt,853,11.69583813004469,9263.103798995395,4.826685935261918,3629.6678233169623
sign_mt,854,15.696791790806563,7958.273437938928,6.549348282562297,3379.4637138021453
sign_mt,855,12.533945208708877,5690.41112475383,6.180758407858048,2843.148867614702
sign_mt,856,9.811746276194917,1511.0089265340173,4.92419264307192,738.628896460788
sign_mt,857,9.623454368628565,5928.047891075196,5.942325269843154,3470.3179575884024
sign_mt,858,5.308284934926263,2314.412231627851,2.848884704734666,1136.7049971891317
sign_mt,859,11.690486504002726,5880.314711513371,6.857213150112558,3792.0388720122446
sign_mt,860,14.874655454702706,6321.72856824865,8.289620943436372,3481.6407962432763
sign_mt,861,11.712452683758944,3712.847500751585,4.9191217025645155,1692.1778656821932
sign_mt,862,9.79360235892379,9196.192615029438,2.4596571081864105,2289.940767721548
sign_mt,863,12.74484825106961,7009.666538088286,5.907131026028975,3183.9436230296174
sign_mt,864,12.815059820661084,10059.82195921895,4.421621084106684,3422.3347190985737
sign_mt,865,29.601066088051226,21342.368649484935,7.776850367775158,5684.87761884364
sign_mt,866,12.908050677464953,12972.590930852277,6.110589255921935,6159.473969969311
sign_mt,867,21.06013129735733,21060.13129735733,7.87022739728293,8531.326498654696
sign_mt,868,14.044970346442561,3693.8272011143936,5.520602910765113,1402.2331393343388
sign_mt,869,9.893330957137156,3235.1192229838502,3.1484282392150873,957.1221847213866
sign_mt,870,6.250003730506004,3518.75210027488,4.176908169666087,2151.107707378035
sign_mt,871,12.156874664901967,10552.167209134906,5.188419355072818,4809.664742152502
sign_mt,872,9.470154072657506,6316.592766462556,5.732807189466679,2912.266052249073
sign_mt,873,24.982707459042008,11517.028138618365,7.131074067506189,3401.522330200452
sign_mt,874,20.585621742206477,6916.7689053813765,4.372203838730299,1464.6882859746504
sign_mt,875,8.574417994581635,7288.25529539439,5.567141780257309,4553.921976250479
sign_mt,876,9.992520597577998,5555.841452253367,3.8771542458780863,2144.0662979705817
sign_mt,877,23.111091734962905,21169.76002922602,6.043322194723907,5559.856419145995
sign_mt,878,12.122907499133671,3164.078857273888,2.3572328665963957,610.5233124484665
sign_mt,879,7.41282493408449,2097.829456345911,4.862940317734663,977.4510038646672
sign_mt,880,10.451916341703049,2372.585009566592,6.376093352273187,1696.0408317046677
sign_mt,881,11.65983589241685,7555.573658286119,3.416798839593084,2422.5103772714965
sign_mt,882,9.692879113902839,4797.975161381905,7.106568503161209,2998.97190833403
sign_mt,883,11.277704199083162,4150.195145262604,3.4957670837060437,1342.3745601431208
sign_mt,884,11.774915033859495,9690.755072866365,4.323675144981144,3450.2927656949532
sign_mt,885,9.430662693656815,7110.719671017238,4.169073074167603,3130.9738786998696
sign_mt,886,5.430412482863047,1325.0206458185835,1.6715631804825704,391.14578423292147
sign_mt,887,13.28033287878265,20438.432300446497,8.73071319202264,13235.76119910632
sign_mt,888,15.362405203639707,7128.1560144888235,7.342329589985143,3502.291214422913
sign_mt,889,5.448506832104283,1378.4722285223836,2.920001849727772,677.4404291368431
sign_mt,890,12.46391245004827,5172.523666770032,5.38939439906876,2231.2092812144665
sign_mt,891,15.33436713840761,4554.30704010706,7.451703999171039,2399.4486877330746
sign_mt,892,9.639115805383035,7730.570875917195,5.327489790648496,4293.956771262688
sign_mt,893,9.942216961032642,3678.6202755820773,6.609414186674401,2366.1702788294356
sign_mt,894,25.59696427662084,5836.107855069552,6.514213907038609,1628.5534767596523
sign_mt,895,8.227761128082777,1900.6128205871216,3.2334665015173343,779.2654268656776
sign_mt,896,11.863951608154968,2823.6204827408824,3.772875655356215,890.3986546640667
sign_mt,897,9.64020910570602,3306.591723257165,2.7117642874421755,843.3586933945165
sign_mt,898,10.831312215470431,6347.148958265673,3.816887883075604,2400.822478454555
sign_mt,899,18.68930768581232,19455.569300930627,5.622771982615632,5887.042265798566
sign_mt,900,24.851332659472238,5541.847183062309,5.075671831541731,1157.2531775915147
sign_mt,901,8.953269432423243,4351.288944157696,6.861036289793068,3258.9922376517075
sign_mt,902,21.675404613570407,21610.378399729696,5.269663708731372,5359.2479917798055
sign_mt,903,14.304521830226259,9541.116060760914,4.214011455772445,2810.7456410002205
sign_mt,904,10.14575173923421,6939.6941896362005,4.208475486197856,3114.2718597864136
sign_mt,905,11.763386401270868,4623.010855699451,4.8232295004129275,1895.5291936622805
sign_mt,906,13.882859621527826,6913.664091520857,6.273766634633964,3130.609550682348
sign_mt,907,17.656042962604072,9746.135715357448,7.705902085243268,4245.95204896904
sign_mt,908,25.946836547572484,25791.15552828705,5.661987910669023,5628.0159832050085
sign_mt,909,23.084777941546047,35758.32103145483,5.936965981873716,8816.39448308247
sign_mt,910,11.893208901447942,4222.089160014019,5.503094809172666,1942.592467637951
sign_mt,911,9.681041273134808,1539.2855624284343,1.2012167442573194,171.77399442879667
sign_mt,912,10.408312485540517,6359.478928665256,5.363352586784449,3336.0053089799276
sign_mt,913,10.474341278517658,4692.504892775911,4.87408878742693,2305.443996452938
sign_mt,914,17.09511143617131,6256.8107856387,5.556036728947088,2150.186214102523
sign_mt,915,23.280571524556883,6588.401741449598,4.696828938336176,1338.5962474258101
sign_mt,916,9.385695578331239,3904.4493605857956,5.89081333335514,2315.08964000857
sign_mt,917,12.512213002313617,7832.645339448324,6.6809530952586575,4182.27663763192
sign_mt,918,13.223024207460234,4350.374964254417,3.8974892556916276,1216.0166477757878
sign_mt,919,19.061374600792124,5680.289631036053,2.0770576359824617,643.8878671545631
sign_mt,920,15.16320791313489,9643.80023275379,4.339506568847856,3041.994104762347
sign_mt,921,9.663106346046735,5353.360915709892,1.5205678111644265,862.1619489302299
sign_mt,922,9.916900626698867,3024.6546911431547,5.372851402003117,1584.9911635909195
sign_mt,923,11.803818270602928,4650.704398617554,5.46038813941367,1659.9579943817557
sign_mt,924,13.137300041630482,13702.203943420593,7.602810196921476,7732.057970269141
sign_mt,925,20.619418345136236,7938.476062877451,5.696552494892063,2198.8692630283363
sign_mt,926,9.134951973476655,5142.977961067357,4.042755596996749,2215.4300671542182
sign_mt,927,10.105633065128726,2819.4716251709146,6.907719926453158,1713.1145417603832
sign_mt,928,14.118732376325744,9628.975480654157,4.55146559889782,2899.283586497911
sign_mt,929,9.327402799701993,12060.331820014677,5.632684839456391,7575.961109068846
sign_mt,930,22.257890161528497,12909.576293686529,6.131129746877866,3746.120275342376
sign_mt,931,17.557853354162845,15275.332418121676,8.66727578962953,7098.498871706585
sign_mt,932,8.708865569099183,6096.205898369428,3.9490856934185823,2839.392613567961
sign_mt,933,12.412957487851006,2991.5227545720927,3.3355525155035393,763.8415260503104
sign_mt,934,11.424614981635726,8157.175096887908,3.4906645738592768,2555.1664680649906
sign_mt,935,23.449715897373622,19486.71391071748,6.014314469417482,4745.294116370394
sign_mt,936,8.956247403546827,5042.367288196864,5.328977711905292,3037.5172957860163
sign_mt,937,16.458313412655126,13216.025670362065,4.622159574025217,3512.8412762591647
sign_mt,938,15.344543674756148,8531.566283164419,13.026795574688848,7242.898339526999
sign_mt,939,9.649258775292044,5654.465642321137,5.481238829587656,3014.681356273211
sign_mt,940,6.332875885481623,8213.740023469665,3.013335149287191,3863.095661386179
sign_mt,941,9.158313107810411,5339.2965418534695,5.6590888994915565,2971.021672233067
sign_mt,942,31.954061635471174,22016.348466839638,6.645749537271429,4578.921431180014
sign_mt,943,12.34865711127514,3334.137420044288,3.302501397627127,749.6678172613579
sign_mt,944,11.832930158183613,4674.007412482527,4.396300641272618,1604.6497340645055
sign_mt,945,17.727258661026532,21751.346377079557,5.055244674270036,6298.8348641404655
sign_mt,946,10.688192158381549,8123.026040369978,4.373183863193901,3306.127000574589
sign_mt,947,10.409734699896939,5079.950533549706,4.403647606226333,2047.6961368952445
sign_mt,948,10.054389058258993,12567.986322823741,6.003380076822416,7402.167634722039
sign_mt,949,11.162693497463133,8539.460525559296,7.221445629732948,5062.2333864427965
sign_mt,950,9.663551591028966,4677.15897005802,3.928589449320618,1944.651777413706
sign_mt,951,9.295297313105419,8198.452230158979,3.7595551368392552,3075.3161019345107
sign_mt,952,12.086385474553879,5765.2058713622,2.8506724874819147,1362.6214490163552
sign_mt,953,11.710726261175479,4239.2829065455235,5.436269896103006,1897.258193739949
sign_mt,954,10.10142230905919,11798.461256981134,5.994946229694694,6918.167949067677
sign_mt,955,17.55084267871811,9091.336507575981,6.3164790393584385,3278.2526214270297
sign_mt,956,11.657816699201605,5467.516031925553,2.0412337148272983,1132.8847117291505
sign_mt,957,18.534729534960995,7506.565461659204,6.933824959803575,2849.8020584792694
sign_mt,958,15.356627158291818,4207.715841371958,4.105978476146371,1149.6739733209838
sign_mt,959,7.1040095243448285,1776.0023810862072,2.280871372794797,561.0943577075201
sign_mt,960,14.497229031206272,7103.642225291073,2.6185667257864464,1272.623428732213
sign_mt,961,13.923901384637654,5722.723469086076,6.584815818709574,2614.171880027701
sign_mt,962,11.90033461676338,5248.047565992651,2.6002529088742086,1125.9095095425323
sign_mt,963,11.916903859164925,7150.142315498955,3.444084778612618,1994.1250868167058
sign_mt,964,26.51915495438951,18112.582833848035,7.207640554880536,5203.916480623747
sign_mt,965,22.061312879781806,20605.266229716206,5.276597895560889,5361.023461889863
sign_mt,966,28.23800821203872,10532.777063090443,8.900521734233454,3168.5857373871095
sign_mt,967,11.177858570553376,6852.02730374922,6.2850144000331145,3796.1486976200013
sign_mt,968,7.6764508131212,4859.193364705719,4.961752555220525,3319.412459442531
sign_mt,969,10.829845783500803,2739.950983225703,1.731313341740568,424.17176872643915
sign_mt,970,7.692226001634119,2546.1268065408935,3.042008287160356,924.7705192967483
sign_mt,971,13.41488679169392,8317.229810850231,3.8991356042300294,2429.1614814353084
sign_mt,972,7.966883592589495,4142.7794681465375,4.457623706887729,2197.60848749565
sign_mt,973,15.43982504152588,7812.551471012095,6.092508155261888,3040.1615694756824
sign_mt,974,12.1010486632147,3037.3632144668895,5.754173182302796,1145.0804632782563
sign_mt,975,7.02456500520492,2599.0890519258205,3.7651651803371626,1374.2852908230643
sign_mt,976,11.55530428426513,20938.211363088416,4.170359050616504,7344.002288135664
sign_mt,977,20.88133685190537,14303.71574355518,5.270520700977586,3726.258135591153
sign_mt,978,10.609806030486709,11299.443422468345,5.341273151351259,5410.709702318825
sign_mt,979,18.47673262163342,5598.4499843549265,8.835393837055868,2677.1243326279277
sign_mt,980,8.88193534812247,5133.758631214788,2.7371515421301518,1464.3760750396311
sign_mt,981,12.87370522453981,6784.4426533324795,7.919455855666217,4165.63378008043
sign_mt,982,16.884452242991895,21071.796399253883,5.3800676679972455,6735.844720332551
sign_mt,983,7.3276561451930755,4609.095715326444,5.047119196176684,3204.9206895721945
sign_mt,984,22.874271627018924,9858.811071245156,7.423896768566219,2991.830397732186
sign_mt,985,20.252845862049053,5670.796841373735,3.4595389729986943,1117.4310882785783
sign_mt,986,13.18909797182318,12265.861113795558,9.046727271355065,8377.26945327479
sign_mt,987,10.806631632290918,6148.973398773533,3.2363753666515858,1799.4247038582816
sign_mt,988,12.470984205035988,9939.374411413683,5.559192593777225,4458.472460209335
sign_mt,989,8.724529682908615,3960.9364760405115,4.082653937016505,1820.8636559093611
sign_mt,990,14.154040399337255,2958.194443461486,3.8849423598624515,792.5282414119401
sign_mt,991,8.10966420460342,5246.952740378413,5.948183854507884,3783.0449314670145
sign_mt,992,11.85471367350886,4149.149785728101,6.127983234617486,2224.4579141661475
sign_mt,993,25.785063961318873,15522.60850471396,6.870524769144839,4053.609613795455
sign_mt,994,14.463233782358902,7737.830073562012,5.806948335349141,3321.5744478197084
sign_mt,995,8.605140399875333,3751.8412143456453,3.204866631476788,1336.4293853258207
sign_mt,996,19.5583697040182,7353.947008710844,7.844419610921522,2439.6144989965933
sign_mt,997,11.730152942476025,8797.614706857019,6.03133273493519,4360.653567358142
sign_mt,998,14.269021169497366,7862.230664393049,4.66633278462759,2636.4780233145884
sign_mt,999,9.759531863905641,4616.258571627368,5.654393867269705,2499.2420893332096
