sentence_id,sign_mt_v2,sockeye,sign_mt_v2_path_norm,sockeye_path_norm,sign_mt_v2_ref_norm,sockeye_ref_norm
0,1.3709315779295088,1.5060916683106629,0.0021691955346985897,0.004278669512246202,0.007066657618193344,0.007763359115003417
1,0.8830009604069586,0.9158244585757291,0.00490556089114977,0.005870669606254674,0.007420176137873602,0.007696003853577556
2,2.0774896846727664,2.4484525737370038,0.013403159255953331,0.018136685731385212,0.0155036543632296,0.0182720341323657
3,1.6539414172300895,1.6063531752433924,0.004518965620847239,0.005905710203100707,0.006537317854664385,0.006349222036535148
4,1.1693767747953565,1.133613382345327,0.0026456488117542003,0.004865293486460631,0.006220089227634875,0.0060298584167304626
5,0.7219036639883337,0.6625702958042993,0.00260615041151023,0.004766692775570499,0.007598985936719303,0.006974424166361045
6,0.8283388255902899,0.9317337377035022,0.003907258611274953,0.00660804069293264,0.010757647085588181,0.012100438151993536
7,0.7449215115841333,0.8175837099819347,0.0029443538007278,0.004067580646676293,0.0059120754887629625,0.0064887596030312284
8,0.8270316173293611,0.746625975053244,0.0024396212900571123,0.0043919175003132,0.008526099147725372,0.007697175000548908
9,1.2162271819770842,0.8846911523167991,0.006020926643450912,0.004058216295031189,0.008564980154768198,0.0062302193825126695
10,1.0130899606426556,0.9334731924934527,0.005388776386397104,0.0050732238722470254,0.009468130473295847,0.008724048527976194
11,1.2847389085490035,1.5196657764702493,0.0072996528894829745,0.01019909917094127,0.011679444623172759,0.013815143422456811
12,1.4072896561785302,1.3577510077624109,0.006282543107939867,0.006256917086462723,0.007950789017957798,0.0076709096483752025
13,1.6655002826462126,1.446625168466116,0.004513550901480251,0.003528354069429551,0.007087235245303032,0.006155851780706876
14,1.0948382890163502,1.2912788035891503,0.0060155949945953305,0.010009913206117443,0.010044387972627066,0.011846594528340828
15,1.5844368714036345,1.411282286166817,0.004305534976640311,0.005690654379704907,0.011736569417804701,0.010453942860494942
16,1.5197042065845159,1.0003322806110515,0.007449530424433901,0.004274924276115605,0.009557888091726516,0.006291397991264475
17,0.8374253664412556,1.2647405110285548,0.0024414733715488503,0.005291801301374706,0.00654238567532231,0.009880785242410584
18,1.2404539053233514,1.1659994189608902,0.006202269526616757,0.008701488201200673,0.009326721092656778,0.00876691292451797
19,1.1208030706433227,0.9110885960578592,0.005494132699231974,0.006507775686127566,0.011554670831374462,0.009392665938740816
20,1.0883283578911351,1.2685567052924704,0.005668376864016329,0.009988635474743861,0.008569514629064056,0.009988635474743861
21,1.0923493048350275,1.1786030480378042,0.002619542697446109,0.004164675081405668,0.007380738546182618,0.007963534108363542
22,0.6939606157070458,0.8997733919488237,0.0063666111532756494,0.007690370871357467,0.008674507696338072,0.011247167399360295
23,1.2680738765009618,0.943867912163524,0.00505208715737435,0.004890507316909451,0.008568066733114606,0.006377485892996784
24,1.1992753914780765,1.020733522060121,0.004093090073304015,0.003189792256437878,0.006181831914835446,0.005261513000309902
25,0.7843873476226507,0.8267502835738902,0.004587060512413162,0.00599094408386877,0.009015946524398284,0.009502876822688393
26,1.3555053748731185,1.4027244149173401,0.0038839695555103683,0.004675748049724467,0.008419288042690177,0.008712574005697764
27,1.5929425350276134,1.083968929966786,0.0043642261233633245,0.0035079900646174307,0.00899967533913906,0.006124118248399921
28,0.7458505446335093,0.7230447048395017,0.0029715161140777264,0.004547450973833344,0.007689180872510405,0.007454069122056719
29,1.130277347074753,0.9059143469757458,0.004850975738518253,0.00532890792338674,0.010275248609770481,0.00823558497250678
30,1.1840240732968033,0.9372267886034141,0.008457314809262881,0.005645944509659121,0.008706059362476495,0.006891373445613339
31,2.0064230209400833,1.159410111790601,0.004508815777393446,0.0031851926148093435,0.010615994819788801,0.006134445035929106
32,0.9944580353578836,0.9033686983846104,0.003616211037665031,0.004656539682394899,0.010358937868311288,0.009410090608173025
33,1.4721446656704762,1.3986062227225549,0.008976491863844367,0.007361085382750289,0.00968516227414787,0.009201356728437861
34,0.7684391530310999,0.974638907745067,0.00489451689828726,0.006454562302947464,0.006403659608592499,0.008121990897875558
35,1.3385425094702235,0.9221530445090236,0.005463438814164177,0.004957812067252815,0.010140473556592602,0.006986007912947148
36,1.2366090594212569,1.1330350772714026,0.006908430499560094,0.0064744861558365865,0.010479737791705567,0.009601992180266123
37,1.2652738383004931,1.118387503946957,0.003966375668653583,0.005177719925680357,0.007313721608673371,0.0064646676528725844
38,1.1667413193168035,1.4967695100906704,0.010058114821696582,0.01084615587022225,0.010606739266516394,0.013606995546278821
39,1.0968167512014628,0.8856605668125557,0.008124568527418243,0.006560448643055968,0.01075310540393591,0.008682946733456428
40,1.1979490282395753,1.3949938336540615,0.0034325187055575224,0.007227947324632443,0.006964819931625438,0.00811042926543059
41,1.3343250448879567,1.3956455274909292,0.0026370060175651315,0.004216451744685587,0.00580141323864329,0.006068024032569257
42,0.7323581874726783,0.9794033573489326,0.003736521364656522,0.007308980278723377,0.006481045906837861,0.008667286348220643
43,0.7720703605507897,0.8797201398772071,0.004042253196600993,0.004970170281792131,0.006832481066821148,0.007785133981214222
44,1.237439375358352,1.1739483344383739,0.00324787237626864,0.0035791107757267497,0.006065879290972314,0.0057546486982273225
45,0.9208619014071999,0.7728636731384254,0.00393530727097094,0.005293586802317982,0.011510773767589999,0.009660795914230318
46,1.7487821334853737,1.3097140001292604,0.004286230719326896,0.005018061303177243,0.008288066983343003,0.0062071753560628455
47,0.6405886114445253,0.6977652358729349,0.0028095991730023038,0.0055378193323248805,0.006604006303551807,0.007193456039927164
48,0.829086025909535,0.8607042379135235,0.003636342218901469,0.004677740423443062,0.007537145690086682,0.007824583981032031
49,1.4162869601153416,1.2612752790198243,0.004412108910016641,0.0037876134505099826,0.007614446022125493,0.006781049887203357
50,1.0272145851087102,1.2192323335364714,0.0027539265016319307,0.006317265976872909,0.008351338090314717,0.009912457996231475
51,1.0653569263174911,1.1899817810031175,0.003699155994157955,0.006133926706201637,0.007502513565616134,0.008380153387345898
52,0.7661655172844096,1.3367604287081076,0.0032464640562898713,0.009757375392029984,0.006280045223642702,0.01095705269432875
53,1.296266095156009,1.5021381412675798,0.0034292753840106057,0.0056899172017711355,0.006481330475780045,0.007510690706337899
54,1.3814309006306478,1.1925426643959913,0.0032051761035513868,0.00430520817471477,0.007760847756351954,0.00669967788986512
55,1.4357672429401158,1.2873575410452518,0.002894692022056685,0.004989757911028108,0.008157768425796113,0.007314531483211658
56,0.8245349552503622,0.8521526139231483,0.0019725716632783786,0.003945150990384946,0.006153245934704196,0.006359347865098122
57,0.959898773844351,0.9617388473274813,0.0027504262860869656,0.0030726480745286943,0.004799493869221755,0.004808694236637406
58,1.9991682741932375,2.1675330040983143,0.004164933904569245,0.006246492807199753,0.006893683704114612,0.00747425173827005
59,1.183637730238964,1.0291101931323339,0.0030664189902563834,0.006639420600853767,0.009035402520908122,0.007855803001010183
60,1.5017090641121051,1.1010104320137946,0.006055278484323004,0.004475652162657702,0.008581194652069172,0.006291488182935969
61,0.8926339268699023,0.8819457597409889,0.00423049254440712,0.0049270712834692115,0.006813999441754979,0.006732410379702205
62,1.05912046514673,1.082507060809386,0.005376246015973249,0.004854291752508458,0.006745990223864523,0.006894949431906917
63,1.202109851519767,1.4993203846568097,0.00382837532331136,0.009929274070574898,0.00939148321499818,0.011713440505131326
64,1.0813763149963584,0.8146013222650199,0.003003823097212107,0.0035728128169518415,0.010298822047584366,0.007758107831095428
65,1.824100900691252,2.293889744939226,0.004222455788637157,0.006216503373819041,0.006935744869548487,0.008722014239312646
66,0.7050261024302465,1.1913315323112854,0.0028201044097209862,0.009455012161200678,0.0074213273940025954,0.012540331919066162
67,0.6815189121445111,1.0037132846952808,0.003703907131220169,0.00597448383747191,0.006369335627518795,0.009380497987806363
68,0.9097496457863727,1.0418604553913913,0.007107419107706037,0.01021431819011168,0.010338064156663327,0.011839323356720355
69,1.0637925167932303,1.6536779391017613,0.0020071556920626984,0.00674970587388474,0.008310879037447112,0.01291935889923251
70,0.6801528211496204,1.0389422408347257,0.004024572906210772,0.007265330355487593,0.005813271975637781,0.008879848212262613
71,0.9105008422353984,1.1905396743606487,0.004028764788652205,0.004475713061506198,0.005030391393565737,0.006577567261661042
72,0.8849945985880252,1.268606821921962,0.0037499771126611237,0.008401369681602397,0.0074999542253222475,0.0107509052705251
73,1.933483521353089,1.6335560217530145,0.0055719986206140895,0.0047212601784769204,0.009251117327048272,0.007816057520349352
74,1.672494697931317,1.1799856588310669,0.0035737066195113613,0.0031720044592232982,0.006854486466931628,0.004836006798487979
75,1.6045021860619453,1.6382890636418193,0.005077538563487169,0.00844478898784443,0.010418845364038606,0.010638240672998827
76,1.087340697297047,1.347368653011038,0.005153273446905436,0.007362670235032995,0.008912628666369238,0.011044005352549492
77,1.019312316005998,0.9533828667254314,0.006887245378418906,0.00662071435225994,0.009616153924584887,0.008994177987975768
78,1.3037142044059191,0.9612789465302983,0.0037679601283408066,0.0038145989941678507,0.007806671882670174,0.005756161356468852
79,1.2934956760220528,0.8050359945483372,0.004808534111606144,0.004969357991039119,0.01175905160020048,0.00731850904134852
80,0.9302430811612389,1.0544873165984079,0.004974561931343524,0.007988540277260666,0.0100026137759273,0.011338573296757075
81,1.043274189498496,1.0003987722045449,0.004346975789577067,0.006063022861845726,0.008841306690665221,0.008477955696648685
82,1.2274925747401793,1.264080170328936,0.0035171707012612587,0.005643215046111321,0.00883088183266316,0.009094101944812489
83,0.8268674514224864,0.6884360049661444,0.002793471119670562,0.004223533772798432,0.007382745101986486,0.006146750044340575
84,1.4100718041223337,1.1438987441111679,0.003624863249671809,0.0039996459584306565,0.010930789179242896,0.008867432124892775
85,1.2035756739937231,0.9464096138474554,0.005165560832591086,0.0037856384553898214,0.0069975329883356,0.005502381475857299
86,0.8647769715900739,0.9122771928916867,0.004699874845598228,0.004630848694881658,0.005473271972089076,0.005773906284124599
87,1.357110943399753,1.267995346992869,0.007710857632953142,0.008342074651268875,0.01140429364201473,0.01065542308397369
88,0.8013196701818593,0.9968917910894713,0.004686079942583973,0.0069712712663599396,0.006514794066519182,0.0081048113096705
89,0.6263830392397541,0.7614769047007747,0.003314195974813514,0.00514511422095118,0.006327101406462163,0.007691685906068431
90,1.5029012737274412,1.2591660796399398,0.006011605094909765,0.004356976054117438,0.007910006703828638,0.006627189892841788
91,1.2908093763270823,1.1509085198727904,0.005311972742086758,0.006975203150744185,0.008381879067058976,0.007473431947225911
92,1.200700153775675,1.16778561741571,0.006597253592174038,0.008586658951586102,0.008894075213153147,0.008650263832708963
93,0.9934304440013315,1.0172960025583422,0.0035606825949868514,0.0048674449883174264,0.005984520746995973,0.006128289172038206
94,1.381217861135288,1.780378596095137,0.0031534654363819365,0.0072373113662403945,0.008270765635540647,0.01066094967721639
95,0.9323550150015413,1.0668306845375848,0.0038055306734756785,0.00547092658737223,0.005516893579890777,0.006312607600814111
96,1.1773609626918744,1.0673299121651778,0.006037748526624997,0.007115532747767852,0.009494846473321567,0.00860749929165466
97,0.952818181427127,0.9967377197977656,0.0035420750238926656,0.003747134284954006,0.0059925671787869625,0.006268790690551985
98,1.058473098690326,0.9990091266729975,0.0075069014091512475,0.007400067604985167,0.00980067683972524,0.009250084506231458
99,0.9661213957345517,0.9028134657290039,0.007547823404176185,0.007716354407940204,0.009960014389015996,0.009307355316793855
100,1.3423864592230481,1.418536653439755,0.005939763093907292,0.0073499308468381085,0.008286336168043506,0.00875639909530713
101,1.4178891847120338,1.1309917589208704,0.0027214763622111973,0.003306993447137048,0.007346576086590849,0.005860060927051142
102,1.1016792818129437,1.3840828637688471,0.005196600385910112,0.007401512640475118,0.006596881927023615,0.008287921339933217
103,1.028070730839529,0.9352521639543886,0.005299333664121283,0.0064948066941276986,0.009791149817519324,0.008907163466232272
104,1.5851991601607236,1.806511264664751,0.0046761037172882705,0.0070292267107577855,0.008568644108976885,0.0097649257549446
105,1.4244622354110903,1.4650791675076102,0.003652467270284847,0.004453128168716141,0.0059851354429037405,0.006155794821460547
106,1.258115970825434,1.0640458595436972,0.0038124726388649513,0.004015267394504518,0.006586994611651486,0.0055709207305952736
107,1.6372943081772195,1.5362343972288144,0.0031547096496670896,0.004815781809494716,0.009302808569188747,0.008728604529709173
108,1.4982383916095618,1.4521540048572585,0.009248385133392358,0.007563302108631555,0.00979240778829779,0.009491202646125872
109,1.3448177115920363,1.0878181030308915,0.005650494586521161,0.0044951161282268245,0.007269284927524521,0.005880097854221035
110,1.1000732244687337,0.9100485296740887,0.003630604701216943,0.003582868227063341,0.005314363403230597,0.004396369708570476
111,1.0041805351443223,0.7404333918250974,0.003438974435425761,0.0055256223270529654,0.010352376650972394,0.00763333393634121
112,0.8844303448693029,0.8568001792687561,0.00539286795652014,0.006909678865070613,0.013200452908497059,0.012788062377145613
113,1.1518555679261757,1.0463144841871803,0.004625925975607131,0.005421318570918033,0.007998996999487331,0.007266072806855419
114,1.1142978577901288,1.5134327795455162,0.004081677134762376,0.007276119132430366,0.008193366601398007,0.011128182202540561
115,0.6376576908690924,0.7622655203294987,0.002500618395565068,0.005293510557843741,0.006376576908690924,0.007622655203294987
116,0.5452709784531774,0.5528439826575104,0.005398722558942351,0.005699422501623819,0.007902477948596774,0.008012231632717543
117,1.4378852621051585,1.2503295248843347,0.00362187723452181,0.0040994410651945395,0.006041534714727557,0.005253485398673675
118,0.9282254982611834,0.7542764565586844,0.004297340269727701,0.004516625488375356,0.0077352124855098615,0.006285637137989036
119,1.524637104356595,1.11742782275424,0.004855532179479601,0.0049663458789077335,0.0101642473623773,0.0074495188183616
120,1.7162720280539525,1.5287872306887151,0.005590462632097565,0.007211260522116581,0.010401648654872439,0.009265377155689182
121,1.4873866868385082,1.3444326901147865,0.005925843373858599,0.00795522301843069,0.010856837130208088,0.009813377300107931
122,0.7780124087980235,0.8770088289154515,0.003704820994276302,0.00534761481046007,0.00818960430313709,0.009231671883320542
123,2.5220364260598696,2.0437956308562764,0.003602909180085528,0.0037778107779228767,0.005542937200131582,0.004491858529354453
124,1.0294200396793003,0.9701212523796808,0.0037846324988209568,0.0035797832191132133,0.006728235553459479,0.006340661780259352
125,0.9170155243485085,0.9940472804060952,0.004451531671594702,0.0071003377171863944,0.007395286486681521,0.008016510325855607
126,0.6273910803564702,0.8229921955265886,0.0038968390084252805,0.005836824081748856,0.006467949282025466,0.00848445562398545
127,1.0167932989696977,0.8880878181528103,0.004018945845730031,0.004989257405352867,0.006870224993038498,0.006000593365897367
128,1.632621266681868,1.3936928448058152,0.004560394599670023,0.009416843545985237,0.013273343631559903,0.011330836136632645
129,0.8265932995214273,0.9704444779936223,0.002931181913196551,0.005811044778404924,0.008888099994854057,0.010434886860146476
130,1.0614248039994567,0.951620270753019,0.0035499157324396543,0.002866326116725961,0.005177681970729057,0.004642050101234239
131,0.8016106220379828,0.7114522980072993,0.001720194467892667,0.0034704990146697525,0.007634386876552217,0.006775736171498088
132,1.6246293549804391,1.7919178787300052,0.006854976181352064,0.009738684123532636,0.008877756038144476,0.009791900976666695
133,1.068302116463761,1.2546522085893412,0.0036965471157915605,0.008042642362752187,0.008093197851998189,0.009504940974161677
134,1.1301083036358754,1.1230146138830446,0.003498787317758128,0.005151443182949746,0.005678936199175253,0.005643289517000224
135,1.2296290255905646,1.0368726129266843,0.003806901008020324,0.004320302553861185,0.008422116613634005,0.007101867211826605
136,0.7869536244158578,0.7330958847290375,0.006245663685840141,0.006058643675446591,0.007949026509251089,0.007405008936656945
137,2.425337043855335,2.2558764413755843,0.004524882544506222,0.00540977563879037,0.007009644635420044,0.00651987410802192
138,1.5067532091730809,1.3201178659703583,0.003923836482221565,0.006471166009658619,0.010045021394487206,0.008800785773135722
139,1.1143931814155732,1.2748744408307355,0.004548543597614584,0.005567137296204085,0.005927623305401985,0.006781247025695402
140,1.2862809498837817,1.2019790151667968,0.00952800703617616,0.00903743620426163,0.011283166227050717,0.010543675571638569
141,1.4443127530026636,1.343756709005936,0.007979628469627976,0.00734293283609801,0.010243352858174919,0.009530189425574013
142,2.294194893602245,2.375684400047272,0.005249873898403307,0.005808519315519002,0.00775065842433191,0.008025960810970513
143,1.6823436826029166,1.2536739389987617,0.008716806645610966,0.005913556316031895,0.013458749460823332,0.010029391511990093
144,1.1564729910916296,1.193340315895437,0.004205356331242289,0.005602536694344774,0.0071830620564697495,0.0074120516515244535
145,1.1571263121478887,1.0756045002417092,0.005873737625116187,0.005049786386111311,0.007513807221739537,0.006984444806764346
146,1.3200792781821584,1.1872722201369794,0.008049263891354625,0.007811001448269602,0.010909746100678996,0.009812167108570078
147,0.9457106411789497,0.9932627301485816,0.004776316369590655,0.003638325018859273,0.005530471585841811,0.0058085539774770855
148,0.7510094061453735,0.9797419525802846,0.00320944190660416,0.005076383173991112,0.006953790797642347,0.009071684746113747
149,0.8953296864972371,1.0656303470029074,0.004762391949453389,0.00546477101027132,0.006217567267341924,0.007400210743075746
150,1.2708110454162473,1.3455001622084979,0.003443932372401754,0.004004464768477672,0.005994391723661544,0.006346698878341971
151,1.7847674360954098,1.619411253720355,0.0040379353757814705,0.004574608061356935,0.006864490138828499,0.006228504822001366
152,0.7275866445230499,1.0021580221428994,0.00420570314753208,0.006507519624304542,0.0068640249483306595,0.009454320963612258
153,0.7009066601564558,0.6988184966813927,0.0026251185773650027,0.004340487557027284,0.008245960707723009,0.008221394078604621
154,1.0145127914454115,1.1235194096171495,0.003547247522536404,0.005732241885801783,0.00975493068697511,0.010803071246318744
155,1.8434471546563516,2.1333871300304823,0.004358031098478372,0.00730612030832357,0.008266579168862562,0.009566758430629966
156,1.567826668691181,1.222956820708113,0.004492340024903098,0.005635745717548908,0.00847473874968206,0.006610577409233043
157,1.7347822383086005,1.8563391666854077,0.004062721869575177,0.006271416103666918,0.007710143281371557,0.00825039629637959
158,1.1332458019803535,1.0158481359832905,0.00264159860601481,0.0039373958759042265,0.008332689720443777,0.00746947158811243
159,0.8768360742968625,0.8886013829500404,0.0035935904684297644,0.0046768493839475815,0.007246579126420351,0.007343813082231739
160,0.7780967867004656,0.7451095328563999,0.0019501172599009162,0.003670490309637438,0.006031758036437717,0.005776042890359689
161,0.887176762728765,0.8940742763190942,0.0036509331799537653,0.005138357909879852,0.006475742793640621,0.006526089608168571
162,1.298339788756487,1.3387643962632645,0.002644276555512193,0.004553620395453281,0.006124244286587203,0.006314926397468229
163,1.2065203731878849,0.901829007935213,0.00513412924760802,0.006487978474354051,0.010491481505981608,0.007841991373349679
164,0.9143747125657178,0.9271363945615851,0.004272779030680924,0.004176290065592726,0.007199800886344234,0.007300286571351064
165,1.0118010867801075,1.264908807363447,0.007723672418168759,0.008663758954544156,0.008293451530984488,0.01036810497838891
166,1.03069391360008,1.0427151707253892,0.0030766982495524773,0.004965310336787568,0.007808287224243029,0.007899357353980221
167,1.4002706221594867,1.3533695359445825,0.0051291964181666184,0.004799182751576534,0.006279240458114291,0.006068921685850146
168,1.1061623527470532,0.9845074041268138,0.004647740977928795,0.004849790168112383,0.007325578495013597,0.006519916583621284
169,0.6363721053566436,0.7469735272109549,0.002959870257472761,0.005533137238599666,0.00909103007652348,0.010671050388727926
170,1.0185041868673057,0.9924522252057862,0.007380465122226853,0.007038668263870824,0.007774841121124471,0.007575971184776994
171,1.0933198649739577,0.99316465118496,0.0037962495311595753,0.006491272229967059,0.007540136999820398,0.006849411387482482
172,1.4097553459485979,1.1147614256094474,0.0023186765558365096,0.004476953516503805,0.007919973853643809,0.006262704638255322
173,1.381747892855227,1.5347551867023215,0.0041369697390875055,0.0071383962172200995,0.007633966258868657,0.008479310423769731
174,1.1453607127346586,1.2657595757085813,0.006507731322356014,0.00827293840332406,0.008547468005482527,0.00944596698289986
175,1.8520842536836788,1.7104105487057157,0.002719653823324051,0.0029287851861399244,0.00479814573493181,0.004431115411154704
176,1.0742312591491945,0.9535053290579661,0.0057754368771462065,0.0056420433672069005,0.007673080422494247,0.006810752350414044
177,1.0788968545847752,1.186468180071727,0.005065243448754813,0.00549290824107281,0.007991828552479817,0.008788653185716496
178,1.6044898153458553,1.3586534556073309,0.0062431510324741455,0.006319318398173632,0.01084114740098551,0.00918009091626575
179,0.981985079654061,1.2007494082351033,0.008767723925482687,0.009605995265880827,0.008767723925482687,0.010720976859241994
180,0.9157094358015698,0.86659788750297,0.0032703908421484636,0.004841328980463519,0.007384753514528789,0.0069886926411529835
181,1.3322971024958645,1.08590334611675,0.004516261364392761,0.005375759139191832,0.008765112516420162,0.007144100961294408
182,1.308107791549689,1.3135227069554731,0.004756755605635233,0.003956393695649016,0.008175673697185557,0.008209516918471707
183,1.1050710924719094,1.023603244545342,0.005262243297485283,0.004897623179642784,0.007950151744402226,0.007364052119031237
184,0.9494432865682614,0.9197600312626827,0.004335357472914436,0.005316531972616663,0.007846638731969103,0.0076013225724188655
185,1.190084067100325,0.8293276461543488,0.004877393717624283,0.005456102935225979,0.009917367225836042,0.006911063717952907
186,0.7783857149937627,0.7125442148407463,0.0044226461079191065,0.005201052663071141,0.008648730166597365,0.007917157942674958
187,0.7154617543412766,0.8907877732316791,0.004258700918698075,0.004894438314459775,0.007154617543412766,0.008907877732316792
188,1.0617633799262673,1.2555764600974921,0.0031045712863341153,0.006065586763756001,0.006102088390380847,0.007215956667226966
189,0.7343383222546681,0.9168796135021331,0.0036353382289835054,0.006323307679325056,0.006799428909765446,0.008489626050945677
190,0.960394769394793,0.7385546830370997,0.004018388156463569,0.004103081572428332,0.009415634994066597,0.007240732186638232
191,1.7857999831295985,1.605817735249211,0.005742122132249513,0.004971571935756071,0.006975781184099994,0.00627272552831723
192,1.0729594860136942,0.7857022059441302,0.003261275033476274,0.003814088378369564,0.006582573533826345,0.004820258932172578
193,1.4164633877835344,0.8913773801138347,0.0061054456369979936,0.004524758274689516,0.009570698566104962,0.006022820135904289
194,1.3914310394178988,1.3895264739727138,0.003801724151415024,0.004875531487623557,0.00709913795621377,0.00708942078557507
195,0.8019430026369806,0.9671144012980306,0.0041337268177163945,0.007326624252257808,0.009010595535246973,0.010866453947168883
196,0.7458231705414662,1.1116323399135004,0.004750466054404243,0.007613920136393839,0.0054839939010401925,0.008173767205246327
197,0.9518097786474105,0.9365937633320428,0.003853480885212188,0.004778539608836953,0.007494565186200082,0.007374754041984589
198,1.210337990553874,1.2841331444672353,0.004673119654648162,0.007094658256725056,0.008583957379814709,0.009107327265725072
199,0.7025260997372346,0.9266884362462328,0.0031933004533510664,0.0064803387150086204,0.007893551682440839,0.010412229620744189
200,0.9836404418375683,0.978124143525862,0.005316975361284153,0.006151724173118629,0.007451821529072487,0.007410031390347439
201,0.8373899373791037,1.0666246026659196,0.002326083159386399,0.003782356747042268,0.004868546147552929,0.006201305829453021
202,0.8922389774370606,1.1094120813502957,0.00355473696190064,0.006232652142417391,0.008922389774370605,0.011094120813502957
203,1.1617173275592452,0.9033536437617015,0.005353536071701591,0.005282769846559658,0.009293738620473961,0.007226829150093612
204,1.1269975291688388,1.2901456740632056,0.004419598153603289,0.007544711544229273,0.010062477939007488,0.011519157804135764
205,1.0047307002380892,0.9890235871506772,0.0036011853055128644,0.004155561290549063,0.006126406708768836,0.006030631628967544
206,1.4598553655122881,1.2504874458846746,0.004619795460481925,0.005390032094330494,0.009418421712982504,0.008067660941191448
207,1.4005389131151502,1.6249951196658998,0.0015527038948061533,0.0032114528056638334,0.006115890450284499,0.0070960485574930125
208,1.8171180404520229,1.7069938099088335,0.002893500064414049,0.005050277544108975,0.00971720877247071,0.009128309143897506
209,0.9040945556562427,1.1010322842557707,0.0020928114714264877,0.004665391034982079,0.0072910851262600225,0.008879292614965893
210,0.9736173911111429,0.8910670467436164,0.004549613977154874,0.003775707825184815,0.006623247558579203,0.006061680590092628
211,1.1488599451080606,1.2723634661386143,0.003481393773054729,0.008835857403740377,0.01104673024142366,0.012234264097486677
212,1.3716258138503945,1.1335982890128538,0.008626577445599965,0.005754306035598242,0.009939317491669526,0.008214480355165607
213,0.5967466137488883,0.5460209071053109,0.0040050108305294515,0.004627295822926363,0.007459332671861103,0.006825261338816386
214,0.7964919554595503,1.1130250961383503,0.004022686643735103,0.009849779611843808,0.008127468933260718,0.011357398940187249
215,0.9255380648709248,1.2138613649511938,0.005609321605278332,0.008670438321079955,0.008263732722061828,0.010838047901349944
216,0.9246197434914197,1.0376593877122484,0.004741639710212409,0.006176543974477669,0.007112459565318613,0.007981995290094218
217,1.2998760891473153,1.1413225033833938,0.003834442740847538,0.0072235601479961635,0.012035889714326994,0.010567800957253647
218,2.649937223108734,2.426967827300559,0.0026341324285375093,0.0035122544534016776,0.006134113942381329,0.005617981081714257
219,0.9269013907525047,0.7865842434195482,0.0037076055630100185,0.0055786116554577886,0.00965522282033859,0.008193585868953628
220,1.134968252006841,1.4787233988725015,0.0068785954667081265,0.011552526553691418,0.011127139725557265,0.01449728822424021
221,0.7363160135513769,0.9104748971829061,0.004023584773504792,0.0047174865139010674,0.007590886737643061,0.009386339146215526
222,1.5661221126608529,0.938285178805998,0.004909473707400793,0.00384543106068032,0.010440814084405685,0.0062552345253733205
223,0.8826751019701475,1.0256751368909396,0.0040121595544097615,0.00534205800464031,0.005694678077226758,0.006617258947683481
224,0.9786071034508819,0.8198015612328151,0.0024900944108164932,0.003240322376414289,0.007195640466550602,0.00602795265612364
225,1.4672942093337071,1.2289678215643423,0.0054954839300887905,0.006502475246372181,0.012649088011497476,0.010594550185899502
226,1.2665060125898766,1.6064669947931207,0.002759272358583609,0.0051989223132463454,0.009972488288109265,0.012649346415693864
227,2.0696990390378014,1.8628397123939766,0.004790969997772688,0.006773962590523552,0.009239727852847327,0.008316248716044538
228,1.0234452262391422,0.987057733852444,0.005782176419430182,0.0064938008806081846,0.008673264629145274,0.008364896049596983
229,0.9593226193262098,0.9051376090257971,0.004013902172913012,0.004415305409881937,0.0076136715819540455,0.0071836318176650565
230,1.5973082999632207,1.9864480214918987,0.004753893749890538,0.006534368491749667,0.006711379411610171,0.008346420258369323
231,1.1323489968166096,1.5034277417649258,0.005341268852908536,0.007517138708824629,0.009358256172038096,0.012425022659214262
232,0.9405617402721953,0.97511221553432,0.001481199590979835,0.003996361539075082,0.007235090309786117,0.007500863196417846
233,0.9189331628344538,0.922008990171636,0.008669180781457111,0.006585778501225971,0.009988403943852758,0.010021836849691695
234,0.6808843309014756,0.7085038042314089,0.0030127625261127237,0.003728967390691626,0.005972669569311189,0.006214945651152709
235,1.0065308936536133,1.112286562769451,0.0029517035004504788,0.005102231939309408,0.005886145576921715,0.006504599782277491
236,1.1939117195044822,1.0877951385007976,0.003927341182580533,0.007502035437936535,0.0108537429045862,0.009889046713643615
237,0.9855631838332558,0.933840401978747,0.0035451913087527188,0.00539792139872108,0.008799671284225498,0.008337860731953098
238,1.1822813372830976,0.7116501993386243,0.005231333350810166,0.0034714643870176792,0.012712702551431157,0.007652152681060476
239,0.8987706363472512,1.146645458485889,0.004938300199710172,0.007257249737252462,0.006419790259623223,0.008190324703470635
240,1.409563415690251,1.2746300784311142,0.004762038566521118,0.00708127821350619,0.013297768072549537,0.01202481206067089
241,1.0421027497566844,1.0009826964028234,0.004472543990372036,0.0033703121091004156,0.007186915515563341,0.006903328940709127
242,0.6547276906594368,1.10592956422648,0.003162935703668777,0.010433297775721509,0.0077943772697552,0.013165828145553332
243,1.023762354656796,1.1602359811203666,0.004470577967933607,0.008468875774601215,0.009059843846520319,0.010267575054162537
244,0.8826171406961766,0.9382597119028429,0.004503148677021309,0.008687589925026322,0.0094905068892062,0.01008881410648218
245,1.0010371311118527,0.9488055269882205,0.0069037043524955355,0.006367822328780004,0.009268862325109747,0.008785236361002043
246,0.9040543929054137,0.9753036689661083,0.003705140954530384,0.0064589646951397905,0.009516362030583302,0.010266354410169562
247,1.0567370781865577,0.8919380048704312,0.005129791641682319,0.004719248703018155,0.00910980239815998,0.007689120731641648
248,1.1443893897795452,1.0941597541259915,0.003297952131929525,0.004224555035235489,0.005582387267217294,0.005337364654273129
249,1.6365320918307744,1.2557444310689727,0.004558585214013299,0.0033939038677539804,0.005803305290180051,0.004452994436414797
250,1.1349504747006998,1.0362186994839533,0.006715683282252661,0.006685281932154537,0.0107070799500066,0.009775648108339183
251,1.1399027247310705,0.9501267158022955,0.004809716138105782,0.005901408172685065,0.008443723886896818,0.007037975672609596
252,1.2516009712826741,1.1887026145637392,0.005637842212985018,0.006951477278150521,0.009855125758131291,0.009359863106801095
253,1.2075936633919673,1.3832465661425126,0.00556494775756667,0.008538559050262424,0.008050624422613116,0.009221643774283417
254,1.7896742938733545,1.8808595833082116,0.005248311712238577,0.010334393314880284,0.012174655060362955,0.01279496315175654
255,0.9334973847679467,1.0799536936364562,0.004112323280916065,0.0064667885846494385,0.009723931091332778,0.011249517642046418
256,1.2694609099842051,1.0849545073875324,0.005877133842519468,0.005896491887975719,0.007647354879422923,0.006535870526430918
257,1.1539623776903372,1.1684534576677994,0.0038853952110785763,0.006638940100385224,0.010034455458176845,0.010160464849285213
258,1.149879115547591,1.454906157457246,0.00586673018136526,0.00593839247941733,0.006459995031166241,0.008173630098074416
259,0.9570787861126018,0.783230880367056,0.004125339595312938,0.004925980379667019,0.006935353522555085,0.005675586089616348
260,1.7308041969324788,1.7342472432312097,0.006631433704722141,0.01133494930216477,0.012916449230839394,0.012942143606203058
261,0.850826344667013,0.8758276929032025,0.0030278517603808293,0.0045145757366144455,0.0063024173679038,0.006487612540023722
262,1.396955208914322,1.1833419035851072,0.007127322494460827,0.00582927046101038,0.007238109890747782,0.006131305199922835
263,0.8021564704461855,0.8572062551679782,0.0029383020895464673,0.005132971587832205,0.006915141986605048,0.0073897090962756744
264,0.8195976089441294,0.7827004960050451,0.003998037116800631,0.005149345368454244,0.007519244118753481,0.007180738495459129
265,0.6346726467333011,0.8209555698162072,0.003846500889292734,0.004945515480820525,0.005769751333939101,0.007463232452874611
266,1.2727557060159058,1.3607393619085326,0.005785253209163208,0.007237975329300705,0.009498176910566461,0.010154771357526363
267,0.9038872198348518,0.9570090615278826,0.0037819548947064926,0.005696482509094539,0.008292543301237172,0.008779899647044793
268,1.161059999319572,1.0631469116788348,0.003112761392277673,0.004622377876864499,0.008062916661941472,0.007382964664436353
269,1.3271354329291158,1.141683425935249,0.004592164127782408,0.006637694336832843,0.01078971896690338,0.009281979072644301
270,1.399111978142375,1.2920586132912073,0.0024719292900041963,0.0033214874377665996,0.0061096592931981445,0.005642177350616626
271,0.644905383449836,1.1564629500484356,0.003524073133605661,0.009251703600387485,0.0063226017985278035,0.011337872059298388
272,0.5482834313336777,0.7895894005889363,0.0032442806587791584,0.007113418023323751,0.005959602514496497,0.008582493484662352
273,0.8476206302854848,0.8914435947175614,0.003139335667724018,0.005337985597111146,0.006470386490728892,0.006804912936775278
274,2.680843974213584,2.1196392757351576,0.003890920136739599,0.0030898531716255944,0.0052565568121834974,0.004156155442617956
275,1.0344613167289043,1.1167450527930316,0.007719860572603763,0.006768151835109282,0.008479191120728724,0.009153647973713373
276,1.5080126708022217,1.2054079235324933,0.005060445204034301,0.003926410174372942,0.006417075194903071,0.005129395419287206
277,0.7921119385804526,1.011272600061995,0.004919949929071134,0.004555281982261238,0.006286602687146449,0.008025973016365038
278,1.5452002632461472,1.414906335851386,0.0039020208667832,0.003733262099871731,0.007500972151680326,0.006868477358501874
279,0.6253959545101362,0.858476062357927,0.0038604688550008407,0.007153967186316058,0.007626779933050441,0.010469220272657646
280,1.2661271882921237,1.1632117054128677,0.005729082299964361,0.009534522175515309,0.011944596115963432,0.010973695334083657
281,1.2148815797478882,1.2232586788723618,0.003957268989406802,0.0037068444814313995,0.0068637377386886345,0.006911065982329728
282,0.9621796588268126,0.7232708843904213,0.003729378522584545,0.004666263770260783,0.009433133910066789,0.007090891023435503
283,1.5922571163613288,0.9716168386885963,0.008560522130974886,0.005223746444562346,0.010014195700385716,0.006110797727601235
284,1.2835161449379977,0.7561022694260073,0.0052388414079101945,0.0037995088915879767,0.009578478693567148,0.005642554249447816
285,1.1546753321575045,1.102806005184876,0.0037127824185128762,0.0034570721165670094,0.006450700179650863,0.006160927403267464
286,1.1957900702396838,1.4705417026152632,0.0047078349222034795,0.011140467444055025,0.00934210992374753,0.011488607051681744
287,1.2607124604079378,0.992400362024271,0.005783084680770357,0.004659156629221929,0.006465192104656092,0.005089232625765492
288,1.1806294367602903,0.8901727763975626,0.005491299705861815,0.004864332111462091,0.006595695177431789,0.004973032270377445
289,1.1104051498814957,0.9086313603482932,0.002473062694613576,0.0031332115874079074,0.007875213828946778,0.006444194045023356
290,1.1127671286940806,1.147925424756773,0.005856669098389898,0.006673985027655657,0.00912104203847607,0.009409224793088302
291,1.5819561121333454,1.2882726157289381,0.004943612850416704,0.0053902619904976495,0.007256679413455713,0.005909507411600633
292,0.8025643532779533,0.9878631615400068,0.003895943462514336,0.005040118171122483,0.00627003400998401,0.007717680949531303
293,1.4144050395715488,1.150590275212618,0.00459222415445308,0.004277287268448394,0.006314308212372986,0.005136563728627759
294,1.0889314178032001,1.129069069277683,0.0038478141971844525,0.004973872551884066,0.008376395521563077,0.008685146686751409
295,1.350834753544786,1.2040241465266504,0.004517841985099619,0.0057334483167935735,0.010471587236781287,0.009333520515710467
296,1.398424858101549,0.8515391929417401,0.007027260593475121,0.0033925864260627094,0.009848062380996824,0.005996754879871409
297,1.181887750722625,1.3213618864674888,0.005709602660495774,0.005846734010918092,0.006529766578578039,0.00730034191418502
298,1.0518981494845483,1.1454043114631909,0.004738279952633101,0.004405401197935349,0.006224249405234013,0.006777540304515922
299,0.8564704105672268,0.8625014965725712,0.005222380552239188,0.005989593726198412,0.00930946098442638,0.009375016267093165
300,1.4617287478918333,1.5673136137000843,0.003993794393147085,0.006423416449590509,0.009023016962295268,0.009674775393210397
301,1.070217043654551,0.8880891681451942,0.002853912116412136,0.0033137655527805754,0.0062221921142706456,0.005163309117123222
302,1.4702647160619775,1.453597234534453,0.00342719048033095,0.004418228676396514,0.008648615976835161,0.008550571967849724
303,1.668111313284356,1.4825343631937766,0.0043897666139062,0.006800616344925581,0.009216084603780973,0.008190797586705947
304,1.0547760936932584,1.0038932479745908,0.006354072853573846,0.0047353455093141076,0.0070318406246217225,0.006692621653163939
305,1.2592798021104286,1.1343577097939483,0.005803132728619487,0.004431084803882611,0.0070746056298338685,0.006372796122437912
306,1.2712951360164377,1.0998913103923518,0.003243099836776627,0.005698918706696123,0.007799356662677532,0.0067477994502598265
307,1.4537194053796942,1.4268581741589903,0.0036342985134492356,0.005595522251603884,0.009563943456445357,0.009387224829993357
308,0.9289885457882405,0.8388691422866209,0.0025662667010724876,0.0047127479903742745,0.009289885457882405,0.00838869142286621
309,0.8974853709617456,0.7034864269991361,0.003971174207795335,0.003431641107312859,0.007296629032209314,0.005719401845521431
310,0.8385728499816276,1.1486007890697896,0.003811694772643762,0.008146104887019784,0.007106549576115488,0.00973390499211686
311,0.9009526106765762,1.0654478182716078,0.0017911582717228154,0.005728214076729074,0.00858050105406263,0.010147122078777217
312,1.8181096192809965,2.276696914173951,0.007607153218748939,0.009729473992196373,0.007836679393452572,0.009813348767991168
313,1.1646873098148163,0.9714792120601692,0.003226280636606139,0.0038097224002359574,0.007764582065432108,0.006476528080401128
314,1.4952969792783342,1.226146754431499,0.003719644227060533,0.002933365441223682,0.005558724830030982,0.004558166373351298
315,1.3145255554231974,0.9409073762526468,0.0034321816068490795,0.0038561777715272407,0.007778257724397618,0.005567499267767141
316,1.2083075032815216,1.0891822213165043,0.005492306833097826,0.005887471466575699,0.008164239887037308,0.007359339333219624
317,1.2112225760848763,1.2038590659576613,0.00313788232146341,0.0038585226473001966,0.004923669008475107,0.004893736040478298
318,1.4411297036129624,1.667365553019232,0.005221484433380299,0.006861586637939226,0.00735270256945389,0.008506967107240979
319,1.3051317840644092,1.5433031169427878,0.005601423965941671,0.008719226649394281,0.00795812063453908,0.009410384859407242
320,1.4603050412928673,1.3425678002878567,0.0031676898943446144,0.0054798685726034965,0.009482500268135501,0.008717972729141927
321,0.9948004021304279,1.2966244756621008,0.00235177400030834,0.005425207011138497,0.006336308293824381,0.008258754622051598
322,1.163879619320047,1.307010609545088,0.0033064761912501334,0.003936778944412915,0.006465997885111372,0.007261170053028267
323,1.6378807274157619,1.9844681597738234,0.004775162470599888,0.006727010711097706,0.00853062878862376,0.010335771665488663
324,0.9611159187565445,1.0549071962571408,0.0030706578874011006,0.00504740285290498,0.005755185142254757,0.0063168095584259926
325,0.9072590168252133,0.9352637378390583,0.005498539495910383,0.005919390745816824,0.006873174369887979,0.007085331347265592
326,1.410025816078385,2.390232169035877,0.003800608668674892,0.011065889671462393,0.006811718918253068,0.011547015309352062
327,1.3374060182065504,1.0769704070952275,0.0036048679736025617,0.0038601089860043998,0.008916040121377002,0.007179802713968183
328,1.3392811414457806,1.7563691258982033,0.0015981875196250364,0.003894388305760983,0.007609551940032844,0.009979370033512519
329,1.0590780287965416,1.0133027170511515,0.0036773542666546583,0.0043303534916715875,0.006157430399979893,0.0058912948665764625
330,1.0379685440443014,0.9789605954070248,0.002999909086833241,0.003021483319157484,0.006290718448753342,0.005933094517618333
331,1.3258649995664313,1.5869036688162363,0.007166837835494224,0.008965557450939188,0.00895854729436778,0.010722322086596191
332,1.490550153236791,1.570600847438882,0.0039019637519287723,0.005649643336111086,0.006997888043365217,0.0073737128987740935
333,1.2558957044350525,1.1482973583596785,0.00498371311283751,0.004865666772710502,0.008262471739704293,0.0075545878839452536
334,0.7148536260594266,0.8268017522185873,0.003556485701788192,0.003594790227037336,0.005106097328995904,0.005905726801561338
335,0.669401917199138,0.7713756929893252,0.0032182784480727787,0.007417073971051204,0.007437799079990422,0.008570841033214724
336,1.2979864133684027,1.1636623274297453,0.007211035629824459,0.00635881053240298,0.010301479471177799,0.009235415297061471
337,1.940107849055718,2.242978846332089,0.006510429023676906,0.009007947174024455,0.007791597787372362,0.009007947174024455
338,1.204176192996037,0.6860730525653083,0.0065444358315002015,0.0032515310548118874,0.008854236713206155,0.005044654798274325
339,0.9674492380983667,1.2477840960928046,0.004886107263123064,0.007212624832906385,0.008129825530238376,0.010485580639435332
340,1.3034378783547171,1.0406684179097072,0.005979072836489528,0.005126445408422203,0.008095887443197001,0.006463778993227995
341,1.1723631940153605,0.9045187709900903,0.004187011407197716,0.004390867820340244,0.007563633509776519,0.005835604974129615
342,0.5638897422451762,0.7255698655995099,0.002750681669488664,0.0039009132559113435,0.005528330806325257,0.007113430054897156
343,1.2291267694938859,1.2586638214805013,0.00422380333159411,0.005881606642432249,0.006944219036688621,0.007111095036613001
344,2.0233300222302417,1.8923118280721387,0.002945167426827135,0.003681540521541126,0.0046836343107181525,0.004380351453870691
345,0.8826333618941172,0.8707116149552808,0.005317068445145285,0.007988179953718172,0.010507540022549014,0.010365614463753343
346,1.0652193030278925,1.0575329013591366,0.003469769716703233,0.0047852167482313876,0.008951422714520105,0.008886831103858291
347,1.3117628227753266,1.2029010795820505,0.004217886889952819,0.00316552915679487,0.006692667463139422,0.00613725040603087
348,0.7400095583249844,1.133311498027048,0.003333376388851281,0.00781594136570378,0.006607228199330218,0.010118852660955786
349,1.7490347314028027,2.2345173094224924,0.004194327893052284,0.008867132180247986,0.008789119253280415,0.011228730198102976
350,0.743830365662219,0.8788559262923107,0.0036108270177777624,0.004750572574553031,0.00625067534169932,0.007385343918422779
351,1.173880838928711,1.010338178715147,0.005589908756803386,0.00574055783360879,0.008695413621694155,0.007483986509001089
352,1.1632420637022682,1.2910978748072992,0.004846841932092784,0.004677890850751084,0.006647097506870104,0.007377702141755996
353,1.1030236270901437,0.9713393466921026,0.003273067142700723,0.004647556682737333,0.0074028431348331794,0.006519056018067803
354,0.8987668671503103,0.9626358434167217,0.006967185016669072,0.007078204731005307,0.00889868185297337,0.009531047954621006
355,1.3262581090473389,1.2998405981568995,0.004480601719754523,0.005393529452933193,0.008447503879282413,0.008279239478706365
356,0.6549255223996536,0.7637947302787638,0.0027751081457612443,0.004959706040771193,0.007796732409519686,0.00909279440808052
357,1.1985574243491077,0.9286923699827805,0.006695851532676579,0.005628438605956246,0.009363729877727404,0.0072554091404904725
358,1.0791819775812306,0.9343199047550295,0.0037602159497603853,0.0054638590921346755,0.008703080464364762,0.007534837941572818
359,1.0958732502543338,0.9990344970890401,0.0070701500016408635,0.00471242687306151,0.0071625702631002205,0.0065296372358760795
360,1.2455298246923292,1.0323441958750466,0.0035586566419780834,0.004508053257096273,0.008035676288337608,0.00666028513467772
361,1.5576914771054486,1.3217617819291816,0.005726806901122973,0.005874496808574141,0.008112976443257544,0.006884175947547821
362,0.8571043810348822,0.8234311679865026,0.0032466075039200085,0.005346955636275991,0.009523382011498691,0.00914923519985003
363,1.6978215879248886,1.6311800885391796,0.003566852075472455,0.0054737586863730855,0.007788172421673801,0.007482477470363209
364,1.225256307916967,1.039676055128788,0.0022523093895532482,0.004243575735219543,0.007425795805557375,0.006301067000780533
365,0.8535497180056127,0.9903613706326807,0.0022944884892624,0.004854712601140592,0.0061406454532777896,0.007124901946997703
366,1.3037395500934619,1.3023715686106714,0.005953148630563753,0.005687212090002932,0.0074499402862483535,0.0074421232492038365
367,0.9307624468453097,1.1498637120235615,0.003635790807989491,0.007515449098193213,0.0066961327111173365,0.008272400805924902
368,0.7411351227870603,0.9836206869625832,0.0037431066807427286,0.0063052608138627125,0.007411351227870603,0.009836206869625832
369,0.9578721566331531,0.9600505237901606,0.003433233536319545,0.005818488022970671,0.007312001195672924,0.007328629952596646
370,1.2259717385248365,1.1827051897866454,0.007341148134879261,0.0072558600600407695,0.011675921319284157,0.011263858950349004
371,1.671109377382269,1.3489492313016451,0.0038153182132015274,0.0031298126016279467,0.007736617487880875,0.006245135330100209
372,1.1673988627669583,1.1481120163725702,0.0036367565818285303,0.0052186909835116825,0.00794148886236026,0.007810285825663743
373,0.8528853181367992,0.7476852190051286,0.005538216351537658,0.004673032618782054,0.007289618103733327,0.006390471957308792
374,1.309539444409813,1.5661791733484953,0.003315289732683071,0.0037830414815181045,0.005366964936105791,0.006418767103887276
375,1.2662685157458058,1.2587494257775733,0.005917142596943018,0.0053792710503315095,0.0064277589631766795,0.006389590993794788
376,1.1188574688896806,1.2667462581148952,0.005039898508512075,0.006884490533233126,0.007265308239543381,0.008225625052694124
377,1.1509096185137464,0.7837795822651368,0.00483575469963759,0.004610468130971393,0.01128342763248771,0.007684113551618988
378,0.7381295869286214,0.9878163551286828,0.005310284798047636,0.008096855369907237,0.007097399874313667,0.009498234183929642
379,1.6310238007186058,1.5159493235065495,0.005112927274979955,0.005394837450201244,0.007413744548720935,0.0068906787432115885
380,1.8010613168613958,1.7211762309874648,0.003949695870310079,0.005412503871029763,0.007411774966507802,0.007083029757150061
381,0.9029761052225073,0.8425396896279442,0.004630646693448755,0.0048701716163464985,0.008682462550216416,0.008101343169499464
382,1.1826003234895703,1.3502302426613813,0.0027311785761883842,0.003591037879418567,0.005375456015861683,0.006137410193915369
383,1.3978192534124887,1.2948900583127647,0.002986793276522412,0.003831035675481552,0.005682192087042637,0.005263780724848637
384,1.0508967123602513,0.8028731788266545,0.0033468048164339214,0.005654036470610243,0.010008540117716678,0.007646411226920519
385,0.791659388946208,0.8456440892436138,0.004797935690583079,0.005063737061339005,0.007996559484305131,0.00854185948730923
386,0.9276524790739679,0.7364944299920994,0.001777112028877333,0.0025841909824284187,0.00891973537571123,0.007081677211462494
387,1.1229952863383545,1.0463207027794943,0.005127832357709382,0.007166580156023934,0.01134338673069045,0.01056889598767166
388,1.1129112718774024,1.0025652482345617,0.004524029560477245,0.00424815783150238,0.006955695449233764,0.006266032801466011
389,1.017775922711279,0.8769772317670833,0.0041039351722228995,0.005282995372090864,0.007710423656903629,0.006643766907326389
390,0.9988245165563905,0.8341763766528985,0.005284785801885664,0.005792891504534017,0.009988245165563904,0.008341763766528985
391,1.3652048345286947,0.9844916293203483,0.00617739744130631,0.006836747425835752,0.012081458712643316,0.008712315303719896
392,0.8268616952864614,0.9146105047853468,0.002985060271792279,0.0051966505953712884,0.008186749458281796,0.009055549552330166
393,1.2264119083442058,1.0806889556705295,0.003160855433876819,0.0048461388146660515,0.008015764106824873,0.00706332650765052
394,1.334941862634462,1.087852999258644,0.006180286401085472,0.004316876981185096,0.008291564364189204,0.006756850927072323
395,1.2511117246543182,1.7213302061900269,0.0026119242685893906,0.00726299665059083,0.007628730028379989,0.010495915891402603
396,0.80650814343389,0.8506591068460528,0.0036166284458918835,0.004598157334302988,0.010208963840935316,0.010767836795519656
397,1.053878259614528,1.537786575254191,0.004266713601678251,0.007845849873745873,0.006022161483511588,0.008787351858595378
398,1.1432210966845435,1.1507555407361563,0.003202299990713007,0.004392196720367008,0.006685503489383296,0.006729564565708516
399,1.1373912317459578,1.2131427602585116,0.004819454371804906,0.004852571041034047,0.006318840176366432,0.006739682001436176
400,1.1650008481583645,1.0768093469873532,0.0069345288580855025,0.004872440484105671,0.007281255300989778,0.006730058418670958
401,1.214493360900526,1.1734464408626653,0.007450879514727153,0.0062751146570196,0.009414677216283147,0.00909648403769508
402,2.0062623130160193,1.5278167384090882,0.003957124877743628,0.0036290183810192118,0.005781735772380459,0.004402930081870571
403,1.827506392659481,1.3940306824950812,0.007223345425531546,0.00805798082367099,0.01107579631914837,0.008448670803000493
404,0.7278269133295161,0.7388461454078479,0.0040660721415056765,0.005393037557721517,0.008985517448512545,0.009121557350714172
405,0.7596292602123469,0.7048350317649082,0.0032462788897963542,0.0042459941672584834,0.007996097475919442,0.007419316123841139
406,1.0601212695565407,0.8680702790078356,0.004309436055107889,0.004362162206069525,0.008984078555563905,0.007356527788201997
407,1.0197004222139214,1.3208712781330614,0.002524010946074063,0.005896746777379738,0.008358200182081324,0.010826813755189027
408,1.152301118036593,1.0927860429193215,0.002924622126996429,0.00430230725558788,0.008535563837308096,0.00809471142903201
409,1.4010652818897622,1.1083267863196924,0.007005326409448811,0.006758090160485929,0.009596337547190152,0.007591279358354058
410,0.9161827998455017,0.9525707606021955,0.00338074833891329,0.004451265236458857,0.006591243164356127,0.006853027054692054
411,0.9413643061665533,0.9808509125972223,0.005846983268115238,0.006452966530244884,0.00980587818923493,0.010217197006221066
412,1.0798439857200215,1.0837844787617985,0.005900786807213232,0.006992157927495474,0.00938994770191323,0.009424212858798247
413,1.1324963891320738,0.9810682761891452,0.005524372629912556,0.005874660336461947,0.008515010444602058,0.007376453204429663
414,1.3184947410935364,1.0813149270650002,0.012322380757883517,0.007113913993848686,0.013592729289624086,0.011147576567680414
415,0.9329934207597038,1.0220794154586508,0.004573497160586784,0.005465665323308293,0.008184152813681612,0.008965608907532025
416,1.2231788447032037,1.41600351144251,0.006305045591253627,0.007151532886073283,0.008264721923670296,0.009567591293530473
417,2.7339657379294113,2.43628696156067,0.002806946342843338,0.003111477600971482,0.0051976534941623785,0.004631724261522187
418,0.624212902539966,0.7879415028784409,0.004053330535973805,0.0062535039910987375,0.007343681206352541,0.00926990003386401
419,1.053279185491672,0.9119827811170266,0.006018738202809555,0.005735740761742305,0.009321054738864356,0.00807064408068165
420,0.8639375766883834,0.7848494686081138,0.0027601839510810974,0.004288794910426851,0.007578399795512136,0.006884644461474682
421,1.8290541011216515,1.7421592220893323,0.004147514968529822,0.005094032813126702,0.0066030833975510884,0.006289383473246687
422,1.140750604098844,0.8348694112073183,0.004733404996260763,0.005317639561830053,0.009350414787695443,0.006843191895141953
423,1.1906932186633656,1.3426903621244886,0.004920219911832089,0.004614056227231919,0.006044128013519622,0.006815687117383191
424,1.0742895556061653,1.2863385329668087,0.004196443576586583,0.007522447561209408,0.008805652095132503,0.010543758466941054
425,1.1260698968910205,0.9546843958371817,0.003402023857676799,0.005751110818296275,0.011260698968910205,0.009546843958371817
426,1.276843022559602,1.333818433182768,0.007980268890997512,0.0083363652073923,0.009055624273472354,0.009459705199877787
427,1.0661752163921236,0.8403714899448562,0.0033111031564972784,0.004040247547811808,0.00839508044403247,0.00661709834602249
428,0.7069027631157161,0.9613675162535202,0.0033662036338843624,0.007752963840754195,0.008219799571112978,0.011178692049459538
429,0.6222070284460102,0.6830568646958536,0.002116350436891191,0.003652710506394939,0.005410495899530523,0.005939624910398727
430,0.8900331633722509,0.9268341264923994,0.0030796995272396226,0.0040650619582999975,0.00674267548009281,0.00702147065524545
431,1.0918875397360073,1.1331040986146106,0.0057166886897173155,0.0064748805635120605,0.007377618511729779,0.007656108774423045
432,1.017198213397981,0.7086484327477447,0.008337690273753943,0.005172616297428793,0.01007126943958397,0.0070163211163143035
433,1.0509122851889787,1.2304040417076565,0.002817459209621927,0.005191578235053403,0.00660951122760364,0.007738390199419223
434,0.9405466373412388,0.9690070550657467,0.0065772492121764945,0.007453900423582667,0.008873081484351309,0.00914157599118629
435,1.0269833509818043,1.510289996976417,0.005551261356658402,0.007226267928116828,0.009252102261097336,0.01360621618897673
436,2.4844567045661057,1.4755533817889843,0.004366356247040608,0.004759849618674143,0.00951899120523412,0.005653461232907986
437,0.9579514490027282,0.9116171164983031,0.0036563032404684282,0.005843699464732712,0.00818761922224554,0.007791599286310283
438,1.2528880131730795,0.8981321672462694,0.008761454637573983,0.005346024805037318,0.010269573878467865,0.007361739075789094
439,0.7585115567258696,1.1857492640255916,0.004285376026699828,0.00988124386687993,0.0073641898711249475,0.01151212877694749
440,1.0093375827376412,1.0644226099970286,0.005767643329929378,0.006779761847114832,0.00794754002155623,0.00838128039367739
441,1.7199002191953987,0.9495875063169639,0.005374688184985621,0.004258239938641093,0.010360844693948185,0.005720406664560023
442,0.9924465076250397,0.6278800384635477,0.004937544814054924,0.00427129277866359,0.011151084355337525,0.0070548318928488505
443,2.057454109984234,1.6416751907243108,0.004740677672774733,0.004093953094075588,0.00740091406469149,0.005905306441454356
444,0.44821972921192293,0.726801597491829,0.002929540713803418,0.0077319318882109475,0.005673667458378771,0.009200020221415557
445,0.9391202750022994,0.9323353059530138,0.004211301681624661,0.005389221421693721,0.00802666901711367,0.007968677828658238
446,1.1374904994861041,1.013947802121463,0.00635469552785533,0.005793987440694074,0.007954479017385344,0.007090544070779461
447,1.5998023207509857,1.745488217710377,0.002096726501639562,0.00610310565632999,0.007047587316083638,0.007689375408415758
448,1.105372549004068,1.1709096550547735,0.006107030657481039,0.008188179405977438,0.010836985774549687,0.011479506422105623
449,1.009006922624148,1.0781197566871596,0.0037790521446597306,0.00424456597120929,0.005121862551391614,0.005472689120239389
450,0.9189637167722392,0.9458287071027056,0.0028807640024208127,0.005196861028036844,0.007179404037283119,0.007389286774239888
451,1.0543814326119827,1.173104655765455,0.004268750739319768,0.005284255206150698,0.00698265849411909,0.007768905005069238
452,0.8705312884165858,1.233195801738777,0.005120772284803446,0.006259877166186685,0.006645277010813632,0.009413708410219672
453,1.3988191400335275,1.0878000245213832,0.005421779612533052,0.003566557457447158,0.009263702914129321,0.007203973672327041
454,1.3111011561160746,1.5518102157803544,0.00728389531175597,0.0073895724560969255,0.00785090512644356,0.009292276741199727
455,0.6940919586437905,0.7581026865416424,0.0025707109579399647,0.0037161896399100116,0.005882135242743987,0.006424599038488495
456,1.0685061088149395,1.0404362040096156,0.003585590969177649,0.006230156910237219,0.007123374058766263,0.006936241360064104
457,1.1454137483996827,1.0672832326813977,0.004165140903271573,0.005309866829260685,0.008181526774283448,0.007623451662009983
458,0.7128102408327914,0.7572426343422447,0.0035287635684791655,0.0046173331362332,0.006988335694439132,0.007423947395512203
459,1.34611252651082,1.0968466663564196,0.006319777119769108,0.0060599263334608815,0.009897886224344265,0.008065049017326615
460,1.5079312178025917,1.4533302977784541,0.0029683685389814795,0.004164270194207605,0.006471807801727861,0.006237469089177915
461,1.3916600249197655,1.3404761694684222,0.005024043411262691,0.004074395651879703,0.0059219575528500655,0.005704153912631584
462,1.377149280328427,1.1062525157235021,0.003968729914491144,0.004022736420812735,0.009060192633739653,0.0072779770771283035
463,1.6633649236870425,1.6898628642455926,0.001802128844731357,0.003141009041348685,0.00780922499383588,0.007933628470636585
464,1.3618859474740839,1.1719591429816312,0.0063050275346022405,0.006735397373457651,0.010239743965970556,0.008811722879561137
465,0.8710947485109756,0.9164265028055629,0.002932978951215406,0.004448672343716325,0.007024957649282061,0.007390536312948088
466,1.6760751576191257,1.141933950749718,0.0075160320969467525,0.0054120092452593265,0.008639562668139823,0.005886257478091329
467,1.3021300655099248,1.2194680539598028,0.007483506123620257,0.007008437091723005,0.007844157021144126,0.007346193096143391
468,1.0990134553851774,1.048734194349422,0.006541746758245103,0.004855250899765843,0.007685408778917324,0.0073338055548910625
469,1.6141956996545548,1.4004286721388357,0.003825108293020272,0.003944869498982636,0.006114377650206647,0.0053046540611319535
470,0.4979278004160831,0.8097761093388195,0.002066090458158021,0.00566276999537636,0.005999130125494977,0.009756338666732764
471,0.977352019832038,1.1077766925166166,0.005370066043033176,0.009231472437638472,0.009049555739185536,0.01025719159737608
472,1.118023677344274,0.93429083207182,0.002973467226979452,0.003124718501912441,0.00617692639416726,0.005161827801501768
473,2.5434701696578967,2.397662781136094,0.004169623228947371,0.0057223455397042815,0.007661054727885231,0.007221875846795464
474,0.9045538958946837,0.876240318372265,0.0029657504783432253,0.005342928770562591,0.00786568605125812,0.007619481029324043
475,1.3042137920167745,1.3295491079670059,0.0066203745787653525,0.006485605404717102,0.008994577875977754,0.009169304192875902
476,0.7958155314403462,1.163068743077727,0.0024411519369335775,0.006121414437251194,0.008120566647350471,0.011868048398752315
477,0.7855713758643252,0.8029254001965729,0.0023241756682376487,0.004340137298359853,0.005862472954211382,0.005991980598481887
478,1.0318831535063864,1.445378893640338,0.0031174717628591735,0.00651071573711864,0.007937562719279895,0.011118299181848755
479,1.2201494078661337,1.0456348518583654,0.0034961301084989503,0.00479649014613929,0.010340249219204524,0.008861312303884452
480,0.6305991071789051,0.7376621621968378,0.0035426916133646353,0.0032931346526644542,0.005630349171240224,0.0065862693053289085
481,1.0323038418181918,1.1242023911021612,0.003726728670823797,0.006109795603816094,0.009925998479021075,0.01080963837598232
482,1.358202609871908,0.7787605142596026,0.004409748733350351,0.005056886456231186,0.011914057981332526,0.006831232581224584
483,1.0397595168765308,0.7991068214498154,0.00507199764330015,0.004366703942348718,0.006978251791117656,0.005363133029864533
484,1.45611786783484,1.2912502950455782,0.003978464119767323,0.005335745020849497,0.008824956774756606,0.007825759363912594
485,0.7160178682534853,0.8525069517601214,0.003598079739967263,0.007104224598001012,0.007089285824291934,0.008440662888714073
486,0.983192318597484,0.8647134774053157,0.005402155596689473,0.0041976382398316294,0.006426093585604471,0.005651722074544547
487,0.9457765074706321,1.3276852835936344,0.003173746669364537,0.006915027518716845,0.005802309861783019,0.008145308488304505
488,1.0390275354455316,0.7129345536279497,0.004766181355254732,0.004817125362351011,0.009620625328199366,0.00660124586692546
489,1.1181080753294463,0.8570515640471956,0.005152571775711734,0.004897437508841118,0.00972267891590823,0.007452622296062571
490,1.2322228898769287,1.0572552737692362,0.004968640684987616,0.004657512219247737,0.008994327663335246,0.00771719177933749
491,0.9326939678049762,0.7475999971969197,0.003686537422154056,0.003526415081117546,0.007012736600037415,0.0056210526105031555
492,0.6375215910543526,0.6561545789725531,0.003581581972215464,0.006432888029142678,0.007589542750647054,0.007811364035387537
493,1.236600231779962,1.1121011996057966,0.008135527840657644,0.007617131504149292,0.010391598586386235,0.009345388231981484
494,1.141211458021237,1.3334190362702263,0.003976346543628003,0.008439360989052066,0.009753944085651597,0.011396743899745524
495,0.5914803291528199,1.0006016319170412,0.0019266460232990877,0.006332921720993932,0.005188423939937016,0.008777207297517905
496,1.1772018497166636,0.943374751342534,0.0063978361397644765,0.005127036692078989,0.007403785218343797,0.005933174536745497
497,1.3005207424970306,1.4078238798623621,0.003989327430972487,0.0074095993676966425,0.00812825464060644,0.008798899249139763
498,0.9347803381312321,0.8652082411398878,0.002077289640291627,0.004414327760917795,0.00692429880097209,0.006408949934369539
499,0.9335617638401807,0.7972280483418557,0.0037643619509684706,0.0043803738919882184,0.008644090405927599,0.0073817411883505156
500,1.0773338929468603,1.1294853737828894,0.004208335519323673,0.004975706492435636,0.0055532674894168054,0.005822089555581904
501,0.6451079145853712,0.8257265861830417,0.00500083654717342,0.008691858801926754,0.00837802486474508,0.01072372189848106
502,0.7730688290308424,1.0331413184499416,0.004892840690068623,0.009839441128094682,0.007969781742586004,0.010650941427318986
503,1.214209398995091,1.1228982254791229,0.003237891730653576,0.005477552319410356,0.013056015042957968,0.01207417446751745
504,1.9209222701248283,1.7604392075588204,0.00365889956214253,0.005318547454860485,0.007714547269577624,0.0070700369781478735
505,1.3556605863184878,1.304092139768016,0.004171263342518424,0.0050546206967752565,0.007881747594874929,0.007581931045162884
506,1.2180045370121921,1.049855489470921,0.004891584485992739,0.004267705241751712,0.0063109043368507365,0.0054396657485539955
507,1.3859225000561586,1.8245972418545224,0.004456342443910478,0.006964111610131765,0.009058316993831101,0.011925472168983807
508,0.7758013250768341,1.0258829432889063,0.005137757119714133,0.00869392324821107,0.00843262309866124,0.011150901557488112
509,2.0826709976541475,2.0681116084858395,0.0041487470072791785,0.004495894801056173,0.005466328077832408,0.005428114457968083
510,1.5194425544164063,0.9678812127274605,0.004901427594891633,0.004263793888667227,0.007955196619981186,0.005067440904332254
511,1.1621141241559942,1.2226710495060114,0.006385242440417551,0.010104719417405053,0.01236291621442547,0.013007138824532036
512,1.02466926686797,0.912952346335645,0.0030226232061002067,0.0035113551782140194,0.0058552529535312575,0.0052168705504894
513,1.2838955643207428,1.4208374499122456,0.003890592619153766,0.004331821493634895,0.005440235442037046,0.006020497669119685
514,1.0840362089541329,0.836547353844319,0.0030884222477325723,0.005195946297169683,0.008469032882454163,0.006535526201908742
515,1.0024599756212684,0.739994615580896,0.005477923364050647,0.005285675825577828,0.010125858339608771,0.007474693086675717
516,1.7903755525529164,2.1791062491382487,0.005174495816626926,0.012595989879411842,0.013987309004319659,0.017024267571392568
517,1.125034654801211,1.005265192986052,0.007031466592507568,0.006570360738470928,0.010416987544455657,0.00930801104616715
518,1.728395386846018,1.7359162657483505,0.004386790321944208,0.006266845724723287,0.006425261661137613,0.006453220318767102
519,0.7686630013310768,0.8656810379776125,0.0028053394209163387,0.005478993911250713,0.0081772659716072,0.009209372744442687
520,0.991539754409672,0.7915249637095002,0.004406843352931875,0.004855981372450921,0.008127375036144852,0.00648790953860246
521,1.2632810907255005,0.8086632950805652,0.004253471685944446,0.003761224628281699,0.00815020058532581,0.005217182548906872
522,1.3807725242726692,1.3562623187141518,0.007423508195014351,0.007291732896312644,0.008074693124401573,0.007931358588971649
523,1.563036120016149,1.3767155365540358,0.005141566184263649,0.005808926314573991,0.010215922353046726,0.008998140761791083
524,0.7166130464997981,1.0287473404720435,0.0027456438563210656,0.006637079615948668,0.007166130464997981,0.010287473404720436
525,0.903118236895095,0.9231044271812638,0.005102362920311271,0.005366886204542232,0.006592103918942299,0.006737988519571269
526,0.9185356524826869,0.8891035574143162,0.002417199085480755,0.00352818871989808,0.006753938621196227,0.006537526157458208
527,1.1741339067459553,1.31573547150523,0.0034231309234575955,0.005099749889555155,0.006671215379238382,0.007475769724461534
528,1.1113394732290363,1.1707697340806962,0.00466949358499595,0.007504934192824975,0.010789703623582876,0.0113666964473854
529,1.0020361151576034,1.1065206652850517,0.005218938099779184,0.006396073209740183,0.006506728020503918,0.007185199125227608
530,0.6156650053341658,0.832823716815272,0.003078325026670829,0.004429913387315277,0.004965040365598111,0.006716320296897355
531,1.0090984997116377,1.015554422225935,0.004068945563353378,0.005234816609412036,0.0075305858187435645,0.007578764344969664
532,1.2574857658503522,1.1337340168080665,0.004366270020313723,0.005038817852480296,0.0069860320325019565,0.00629852231560037
533,0.855832201290557,0.8254792627366632,0.0038725438972423394,0.00456065891014731,0.00648357728250422,0.006253630778308054
534,1.3359057334079987,0.9720704166203845,0.008401922851622633,0.004050293402584936,0.008618746667148378,0.006271422042712158
535,1.3677096939017772,1.3061863367007447,0.008495091266470666,0.007463921924004255,0.008656390467732767,0.008267002131017371
536,2.4499287871327136,2.0103323206535313,0.003656610130048826,0.0032794980761069025,0.005314379147793305,0.004360807636992476
537,0.7385092496262834,0.9389595043649702,0.004344172056625196,0.006755104347949426,0.008205658329180927,0.010432883381833003
538,0.9841291834473627,0.7815768334634259,0.004493740563686587,0.005210512223089506,0.00894662894043057,0.007105243940576599
539,1.0208224824106533,0.9553811107495432,0.003282387403249689,0.0065888352465485744,0.008166579859285227,0.007643048885996346
540,1.1650247954333766,0.8594026691161076,0.004957552320993092,0.004254468658990632,0.0071915110829220774,0.005304954747630294
541,1.4961072420748056,1.3862682705460105,0.004011011372854706,0.004065302846175984,0.007192823279205797,0.006664751300701974
542,1.0025443777983685,1.0016997973149182,0.005115022335705962,0.005084770544745778,0.006226983713033344,0.006221737871521231
543,1.1914792782913763,1.0653755993861604,0.0024415558981380663,0.0037913722398084,0.00749358036661243,0.006700475467837487
544,0.6675330684782848,0.8283643540973369,0.0034587205620636515,0.006789871754896204,0.007101415622109412,0.00881238674571635
545,0.8182742182802022,0.8818373010149761,0.007944409886215555,0.0070546984081198095,0.010228427728502527,0.011022966262687202
546,1.2566575443135108,1.5827172216739764,0.003452355890971184,0.006851589704216348,0.0067562233565242515,0.008509232374591271
547,1.1446344813567277,0.8166145769093743,0.006540768464895587,0.005040830721662805,0.009459789102121717,0.00674888080090392
548,1.4662102380238249,1.5297236192279755,0.00842649562082658,0.014851685623572577,0.015937067804606794,0.016627430643782342
549,1.1937563864717622,0.9716130821749575,0.005475946726934689,0.005195791883288543,0.008526831331941159,0.006940093444106839
550,1.4223877379978642,1.5169781152483934,0.007076555910437135,0.006242708293203265,0.010614833865655704,0.01132073220334622
551,1.3468660838241224,1.377737484218716,0.004596812572778575,0.005488993961030741,0.007566663392270351,0.007740098225947843
552,1.1970715654165436,1.0245518207062763,0.00539221425863308,0.0070174782240155905,0.008674431633453215,0.007424288555842581
553,1.0959787429743915,0.9881942878513593,0.004703771429074641,0.004134704133269286,0.007828419592674225,0.0070585306275097095
554,0.8462175399434599,0.9723398728601582,0.0063625378943117285,0.006232947902949732,0.007051812832862167,0.008102832273834652
555,1.417354070218671,1.2830223615638068,0.003948061476932232,0.0063203071998217085,0.007231398317442199,0.006546032456958198
556,1.234530611811359,1.081873398705551,0.0021470097596719287,0.003467542944569074,0.006601767977600851,0.0057854192444147115
557,0.9813240699769062,1.0967406774220323,0.0047637090775577975,0.008635753365527814,0.008459690258421606,0.009454661012258898
558,1.2340602314335825,1.0138638448550783,0.005876477292540869,0.004189520020062307,0.0073021315469442745,0.005999194348254901
559,1.2798227228416834,1.3225069151905935,0.004653900810333394,0.008163622933275268,0.008151737088163588,0.00842361092478085
560,1.6179534457171847,1.796087947534097,0.005087903917349638,0.005701866500108245,0.006222897868143018,0.0069080305674388345
561,1.0817582480827561,0.7162935339514438,0.0033284869171777112,0.0035285395761154867,0.007564742993585707,0.005009045691968138
562,1.237704678927032,1.1065259718334342,0.006347203481677087,0.007426348804251236,0.00944812732005368,0.008446763143766673
563,0.8139533121930722,1.0663257080637034,0.0034489547126825095,0.0071088380537580225,0.006897909425365019,0.00903665854291274
564,0.8331281294274339,1.0404594304410084,0.00991819201699326,0.011309341635228353,0.00991819201699326,0.012386421790964386
565,1.3194962263776167,1.1408415305978943,0.005864427672789408,0.005484815050951415,0.007807669978565779,0.006750541601170972
566,0.7377056806136926,1.0562047802227206,0.003035825846146883,0.005152218440110832,0.0061992074001150635,0.00887567042203967
567,1.2045969016811868,1.0571974821545473,0.004705456647192136,0.004576612476859513,0.006805632212888061,0.0059728671308166515
568,1.0784351898478728,0.8920801183979601,0.00422915760724656,0.0053100007047497625,0.009139281269897227,0.007560001003372543
569,1.247550457993737,1.2713986183387427,0.002268273559988613,0.005253713298920424,0.009670933782897186,0.00985580324293599
570,1.2017492422708407,1.0959476778642692,0.0033474909255455172,0.0035698621428803556,0.006426466536207705,0.005860682769327642
571,2.012473541783622,2.8382003986113764,0.006987755353415354,0.011130197641613241,0.008788094068924113,0.012393888203543129
572,1.037221569291035,1.2087404228828715,0.003313806930642284,0.0064638525287854095,0.007304377248528415,0.008512256499175152
573,2.3942917860795174,2.3489527811848565,0.007773674630128303,0.007908931923181334,0.00942634561448629,0.009247845595215971
574,1.3520894888034642,1.359980062779307,0.006500430234632039,0.0062671892293977285,0.007153912639171769,0.007195661707827022
575,1.570234882152515,1.4966872049186646,0.007735147202721749,0.0072654718685372065,0.00887138351498596,0.008455859914794715
576,1.4420442578376498,1.2402723597199143,0.00361414600961817,0.004429544141856837,0.008739662168713028,0.007516802180120693
577,1.2004844288536924,0.8110728216166887,0.0059725593475308085,0.00391822619138497,0.007145740647938646,0.004827814414385052
578,1.4382436330678352,1.202395182135091,0.0049939015037077615,0.004809580728540363,0.007691142422822648,0.0064299207600807
579,1.5908405823976448,1.477682381061237,0.003708253105822016,0.005772196801020457,0.009038866945441164,0.008395922619666119
580,1.1001868190851525,0.9330454973827443,0.008210349396157854,0.005331688556472825,0.01037912093476559,0.008802316013044757
581,1.0800972569819263,1.0460432230192838,0.0032829703859633018,0.005747490236369691,0.00857220045223751,0.008301930341422887
582,1.13129946446274,1.3766333343248403,0.002497349811176027,0.005294743593557078,0.007346100418589222,0.008939177495615847
583,1.3444587883520502,1.2566373660492713,0.004906783899095074,0.006100181388588696,0.008148235080921516,0.007615984036662251
584,1.4630807376835064,1.3208227806363122,0.004704439671008059,0.006411761071050059,0.007171964400409345,0.0064746214737074126
585,1.8238158007626335,1.317873904859957,0.008252560184446306,0.004624118964420902,0.010076330390953776,0.007281071297568824
586,0.8730485591674941,0.9553011672828997,0.003464478409394818,0.006243798478973201,0.0077260934439601255,0.00845399263082212
587,0.9707071889444272,1.0056122933815639,0.005847633668339923,0.00605790538181665,0.0075248619298017615,0.007795444134740806
588,1.0715828319830365,0.9624231480713716,0.0034904978240489788,0.003976955157319718,0.006494441405957797,0.0058328675640689194
589,1.0198089249673479,1.002954466617004,0.0038776004751610187,0.005764106129982782,0.00927099022697589,0.0091177678783364
590,1.1721941267343747,1.0121111803922493,0.010105121782192885,0.007907118596814448,0.010656310243039771,0.00920101073083863
591,1.6391558566768858,1.6243338906527733,0.004710217978956569,0.008121669453263867,0.011877940990412216,0.01177053543951285
592,0.7348925972989029,1.1138491564271373,0.002682089771163879,0.005654056631609834,0.005609867154953457,0.00850266531623769
593,1.1321710572631543,1.2426815209068127,0.00583593328486162,0.004299936058501082,0.00615310357208236,0.006753703917971809
594,0.8973548625609886,0.7625457167870011,0.0030418808900372495,0.003831888024055282,0.007735817780698178,0.006573669972301734
595,1.020158674505803,0.8392899388388525,0.0037924114293896027,0.005180802091597855,0.00944591365283151,0.007771203137396782
596,1.4454238906855288,1.4253153141390364,0.0024582038957236883,0.0033695397497376747,0.00541357262429037,0.0053382596035169904
597,0.8573272069266681,1.0637926879250046,0.0025364710264102605,0.004665757403179845,0.005792751398153163,0.007187788431925707
598,1.0859848595811705,1.1820277697913977,0.005402909749160053,0.006754444398807987,0.008484256715477895,0.009234591951495294
599,1.1978632176622528,0.9055770740604165,0.008680168243929368,0.006118764013921733,0.009982193480518773,0.0075464756171701374
600,1.0748259035634193,1.0813178997985153,0.0035708501779515593,0.006074819661789412,0.008882858707135698,0.00893651156858277
601,1.3418381129796677,1.6737689656958472,0.005102046056956911,0.006462428438980105,0.005808822999911981,0.0072457530982504206
602,0.9420316623706046,0.8089626415503277,0.004710158311853023,0.003611440364063963,0.007030087032616453,0.006037034638435281
603,0.978516017965642,1.094748976612062,0.002357869922808776,0.004131128213630423,0.005497280999806978,0.006150275149505966
604,0.5536731269994671,1.0456598488745643,0.002868772678753716,0.010152037367714216,0.00622104637078053,0.01174898706600634
605,1.5345662969301976,1.500232708665974,0.0036624493960147916,0.00445172910583375,0.007992532796511445,0.007813712024301948
606,1.4191679587208843,1.2553767315268132,0.006790277314453992,0.004961963365718629,0.007315298756293218,0.00647101408003512
607,1.1317788165504121,1.5791995092528923,0.003215280728836398,0.007379436959125665,0.00716315706677476,0.009994933602866407
608,0.8762902835293209,0.8583069756309094,0.006171058334713528,0.007212663660763945,0.008345621747898295,0.008174352148865804
609,0.9908942926871578,0.9394122993096277,0.004252765204665913,0.004329088936910727,0.006978128821740548,0.006615579572603012
610,0.6259552738988102,0.8406348622123103,0.002251637675895001,0.006273394494121719,0.006659098658497981,0.008942924066088407
611,1.3717548204667644,1.1666801736878365,0.004763037571065155,0.004704355539063857,0.008965717780828527,0.007625360612338801
612,0.9111656428737787,0.9982380543787484,0.0072314733561411005,0.006744851718775327,0.007721742736218463,0.00845964452863346
613,1.1096890647441258,1.1583244915057362,0.004474552680419862,0.007521587607180105,0.008737709171213588,0.009120665287446742
614,1.3007696381172715,1.1656008363504564,0.005375081149244924,0.005577037494499792,0.009929539222269248,0.008897716308018751
615,1.904452609335395,1.4953576181716242,0.005520152490827232,0.004188676801601188,0.0076178104373415805,0.005981430472686497
616,0.6639107814376668,0.9586612862964247,0.006774599810588437,0.010534739409850821,0.009484439734823812,0.013695161232806067
617,1.9677769812948611,1.934666370931161,0.005247405283452963,0.007328281708072579,0.009460466256225293,0.009301280629476735
618,1.3247793043662113,1.3675881439525668,0.002528204779324831,0.004106871303160861,0.008773372876597426,0.009056875125513687
619,1.3120537693838623,1.2396158307262348,0.004877523306259711,0.00523044654314867,0.008251910499269575,0.007796325979410282
620,0.921922403131245,1.0464084432645127,0.006229205426562466,0.008507385717597665,0.009219224031312449,0.010464084432645127
621,1.4737376339831285,1.0834752404816848,0.0065791858659961094,0.0066881187684054615,0.010452039957327153,0.007684221563699892
622,1.4881819784688894,1.978307870473996,0.0036475048491884546,0.008074726001934677,0.0068265228370132545,0.009074806745293559
623,1.019932054551229,0.8160773880610359,0.006580206803556316,0.004411229124654248,0.007390811989501659,0.005913604261311854
624,1.7683040260938152,1.642787400663586,0.0028202616046153354,0.005070331483529587,0.006383769047270091,0.005930640435608614
625,1.0276185981611634,1.1434270536563993,0.004177311374638876,0.007236880086432907,0.009603912132347322,0.010686234146321489
626,1.6595606909486,1.251694893372928,0.005495234075988742,0.006135759281239843,0.01037225431842875,0.0078230930835808
627,1.027439703055807,0.8732853651540537,0.0035186291200541334,0.004933815622339287,0.009012628974173745,0.00766039793994784
628,1.1344441890705492,1.0846468268999998,0.0019525717539940607,0.003199548161946902,0.0060665464656179105,0.005800250411229946
629,1.7658537156846428,1.662693431597983,0.0037731917001808607,0.004861676700578898,0.0061743136912050444,0.0058136133971957455
630,0.6831516840338953,0.8158576209240385,0.0038815436592834957,0.006043389784622507,0.007425561782977122,0.008868017618739548
631,1.0081616798324982,0.850791503031908,0.0024410694426937,0.003798176352821018,0.007412953528180133,0.0062558198752346176
632,0.7399736324568431,0.9107089707782695,0.0024261430572355513,0.00689931038468386,0.008221929249520478,0.010118988564202994
633,1.3678748571866304,1.339415377564872,0.005973252651470001,0.006697076887824361,0.00876842857170917,0.008585996010031231
634,0.9020526131288136,0.8931684334157763,0.003956371110214095,0.005617411530916832,0.00884365306989033,0.008756553268782122
635,1.08893326217187,0.820662038219939,0.005041357695240139,0.004252134913056678,0.009468984888451043,0.007136191636695122
636,2.4429895175441354,2.088285289821,0.004197576490625662,0.005354577666207692,0.007906114943508529,0.006758204821427184
637,1.7919096376222836,1.5212727104226789,0.0053015078036162235,0.004595990061699936,0.007225442087186627,0.0061341641549301565
638,0.7876097959393265,0.7790757345320609,0.004552657779996107,0.00529983492878953,0.007292683295734504,0.007213664208630194
639,0.9270954476000739,1.4469209886856658,0.003945087011064144,0.007821194533436032,0.007923892714530546,0.012366846057142443
640,1.0460559718582811,0.8977866526884478,0.007691588028369715,0.006025413776432536,0.008435935256921621,0.00724021494103587
641,0.95910361794023,0.7388924163690396,0.0033072538549663104,0.004015719654179563,0.008563425160180625,0.00659725371758071
642,1.9744474905504188,1.8730440976359748,0.003589904528273489,0.0055911764108536564,0.0081252983150223,0.007708000401794135
643,0.6541127023759887,1.2948891024479232,0.004303373041947295,0.00799314260770323,0.004881438077432752,0.009663351510805397
644,1.1843340835103242,1.0135254086761711,0.0036329266365347367,0.006069014423210606,0.009325465224490742,0.00798051502894623
645,1.5435792226758727,1.5645482171401017,0.0061253143756979074,0.004588117938827278,0.006458490471447166,0.006546226849958585
646,1.6675389553265667,1.3577072680934963,0.004067168183723334,0.00393538338577825,0.008017014208300801,0.00652743878891104
647,1.3249267897225352,1.4318654538387312,0.0035143946676990325,0.008472576649933321,0.009396643898741385,0.01015507414070022
648,1.656371953453322,1.6524222585544865,0.006445027056238607,0.007944337781511955,0.009686385692709486,0.009663288061722144
649,0.6728060056457595,1.0594381446448153,0.002669865101768887,0.007408658354159547,0.005653831980216467,0.008902841551637104
650,1.19108397672144,1.0448548261718242,0.005341183752114081,0.004999305388381934,0.008694043625703942,0.007626677563297987
651,0.8868175834420091,1.0523289466812493,0.0020720036996308626,0.005035066730532293,0.006982815617653615,0.008286054698277553
652,0.6433033258050703,0.8461550892136931,0.002821505814934519,0.00717080584079401,0.006992427454402939,0.009197337926235795
653,1.5054937161552215,1.6161767416862418,0.004825300372292377,0.007696079722315437,0.008007945298697987,0.008596684796203414
654,1.5596823964959603,1.9822609677035945,0.00230722248002361,0.004281341182945129,0.006314503629538301,0.008025348047382974
655,1.1189436139031448,0.8407984025929073,0.007265867622747693,0.005389733349954534,0.010265537742230687,0.007713746812778966
656,1.6036583607729564,1.5412621559504627,0.006239915800672982,0.008027407062241993,0.010909240549475894,0.010484776571091583
657,1.2195493591522812,1.1390532718969577,0.00628633690284681,0.006508875839411187,0.011292123695854457,0.010546789554601461
658,0.8976636166635693,0.9421555583455522,0.004295041228055355,0.004734450041937449,0.0066493601234338465,0.006978930061818905
659,1.0467206278427021,0.9619195780742,0.006121173262238024,0.00495834834058866,0.007929701726081076,0.007287269530865152
660,2.2544051616529126,1.8962035450687444,0.0038735483877197813,0.004812699352966357,0.007415806452805634,0.006237511661410343
661,0.7778801413420178,0.9635207157187653,0.004009691450216586,0.0050446110770615985,0.006592204587644219,0.008165429794226825
662,1.3038111924075655,1.5045957235761769,0.004100035196250206,0.006687092104783008,0.008048217237083738,0.009287627923309734
663,1.477158422353185,1.2766167509907902,0.00489125305414962,0.0052320358647163535,0.00742290664499088,0.0064151595527175385
664,0.9707592686989684,0.90716445327457,0.002830201949559675,0.0030441760176998993,0.0076437737692832165,0.007143027191138346
665,1.4696313611579166,1.6921091288079946,0.004284639536903547,0.0076566023927963555,0.009301464311126054,0.010709551448151864
666,1.0062781985090563,0.8923753891904432,0.004658695363467853,0.004957641051058018,0.009404469144944451,0.0083399569083219
667,0.8915545350886258,0.9451867334299422,0.003580540301560746,0.003826666936963329,0.005436308140784303,0.005763333740426477
668,1.2812422843527622,1.302353612248332,0.006101153735013153,0.007399736433229159,0.008109128381979507,0.008242744381318556
669,1.498207909169677,1.0347851175669043,0.004864311393408042,0.006051374956531604,0.010625588008295581,0.00733890154302769
670,0.9445528027347716,1.3683215845483783,0.002166405510859568,0.003854426998727826,0.00479468427784148,0.00694579484542324
671,1.3739678547265943,1.5562630688826622,0.002980407493983936,0.0054991627875712445,0.008695999080548066,0.009849766258751027
672,1.0770850088130905,1.1052798933519714,0.005305837481837885,0.004912355081564317,0.0074797570056464625,0.007675554814944246
673,0.6617273795126117,1.0664584478534596,0.0025848725762211396,0.004698054836358853,0.004059677174923998,0.006542689864131653
674,1.7018397094884505,1.006897029297845,0.008383446844770692,0.006177282388330338,0.016055091598947645,0.009499028578281556
675,1.998740408863323,1.6578863965987534,0.0030844759396038935,0.004328685108612933,0.008158124117809482,0.006766883251423483
676,0.8240923621581976,0.9400202454628814,0.0020347959559461667,0.0035742214656383324,0.005722863626098595,0.00652791837127001
677,0.9162751046137977,0.7247577268976603,0.0036073823016291246,0.003434870743590807,0.007389315359788691,0.005844820378206938
678,1.023156451323508,1.3586987414224583,0.00905448187011954,0.010215780010695175,0.009473670845588037,0.0125805439020598
679,0.7971187368222258,0.8705442576935226,0.0028570564043807374,0.0049183291395114275,0.006376949894577807,0.006964354061548181
680,1.1702612154596947,1.0320188926407035,0.003799549400843165,0.004111629054345432,0.009142665745778865,0.008062647598755496
681,1.63577098068285,1.5213970998545367,0.008138164082999253,0.006110028513472035,0.010553361165695807,0.00981546516035185
682,1.0736663377887155,0.8422766225854559,0.005186793902360944,0.0055050759646108225,0.010736663377887154,0.008422766225854559
683,0.975531629098848,1.1219353878259255,0.0025604504700757168,0.004835928395801403,0.005449897369267307,0.006267795462714667
684,1.8697895440040782,2.1599476687956094,0.006110423346418556,0.008181619957559127,0.008946361454564967,0.010334677841127318
685,1.835656987470847,1.4170570176259818,0.0065325871440243665,0.005929108860359756,0.012572993064868816,0.0097058699837396
686,1.4375615552893046,1.2818188128053063,0.00321602137648614,0.004389790454812693,0.007081584016203471,0.00631437838820348
687,1.144516539913996,1.1788341016693427,0.008059975633197155,0.007965095281549612,0.008670579847833303,0.008930561376282899
688,0.8188317557349787,0.9084621335560584,0.003301740950544269,0.007899670726574421,0.008529497455572695,0.009463147224542275
689,1.25037334936796,1.1286516992160562,0.006686488499293904,0.005323828769887058,0.006985325974122682,0.006305316755396962
690,1.266504007041816,1.1902824685077968,0.006494892343804185,0.0074392654281737304,0.010824820573006976,0.010173354431690571
691,1.3453501244923844,1.1346148316103062,0.006660149131150418,0.004217899002268796,0.007392033651057057,0.006234147426430254
692,0.8306001316234207,0.8713403380322939,0.0028060815257547997,0.003924956477622946,0.006644801052987366,0.006970722704258352
693,1.314598401781962,1.3158732181437118,0.002278333451961806,0.004699547207656114,0.009257735223816635,0.009266712803828956
694,1.060219660421047,0.7592730037051277,0.0032323770134788017,0.00395454689429754,0.011043954796052573,0.00790909378859508
695,0.8530440708469694,1.0475922961468425,0.0041011734175335065,0.00698394864097895,0.007616464918276513,0.009353502644168236
696,0.8972811627114762,0.977887455694297,0.0022155090437320397,0.004569567549973351,0.00594225935570514,0.006476075865525146
697,0.5891140320566294,0.7072979936550947,0.0018295466834056813,0.004088427708988987,0.007854853760755058,0.009430639915401263
698,1.4915736905842265,1.1990226746041739,0.003664800222565667,0.004148867386173612,0.007768612971792846,0.006244909763563406
699,1.2691025931128448,1.1955135407969273,0.004188457403012689,0.004136725054660648,0.006973091170949697,0.006568755718664436
700,1.2120977012537302,1.123581398216674,0.007720367523909109,0.006935687643312803,0.008720127347149139,0.008083319411630749
701,1.1556278849334345,1.1409345228184185,0.0044447226343593636,0.006409744510215834,0.009550643677135822,0.009429210932383624
702,1.1707509588197047,0.926861685403555,0.005853754794098523,0.004956479601088529,0.007457012476558628,0.005903577614035382
703,1.246776276608446,1.3334515414660972,0.005420766420036722,0.006061143370300442,0.009374257718860496,0.010025951439594716
704,1.2673231624593408,1.1939059842137825,0.004874319855612849,0.005124060018084903,0.0077749887267444225,0.007324576590268604
705,1.4196006755941477,1.070757011267511,0.0038058999345687607,0.0034764838028165943,0.005724196272557047,0.004317568593820609
706,1.7583337375460684,1.5231531203976538,0.008494365881865064,0.0074300152214519695,0.009205935798670515,0.007974623667003423
707,0.7356975027369013,0.8267036157190004,0.003269766678830672,0.005040875705603661,0.006030307399482797,0.006776259145237709
708,1.1023846790319771,1.2308346760000912,0.002682201165527925,0.005305321879310738,0.006158573625876967,0.006876171374302186
709,0.9189296023721004,0.8325979208204801,0.004549156447386636,0.005337166159105642,0.009189296023721004,0.008325979208204801
710,1.2618646087596883,1.1908972918754444,0.003931042394889995,0.005246243576543808,0.0075560755015550195,0.007131121508236193
711,1.4171635037725485,0.9564534389969672,0.0034313886289892214,0.004576332244004628,0.01026930075197499,0.006930822021717154
712,1.274215339866069,1.3151188838814796,0.0029495725459862706,0.0034608391681091566,0.005926582976121251,0.006116832018053393
713,1.3207249667809036,1.0882714852000852,0.004402416555936345,0.0038728522604985238,0.0069511840356889665,0.005727744658947817
714,0.9871518364552994,0.9288529323009016,0.00850992962461465,0.008147832739481593,0.010501615281439355,0.009881414173413847
715,1.4471958505687172,1.5202687442041571,0.0035821679469522703,0.005609847764590985,0.007576941626014227,0.007959522220964174
716,1.3178723757369455,1.4306965292393665,0.004560112026771437,0.007992718040443388,0.007752190445511444,0.008415861936702155
717,0.8107740110857374,1.1558842687790094,0.004686554977374205,0.007269712382257921,0.006870966195641843,0.009795629396432283
718,1.0319293398531326,1.7014810407813972,0.007116754067952639,0.012793090532190956,0.009296660719397592,0.015328658025057632
719,0.8936548730938834,1.095574715603298,0.004043687208569608,0.004490060309849582,0.005550651385676294,0.00680481189815713
720,1.1589003959154702,1.0314422117086888,0.0049738214416972975,0.003906978074654124,0.005680884293703285,0.005056089273081808
721,1.0082926448464664,0.979527183510978,0.001980928575336869,0.0034983113696820645,0.007877286287863019,0.007652556121179516
722,1.2407736714222883,0.8556691703269961,0.003505010371249402,0.004433519017238321,0.011383244691947599,0.007850175874559598
723,0.8540564731996041,1.6706040673235774,0.0029552127100332323,0.009885231167595132,0.0061004033799971725,0.01193288619516841
724,0.8943437434500453,0.9958843863966191,0.0022873241520461516,0.0034222831147650143,0.004996333762290756,0.005563599924003459
725,1.0849830094983655,1.6610258427227507,0.00412541068250329,0.011299495528726194,0.009774621707192482,0.014964196781286042
726,1.7209003688317748,1.6120287460055984,0.00312323115940431,0.00388440661688096,0.006038246908181666,0.005656241214054732
727,0.82370185159706,0.7712983338990297,0.002028822294574039,0.0031100739270122166,0.005883584654264714,0.005509273813564498
728,0.984168103196797,0.959091431996882,0.005047015913829728,0.004943770268025165,0.006787366228943428,0.006614423668944013
729,0.916082664828361,0.8314203926831961,0.002181149201972288,0.004115942538035625,0.007965936215898792,0.00722974254507127
730,1.5690410947359985,1.6423450500792935,0.005178353447973592,0.007203267763505674,0.01005795573548717,0.010527852885123676
731,0.819722930164343,0.9537355651355004,0.0037430270783759957,0.006074748822519111,0.006946804492918161,0.008082504789283901
732,0.7381073645110746,0.9616643794379556,0.0036005237293223152,0.0069685824596953305,0.0066496158964961674,0.0086636430579996
733,1.276135770986014,1.1453126431927598,0.008924026370531565,0.006776997888714555,0.009115255507042957,0.008180804594233999
734,2.453331026405145,2.253907045085484,0.007070118231715115,0.007666350493488041,0.009932514276943907,0.009125129737188195
735,1.2426308556939918,1.0690796894453507,0.006574766432243343,0.006288704055560887,0.010530769963508406,0.009059997368180937
736,1.3643706255923846,1.2474213946836985,0.0075379592574164895,0.006114810758253424,0.008859549516833666,0.008100138926517522
737,0.6690704083451429,0.7206036164006752,0.00495607709885291,0.004340985640967922,0.0066907040834514285,0.007206036164006752
738,1.891150396473846,1.7418252425374963,0.003574953490498764,0.004583750638256569,0.006682510234889916,0.006154859514266771
739,1.3186545253212016,1.0875467371910141,0.004883905649337784,0.005520541813152356,0.00969598915677354,0.007996667185228045
740,2.3103511234025156,1.70905303611754,0.0050225024421793815,0.003993114570368084,0.007001064010310653,0.0051789485942955755
741,0.7794404450632177,0.9737185755182036,0.003897202225316089,0.004571448711353069,0.006388856107075555,0.007981299799329537
742,1.2180520008944578,1.3732683760755595,0.003830352204070622,0.003585557117690756,0.005365867845350034,0.00604964042324035
743,0.78597916453069,0.6735798934656887,0.003742757926336619,0.004431446667537426,0.009356894815841548,0.008018808255543913
744,1.267589252596176,1.1659742922203473,0.005259706442307784,0.005474057709954682,0.007003255539205393,0.006441846918344461
745,1.6541171815408817,1.266281119600465,0.0019953162624136087,0.003197679594950669,0.007068876844191802,0.005411457776070364
746,0.6974321933652329,0.9518433516016707,0.004649547955768219,0.007801994685259595,0.006171966312966662,0.008423392492050184
747,0.6505107889072848,0.6660585131026335,0.0037601779705623397,0.004410983530481017,0.006023248045437822,0.0061672084546540145
748,1.0800175811380854,0.9296897971882787,0.010093622253626967,0.006156886074094561,0.010188845105076278,0.008770658464040366
749,1.0238418123045399,1.0506047045011577,0.0048067690718523,0.005678944348654907,0.006399011326903374,0.0065662794031322354
750,1.1493574115504959,1.2753749790109687,0.005224351870684072,0.006191140674810528,0.006721388371640327,0.00745833321059046
751,0.9041867759687955,0.867029547453732,0.0034910686330841523,0.008028051365312332,0.008450343700642949,0.008103079882745159
752,1.0412462566503673,0.8760443714845174,0.005030175152900325,0.0045390900076918,0.008329970053202938,0.007008354971876139
753,0.8920887040820414,1.289658689867508,0.003828706884472281,0.010075458514589906,0.00749654373178186,0.010837467982079898
754,0.6623798804096079,0.7345703715070367,0.002316013567865762,0.005101183135465533,0.006308379813424837,0.006995908300067017
755,1.4174889591662143,1.587685016734272,0.0021608063401923998,0.004510468797540545,0.009912510203959541,0.01110269242471519
756,0.9830836891121454,0.8213669040300081,0.0035748497785896196,0.003272378103705212,0.007391606685053725,0.006175691007744422
757,1.0431871329939648,1.0351420126746134,0.0051388528718914524,0.004859821655749359,0.006479423186297918,0.006429453494873375
758,1.7077003407377844,1.7005491179438699,0.004447136304004647,0.006030316021077553,0.00928098011270535,0.009242114771434076
759,1.2216993932607856,1.245847899450243,0.005629951121017445,0.0043713961384219055,0.00706184620381957,0.007201432944799093
760,0.8949757163636456,0.8466613783949164,0.0044305728532853745,0.003974936048802424,0.0053591360261296146,0.005069828613143212
761,1.9751804985455688,1.5876210843013134,0.005253139623791406,0.005858380384875695,0.00840502339806625,0.006755834401282185
762,0.9785176749736152,0.8814608631367667,0.0038676587943621155,0.00468862161242961,0.006748397758438726,0.006079040435425977
763,1.2613770645843991,1.0519907916261186,0.006093609007654102,0.006875756808013847,0.00927483135723823,0.007735226409015578
764,0.8977640178540576,1.2973166370175493,0.006278070054923479,0.009754260428703377,0.008801608018177035,0.012718790558995581
765,1.3904019136051782,1.175906178230513,0.004226145634058293,0.003284654129135511,0.006263071682906208,0.0052968746767140225
766,0.8240424174881046,0.6841020218377236,0.004875990636024287,0.004121096517094721,0.007773985070642496,0.0064537926588464495
767,1.5363292277456586,1.1994560676589945,0.003515627523445443,0.004667144232136165,0.008395241681670265,0.006554404741305981
768,2.3148648906643134,2.1585291649871388,0.0022344255701392986,0.0031192617991143623,0.006768610791416121,0.006311488786512102
769,1.4192382038366165,1.1375216596800797,0.006170600886246159,0.004443443983125311,0.007096191019183082,0.005687608298400398
770,1.2827654600719651,1.2595248204443499,0.0029556807835759563,0.004580090256161272,0.009228528489726369,0.009061329643484531
771,1.1191751097522489,0.8364031986986588,0.007937412125902474,0.004949131353246501,0.009173566473379089,0.006855763923759498
772,0.7778606308881917,0.8701781838744195,0.005804930081255162,0.011920249094170129,0.013646677734880555,0.015266283927621395
773,0.8651585990532464,1.049207043987422,0.0045775587251494524,0.005272397205966945,0.007937234853699508,0.009625752697132312
774,1.2091280310764825,1.2809157882692073,0.0063305132517093325,0.006777332213064589,0.009520693158082539,0.010085951088733915
775,1.0932838486675924,1.3342727227975708,0.0026092693285622733,0.005956574655346298,0.005521635599331275,0.006738751125240257
776,1.3284486822859003,1.1028581709993488,0.0031331336846365573,0.004633857861341802,0.007907432632654168,0.006564631970234219
777,0.7550822199624804,1.0303751819407148,0.0023522810590731478,0.005075739812515836,0.005853350542344809,0.007987404511168332
778,1.0609551489770144,0.819509291292402,0.0030055386656572644,0.003958982083538174,0.008037539007401624,0.006208403721912136
779,0.9854917064469353,1.0002357808550613,0.004140721455659392,0.0047180933059201005,0.005831311872467073,0.005918554916302138
780,1.166464125232546,0.9578995563597813,0.004050222657057452,0.004989060189373861,0.008640475001722563,0.007095552269331713
781,1.5680744832889704,1.0740595848155785,0.006479646625161034,0.0050903297858558225,0.01011660956960626,0.006929416676229538
782,1.0805633420220868,1.2677012614504533,0.005049361411318162,0.007003874372654438,0.00885707657395153,0.01039099394631519
783,0.4840992799863666,1.2317280023914365,0.0033853096502543117,0.009698645688121548,0.004654800769099679,0.011843538484533043
784,1.5373953566534388,1.5203158527121383,0.0037045671244661177,0.006469429160477184,0.009043502097961405,0.00894303442771846
785,1.3492782624659596,1.1738983756899655,0.004853518929733668,0.00690528456288215,0.009305367327351446,0.008095850866827348
786,1.0099100083003694,0.8742863498114687,0.0031559687759386544,0.005266785239828125,0.010977282698917058,0.009503112497950746
787,0.9609807251158753,1.2561356889798465,0.003325192820470157,0.005925168344244559,0.006199875645908873,0.008104101219224816
788,0.9798626404588626,0.9268258391886459,0.0035761410235724913,0.004752953021480236,0.007152282047144983,0.006765152110866029
789,1.2446712604997339,1.1583232207646872,0.005898915926539023,0.005463788777191921,0.008188626713814038,0.007620547505030837
790,2.1005988627351178,1.870766160324094,0.0029923060722722473,0.003930181009084231,0.006124194935087807,0.005454128747300565
791,1.2587976370189662,2.019437644621744,0.005137949538852923,0.009755737413631614,0.008391984246793108,0.013462917630811626
792,1.1926707604671694,1.2011523202882977,0.005372390812915177,0.005888001570040675,0.008519076860479782,0.008579659430630698
793,1.7964211924729667,1.4866169879231188,0.005283591742567549,0.005005444403781545,0.006989965729466797,0.005784501898533536
794,0.6155617927604147,1.063687465807708,0.006412102007920986,0.007386718512553528,0.008432353325485132,0.014571061175448055
795,1.0716005457344537,0.8901331493572796,0.004153490487342844,0.003803987817766152,0.007821901793682143,0.006497322258082333
796,0.9027660900039368,1.1207131638960817,0.006099770878404978,0.007729056302731597,0.006225973034509909,0.007729056302731597
797,0.8290639285415857,0.7877185176646005,0.004994361015310757,0.005049477677337183,0.007821357816430055,0.00743130677042076
798,0.937198467409309,1.247443386831883,0.004183921729505844,0.008206864387051862,0.008367843459011688,0.011137887382427528
799,1.8660446684023242,1.5779466155856108,0.004411453116790365,0.005844246724391151,0.008520751910512896,0.007205235687605529
800,0.9928898420044223,0.7301254384600327,0.010562657893664068,0.004680291272179697,0.011156065640499127,0.00820365661191048
801,1.4851643590278467,1.4625095313757115,0.005304158425099453,0.005149681448506026,0.006907741204780682,0.006802369913375402
802,1.116575544804134,0.9169503655611031,0.004538924978878593,0.005094168697561684,0.0077005209986491996,0.0063237956245593314
803,1.0065454211823754,0.743484691216169,0.006755338397197151,0.004452004139018976,0.009150412919839777,0.006758951738328809
804,0.9323009925031709,0.7913888667748745,0.002118865892052661,0.00457450212008598,0.008250451261090008,0.0070034412988926945
805,1.2503277657925025,0.9815406975844227,0.004140158164875836,0.0036624652894941146,0.006011191181694723,0.004718945661463571
806,1.3778960890831717,0.9893280525720044,0.005789479365895679,0.004476597522950246,0.008666013138887872,0.00622218900988682
807,1.141403227520739,1.0171860078364392,0.003242622805456645,0.003045467089330656,0.004290989577145635,0.00382400754825729
808,1.1705813479117146,0.9860655332469408,0.003242607611943808,0.004196023545731663,0.0077011930783665436,0.0064872732450456634
809,1.1407406367479693,1.1121738978630762,0.009125925093983755,0.008489877082924245,0.009667293531762452,0.009425202524263357
810,1.1404879363583134,0.9529427373593151,0.007310820104860983,0.0053237024433481295,0.00877298412583318,0.0073303287489178085
811,1.698616393052743,2.9073296773376662,0.003487918671566207,0.0058380114002764385,0.005100950129287516,0.008730719751764763
812,1.1576875121038324,1.2060878910911919,0.007421073795537387,0.006122273558838537,0.00870441738423934,0.00906833000820445
813,0.8020530453223069,0.8462675634191422,0.0020941332776039344,0.007171759012026629,0.008717967883938119,0.009198560471947198
814,0.9465550786637135,1.1696067878638245,0.002227188420385208,0.004550999174567411,0.005535409816746863,0.00683980577698143
815,1.4413092941162042,1.2021248468967476,0.0041062942852313515,0.0034248571136659476,0.0075461219587235825,0.006293847365951558
816,0.9813574515456553,1.0253398512988083,0.004858205205671561,0.005204770818775677,0.007850859612365244,0.008202718810390466
817,0.9502661789860397,0.9365967167555681,0.0025340431439627724,0.005817370911525268,0.010217915903075695,0.010070932438231915
818,0.8338756549432601,0.9591814767401537,0.00465852321197352,0.007211890802557547,0.007512393287777118,0.008641274565226611
819,0.9006032055419336,0.9959825176575642,0.0025086440265792024,0.004654123914287683,0.007262929076951078,0.008032117077883582
820,1.2210721158509452,1.3624293330928305,0.003037492825499864,0.00702283161388057,0.008599099407401023,0.00959457276825937
821,1.7093047551125693,1.3867331088075143,0.00791344794033597,0.0049001169922527005,0.008178491651256312,0.00663508664501203
822,1.1820846159993432,1.1173321725885892,0.004529059831415108,0.005504099372357582,0.00832453954929115,0.007868536426680206
823,1.5595091378682526,1.2083723159104507,0.009870310999166156,0.008631230827931791,0.012888505271638451,0.009986548065375626
824,1.2731439667958862,1.2867037149796405,0.004546942738556737,0.00819556506356459,0.010267290054805533,0.010376642862739037
825,1.5670223510627022,1.3463134046663594,0.0060737300428786905,0.005385253618665438,0.00783511175531351,0.006731567023331797
826,1.0977173839097152,0.8495633293859051,0.003634825774535481,0.00574029276612098,0.010355824376506747,0.008014748390433066
827,1.0952599583219889,1.0271486901424924,0.002190519916643978,0.00327117417242832,0.005559695219908573,0.005213952741840063
828,0.7443740145029489,0.9221761166421931,0.002222011983590892,0.0037949634429719882,0.0067060722027292696,0.00830789294272246
829,2.112455438246754,1.4969096847219037,0.006880962339565974,0.005564720017553545,0.008693232256159483,0.006160122159349398
830,0.8321676318108111,1.0503748308913834,0.00507419287689519,0.005677701788602073,0.006657341054486489,0.008402998647131068
831,1.2389952777303468,1.8570753794873878,0.003920871132058059,0.008441251724942672,0.006043879403562667,0.00905890429018238
832,1.6993858665031822,1.5653228214497505,0.004448654100793671,0.00802729652025513,0.010490036212982607,0.009662486552158954
833,1.2331157558756778,0.7196202514649502,0.003714204083962885,0.0047974683430996685,0.011633167508261112,0.006788870296839153
834,1.591578359478017,1.4865203794692727,0.0037448902575953342,0.005898890394719337,0.007726108541155422,0.007216118346938217
835,1.0351668034860713,0.8838413292073526,0.0038057603069340854,0.004419206646036763,0.00739404859632908,0.00631315235148109
836,1.5740339112330297,1.1571320492475223,0.004433898341501492,0.004350120485892941,0.009776608144304533,0.007187155585388337
837,0.4611638032830707,0.8603945319369588,0.0036893104262645656,0.00716995443280799,0.005181615767225514,0.009667354291426504
838,2.752975881898647,2.1278184022543827,0.0035799426292570185,0.0030224693213840663,0.005397991925291465,0.004172192945596829
839,1.2418471360933334,0.9179815345270347,0.0031359776163973068,0.003701538445673527,0.00856446300754023,0.006330907134669205
840,1.4559826223083208,1.5514273149584588,0.0030269908987698977,0.005424571031323282,0.007786003327851983,0.00829640275378855
841,1.0960695917672052,0.8377795412621936,0.009786335640778618,0.005046864706398756,0.010438758016830526,0.007978852773925653
842,1.2441572128744733,1.2034204755513784,0.004039471470371666,0.004024817643984544,0.00603959812074987,0.005841846968696012
843,1.1933222347878083,1.146710240573529,0.004754271851744256,0.006370612447630717,0.0096235664095791,0.009247663230431686
844,1.835988999946015,2.1494925208057802,0.006099631229056528,0.008773438860431757,0.007779614406550912,0.009108019155956696
845,2.313812698071334,1.5268381926219863,0.00795124638512486,0.00694017360282721,0.010565354785713854,0.006971863893251079
846,2.04107129392913,1.908225173978265,0.004243391463470125,0.006557474824667577,0.007911129046236937,0.007396221604566919
847,1.5107332640824804,1.173107968333859,0.003402552396582163,0.004460486571611631,0.007993297693558098,0.006206920467374915
848,2.3114118108999486,2.306536891476788,0.006367525649862118,0.007953575487850993,0.00882218248435095,0.008803575921667129
849,2.0157220898528565,1.0297765689230218,0.006053219489047617,0.0036516899607199355,0.009690971585831041,0.00495084888905299
850,0.8347637723795727,0.8779952698055723,0.003138209670599897,0.004456828780738946,0.0062295803908923334,0.006552203506011734
851,1.2895446029448694,1.093406602318503,0.005178893987730399,0.007193464488937519,0.01205181871911093,0.01021875329269629
852,0.8491559369293309,0.9400862199351494,0.0031923155523659054,0.004541479323358209,0.008491559369293309,0.009400862199351495
853,1.0744156756387926,1.2262647460221285,0.00209437753535827,0.005498945049426585,0.0075133963331384095,0.00857527794421069
854,0.9204449494505118,0.9481083796769829,0.005414382055591246,0.005610108755485106,0.007734831507987494,0.00796729730820994
855,0.8452892062766265,0.8345218849746765,0.004670106112025561,0.005876914682920257,0.007224694070740397,0.007132665683544244
856,0.8772807296801567,0.8356272486377085,0.006962545473652037,0.008796076301449563,0.012901187201178775,0.012288636009378066
857,1.1671894065674746,1.01218526573112,0.0035803356029677135,0.0037350009805576386,0.006241654580574731,0.00541275543171722
858,0.9080599903452866,1.0173280996650387,0.0036763562362157353,0.006692948024112097,0.00732306443826844,0.00820425886826644
859,1.8101716412865692,1.8785612340981594,0.0074187362347810214,0.007484307705570356,0.010711074800512244,0.011115746947326387
860,1.2840453483253886,0.8991183532848194,0.010439393075816168,0.0058007635695794795,0.010439393075816168,0.007309905311258694
861,0.6535033670008152,0.770373066448151,0.002513474488464674,0.005542252276605403,0.00718135568132764,0.008465638092836824
862,1.1679099837032132,0.9980343005726071,0.004653027823518778,0.0036827833969468897,0.009418628900832364,0.00804866371429522
863,0.9667717094052986,0.9299191658175964,0.0037617576241451307,0.005502480271110038,0.006905512210037846,0.006642279755839974
864,0.958707920772863,0.8982311921733827,0.0035639699656983756,0.004446689070165261,0.007731515490103734,0.007243799936882118
865,0.6987347178874341,0.8626826742609337,0.004260577548094111,0.004901606103755305,0.005822789315728618,0.007189022285507781
866,1.0646562986227481,1.0295903573153622,0.004142631512150771,0.004069527104013289,0.007292166428922932,0.007051988748735357
867,1.2823361190024167,1.2015426965524596,0.004646145358704408,0.004534123383216829,0.006609979994857818,0.006193519054394122
868,0.9969367663258722,1.1623090677971484,0.004770032374764939,0.007906864406783322,0.007224179466129509,0.00842252947679093
869,0.8021901706456944,0.8895673462890755,0.0038941270419693905,0.0058911744787356,0.008625700759631124,0.00956524028267823
870,0.8250716100900115,1.0766154213733787,0.006395903954186136,0.011214743972639362,0.008777357554149058,0.011453355546525306
871,1.201507119533474,0.9644485314449044,0.0035234812889544695,0.003639428420546809,0.0070263574241723635,0.005640049891490669
872,1.4979795915301062,1.421555359805578,0.0038908560818963797,0.005405153459336798,0.006189998312107876,0.005874195701675942
873,1.7085769216434925,1.603898653517256,0.00537288340139463,0.006075373687565363,0.008585813676600464,0.008059792228729929
874,0.9776687830597176,0.9741513203327402,0.003454660010811723,0.0038202012562068245,0.007821350264477741,0.0077932105626619215
875,1.077525209984936,0.9390862927114819,0.004664611298636086,0.004471839489102295,0.008620201679879487,0.007512690341691855
876,0.9143366180798275,1.2072908400803835,0.003613978727588251,0.006354162316212545,0.00731469294463862,0.009658326720643068
877,2.081032935186926,2.44448669286058,0.003926477236201748,0.005456443510849509,0.0058129411597400175,0.006828175119722291
878,0.9866931219129033,0.9641605261757938,0.004884619415410412,0.004894215868912659,0.007202139576006593,0.007037668074275867
879,0.9286241026031952,0.853394155328,0.005628024864261789,0.005885476933296552,0.007198636454288335,0.006615458568434108
880,0.9359242950264903,1.1123537798206926,0.005287707881505595,0.010395829717950398,0.008999272067562406,0.010695709421352813
881,0.9054215961319582,0.9035068179434989,0.00374141155426429,0.00496432317551373,0.0055547337186009705,0.005542986613150299
882,1.2822533798399027,1.1610744992146185,0.005479715298461123,0.0063101874957316225,0.00732716217051373,0.0066347114240835345
883,1.0421486858180342,0.8844530900282372,0.0033295485169905245,0.005296126287594235,0.007777228998642046,0.0066003961942405764
884,0.8648081667710465,1.0130294120706365,0.002771821047343098,0.005116310161972911,0.00714717493199212,0.00837214390141022
885,0.8144694817863511,0.6641971342805439,0.0022942802303840878,0.0031478537169694026,0.009581993903368837,0.007814083932712282
886,0.7123287931787187,0.8946100499226406,0.003252642891227026,0.005734679807196414,0.006720082954516214,0.008439717452100383
887,1.1173656649900625,1.261564610093695,0.008798154842441437,0.00764584612177997,0.009389627436891281,0.010601383278098278
888,1.4442927064674467,1.5578000158427936,0.0038412040065623583,0.006206374565110731,0.009892415797722237,0.010669863122210915
889,0.8811251873677699,0.8034846122920172,0.004841347183339395,0.004782646501738198,0.007163619409494064,0.006532395221886318
890,0.9963721268999924,1.2799976537283508,0.003774136844318153,0.005844738144878315,0.006112712434969279,0.007852746341891722
891,1.1049604291079822,1.1653067970767084,0.008184892067466535,0.00737535947516904,0.008839683432863857,0.009322454376613666
892,1.1426955552892586,0.8610726128636849,0.004201086600328157,0.00404259442659007,0.008997602797553217,0.006780099313887282
893,1.011898575307892,1.2735933664618968,0.007332598371796319,0.013548865600658476,0.010998897557694478,0.01384340615719453
894,1.5838867192214985,1.4517467513490339,0.007401339809446255,0.005974266466456929,0.01115413182550351,0.01022356867147207
895,1.1956890896243955,1.1067716233074743,0.006911497627886679,0.008998143278922555,0.014946113620304943,0.013834645291343428
896,0.8812568889462267,0.8828563902350239,0.004542561283227973,0.006046961576952219,0.008159786008761358,0.00817459620587985
897,1.2433071183904354,1.1652411489134749,0.004914257384942432,0.00491662932031002,0.0072708018619323704,0.006814275724640204
898,1.1356716186372777,1.211157979054041,0.003571294398230433,0.005406955263634112,0.00962433575116337,0.0102640506699495
899,1.3691168802505647,1.0232928040422156,0.003584075602750169,0.003377203973736685,0.008149505239586694,0.006091028595489378
900,0.9414149228135145,0.9755409965902201,0.005537734840079497,0.007446877836566565,0.010946685148994354,0.011343499960351396
901,0.7288350386071535,0.9533102606839596,0.003538034167995891,0.005674465837404522,0.008098167095635038,0.010592336229821774
902,1.2225175142887388,1.000393343747938,0.00475687748750482,0.004407019135453471,0.007887209769604766,0.006454150604825406
903,1.0333116314286988,0.9956139165709594,0.004287600130409538,0.004609323687828516,0.00826649305142959,0.007964911332567675
904,1.2117851529532184,0.9857947892607906,0.0031312277854088333,0.003959015217914821,0.007004538456376985,0.005698235776073934
905,0.744362245425436,0.9299936242725044,0.006101329880536361,0.008454487493386403,0.00827069161583818,0.010333262491916715
906,0.912757753496083,1.101828089267587,0.0034838082194506986,0.0052219340723582315,0.006382921353119461,0.007705091533339769
907,1.0421513692625457,0.7593637026385907,0.008141807572363638,0.004716544736885656,0.008271042613194807,0.006026696052687228
908,1.5568673900358128,1.441481685035565,0.011041612695289452,0.007876949098555,0.011120481357398663,0.010296297750254035
909,2.276587857040801,2.0612470409206525,0.0029112376688501295,0.0029829913761514506,0.005127450128470273,0.00464244829036183
910,0.756502872365168,1.067473807614101,0.003152095301521533,0.008970368131210934,0.008596623549604181,0.012130384177432967
911,0.5611675633416766,1.0209926562497835,0.0042837218575700504,0.009366905103209023,0.005344452984206444,0.009723739583331273
912,1.1098684174217313,0.9257856986404336,0.0029439480568215683,0.004772091230105328,0.008808479503347073,0.0073475055447653455
913,1.2089000119474995,1.6035323693107153,0.006105555615896462,0.008958281392797291,0.009089473774041349,0.012056634355719664
914,1.1929074504764094,1.1615143815061768,0.0038112059120652057,0.0043340088862170775,0.007502562581612638,0.007305121896265263
915,1.4173936397327256,1.3313501238170684,0.007016800196696662,0.006827436532395223,0.007703226302895248,0.0072355984990058065
916,0.7420383026199009,0.8739512070409624,0.004696444953290512,0.006827743805007519,0.008065633724129358,0.009499469641749591
917,1.217312324982639,1.1392367563245056,0.004736623832617273,0.005964590347248721,0.010678178289321395,0.009993304880039524
918,1.2543489614148857,1.0405800070770157,0.00488073525842368,0.004817500032763961,0.0072089020770970446,0.005980344868258711
919,1.5103029304075484,2.188127113074993,0.0036747029936923317,0.013102557563323312,0.009043730122200888,0.013102557563323312
920,1.4449329768948824,1.4967882640278602,0.003061298679862039,0.004619716864283519,0.006783722896220105,0.007027174948487607
921,1.2765098881564712,1.2100107463255028,0.0051680562273541345,0.005193179168778982,0.007378669873736828,0.006994281770667646
922,1.4121001705371234,1.389263356763513,0.005410345480985147,0.00731191240401849,0.009671918976281668,0.009515502443585707
923,1.2330229730476483,0.9941423132039547,0.004281329767526557,0.005177824547937264,0.00775486146570848,0.0062524673786412245
924,1.30250918616388,1.0347857229201958,0.0035685183182572054,0.0034841270131993124,0.008296236854547006,0.006590991865733731
925,1.374697703680383,1.518828604623487,0.004295930324001196,0.007408920022553595,0.009288497997840425,0.010262355436645183
926,0.5833002882885723,0.7211714337969262,0.0019124599616018763,0.0042173768058299775,0.005952043758046656,0.0073588921816012875
927,1.1013351197539565,1.1687547931488989,0.005294880383432483,0.00800516981608835,0.011013351197539566,0.011687547931488988
928,1.6387679473252263,1.3259869719734532,0.003270993906836779,0.0035644811074555193,0.006302953643558563,0.005099949892205589
929,1.0521862561554598,1.22906664940689,0.0035190175791152503,0.0044856447058645625,0.006189330918561528,0.007229803820040529
930,2.342874662993783,2.1500390208808495,0.0045492711902791905,0.005143634021246051,0.0065811086039151215,0.006039435451912499
931,1.333747491227698,1.6201735096359624,0.004475662722240597,0.0058279622648775625,0.00626172531092816,0.007606448402046772
932,0.6597893753312969,0.8906627380106247,0.0029990426151422587,0.005637105936776105,0.006872805993034342,0.00927773685427734
933,1.0112171382160777,1.0587463249465343,0.006832548231189714,0.00720235595201724,0.007222979558686269,0.007562473749618102
934,1.1103028248951778,1.2225628227921432,0.0036403371308038617,0.01036070188806901,0.00948976773414682,0.010449254895659343
935,2.0486192064171855,2.623187908829319,0.0030171122333095515,0.00427926249401194,0.0038363655550883624,0.004912336907920073
936,1.018248185362906,0.9698430856846926,0.004139220265702869,0.0047079761441004495,0.008485401544690883,0.008082025714039105
937,1.4772564896588818,1.4666733294832448,0.006367484869219318,0.004824583320668568,0.00773432717098891,0.007678917955409659
938,0.8854500706839206,0.6739537265686195,0.004277536573352273,0.00468023421228208,0.010798171593706348,0.008218947884983166
939,1.3114161186414255,1.0406116634734701,0.0037792971718773067,0.006544727443229372,0.010928467655345213,0.008671763862278917
940,0.8505201674078892,0.9274737181598939,0.002788590712812751,0.0035399760235110453,0.006347165428417083,0.006921445657909656
941,2.1015976858087764,1.7100542315321938,0.007930557304938779,0.008593237344382883,0.010614129726306952,0.008636637532990878
942,1.1463818756809876,1.0054852733302373,0.004816730570088183,0.005524644358957348,0.007960985247784637,0.0069825366203488705
943,1.0940186597963517,0.8439955223446768,0.005581727856103835,0.004715058784048474,0.008225704208995125,0.006345830995072758
944,1.162614152366379,1.58072219384733,0.0032475255652692154,0.008148052545604793,0.008364130592563879,0.011372102114009568
945,1.9529649730633398,1.9616326929725783,0.0030515077704114683,0.004359183762161285,0.005760958622605722,0.00578652711791321
946,0.8545352483985408,0.8751667944985204,0.0027301445635736126,0.004582025102086495,0.007698515751338206,0.007884385536022706
947,1.1980758135102734,0.958512172345916,0.00315283108818493,0.00429826086253774,0.00763105613700811,0.006105173072266981
948,1.379582054055817,0.918741045903109,0.003842846947230688,0.003190073076052462,0.008731531987695045,0.005814816746222209
949,1.243876066550119,1.2848798350714137,0.0028529267581424746,0.004212720770725946,0.0071078632374292515,0.007342170486122364
950,1.0278431707449467,1.4153635155957156,0.0027556117178148703,0.007006750077206513,0.007670471423469751,0.010562414295490414
951,1.0910446922582362,0.9903404825865513,0.002244947926457276,0.002845805984444113,0.007576699251793307,0.0068773644624066065
952,0.8558201165219732,0.8346784289075361,0.0022345172755142903,0.0035670018329381882,0.006634264469162583,0.006470375417887877
953,1.0043941581124947,1.364070314202156,0.0044839024915736365,0.008368529534982553,0.007726108908557652,0.010492848570785815
954,1.2593776498797036,0.9039794667884002,0.00222112460296244,0.0029160627960916137,0.0070356293289368915,0.00505016461892961
955,1.3278580126569248,1.16994343985219,0.0067747857788618615,0.005518601131378254,0.008793761673224668,0.007747969800345629
956,0.8207524102259972,1.0078347084974106,0.00522772235812737,0.004560338047499596,0.0062652855742442535,0.007693394721354279
957,0.8231134278366927,0.9506609067857882,0.004870493655838418,0.005401482424919251,0.00609713650249402,0.007041932642857691
958,1.2498243847752855,0.8312910311497754,0.005457748405132251,0.004977790605687278,0.008502206699151601,0.005655041028229764
959,1.0314346549382953,0.8397175555595935,0.006251119120838153,0.005598117037063957,0.008318021410792704,0.006771915770641883
960,1.0472288310083813,0.876574750541919,0.007534020366966772,0.005655320971238187,0.008950673769302404,0.007492091884973667
961,1.0397481401702302,1.1161355736632812,0.004858636169019767,0.00627042457114203,0.007220473195626599,0.0077509414837727865
962,0.887918594723806,0.8915738213448721,0.0053489071971313615,0.005865617245689948,0.007927844595748268,0.007960480547722072
963,1.187685496598497,1.0571200063672996,0.004272249987764378,0.005366091402879694,0.0080249020040439,0.007142702745724997
964,1.6073176897095518,1.6165542201359806,0.0035171065420340304,0.0031884698622011453,0.004252163200289819,0.004276598465968203
965,2.1756413574259943,1.9398907779699393,0.004274344513607062,0.003911070116874878,0.005083274199593445,0.004532455088714811
966,2.5264058207392734,1.9873051131198551,0.00990747380682068,0.009033205059635705,0.0119170085883928,0.009374080722263468
967,1.728353079332205,2.121295262971465,0.004489228777486247,0.008417838345124861,0.00691341231732882,0.00848518105188586
968,1.216642579543379,0.9845587526938097,0.004299090387079078,0.004898302252208008,0.008057235626115093,0.006520256640356355
969,0.8754896977555873,0.8576715926957984,0.004632220623045435,0.005533365114166441,0.008259336771279125,0.0080912414405264
970,0.955092692317334,1.1182361883370666,0.003930422602128946,0.00661678217950927,0.008926099928199384,0.010450805498477258
971,1.1862739062341645,0.9993192372322129,0.004597960876876607,0.004736110129062621,0.007189538825661603,0.006056480225649775
972,0.9033385519251851,1.1410276814530522,0.005046584088967515,0.00845205689965224,0.007787401309699871,0.00983644552976769
973,0.7072226518638363,0.7665775074876477,0.001986580482763585,0.003739402475549501,0.006203707472489791,0.0067243641007688395
974,1.3166462561039431,1.1956849485808658,0.007931603952433393,0.006832485420462091,0.00849449197486415,0.007714096442457199
975,1.0218230634209606,0.8929051086383533,0.0033612600770426336,0.006115788415331187,0.00865951748661831,0.0075669924460877395
976,1.799204940119574,1.6714651097250814,0.003319566310183716,0.003135957053893211,0.00595763225205157,0.005534652681208879
977,1.0637638475371762,1.294733489998106,0.002971407395355241,0.004403855408156823,0.006148923974203331,0.007484008612705815
978,0.7967782738638227,0.9254426772396501,0.0033478078733774064,0.004245149895594725,0.006036199044422899,0.007010929373027652
979,1.4372833567420467,0.9739893224075804,0.011056025821092667,0.006859079735264651,0.01671259717141915,0.011325457237297446
980,0.8498362950210891,0.7689008969337408,0.004008661768967402,0.004111769502319469,0.006691624370244797,0.006054337771131817
981,0.939020232778091,0.9208664664877604,0.006097533979078513,0.0057196674937127975,0.008459641736739559,0.008296094292682526
982,1.515879612151355,1.7386076233957677,0.005898364249616167,0.005719104024328184,0.006505921082194656,0.0074618352935440675
983,0.7194899480482981,0.604170753218183,0.0029608639837378522,0.00397480758696173,0.0085653565243845,0.007192508966883131
984,1.9472819836065618,1.2497334854516708,0.005349675779138906,0.007438889794355184,0.012094919152835788,0.007762319785414105
985,0.9926604710058544,1.0083866367579453,0.004018868303667426,0.00482481644381792,0.005514780394476969,0.005602147981988585
986,1.5718574092578426,1.3689341534474335,0.005736705873203805,0.006030546931486492,0.008272933732936014,0.007204916597091755
987,1.5149243880312195,1.0222761444582227,0.00620870650832467,0.0035743921134902892,0.008756788370122656,0.0059091106616082235
988,1.0429796420467656,1.4111962467065209,0.002881159232173386,0.007928068801722027,0.008411126145538432,0.011380614892794523
989,1.1528754129164807,0.7976686373262416,0.004073764709952229,0.004923880477322479,0.01011294221856562,0.0069970933098793126
990,0.7093111597785283,1.0193750058924578,0.0033938333003757336,0.005961257344400338,0.005102957984018189,0.007333633135916963
991,0.6742657509217119,0.8708173876054861,0.00398973817113439,0.004442945855130031,0.005666098747241276,0.0073177931731553455
992,1.2066157646680105,1.1037578803692873,0.004294006279957333,0.005998684132441779,0.009004595258716497,0.008236999107233488
993,1.9598896240938781,1.7029570882422156,0.0037331230935121486,0.005872265821524882,0.007999549486097463,0.0069508452581314925
994,1.3558593033171626,1.3904441118190818,0.0032829523082740014,0.004965871827925292,0.008527417001994733,0.008744931520874728
995,1.1776511441116444,1.5802433023385878,0.0032088587033014832,0.007086292835599048,0.008235322686095415,0.011050652463906208
996,1.22918893490009,1.2218538892311985,0.005996043584878487,0.007022148788685049,0.008194592899333933,0.008145692594874658
997,1.4575551982347155,1.5019160356650125,0.004377042637341488,0.007220750171466407,0.007878676747214678,0.008118465057648716
998,1.0613450255949977,1.2161612274488347,0.0031400740402218867,0.005630376053003865,0.006355359434700585,0.007282402559573861
999,1.1404569205496047,1.09281905918527,0.0034559300622715294,0.00461105088263827,0.007552694838076852,0.007237212312485232
